symbol,hour,rank,entry_mode,filter,day_policy,atr_period,sl_atr,tp_atr,rr,expiry_h,hold_h,n,wr,pf,ev,sumR,ddR,trades_year,old_n,old_pf,old_ev,mid_n,mid_pf,mid_ev,recent_n,recent_pf,recent_ev,min_pf,min_ev,robust,data_start,data_end
EURUSD,1,1,breakout,adxdi_range,TueThu,20,1.0,5.0,5.0,1,8,108,0.4074074074074074,1.5735637803893217,0.3398896476381165,36.708081944916586,14.489883908588972,11.615866900604885,35,1.488620957841592,0.3071331735004292,30,1.7468629350331342,0.39832689868433824,43,1.5387928427642854,0.32578171888073065,1.488620957841592,0.3071331735004292,True,2012-11-16,2022-03-04
EURUSD,1,2,breakout,adxdi_range,TueThu,20,1.0,4.5,4.5,1,8,108,0.4074074074074074,1.5419262459990963,0.32114147911057567,34.68327974394217,14.489883908588972,11.615866900604885,35,1.451897793999784,0.2840500419427213,30,1.764557147754719,0.40776381213585017,43,1.4811005350719777,0.2908979979504981,1.451897793999784,0.2840500419427213,True,2012-11-16,2022-03-04
EURUSD,1,3,breakout,adxdi_range,TueThu,28,1.0,5.0,5.0,1,8,108,0.3888888888888889,1.5333021307407806,0.32590685767492145,35.197940628891516,17.449472954736112,11.615866900604885,35,1.4396310099832423,0.2763394919894666,30,1.8374608624737816,0.44664579331935017,43,1.433095878917131,0.28201592115534135,1.433095878917131,0.2763394919894666,True,2012-11-16,2022-03-04
EURUSD,1,4,breakout,adxdi_range,TueThu,28,1.0,4.5,4.5,1,8,108,0.3888888888888889,1.5506919069639171,0.33653394314461604,36.345665859618535,17.449472954736112,11.615866900604885,35,1.464349085158558,0.2918765678139507,30,1.9003131736349994,0.4801670259386662,43,1.418749114570367,0.27267384204582035,1.418749114570367,0.27267384204582035,True,2012-11-16,2022-03-04
EURUSD,1,5,breakout,adxdi_range,TueThu,28,1.0,5.0,5.0,1,12,108,0.3055555555555556,1.5420828861812401,0.3737984313351908,40.370230584200606,14.099510581200722,11.615866900604885,35,1.406530927684793,0.2958666054255194,30,1.4623525503335648,0.2928232818779245,43,1.7076733645989897,0.49372560320859754,1.406530927684793,0.2928232818779245,True,2012-11-16,2022-03-04
EURUSD,1,6,breakout,adxdi_range,TueThu,28,1.0,4.5,4.5,1,12,108,0.3055555555555556,1.5081540776377351,0.35040249736653606,37.8434697155859,14.599510581200722,11.615866900604885,35,1.385909767825192,0.28085886025261664,30,1.4097209713861965,0.2594899485445911,43,1.674290371680219,0.47043514303271106,1.385909767825192,0.2594899485445911,True,2012-11-16,2022-03-04
EURUSD,1,7,breakout,adxdi_range,TueThu,20,1.0,4.5,4.5,1,12,108,0.32407407407407407,1.5193320517006934,0.34813525043064747,37.598607046509926,11.34549882243278,11.615866900604885,35,1.3826028309300924,0.27763858591302376,30,1.3916203807558971,0.24802624114540142,43,1.7300167608997161,0.47535975128353614,1.3826028309300924,0.24802624114540142,True,2012-11-16,2022-03-04
EURUSD,1,8,breakout,adxdi_range,TueThu,28,1.0,4.5,4.5,1,24,108,0.28703703703703703,1.5276097370455681,0.3739203213845943,40.383394709536184,12.0,11.615866900604885,35,1.3816850390753102,0.2835374575988019,30,1.4908766361248225,0.32725109074988157,43,1.6758960268425862,0.48004769700189936,1.3816850390753102,0.2835374575988019,True,2012-11-16,2022-03-04
EURUSD,1,9,breakout,adxdi_range,TueThu,20,1.0,5.0,5.0,1,12,108,0.32407407407407407,1.5537372381501675,0.3711988340501769,40.089474077419105,10.84549882243278,11.615866900604885,35,1.4036090728277895,0.29288192136259633,30,1.381522142459426,0.24163069022430303,43,1.8067745043928265,0.5253415377441661,1.381522142459426,0.24163069022430303,True,2012-11-16,2022-03-04
EURUSD,1,10,breakout,adxdi_range,TueThu,20,1.0,4.5,4.5,1,24,108,0.3055555555555556,1.5261760995534028,0.36298061362260714,39.20190627124157,10.166528361723309,11.615866900604885,35,1.3738489234394202,0.2777163431264264,30,1.4616606840902246,0.3077737893934831,43,1.710393267994091,0.4708981530235384,1.3738489234394202,0.2777163431264264,True,2012-11-16,2022-03-04
EURUSD,1,11,breakout,adxdi_range,TueThu,28,1.0,4.0,4.0,1,8,108,0.3888888888888889,1.5124037708732734,0.31313563775588915,33.81864887763603,17.449472954736112,11.615866900604885,35,1.366750457371251,0.23052885891907202,30,1.8610776859031022,0.4592414324816545,43,1.4276034228935313,0.2784394381632296,1.366750457371251,0.23052885891907202,True,2012-11-16,2022-03-04
EURUSD,1,12,breakout,adxdi_range,TueThu,20,1.0,4.0,4.0,1,8,108,0.4074074074074074,1.5614344332172665,0.33270188635097275,35.931803725905056,14.489883908588972,11.615866900604885,35,1.362974117927851,0.22815515984036341,30,1.8322534695477672,0.44386851709214264,43,1.5627045237972332,0.3402399446215828,1.362974117927851,0.22815515984036341,True,2012-11-16,2022-03-04
EURUSD,1,13,breakout,adxdi_range,TueThu,20,1.0,3.375,3.375,1,24,108,0.3148148148148148,1.386088917512688,0.26276709783469776,28.37884656614736,12.033513738551207,11.615866900604885,35,1.35,0.25,30,1.4427125566022927,0.29514170440152854,43,1.3780109381525578,0.25057198683956994,1.35,0.25,True,2012-11-16,2022-03-04
EURUSD,1,14,breakout,adxdi_range,TueThu,28,1.25,0.5,0.4,1,4,108,0.7685185185185185,1.3935038679769043,0.08680708151545068,9.375164803668673,3.116666666666661,11.615866900604885,35,1.3500000000000003,0.08,30,1.4584264762008619,0.09639438234451138,43,1.3870402802101578,0.08565891472868216,1.3500000000000003,0.08,True,2012-11-16,2022-03-04
EURUSD,1,15,breakout,adxdi_range,TueThu,20,1.0,3.375,3.375,1,8,108,0.4074074074074074,1.4931843826911808,0.2922574119651441,31.56380049223556,14.489883908588974,11.615866900604885,35,1.3445191715511846,0.21655490783217307,30,1.7724315289339287,0.41196348209809536,43,1.4471336251987172,0.2703598663992242,1.3445191715511846,0.21655490783217307,True,2012-11-16,2022-03-04
EURUSD,1,16,breakout,adxdi_range,TueThu,20,1.0,3.0,3.0,1,8,108,0.4074074074074074,1.427997010669335,0.2536278581744206,27.39180868283742,14.489883908588974,11.615866900604885,35,1.3321120694691113,0.2087561579520128,30,1.6552440289339287,0.34946348209809536,43,1.3692861035220814,0.2232892718970724,1.3321120694691113,0.2087561579520128,True,2012-11-16,2022-03-04
EURUSD,1,17,breakout,adxdi_range,TueThu,28,1.0,5.0,5.0,1,24,108,0.28703703703703703,1.5474453756840392,0.3879779625799561,41.90161995863526,11.73887733887734,11.615866900604885,35,1.3240905460079255,0.24075297703445878,30,1.5380597347163716,0.3587064898109145,43,1.743741521123937,0.5282342108860876,1.3240905460079255,0.24075297703445878,True,2012-11-16,2022-03-04
EURUSD,1,18,breakout,adxdi_range,TueThu,28,1.25,0.5,0.4,1,8,108,0.7777777777777778,1.3999999999999997,0.08888888888888889,9.6,3.5999999999999943,11.615866900604885,35,1.3500000000000003,0.08,30,1.6000000000000003,0.12000000000000008,43,1.32,0.07441860465116279,1.32,0.07441860465116279,True,2012-11-16,2022-03-04
EURUSD,1,19,breakout,adxdi_range,TueThu,28,1.25,0.5,0.4,1,6,108,0.7777777777777778,1.3999999999999997,0.08888888888888889,9.6,3.5999999999999943,11.615866900604885,35,1.3500000000000003,0.08,30,1.6000000000000003,0.12000000000000008,43,1.32,0.07441860465116279,1.32,0.07441860465116279,True,2012-11-16,2022-03-04
EURUSD,1,20,breakout,adxdi_range,TueThu,28,1.25,0.5,0.4,1,24,108,0.7777777777777778,1.3999999999999997,0.08888888888888889,9.6,3.5999999999999943,11.615866900604885,35,1.3500000000000003,0.08,30,1.6000000000000003,0.12000000000000008,43,1.32,0.07441860465116279,1.32,0.07441860465116279,True,2012-11-16,2022-03-04
EURUSD,1,21,breakout,adxdi_range,TueThu,28,1.25,0.5,0.4,1,16,108,0.7777777777777778,1.3999999999999997,0.08888888888888889,9.6,3.5999999999999943,11.615866900604885,35,1.3500000000000003,0.08,30,1.6000000000000003,0.12000000000000008,43,1.32,0.07441860465116279,1.32,0.07441860465116279,True,2012-11-16,2022-03-04
EURUSD,1,22,breakout,adxdi_range,TueThu,28,1.25,0.5,0.4,1,12,108,0.7777777777777778,1.3999999999999997,0.08888888888888889,9.6,3.5999999999999943,11.615866900604885,35,1.3500000000000003,0.08,30,1.6000000000000003,0.12000000000000008,43,1.32,0.07441860465116279,1.32,0.07441860465116279,True,2012-11-16,2022-03-04
EURUSD,1,23,breakout,adxdi_range,TueThu,28,1.25,0.5,0.4,1,10,108,0.7777777777777778,1.3999999999999997,0.08888888888888889,9.6,3.5999999999999943,11.615866900604885,35,1.3500000000000003,0.08,30,1.6000000000000003,0.12000000000000008,43,1.32,0.07441860465116279,1.32,0.07441860465116279,True,2012-11-16,2022-03-04
EURUSD,1,24,breakout,adxdi_range,TueThu,20,1.0,5.0,5.0,1,24,108,0.3055555555555556,1.528773587631367,0.36477248105485494,39.39542795392433,9.666528361723309,11.615866900604885,35,1.3171971000452585,0.2356321314621921,30,1.4368431658420495,0.291228777228033,43,1.7862726285304202,0.5211962799048052,1.3171971000452585,0.2356321314621921,True,2012-11-16,2022-03-04
EURUSD,1,25,breakout,adxdi_range,TueThu,28,1.0,3.375,3.375,1,16,108,0.2962962962962963,1.328804211989761,0.2262934548822437,24.439693127282318,14.25,11.615866900604885,35,1.3216920014738405,0.22361284151861294,30,1.3108396172348127,0.20722641148987506,43,1.3465483776478206,0.24177793789382832,1.3108396172348127,0.20722641148987506,True,2012-11-16,2022-03-04
EURUSD,1,26,breakout,adxdi_range,TueThu,28,1.0,3.75,3.75,1,8,108,0.3888888888888889,1.467400186312324,0.2856334471908647,30.848412296613386,17.449472954736112,11.615866900604885,35,1.3099322755530691,0.19481457320478632,30,1.8629378995891872,0.46023354644756653,43,1.3651034228935313,0.2377417637446249,1.3099322755530691,0.19481457320478632,True,2012-11-16,2022-03-04
EURUSD,1,27,breakout,adxdi_range,TueThu,28,1.0,4.0,4.0,1,24,108,0.28703703703703703,1.47748714289892,0.3383981253445967,36.54699753721644,13.0,11.615866900604885,35,1.3097552145139066,0.23010387363890214,30,1.6675655494386596,0.4450436996257731,43,1.4958059692779513,0.3521407202577133,1.3097552145139066,0.23010387363890214,True,2012-11-16,2022-03-04
EURUSD,1,28,breakout,adxdi_range,TueThu,20,1.0,3.75,3.75,1,8,108,0.4074074074074074,1.5067469332172665,0.3002944789435653,32.431803725905056,14.489883908588974,11.615866900604885,35,1.306155936109669,0.19244087412607758,30,1.7853784695477672,0.4188685170921426,43,1.5050122161049255,0.3053562236913502,1.306155936109669,0.19244087412607758,True,2012-11-16,2022-03-04
EURUSD,1,29,breakout,adxdi_range,TueThu,20,1.0,3.375,3.375,1,12,108,0.3333333333333333,1.3823581645391283,0.2527741855215143,27.299612036323545,11.992219293258618,11.615866900604885,35,1.3053743333113637,0.21287217207660655,30,1.3695818524855834,0.23406850657420286,43,1.4581082434434367,0.2983030422422379,1.3053743333113637,0.21287217207660655,True,2012-11-16,2022-03-04
EURUSD,1,30,breakout,adxdi_range,TueThu,28,1.0,4.0,4.0,1,16,108,0.28703703703703703,1.4226443131892736,0.29479055285126754,31.837379707936897,13.0,11.615866900604885,35,1.3026473184141636,0.21902166846402527,30,1.3450084991130697,0.23000566607537987,43,1.5757150443144874,0.4016616588240609,1.3026473184141636,0.21902166846402527,True,2012-11-16,2022-03-04
EURUSD,2,1,next_open,adx_di,TueFri,28,1.0,5.0,5.0,0,24,511,0.26614481409001955,1.319439171830779,0.2326269399931533,118.87236633650133,19.819002844225395,54.96025913156571,186,1.3276733224734278,0.2395890960020762,165,1.271002285970522,0.19911902104811155,160,1.360801834202488,0.25908847504485477,1.271002285970522,0.19911902104811155,True,2012-11-16,2022-03-04
EURUSD,2,2,next_open,adx_di,TueFri,7,1.25,5.0,4.0,0,24,511,0.26418786692759294,1.3099565043721737,0.22701159481122013,116.00292494853349,19.431094049904033,54.96025913156571,186,1.310140308042083,0.22343441547117798,165,1.2699603627826768,0.20287930293970852,160,1.352405180613942,0.25605649178651546,1.2699603627826768,0.20287930293970852,True,2012-11-16,2022-03-04
EURUSD,2,3,next_open,adx_di,TueFri,7,1.25,4.5,3.6,0,24,511,0.2720156555772994,1.2697474164338467,0.19545100425835843,99.87546317602116,20.231094049904044,54.96025913156571,186,1.2705720594091265,0.19492825785388693,165,1.2714856903252536,0.19908950623851948,160,1.2669637461215457,0.19230649178651552,1.2669637461215457,0.19230649178651552,True,2012-11-16,2022-03-04
EURUSD,2,4,breakout,adx_di,MonFri,20,1.25,5.0,4.0,1,10,423,0.3380614657210402,1.274527067515786,0.1759483067859681,74.4261337704645,18.7042031445167,45.4954786940358,142,1.2575209459849068,0.16966773609285987,140,1.2799771305938403,0.1753557381636281,141,1.2869139671876162,0.18286178654163457,1.2575209459849068,0.16966773609285987,True,2012-11-16,2022-03-04
EURUSD,2,5,next_open,adx_di,TueFri,20,1.0,4.5,4.5,0,24,511,0.2720156555772994,1.313920405226606,0.22672741354085216,115.85770831937545,19.559307565754487,54.96025913156571,186,1.374661307645278,0.26991728615304983,165,1.2544495393313626,0.18695840573994885,160,1.3057562688216522,0.21753097592385395,1.2544495393313626,0.18695840573994885,True,2012-11-16,2022-03-04
EURUSD,2,6,next_open,adx_di,TueFri,20,1.0,5.0,5.0,0,10,511,0.2876712328767123,1.3268250552926564,0.23015172046431084,117.60752915726285,21.22871905477136,54.96025913156571,186,1.3315824662253042,0.23786703695321237,165,1.2544104356458032,0.17917844150075785,160,1.3974205766584646,0.273748858977127,1.2544104356458032,0.17917844150075785,True,2012-11-16,2022-03-04
EURUSD,2,7,breakout,adxdi_range,MonFri,28,1.75,4.5,2.5714285714285716,1,16,304,0.4375,1.3021954587925022,0.16658348555872116,50.64137960985123,16.008423365959462,32.696514238739674,117,1.3108136201899745,0.17567048784275716,97,1.3378605587118746,0.1788831004592438,90,1.2542531230368383,0.1415141309744666,1.2542531230368383,0.1415141309744666,True,2012-11-16,2022-03-04
EURUSD,2,8,breakout,adxdi_range,MonFri,28,1.5,5.0,3.3333333333333335,1,24,304,0.34210526315789475,1.2714981294941907,0.16872810819909115,51.293344892523706,15.431899045939872,32.696514238739674,117,1.2821504499890428,0.17501106267012964,97,1.2761964518880098,0.16754352401306208,90,1.2532499775103434,0.16183698589835016,1.2532499775103434,0.16183698589835016,True,2012-11-16,2022-03-04
EURUSD,2,9,next_open,adx_di,TueFri,20,1.0,5.0,5.0,0,24,511,0.2700587084148728,1.3352381591551994,0.2427800960858388,124.06062909986363,19.559307565754487,54.96025913156571,186,1.42268495235866,0.30451496567774433,165,1.2526636505290378,0.18564621266548373,160,1.3203732988111037,0.22993262746248985,1.2526636505290378,0.18564621266548373,True,2012-11-16,2022-03-04
EURUSD,2,10,breakout,adxdi_range,MonFri,20,1.75,4.0,2.2857142857142856,1,16,304,0.4309210526315789,1.2572732204395078,0.14344956066631862,43.60866644256086,16.05749173449221,32.696514238739674,117,1.2572612003219144,0.14673259283858947,97,1.268027275082034,0.14833119425004118,90,1.2455294313576646,0.13392030264657664,1.2455294313576646,0.13392030264657664,True,2012-11-16,2022-03-04
EURUSD,2,11,breakout,adxdi_range,MonFri,28,1.75,4.0,2.2857142857142856,1,16,304,0.4407894736842105,1.2805110905573045,0.1540797955736554,46.84025785439124,15.761924766519689,32.696514238739674,117,1.2651438575418068,0.1498581393389725,97,1.3372173001507501,0.17646919496955624,90,1.243334842394895,0.13543715155205005,1.243334842394895,0.13543715155205005,True,2012-11-16,2022-03-04
EURUSD,2,12,breakout,adxdi_range,MonFri,28,1.75,4.5,2.5714285714285716,1,24,304,0.3980263157894737,1.2918725620633327,0.16340454755972242,49.67498245815561,15.798770610805606,32.696514238739674,117,1.240503562868774,0.13873253579066025,97,1.3539085983531973,0.1861553968042797,90,1.297710718023604,0.17095780311814696,1.240503562868774,0.13873253579066025,True,2012-11-16,2022-03-04
EURUSD,2,13,next_open,adx_di,TueFri,20,1.0,3.0,3.0,0,24,511,0.30724070450097846,1.2610247147661753,0.18043053574928017,92.20000376788217,20.191565286857276,54.96025913156571,186,1.2878962418155409,0.19812214490531851,165,1.235529891791939,0.16415719730953326,160,1.2564190556160224,0.17664592037137467,1.235529891791939,0.16415719730953326,True,2012-11-16,2022-03-04
EURUSD,2,14,next_open,adx_di,TueFri,28,1.0,5.0,5.0,0,10,511,0.2857142857142857,1.3139468251927109,0.22153475150112104,113.20425801707285,19.88522161222458,54.96025913156571,186,1.2827701755042675,0.20388715718710393,165,1.2321482885959816,0.1635626950676816,160,1.4381582711153964,0.30183376308815035,1.2321482885959816,0.1635626950676816,True,2012-11-16,2022-03-04
EURUSD,2,15,breakout,adxdi_range,MonFri,28,1.75,4.5,2.5714285714285716,2,24,346,0.3930635838150289,1.2763133123264423,0.1567859972778601,54.247955058139596,14.05523521445122,37.21379581119713,135,1.335569528166574,0.19013246191412247,110,1.2456143584049637,0.13625312703461162,101,1.2311000906382286,0.1345765220388692,1.2311000906382286,0.1345765220388692,True,2012-11-16,2022-03-04
EURUSD,2,16,breakout,adx_di,MonFri,28,1.75,5.0,2.857142857142857,1,8,423,0.4562647754137116,1.2579153506298455,0.12485052047733856,52.81177016191421,15.677436290646973,45.4954786940358,142,1.2359314512933535,0.12330183493112332,140,1.3122580067698995,0.14271598791067533,141,1.2301876133052005,0.10867142761844084,1.2301876133052005,0.10867142761844084,True,2012-11-16,2022-03-04
EURUSD,2,17,next_open,adx_di,TueFri,7,1.75,5.0,2.857142857142857,0,16,511,0.33268101761252444,1.2635365882125147,0.17411540109988363,88.97296996204054,19.13418674669122,54.96025913156571,186,1.2249509489379817,0.15020010269987374,165,1.2725796408493932,0.17832803231087158,160,1.2997156208420118,0.1975726595535637,1.2249509489379817,0.15020010269987374,True,2012-11-16,2022-03-04
EURUSD,2,18,breakout,adxdi_range,MonFri,20,1.75,4.5,2.5714285714285716,1,24,304,0.3881578947368421,1.246118277326192,0.1396441597378865,42.4518245603175,15.299464936590127,32.696514238739674,117,1.2254437862390997,0.13073588875226863,97,1.2238449198652794,0.12458847548201321,90,1.2975566191503,0.16745159393940875,1.2238449198652794,0.12458847548201321,True,2012-11-16,2022-03-04
EURUSD,2,19,next_open,adx_di,TueFri,20,1.0,3.375,3.375,0,24,511,0.2857142857142857,1.2283487944259437,0.1625808957971728,83.0788377523553,19.116145248427543,54.96025913156571,186,1.222916888574976,0.15939756011006337,165,1.2259883293111444,0.16161589611342464,160,1.2372208056880278,0.16727667945730287,1.222916888574976,0.15939756011006337,True,2012-11-16,2022-03-04
EURUSD,2,20,breakout,adxdi_range,MonFri,20,1.75,5.0,2.857142857142857,1,24,304,0.3815789473684211,1.2435605511629952,0.1397953127825889,42.49777508590702,15.013750650875842,32.696514238739674,117,1.2782143297541935,0.1613377696977435,97,1.2204189720080898,0.12268164810855733,90,1.222632185483453,0.13023484627489984,1.2204189720080898,0.12268164810855733,True,2012-11-16,2022-03-04
EURUSD,2,21,next_open,adx_di,TueFri,28,1.75,5.0,2.857142857142857,0,8,511,0.44031311154598823,1.236167555821907,0.12139800979758232,62.03438300656457,17.118910793510334,54.96025913156571,186,1.2556157488563497,0.13799968293967246,165,1.2196535088154836,0.10844604213616522,160,1.2286466362186523,0.11545528142073888,1.2196535088154836,0.10844604213616522,True,2012-11-16,2022-03-04
EURUSD,2,22,breakout,adxdi_range,MonFri,28,1.5,3.75,2.5,1,16,304,0.39144736842105265,1.2445504196996537,0.14652550457209798,44.54375338991779,16.05557889427297,32.696514238739674,117,1.2782651544434132,0.16683826900945065,97,1.218770931215958,0.13281406916240548,90,1.228602626245711,0.13489679118954148,1.218770931215958,0.13281406916240548,True,2012-11-16,2022-03-04
EURUSD,2,23,breakout,adx_di,MonFri,7,2.0,4.5,2.25,1,24,423,0.36879432624113473,1.250199398271621,0.15341443842345007,64.89430745311938,15.229066410009624,45.4954786940358,142,1.248653491493175,0.15027439575945123,140,1.2845651569944099,0.17375235568864314,141,1.2183496360894117,0.1363830741763636,1.2183496360894117,0.1363830741763636,True,2012-11-16,2022-03-04
EURUSD,2,24,next_open,adx_di,TueFri,10,1.5,5.0,3.3333333333333335,0,24,511,0.29158512720156554,1.263933263920672,0.18605834755314182,95.07581559965547,18.47754690377641,54.96025913156571,186,1.2181850861723136,0.15366799079877988,165,1.2336998391072855,0.16854715668949638,160,1.3509429136465518,0.2417705528582219,1.2181850861723136,0.15366799079877988,True,2012-11-16,2022-03-04
EURUSD,2,25,breakout,adxdi_range,MonFri,20,1.75,4.0,2.2857142857142856,1,24,304,0.3980263157894737,1.2612830735128007,0.1471331072915186,44.72846461662165,15.585179222304411,32.696514238739674,117,1.2163830478016995,0.1236320970911888,97,1.3068205719310158,0.16982973479459249,90,1.2722719321163136,0.1532224997986344,1.2163830478016995,0.1236320970911888,True,2012-11-16,2022-03-04
EURUSD,2,26,breakout,adxdi_range,MonFri,28,1.5,3.75,2.5,1,24,304,0.3618421052631579,1.2383559386738077,0.1447235637791034,43.99596338884743,15.961310810645756,32.696514238739674,117,1.2362006715362142,0.14247191420579552,97,1.262058441037749,0.15803216331143402,90,1.21612038037934,0.1333069953951139,1.21612038037934,0.1333069953951139,True,2012-11-16,2022-03-04
EURUSD,2,27,next_open,adx_di,TueFri,20,1.0,5.0,5.0,0,16,511,0.2759295499021526,1.3230352833254186,0.23264961157540845,118.88395151503371,19.285027691696747,54.96025913156571,186,1.4288372672338263,0.30983165779510957,165,1.2155211694603987,0.15789181194781,160,1.312199988709707,0.22001946371096678,1.2155211694603987,0.15789181194781,True,2012-11-16,2022-03-04
EURUSD,2,28,breakout,adx_di,MonFri,20,1.25,4.5,3.6,1,24,423,0.3073286052009456,1.2278631612091286,0.15343332640146343,64.90229706781903,18.563347952479376,45.4954786940358,142,1.2430622376080207,0.1647490586819165,140,1.2265894618698652,0.14848459885086326,141,1.2139634866291247,0.146950970892667,1.2139634866291247,0.146950970892667,True,2012-11-16,2022-03-04
EURUSD,2,29,next_open,adx_di,TueFri,28,1.0,5.0,5.0,0,16,511,0.273972602739726,1.3113975032540062,0.22536201938445888,115.15999190545848,19.513988226154396,54.96025913156571,186,1.3583422242325058,0.26201366933129455,165,1.2126700156184091,0.15603384734300824,160,1.3607719192398833,0.2542491537390083,1.2126700156184091,0.15603384734300824,True,2012-11-16,2022-03-04
EURUSD,2,30,breakout,adx_di,MonFri,28,1.75,4.5,2.5714285714285716,1,10,423,0.42789598108747046,1.243160593126294,0.1286687254897679,54.42687088217182,18.69928747447351,45.4954786940358,142,1.2124467977392066,0.11499253345270102,140,1.3023533589179443,0.15173727321052502,141,1.2197196598496924,0.11953697079726787,1.2124467977392066,0.11499253345270102,True,2012-11-16,2022-03-04
GBPUSD,1,1,next_open,adxrise_atr,MonThu,14,1.0,2.5,2.5,0,10,123,0.37398373983739835,1.5002592139620001,0.3104117916207045,38.18065036934665,7.0,13.22999337407053,49,1.312574493444578,0.20413028143319378,36,2.070207632446393,0.5743962938644489,38,1.3,0.19736842105263158,1.3,0.19736842105263158,True,2012-11-16,2022-03-04
GBPUSD,1,2,next_open,adxrise_atr,MonThu,14,1.0,2.5,2.5,0,24,123,0.37398373983739835,1.4770753680169686,0.2986569377016795,36.73480333730658,7.0,13.22999337407053,49,1.2885876042908306,0.18846537423074652,36,2.0,0.5555555555555556,38,1.3,0.19736842105263158,1.2885876042908306,0.18846537423074652,True,2012-11-16,2022-03-04
GBPUSD,1,3,next_open,adxrise_atr,MonThu,14,1.0,2.5,2.5,0,8,123,0.37398373983739835,1.4608736365842248,0.2851463266626353,35.07299817950414,7.0,13.22999337407053,49,1.270597437425507,0.17671669382890245,36,2.044419498775872,0.5541549507348232,38,1.2585720782173715,0.17011320935353388,1.2585720782173715,0.17011320935353388,True,2012-11-16,2022-03-04
GBPUSD,1,4,breakout,body70,MonThu,20,2.75,5.0,1.8181818181818181,1,8,314,0.4872611464968153,1.2838086365703778,0.09329022666818533,29.293131173810195,9.786103395896347,33.774129426489,98,1.263826744461273,0.0946848155568062,94,1.3466434168744685,0.1060496414784919,122,1.2557016426334024,0.08233895860872908,1.2557016426334024,0.08233895860872908,True,2012-11-16,2022-03-04
GBPUSD,1,5,next_open,adxrise_atr,MonThu,14,1.25,2.75,2.2,0,10,123,0.3983739837398374,1.4306636287540984,0.25649830898431913,31.549292005071255,7.3999999999999995,13.22999337407053,49,1.373396901072707,0.2286103475955347,36,1.740503563830328,0.3961156530163362,38,1.253634227679248,0.16019003853426203,1.253634227679248,0.16019003853426203,True,2012-11-16,2022-03-04
GBPUSD,1,6,next_open,adxrise_atr,MonThu,14,1.25,2.5,2.0,0,10,123,0.4146341463414634,1.4258438554251276,0.24670341703640097,30.34452029547732,8.0,13.22999337407053,49,1.2533969010727064,0.15514095984043255,36,1.862259943897001,0.4372948128693369,38,1.3043478260869565,0.18421052631578946,1.2533969010727064,0.15514095984043255,True,2012-11-16,2022-03-04
GBPUSD,1,7,next_open,adxrise_atr,MonThu,14,1.0,2.5,2.5,0,16,123,0.37398373983739835,1.4620141479497857,0.2892283690417357,35.57508939213349,7.0,13.22999337407053,49,1.2523465435041716,0.1647977426966019,36,2.0,0.5555555555555556,38,1.3,0.19736842105263158,1.2523465435041716,0.1647977426966019,True,2012-11-16,2022-03-04
GBPUSD,1,8,breakout,body70,MonThu,20,1.0,5.0,5.0,1,8,314,0.321656050955414,1.2709271199290524,0.17844454764606335,56.031587960863895,16.849222577209797,33.774129426489,98,1.2457429669894469,0.1644601423648235,94,1.2630802869427646,0.17273500744184023,122,1.2977917735719928,0.19407707630801815,1.2457429669894469,0.1644601423648235,True,2012-11-16,2022-03-04
GBPUSD,1,9,breakout,body70,MonThu,28,1.0,5.0,5.0,1,8,314,0.321656050955414,1.2803688734594179,0.184784798522582,58.02242673609075,16.848268143587095,33.774129426489,98,1.2448448098627365,0.1639634543410384,94,1.2878174441987147,0.18614342714695176,122,1.3036958000284886,0.20046332835127476,1.2448448098627365,0.1639634543410384,True,2012-11-16,2022-03-04
GBPUSD,1,10,breakout,body70,MonThu,28,1.0,4.5,4.5,1,8,314,0.321656050955414,1.283944320011357,0.18714129467201623,58.7623665270131,16.848268143587095,33.774129426489,98,1.244114102333242,0.16347412671054423,94,1.3313401563691722,0.21429136246301245,122,1.2806234124857168,0.1852337216217754,1.244114102333242,0.16347412671054423,True,2012-11-16,2022-03-04
GBPUSD,1,11,next_open,adxrise_atr,MonThu,14,2.25,2.75,1.2222222222222223,0,10,123,0.5040650406504065,1.2665813457302164,0.12509617334837894,15.386829321850609,7.111111111111111,13.22999337407053,49,1.2593034035227129,0.12700574866418596,36,1.3032369708238933,0.13615199926702548,38,1.2427807751452495,0.1121598858866469,1.2427807751452495,0.1121598858866469,True,2012-11-16,2022-03-04
GBPUSD,1,12,breakout,body70,MonThu,28,2.75,5.0,1.8181818181818181,1,8,314,0.49044585987261147,1.2679787998300542,0.08975048937710646,28.181653664411428,9.770322888795022,33.774129426489,98,1.237289690157398,0.08632556243605527,94,1.2372408893038729,0.07698972521201268,122,1.320067406801486,0.10233372439138376,1.2372408893038729,0.07698972521201268,True,2012-11-16,2022-03-04
GBPUSD,1,13,next_open,adxrise_atr,MonThu,14,1.0,2.75,2.75,0,10,123,0.35772357723577236,1.4971367882922642,0.31655784557999245,38.93661500633907,7.0,13.22999337407053,49,1.437574493444578,0.2857629344944183,36,1.9263581996599226,0.5229223440481979,38,1.2349625703991325,0.1607638639573012,1.2349625703991325,0.1607638639573012,True,2012-11-16,2022-03-04
GBPUSD,1,14,next_open,adxrise_atr,MonThu,14,1.0,2.5,2.5,0,12,123,0.37398373983739835,1.4826106461198696,0.2997697841631408,36.87168345206632,7.400476758045299,13.22999337407053,49,1.2345497351383163,0.15509231106030003,36,2.145903168953243,0.6047822280586561,38,1.3,0.19736842105263158,1.2345497351383163,0.15509231106030003,True,2012-11-16,2022-03-04
GBPUSD,1,15,next_open,adxrise_atr,MonThu,14,1.25,2.5,2.0,0,24,123,0.42276422764227645,1.4453578869186496,0.25707650383109043,31.620409971224124,8.0,13.22999337407053,49,1.2329280889948422,0.1426090340784748,36,1.9795870722988254,0.4897935361494127,38,1.3043478260869565,0.18421052631578946,1.2329280889948422,0.1426090340784748,True,2012-11-16,2022-03-04
GBPUSD,1,16,next_open,adxrise_atr,MonThu,14,2.25,1.0,0.4444444444444444,0,24,123,0.7560975609756098,1.3777777777777778,0.0921409214092141,11.333333333333334,7.777777777777779,13.22999337407053,49,1.2307692307692308,0.06122448979591835,36,1.8412698412698414,0.16358024691358022,38,1.2444444444444445,0.06432748538011697,1.2307692307692308,0.06122448979591835,True,2012-11-16,2022-03-04
GBPUSD,1,17,next_open,adxrise_atr,MonThu,14,2.25,1.0,0.4444444444444444,0,16,123,0.7560975609756098,1.3777777777777778,0.0921409214092141,11.333333333333334,7.777777777777779,13.22999337407053,49,1.2307692307692308,0.06122448979591835,36,1.8412698412698414,0.16358024691358022,38,1.2444444444444445,0.06432748538011697,1.2307692307692308,0.06122448979591835,True,2012-11-16,2022-03-04
GBPUSD,1,18,next_open,adxrise_atr,MonThu,14,2.25,1.0,0.4444444444444444,0,12,123,0.7560975609756098,1.3777777777777778,0.0921409214092141,11.333333333333334,7.777777777777779,13.22999337407053,49,1.2307692307692308,0.06122448979591835,36,1.8412698412698414,0.16358024691358022,38,1.2444444444444445,0.06432748538011697,1.2307692307692308,0.06122448979591835,True,2012-11-16,2022-03-04
GBPUSD,1,19,next_open,adxrise_atr,MonThu,14,2.25,1.0,0.4444444444444444,0,10,123,0.7560975609756098,1.3777777777777778,0.0921409214092141,11.333333333333334,7.777777777777779,13.22999337407053,49,1.2307692307692308,0.06122448979591835,36,1.8412698412698414,0.16358024691358022,38,1.2444444444444445,0.06432748538011697,1.2307692307692308,0.06122448979591835,True,2012-11-16,2022-03-04
GBPUSD,1,20,breakout,body70,MonThu,28,2.75,4.5,1.6363636363636365,1,8,314,0.49044585987261147,1.2696353844634565,0.09030530670458446,28.355866305239523,9.770322888795022,33.774129426489,98,1.2282466627952295,0.08303572534854413,94,1.2568609900716161,0.08335686610063825,122,1.3174551620030948,0.10149852301329672,1.2282466627952295,0.08303572534854413,True,2012-11-16,2022-03-04
GBPUSD,1,21,next_open,adxrise_atr,MonThu,14,2.25,2.75,1.2222222222222223,0,24,123,0.5121951219512195,1.2716208740157324,0.129051815482297,15.87337330432253,7.111111111111111,13.22999337407053,49,1.2450889506908627,0.12004356768532051,36,1.3621213351192996,0.16462314381564638,38,1.2249033025370903,0.10696856079943574,1.2249033025370903,0.10696856079943574,True,2012-11-16,2022-03-04
GBPUSD,1,22,breakout,body70,MonThu,28,1.0,4.0,4.0,1,8,314,0.3248407643312102,1.2401093465374495,0.15748597325811708,49.45059560304877,16.848268143587095,33.774129426489,98,1.2246812517426606,0.14816800426156457,94,1.2740653936274509,0.17724940812472081,122,1.2268565636195343,0.1497433346040301,1.2246812517426606,0.14816800426156457,True,2012-11-16,2022-03-04
GBPUSD,1,23,breakout,body70,MonThu,28,3.0,5.0,1.6666666666666667,1,8,314,0.49044585987261147,1.2404739153169533,0.07546405833252331,23.69571431641232,9.351234253430896,33.774129426489,98,1.229468797189958,0.07701042294563669,94,1.2237638913820352,0.06729786726235658,122,1.2627962489654014,0.08051387987769185,1.2237638913820352,0.06729786726235658,True,2012-11-16,2022-03-04
GBPUSD,1,24,next_open,adxrise_atr,MonThu,14,2.25,2.75,1.2222222222222223,0,16,123,0.5040650406504065,1.2381783958779398,0.11346014658772725,13.955598030290453,7.111111111111111,13.22999337407053,49,1.2236127665209906,0.10952462033681178,36,1.257505044092878,0.12031619204918721,38,1.2395563565691086,0.1120397031583142,1.2236127665209906,0.10952462033681178,True,2012-11-16,2022-03-04
GBPUSD,1,25,next_open,adxrise_atr,MonThu,14,1.75,2.5,1.4285714285714286,0,24,123,0.4959349593495935,1.3694640939967595,0.18623393355934215,22.906773827799086,7.285714285714286,13.22999337407053,49,1.2359297436770675,0.12518721093068902,36,1.7693110402401273,0.3419160178845011,38,1.2231811924176637,0.11746378548298102,1.2231811924176637,0.11746378548298102,True,2012-11-16,2022-03-04
GBPUSD,1,26,breakout,body70,MonThu,20,1.0,4.0,4.0,1,8,314,0.32802547770700635,1.2364559315635815,0.15423421425441777,48.42954327588718,16.849222577209797,33.774129426489,98,1.2228849346687665,0.14688837868086985,94,1.2689361186223216,0.17371884587902106,122,1.2226754629811507,0.1451222184633931,1.2226754629811507,0.1451222184633931,True,2012-11-16,2022-03-04
GBPUSD,1,27,breakout,body70,MonThu,20,2.75,4.5,1.6363636363636365,1,8,314,0.4872611464968153,1.2530486441387272,0.08317916485929361,26.118257765818193,9.786103395896351,33.774129426489,98,1.242371890704843,0.08698488022661835,94,1.3098107965931645,0.09478132947428551,122,1.221056282263198,0.07118274207398982,1.221056282263198,0.07118274207398982,True,2012-11-16,2022-03-04
GBPUSD,1,28,breakout,body70,MonThu,28,3.0,4.5,1.5,1,8,314,0.49044585987261147,1.2420945654623075,0.07597264088271144,23.855409237171393,8.8947834611449,33.774129426489,98,1.2204829306929157,0.07399473894875146,94,1.2431702746275408,0.07313441307693,122,1.2602973364736676,0.07974827861444533,1.2204829306929157,0.07313441307693,True,2012-11-16,2022-03-04
GBPUSD,1,29,next_open,adxrise_atr,MonThu,14,1.25,2.5,2.0,0,8,123,0.4146341463414634,1.380641634191333,0.21997030293944744,27.056347261552034,8.0,13.22999337407053,49,1.2175764799364326,0.13321008975699952,36,1.8384355021974317,0.42110173836563636,38,1.2334517514041805,0.14129974427095127,1.2175764799364326,0.13321008975699952,True,2012-11-16,2022-03-04
GBPUSD,1,30,breakout,body70,MonThu,20,1.0,4.5,4.5,1,8,314,0.321656050955414,1.2403808561454783,0.15832543138865596,49.71418545603797,16.849222577209797,33.774129426489,98,1.2423575546262426,0.1621945011298494,94,1.2168635261688137,0.1423896987568036,122,1.2570055395158461,0.16749584149322283,1.2168635261688137,0.1423896987568036,True,2012-11-16,2022-03-04
GBPUSD,2,1,breakout,body60,MonThu,20,1.75,0.75,0.42857142857142855,1,16,517,0.7678916827852998,1.4350884823600834,0.09966671714492173,51.527692763924534,7.999999999999998,55.60899653979239,177,1.2912548202650567,0.0724023282014831,172,1.8051948051948048,0.15448504983388703,168,1.2930471102392829,0.07226816726686583,1.2912548202650567,0.07226816726686583,True,2012-11-16,2022-03-04
GBPUSD,2,2,breakout,body60,MonFri,20,2.75,0.5,0.18181818181818182,1,4,644,0.8385093167701864,1.4107092522349571,0.04396461823855781,28.31321414563123,5.005315949943704,69.26923360082456,219,1.3806034088291146,0.04121264816865754,212,1.5924480830231311,0.057626677485149415,213,1.2874006436268854,0.03319619046874904,1.2874006436268854,0.03319619046874904,True,2012-11-16,2022-03-04
GBPUSD,2,3,breakout,body60,MonThu,20,1.75,0.75,0.42857142857142855,1,12,517,0.7659574468085106,1.4291428552962453,0.09857212100666225,50.96178656044439,7.999999999999998,55.60899653979239,177,1.2828711689000896,0.07047409696799355,172,1.8051948051948048,0.15448504983388703,168,1.2860748266345878,0.07093120729572003,1.2828711689000896,0.07047409696799355,True,2012-11-16,2022-03-04
GBPUSD,2,4,breakout,body60,MonThu,20,1.75,0.75,0.42857142857142855,1,10,517,0.7678916827852998,1.428754411199743,0.09852973496706312,50.93987297797163,7.9999999999999964,55.60899653979239,177,1.2769413629160005,0.06931715822789927,172,1.8051948051948048,0.15448504983388703,168,1.2915026163627468,0.07201968690598151,1.2769413629160005,0.06931715822789927,True,2012-11-16,2022-03-04
GBPUSD,2,5,breakout,body60,MonThu,20,1.75,0.75,0.42857142857142855,1,24,517,0.7659574468085106,1.4252871777818825,0.09795075063734444,50.64053807950708,7.9999999999999964,55.60899653979239,177,1.2742301553599924,0.06878459912531751,172,1.8051948051948048,0.15448504983388703,168,1.2853895518329088,0.07079902061248401,1.2742301553599924,0.06878459912531751,True,2012-11-16,2022-03-04
GBPUSD,2,6,breakout,body60,MonThu,20,2.75,0.75,0.2727272727272727,1,16,517,0.8317214700193424,1.4369415104898242,0.06890567642176171,35.6242347100508,6.818181818181813,55.60899653979239,177,1.6216055780620555,0.08893240706383476,172,1.4411706090804515,0.06989623615204363,168,1.2714718093064332,0.04679194072381282,1.2714718093064332,0.04679194072381282,True,2012-11-16,2022-03-04
GBPUSD,2,7,breakout,body60,MonFri,20,2.5,0.5,0.2,1,4,644,0.8338509316770186,1.387450070976167,0.04612694515495289,29.705752679789665,4.805847544938076,69.26923360082456,219,1.2733654868682582,0.03491076691565314,212,1.6854732273682473,0.06929467917247693,213,1.2702454439510944,0.03460010676383341,1.2702454439510944,0.03460010676383341,True,2012-11-16,2022-03-04
GBPUSD,2,8,breakout,body60,MonThu,20,2.75,0.75,0.2727272727272727,1,24,517,0.8317214700193424,1.4317899637283014,0.06840686879606338,35.366351167564765,6.818181818181813,55.60899653979239,177,1.6308111318165992,0.08999697910440083,172,1.4208357588623575,0.0676287517028162,168,1.269004304153398,0.04645678912619903,1.269004304153398,0.04645678912619903,True,2012-11-16,2022-03-04
GBPUSD,2,9,breakout,body60,MonFri,20,1.75,0.75,0.42857142857142855,1,16,644,0.7686335403726708,1.437682479748633,0.10019828068932381,64.52769276392453,6.142857142857153,69.26923360082456,219,1.3061018112212635,0.07547715893127041,212,1.8428571428571427,0.1590296495956873,213,1.267336863170927,0.06706060677789015,1.267336863170927,0.06706060677789015,True,2012-11-16,2022-03-04
GBPUSD,2,10,breakout,body60,MonFri,20,1.75,0.75,0.42857142857142855,1,10,644,0.7686335403726708,1.42970694951939,0.0986250692815877,63.51454461734247,6.142857142857146,69.26923360082456,219,1.2865089835360954,0.07104152675796682,212,1.8428571428571427,0.1590296495956873,213,1.2661754214050631,0.06686462226789688,1.2661754214050631,0.06686462226789688,True,2012-11-16,2022-03-04
GBPUSD,2,11,breakout,body60,MonFri,20,1.5,0.75,0.5,1,4,644,0.7158385093167702,1.3875260534326155,0.09806375702595016,63.15305952471191,7.5,69.26923360082456,219,1.2857623869755404,0.07613200530883808,212,1.6556320283103367,0.14809280457152113,213,1.2658844504013453,0.07081913517799945,1.2658844504013453,0.07081913517799945,True,2012-11-16,2022-03-04
GBPUSD,2,12,breakout,body60,MonThu,20,1.5,0.75,0.5,1,16,517,0.7330754352030948,1.377400732760232,0.1003151995517259,51.86295816824229,8.5,55.60899653979239,177,1.265688282138792,0.07505318704485649,172,1.5975609756097562,0.14244186046511628,168,1.3032766589633542,0.08380085750775407,1.265688282138792,0.07505318704485649,True,2012-11-16,2022-03-04
GBPUSD,2,13,breakout,body60,MonThu,20,2.75,0.75,0.2727272727272727,1,12,517,0.8297872340425532,1.4278045242707516,0.06780659528245606,35.05600976102978,6.818181818181813,55.60899653979239,177,1.5973310639688107,0.08643044026728519,172,1.4426683418344384,0.07006071688929329,168,1.2647600772859138,0.04587725314739198,1.2647600772859138,0.04587725314739198,True,2012-11-16,2022-03-04
GBPUSD,2,14,breakout,body60,MonFri,20,1.5,0.75,0.5,1,12,644,0.7360248447204969,1.4054104953502373,0.10594458363213122,68.2283118590925,7.5,69.26923360082456,219,1.3062349469539871,0.08405906772977131,212,1.7083333333333333,0.16037735849056603,213,1.2628649386084585,0.07426937101536422,1.2628649386084585,0.07426937101536422,True,2012-11-16,2022-03-04
GBPUSD,2,15,breakout,body60,MonFri,20,1.5,0.75,0.5,1,24,644,0.7360248447204969,1.4051964532732584,0.10611849179772677,68.34030871773604,7.5,69.26923360082456,219,1.3065918213748118,0.08464544772927583,212,1.7083333333333333,0.16037735849056603,213,1.262520458265139,0.07419228011748652,1.262520458265139,0.07419228011748652,True,2012-11-16,2022-03-04
GBPUSD,2,16,breakout,body60,MonFri,20,1.75,0.75,0.42857142857142855,1,12,644,0.7670807453416149,1.4301292628110132,0.09868427568249472,63.552673539526594,6.1428571428571495,69.26923360082456,219,1.2916786163103389,0.07205062948266111,212,1.8428571428571427,0.1590296495956873,213,1.2620315665567456,0.06600610313867655,1.2620315665567456,0.06600610313867655,True,2012-11-16,2022-03-04
GBPUSD,2,17,breakout,body60,MonFri,20,1.75,0.75,0.42857142857142855,1,24,644,0.7670807453416149,1.4297894737997405,0.09882071130358243,63.64053807950708,6.1428571428571495,69.26923360082456,219,1.292098642971957,0.07255324091080784,212,1.8428571428571427,0.1590296495956873,213,1.26150943804704,0.06590184321950449,1.26150943804704,0.06590184321950449,True,2012-11-16,2022-03-04
GBPUSD,2,18,breakout,body60,MonFri,20,1.5,0.75,0.5,1,16,644,0.7375776397515528,1.4088728350223223,0.10693005926745694,68.86295816824227,7.5,69.26923360082456,219,1.321406901782327,0.08805668541981553,212,1.7083333333333333,0.16037735849056603,213,1.2578313253012048,0.07313870451315814,1.2578313253012048,0.07313870451315814,True,2012-11-16,2022-03-04
GBPUSD,2,19,breakout,body60,MonThu,20,1.5,0.75,0.5,1,12,517,0.7311411992263056,1.3766039568544854,0.10001085180560268,51.705610383496584,8.5,55.60899653979239,177,1.257139614074912,0.07280358393911868,172,1.5975609756097562,0.14244186046511628,168,1.310073247048784,0.08523438110876536,1.257139614074912,0.07280358393911868,True,2012-11-16,2022-03-04
GBPUSD,2,20,breakout,body60,MonFri,28,2.0,0.5,0.25,1,8,643,0.8444790046656299,1.3852188099891163,0.05865887043910987,37.717653692347646,5.5,69.16167267908415,218,1.2638888888888888,0.04357798165137615,212,1.712962962962963,0.09080188679245282,213,1.2568624149967365,0.04210166052745374,1.2568624149967365,0.04210166052745374,True,2012-11-16,2022-03-04
GBPUSD,2,21,breakout,body60,MonFri,20,1.5,0.75,0.5,1,10,644,0.7360248447204969,1.3998961458390102,0.10490679671076773,67.55997708173442,7.5,69.26923360082456,219,1.3007507213228,0.08288178121762797,212,1.7083333333333333,0.16037735849056603,213,1.254308943089431,0.07234209856842203,1.254308943089431,0.07234209856842203,True,2012-11-16,2022-03-04
GBPUSD,2,22,breakout,body60,MonThu,20,2.5,0.75,0.3,1,16,517,0.8201160541586073,1.4361566096681633,0.07464407835616885,38.5909885101393,6.599999999999994,55.60899653979239,177,1.497867018776725,0.08257141048208266,172,1.5838313044364078,0.09258353418585266,168,1.2528055062304293,0.04792548199311911,1.2528055062304293,0.04792548199311911,True,2012-11-16,2022-03-04
GBPUSD,2,23,breakout,body60,MonThu,20,2.5,0.75,0.3,1,12,517,0.8181818181818182,1.429419847648738,0.07373834474675824,38.122724234074006,6.599999999999994,55.60899653979239,177,1.4761394553692646,0.07981924700587814,172,1.5856404189570945,0.0927644629968273,168,1.2523237777348744,0.04785255880106715,1.2523237777348744,0.04785255880106715,True,2012-11-16,2022-03-04
GBPUSD,2,24,breakout,body60,MonThu,20,1.5,0.75,0.5,1,10,517,0.7311411992263056,1.3701231305617338,0.09875472631038382,51.05619350246843,8.5,55.60899653979239,177,1.2511748757342918,0.07145382207567537,172,1.5975609756097562,0.14244186046511628,168,1.2985303446817509,0.08279087497067793,1.2511748757342918,0.07145382207567537,True,2012-11-16,2022-03-04
GBPUSD,2,25,breakout,body60,MonThu,20,3.0,0.75,0.25,1,16,517,0.8413926499032882,1.450233985504464,0.06515487954031488,33.68507272234279,6.0782396079537016,55.60899653979239,177,1.5902226801858097,0.07945744319500622,172,1.5389972510773944,0.07454460158332754,168,1.2499739805275754,0.04047282026484734,1.2499739805275754,0.04047282026484734,True,2012-11-16,2022-03-04
GBPUSD,2,26,breakout,body60,MonThu,20,1.5,0.75,0.5,1,6,517,0.723404255319149,1.3541086386265468,0.09354924833788399,48.36496139068602,8.203083719358386,55.60899653979239,177,1.2494672656299164,0.06978240858198308,172,1.5855827040155264,0.13958657479439873,168,1.260568071278306,0.07145585837522872,1.2494672656299164,0.06978240858198308,True,2012-11-16,2022-03-04
GBPUSD,2,27,breakout,body60,MonThu,20,1.5,0.75,0.5,1,24,517,0.7311411992263056,1.3729509215044324,0.0993042721813076,51.340308717736036,8.5,55.60899653979239,177,1.248448185165702,0.07083250312266332,172,1.5975609756097562,0.14244186046511628,168,1.3096075922371506,0.08513664086324184,1.248448185165702,0.07083250312266332,True,2012-11-16,2022-03-04
GBPUSD,2,28,breakout,body60,MonThu,20,2.5,0.75,0.3,1,24,517,0.8201160541586073,1.4289424631791552,0.07385516410105956,38.1831198402478,6.599999999999994,55.60899653979239,177,1.506271614532737,0.08374243972670532,172,1.5593055792355754,0.09008930129170248,168,1.245526258010421,0.04681754872885792,1.245526258010421,0.04681754872885792,True,2012-11-16,2022-03-04
GBPUSD,2,29,breakout,body60,MonFri,20,3.0,0.5,0.16666666666666666,1,4,644,0.8385093167701864,1.3599338749321457,0.036637236142134544,23.594380075534644,4.672203567360262,69.26923360082456,219,1.3339789258662758,0.03430902080557634,212,1.524916952922506,0.048875859771950976,213,1.2452950412970953,0.026849869706384148,1.2452950412970953,0.026849869706384148,True,2012-11-16,2022-03-04
GBPUSD,2,30,breakout,body60,MonThu,20,1.75,0.75,0.42857142857142855,1,8,517,0.7640232108317214,1.4098207336506425,0.09427217685468112,48.73871543387014,7.9999999999999964,55.60899653979239,177,1.2699332762034328,0.06776134947520812,172,1.8051948051948048,0.15448504983388703,168,1.245177124635468,0.06055671431743893,1.245177124635468,0.06055671431743893,True,2012-11-16,2022-03-04
AUDUSD,1,1,breakout,adxrise_range,TueThu,20,2.25,4.5,2.0,1,24,168,0.5059523809523809,1.526316011379675,0.23233252602723756,39.03186437257591,6.424518531000899,18.071343550979837,61,1.5386784880998834,0.22263483943555223,48,1.4650766109778484,0.21573358282472677,59,1.565735539497582,0.2558631727359379,1.4650766109778484,0.21573358282472677,True,2012-11-16,2022-03-04
AUDUSD,1,2,breakout,adxrise_range,MonThu,20,1.75,4.5,2.5714285714285716,1,24,218,0.44954128440366975,1.4750605087159057,0.24388732497113136,53.16743684370664,7.918107370336671,23.449719607819077,86,1.5138311296189582,0.26014766059718436,59,1.4783865003066987,0.23451106507865108,73,1.4298351843719512,0.2323093862014846,1.4298351843719512,0.2323093862014846,True,2012-11-16,2022-03-04
AUDUSD,1,3,breakout,adxrise_range,TueThu,20,2.25,4.0,1.7777777777777777,1,24,168,0.5119047619047619,1.5051075871081445,0.22277402799335744,37.42603670288405,6.646740753223121,18.071343550979837,61,1.5463632197203714,0.22522575400702144,48,1.4169531046447361,0.1934106876408508,59,1.5397880868825615,0.24412801189313393,1.4169531046447361,0.1934106876408508,True,2012-11-16,2022-03-04
AUDUSD,1,4,breakout,adxrise_range,TueThu,7,2.0,5.0,2.5,1,24,168,0.47023809523809523,1.4712711804342027,0.22891208231834806,38.45722982948247,7.382161026963878,18.071343550979837,61,1.4847564431534974,0.22621345776497792,48,1.531848424329807,0.25874328560559995,59,1.4108904216170342,0.20743273214830543,1.4108904216170342,0.20743273214830543,True,2012-11-16,2022-03-04
AUDUSD,1,5,breakout,adxrise_range,TueThu,14,2.5,4.5,1.8,1,24,168,0.5059523809523809,1.47081046988993,0.20509656736053167,34.45622331656932,7.0,18.071343550979837,61,1.4050383900807044,0.17673499130493758,48,1.4223247028338701,0.18660023462143735,59,1.580391524630649,0.24946741669727338,1.4050383900807044,0.17673499130493758,True,2012-11-16,2022-03-04
AUDUSD,1,6,breakout,adxrise_range,TueThu,10,2.25,5.0,2.2222222222222223,1,24,168,0.47619047619047616,1.4561683635469724,0.21908406056286958,36.80612217456209,7.0,18.071343550979837,61,1.4038302525464845,0.18886579669483014,48,1.4417086265063255,0.21454860601092984,59,1.519627419482579,0.25401653368903093,1.4038302525464845,0.18886579669483014,True,2012-11-16,2022-03-04
AUDUSD,1,7,breakout,adxrise_range,TueThu,20,1.75,5.0,2.857142857142857,1,24,168,0.43452380952380953,1.4490380965088676,0.23823265958318324,40.023086809974785,7.0,18.071343550979837,61,1.5473893198977127,0.2740621861058243,48,1.3989344452645465,0.21061654076427325,59,1.3968838249921935,0.2236559237429556,1.3968838249921935,0.21061654076427325,True,2012-11-16,2022-03-04
AUDUSD,1,8,breakout,adxrise_range,MonThu,7,1.5,4.5,3.0,1,24,218,0.41284403669724773,1.4755234479244612,0.2688676443331005,58.613146464615916,8.731266149870798,23.449719607819077,86,1.5653193297976538,0.311104228123216,59,1.4479795147502732,0.258157686466259,73,1.3965096981859424,0.22776547047274062,1.3965096981859424,0.22776547047274062,True,2012-11-16,2022-03-04
AUDUSD,1,9,breakout,adxrise_range,TueThu,20,1.5,5.0,3.3333333333333335,1,24,168,0.39880952380952384,1.413745475748291,0.2424604559534981,40.73335660018768,9.038372146745822,18.071343550979837,61,1.3931669752708329,0.22662293720387286,48,1.4079670762229244,0.23798079446337247,59,1.4388335222833635,0.2624793101103315,1.3931669752708329,0.22662293720387286,True,2012-11-16,2022-03-04
AUDUSD,1,10,breakout,adxrise_range,TueThu,28,1.5,5.0,3.3333333333333335,1,12,168,0.43452380952380953,1.4264099645838644,0.21655060464364098,36.380501580131686,6.889727843853116,18.071343550979837,61,1.3970516827291883,0.19451424875244985,48,1.3908435175961613,0.19579445434472462,59,1.4816068352576603,0.2562203152150078,1.3908435175961613,0.19451424875244985,True,2012-11-16,2022-03-04
AUDUSD,1,11,breakout,adxrise_range,MonThu,20,2.25,4.0,1.7777777777777777,1,24,218,0.5091743119266054,1.4711658343763239,0.2078224144734012,45.30528635520146,7.208230152282805,23.449719607819077,86,1.4252504609014394,0.18699603095862993,59,1.3905727624499913,0.1768667801112603,73,1.5941724521722687,0.25737654337253324,1.3905727624499913,0.1768667801112603,True,2012-11-16,2022-03-04
AUDUSD,1,12,breakout,adxrise_range,TueThu,14,1.75,4.5,2.5714285714285716,1,24,168,0.43452380952380953,1.4751910298829156,0.25193483127743155,42.3250516546085,7.0,18.071343550979837,61,1.3903995607964748,0.20793395658772343,48,1.5660928822412068,0.28655676832731514,59,1.4921090212449315,0.2692602614075635,1.3903995607964748,0.20793395658772343,True,2012-11-16,2022-03-04
AUDUSD,1,13,breakout,adxrise_range,MonThu,20,1.75,4.0,2.2857142857142856,1,24,218,0.4541284403669725,1.4602584450618457,0.23611087200788636,51.47217009771923,7.918107370336671,23.449719607819077,86,1.5062697919994092,0.25582493757677216,59,1.4935165206427699,0.24192799089365427,73,1.385197760662506,0.2081845753889208,1.385197760662506,0.2081845753889208,True,2012-11-16,2022-03-04
AUDUSD,1,14,breakout,adxrise_range,TueThu,10,2.25,4.5,2.0,1,24,168,0.47619047619047616,1.407219624694021,0.19557544110501926,32.856674105643236,7.0,18.071343550979837,61,1.3874716871833028,0.18121512302533793,48,1.3849392235225662,0.1869743284366522,59,1.4447640698381385,0.21742006501929348,1.3849392235225662,0.18121512302533793,True,2012-11-16,2022-03-04
AUDUSD,1,15,breakout,adxrise_range,TueThu,20,2.5,4.5,1.8,1,24,168,0.5178571428571429,1.461963673776682,0.19206111280886382,32.26626695188912,5.853978583422673,18.071343550979837,61,1.43825666550821,0.17439981517411404,48,1.3836226707766073,0.16974539317721524,59,1.5539952445161604,0.22847626023325146,1.3836226707766073,0.16974539317721524,True,2012-11-16,2022-03-04
AUDUSD,1,16,breakout,adxrise_range,MonThu,20,2.25,4.5,2.0,1,24,218,0.5045871559633027,1.4857729050852904,0.2144109015624567,46.74157654061556,7.882124156472209,23.449719607819077,86,1.4380158496478503,0.19294212819156034,59,1.3832854827113648,0.17356681189264717,73,1.6295797568302923,0.2727138577325369,1.3832854827113648,0.17356681189264717,True,2012-11-16,2022-03-04
AUDUSD,1,17,breakout,adxrise_range,TueThu,20,1.5,4.5,3.0,1,12,168,0.4226190476190476,1.3921741507127907,0.2034676292992162,34.18256172226832,8.516804110172139,18.071343550979837,61,1.388887308048643,0.19022875086816637,48,1.3827558067833012,0.1988565442039548,59,1.4024551283164517,0.22090667453424304,1.3827558067833012,0.19022875086816637,True,2012-11-16,2022-03-04
AUDUSD,1,18,breakout,adxrise_range,TueThu,14,1.75,4.0,2.2857142857142856,1,24,168,0.44047619047619047,1.4132947704410874,0.21889930283551715,36.77508287636688,7.0,18.071343550979837,61,1.3870427581379325,0.2055796176768874,48,1.490466258655886,0.2482744978131243,59,1.381558731524668,0.20877203903469116,1.381558731524668,0.2055796176768874,True,2012-11-16,2022-03-04
AUDUSD,1,19,breakout,adxrise_range,TueThu,7,2.0,4.0,2.0,1,24,168,0.47023809523809523,1.3973053191771758,0.19298440410722514,32.421379890013824,7.218631615199172,18.071343550979837,61,1.4130877719368156,0.19276899682314924,48,1.4010939029749903,0.1951314501361896,59,1.3792517645646822,0.19146036402143415,1.3792517645646822,0.19146036402143415,True,2012-11-16,2022-03-04
AUDUSD,1,20,breakout,adxrise_range,TueThu,7,2.25,5.0,2.2222222222222223,1,24,168,0.48214285714285715,1.4374876576657776,0.19808504820206818,33.27828809794745,7.0,18.071343550979837,61,1.3775638717555472,0.16880147245329735,48,1.4997960910116883,0.23233032583082705,59,1.4466999295830816,0.2005007226850275,1.3775638717555472,0.16880147245329735,True,2012-11-16,2022-03-04
AUDUSD,1,21,breakout,adxrise_range,TueThu,7,2.0,4.5,2.25,1,24,168,0.47023809523809523,1.433543317580684,0.21058640486176555,35.378516016776615,7.0,18.071343550979837,61,1.463779109825267,0.216424304523409,48,1.4698454511389452,0.22857895256101987,59,1.3761859070663323,0.18991260538846977,1.3761859070663323,0.18991260538846977,True,2012-11-16,2022-03-04
AUDUSD,1,22,breakout,adxrise_range,TueThu,7,1.75,5.0,2.857142857142857,1,24,168,0.44047619047619047,1.4507367761589471,0.23642690644878323,39.71972028339558,7.008184030815862,18.071343550979837,61,1.4644967519860606,0.23710330875054011,48,1.531393381320219,0.2777261472794187,59,1.3738703827776737,0.20212819288475492,1.3738703827776737,0.20212819288475492,True,2012-11-16,2022-03-04
AUDUSD,1,23,breakout,adxrise_range,TueThu,14,1.75,5.0,2.857142857142857,1,24,168,0.42857142857142855,1.430396287591691,0.23074762119461734,38.765600360695714,7.0,18.071343550979837,61,1.3737327161186161,0.19905688984453898,48,1.489809672748492,0.2581465015695907,59,1.4408653610546012,0.24122200008200814,1.3737327161186161,0.19905688984453898,True,2012-11-16,2022-03-04
AUDUSD,1,24,breakout,adxrise_range,MonThu,7,1.75,4.5,2.5714285714285716,1,24,218,0.44036697247706424,1.4335749679466214,0.23004035387363075,50.14879714445151,9.333560437785266,23.449719607819077,86,1.4843964864720194,0.2542381638713136,59,1.3712006994626302,0.20187406219256182,73,1.4259634489924735,0.22429788194736167,1.3712006994626302,0.20187406219256182,True,2012-11-16,2022-03-04
AUDUSD,1,25,breakout,adxrise_range,TueThu,10,2.75,5.0,1.8181818181818181,1,24,168,0.5119047619047619,1.439519328209211,0.1836466994388322,30.852645505723807,6.199277637025006,18.071343550979837,61,1.4201043733098284,0.16858197340166708,48,1.3675524105063341,0.16277621687015684,59,1.5214922596214042,0.21620146980431507,1.3675524105063341,0.16277621687015684,True,2012-11-16,2022-03-04
AUDUSD,1,26,breakout,adxrise_range,MonThu,10,1.5,5.0,3.3333333333333335,1,24,218,0.38990825688073394,1.456437903706541,0.27059285769297275,58.98924297706806,11.0,23.449719607819077,86,1.3666622461049245,0.21978060304356503,59,1.4122854408512482,0.24457610897955395,73,1.6010461486511502,0.3514811052812026,1.3666622461049245,0.21978060304356503,True,2012-11-16,2022-03-04
AUDUSD,1,27,breakout,adxrise_range,TueThu,10,2.0,5.0,2.5,1,24,168,0.44642857142857145,1.438121911490698,0.22627591101124842,38.014353049889735,7.0,18.071343550979837,61,1.3620541246507691,0.1849554812905953,48,1.4500523378509147,0.22834634842896273,59,1.5046760881115337,0.26731260960293574,1.3620541246507691,0.1849554812905953,True,2012-11-16,2022-03-04
AUDUSD,1,28,breakout,adxrise_range,TueThu,28,1.75,5.0,2.857142857142857,1,24,168,0.42857142857142855,1.406454615832835,0.21995413772026842,36.952295137005095,7.0,18.071343550979837,61,1.4419257070583942,0.22864476970610653,48,1.3611116138937447,0.1962833865226302,59,1.408364977418419,0.23022646833637883,1.3611116138937447,0.1962833865226302,True,2012-11-16,2022-03-04
AUDUSD,1,29,breakout,adxrise_range,MonThu,10,2.25,4.5,2.0,1,24,218,0.47706422018348627,1.4141132833499295,0.2003172366180169,43.669157582727685,8.3063143089792,23.449719607819077,86,1.4271272520660907,0.2052432486173623,59,1.3589950465113658,0.1753982622215016,73,1.4438872463382104,0.2146539826104923,1.3589950465113658,0.1753982622215016,True,2012-11-16,2022-03-04
AUDUSD,1,30,breakout,adxrise_range,TueThu,7,2.25,4.5,2.0,1,24,168,0.48214285714285715,1.4015109327258233,0.18179555712955045,30.541653597764476,7.0,18.071343550979837,61,1.3581010052012403,0.16010000290523607,48,1.4421157049694135,0.20551758534675582,59,1.412003509828028,0.1849272766762847,1.3581010052012403,0.16010000290523607,True,2012-11-16,2022-03-04
AUDUSD,2,1,breakout,adx_di,TueFri,20,1.75,0.5,0.2857142857142857,2,10,412,0.8495145631067961,1.701089582503073,0.09980222973015303,41.11851864882305,4.285714285714292,44.31781870835532,137,1.5947150617928394,0.08880906208733752,135,1.864192458282352,0.11380881506581975,140,1.6656449983159305,0.09705347934980106,1.5947150617928394,0.08880906208733752,True,2012-11-16,2022-03-04
AUDUSD,2,2,breakout,adx_di,TueFri,20,1.75,0.5,0.2857142857142857,2,12,412,0.8495145631067961,1.7053210276203106,0.10038838518198548,41.36001469497802,4.285714285714292,44.31781870835532,137,1.5864889014799048,0.08866087001715356,135,1.8493324941083291,0.1127506140076187,140,1.699332384271758,0.09994387579713904,1.5864889014799048,0.08866087001715356,True,2012-11-16,2022-03-04
AUDUSD,2,3,breakout,adx_di,TueFri,20,1.75,0.5,0.2857142857142857,1,16,355,0.8507042253521127,1.674899924120502,0.09794021701081042,34.7687770388377,4.285714285714292,38.18647000355858,122,1.6030477304480608,0.09074330303667374,109,1.8968183002820347,0.11649627585654594,124,1.578947368421052,0.08870967741935483,1.578947368421052,0.08870967741935483,True,2012-11-16,2022-03-04
AUDUSD,2,4,breakout,adx_di,TueFri,28,2.75,0.5,0.18181818181818182,2,12,412,0.8932038834951457,1.7144983029323322,0.06767870735006268,27.88362742822582,2.5454545454545485,44.31781870835532,137,1.9498821516478055,0.07952125366360886,135,1.6603543691904987,0.06481345585357698,140,1.5759378738795118,0.05885285097198941,1.5759378738795118,0.05885285097198941,True,2012-11-16,2022-03-04
AUDUSD,2,5,breakout,adx_di,TueFri,20,2.0,0.5,0.25,2,16,412,0.8640776699029126,1.6609719189931258,0.08596338521801351,35.41691470982157,4.5,44.31781870835532,137,1.5752129784886069,0.0779641051095146,135,1.8421188394377845,0.09989505414680051,140,1.5921052631578947,0.08035714285714286,1.5752129784886069,0.0779641051095146,True,2012-11-16,2022-03-04
AUDUSD,2,6,breakout,adx_di,TueFri,20,2.75,0.5,0.18181818181818182,2,12,412,0.8883495145631068,1.659020115461072,0.06416056783938186,26.434153949825323,2.5454545454545485,44.31781870835532,137,1.7826188560170675,0.07108343157345205,135,1.638289493735059,0.06296683118085467,140,1.5710841233583792,0.05853715439176439,1.5710841233583792,0.05853715439176439,True,2012-11-16,2022-03-04
AUDUSD,2,7,breakout,adx_di,TueFri,20,2.0,0.5,0.25,2,12,412,0.8616504854368932,1.6608968158695039,0.08571605062647035,35.31501285810578,4.5,44.31781870835532,137,1.5707415089653416,0.07757826126500937,135,1.8663404507282984,0.10143456503444412,140,1.5783762275958113,0.07852231989392526,1.5707415089653416,0.07757826126500937,True,2012-11-16,2022-03-04
AUDUSD,2,8,breakout,adx_di,TueFri,28,2.75,0.5,0.18181818181818182,2,24,412,0.8956310679611651,1.6398687685574502,0.06354015633072818,26.17854440826001,2.5454545454545485,44.31781870835532,137,1.697912489182515,0.06709768278106859,135,1.6590113249089442,0.06473399941329745,140,1.5695412702692295,0.05890765676041751,1.5695412702692295,0.05890765676041751,True,2012-11-16,2022-03-04
AUDUSD,2,9,breakout,adx_di,TueFri,20,1.75,0.5,0.2857142857142857,1,12,355,0.847887323943662,1.6982627360966345,0.09960567519712119,35.36001469497802,4.285714285714292,38.18647000355858,122,1.6616357062448937,0.09604891609654594,109,1.9291811996531274,0.11867540004875446,124,1.563263291969916,0.08634216391842887,1.563263291969916,0.08634216391842887,True,2012-11-16,2022-03-04
AUDUSD,2,10,breakout,adx_di,TueFri,20,2.75,0.5,0.18181818181818182,2,24,412,0.8932038834951457,1.5936849137983737,0.06049806229642857,24.92520166612857,2.5454545454545485,44.31781870835532,137,1.5660122092064017,0.05852039241039675,135,1.65814266487214,0.0646825396825397,140,1.561850031583651,0.0583983217768668,1.561850031583651,0.0583983217768668,True,2012-11-16,2022-03-04
AUDUSD,2,11,breakout,adx_di,TueFri,20,2.0,0.5,0.25,2,10,412,0.8592233009708737,1.6319912205110143,0.082993069203958,34.1931445120307,4.5,44.31781870835532,137,1.578555192852599,0.07770792932642036,135,1.7898783178541438,0.09561560721452199,140,1.5495108396512847,0.07599322300250454,1.5495108396512847,0.07599322300250454,True,2012-11-16,2022-03-04
AUDUSD,2,12,breakout,adx_di,TueFri,28,2.75,0.5,0.18181818181818182,2,16,412,0.8956310679611651,1.7065965314237859,0.06742284950340889,27.77821399540446,2.5454545454545485,44.31781870835532,137,2.0133877851683133,0.08216182748969304,135,1.6250994673866905,0.06268420081123918,140,1.5494885737100275,0.05756911799856587,1.5494885737100275,0.05756911799856587,True,2012-11-16,2022-03-04
AUDUSD,2,13,breakout,adx_di,TueFri,20,1.75,0.5,0.2857142857142857,1,24,355,0.8535211267605634,1.6648351648351642,0.09738430583501001,34.571428571428555,4.285714285714292,38.18647000355858,122,1.548872180451127,0.08548009367681493,109,1.9387755102040807,0.1205766710353866,124,1.578947368421052,0.08870967741935483,1.548872180451127,0.08548009367681493,True,2012-11-16,2022-03-04
AUDUSD,2,14,breakout,adx_di,TueFri,20,2.75,0.5,0.18181818181818182,2,16,412,0.8907766990291263,1.6441996547327449,0.06345591251444807,26.143835955952603,2.5454545454545485,44.31781870835532,137,1.8363754699983827,0.07374224890253495,135,1.58821185200199,0.059856335675787596,140,1.5390863406561712,0.05686101814338561,1.5390863406561712,0.05686101814338561,True,2012-11-16,2022-03-04
AUDUSD,2,15,breakout,adx_di,TueFri,20,1.75,0.5,0.2857142857142857,2,16,412,0.8519417475728155,1.6849945397850121,0.09895334232727594,40.76877703883769,4.285714285714292,44.31781870835532,137,1.538407830980408,0.0839361634966834,135,1.8251427995136191,0.11099117299316885,140,1.714285714285714,0.10204081632653057,1.538407830980408,0.0839361634966834,True,2012-11-16,2022-03-04
AUDUSD,2,16,breakout,adx_di,TueFri,28,1.75,0.5,0.2857142857142857,2,10,412,0.8446601941747572,1.623705952538296,0.09248929291829155,38.10558868233612,4.285714285714292,44.31781870835532,137,1.595235663018812,0.08887001595694181,135,1.7626246618001074,0.10530452431073617,140,1.5324675324675319,0.08367346938775506,1.5324675324675319,0.08367346938775506,True,2012-11-16,2022-03-04
AUDUSD,2,17,breakout,adx_di,TueFri,28,1.75,0.5,0.2857142857142857,2,12,412,0.8470873786407767,1.6232384006243978,0.09292489152726409,38.2850553092328,4.285714285714292,44.31781870835532,137,1.5853091814328941,0.08854837399266019,135,1.7720406638118165,0.10696031376261227,140,1.5324675324675319,0.08367346938775506,1.5324675324675319,0.08367346938775506,True,2012-11-16,2022-03-04
AUDUSD,2,18,breakout,adx_di,TueFri,28,1.75,0.5,0.2857142857142857,2,16,412,0.8470873786407767,1.602282440204413,0.09097483879826884,37.481633584886765,4.285714285714292,44.31781870835532,137,1.5362562851017958,0.08371782783057063,135,1.7587221006976732,0.10591115153935467,140,1.5324675324675319,0.08367346938775506,1.5324675324675319,0.08367346938775506,True,2012-11-16,2022-03-04
AUDUSD,2,19,breakout,adx_di,TueFri,20,1.75,0.5,0.2857142857142857,1,10,355,0.847887323943662,1.6933642599695846,0.09892540464457199,35.118518648823056,4.285714285714292,38.18647000355858,122,1.6723615714904978,0.09621532850322798,109,1.9491829394481703,0.11998601603826954,124,1.5306769340521174,0.08307881309078925,1.5306769340521174,0.08307881309078925,True,2012-11-16,2022-03-04
AUDUSD,2,20,breakout,adx_di,TueFri,20,3.0,0.5,0.16666666666666666,2,8,412,0.8640776699029126,1.548121375639425,0.05074258701863286,20.905945851676737,2.4999999999999982,44.31781870835532,137,1.5583332665046312,0.050197967639584534,135,1.5604220931684614,0.05281514784773247,140,1.5265753090546166,0.04927699518292694,1.5265753090546166,0.04927699518292694,True,2012-11-16,2022-03-04
AUDUSD,2,21,breakout,adx_di,TueFri,7,3.0,0.5,0.16666666666666666,1,12,355,0.8873239436619719,1.6542898284476413,0.058332808704957946,20.70814709026007,2.4232848669746865,38.18647000355858,122,1.6304635541736439,0.05607231792223608,109,1.8883560210054688,0.07049389385056984,124,1.5089357648721795,0.04986685382286418,1.5089357648721795,0.04986685382286418,True,2012-11-16,2022-03-04
AUDUSD,2,22,breakout,adx_di,TueFri,28,2.75,0.5,0.18181818181818182,2,10,412,0.8883495145631068,1.686965965318266,0.0656302470613223,27.039661789264784,2.5454545454545485,44.31781870835532,137,2.0380576426952133,0.08260488551306022,135,1.6006256759816948,0.06014016537120646,140,1.508906548799274,0.054313358206161844,1.508906548799274,0.054313358206161844,True,2012-11-16,2022-03-04
AUDUSD,2,23,breakout,adx_di,TueFri,28,3.0,0.5,0.16666666666666666,2,12,412,0.8932038834951457,1.6392985670707838,0.058055721136962904,23.918957108428717,2.8333333333333446,44.31781870835532,137,1.9409273292590175,0.07254042597660663,135,1.5340532753874925,0.052004927125038146,140,1.507809997238559,0.049716097055381867,1.507809997238559,0.049716097055381867,True,2012-11-16,2022-03-04
AUDUSD,2,24,breakout,adx_di,TueFri,28,2.25,0.5,0.2222222222222222,2,16,412,0.883495145631068,1.7512624100276573,0.08422326768443694,34.69998628598802,4.666666666666671,44.31781870835532,137,1.8503486682570618,0.09019776023455145,135,1.9688568854611141,0.09801320016846926,140,1.5061728395061733,0.0650793650793651,1.5061728395061733,0.0650793650793651,True,2012-11-16,2022-03-04
AUDUSD,2,25,breakout,adx_di,TueFri,28,2.25,0.5,0.2222222222222222,2,24,412,0.883495145631068,1.6851851851851858,0.07982740021574976,32.8888888888889,4.666666666666671,44.31781870835532,137,1.680555555555556,0.07948094079480941,135,1.9206349206349211,0.09547325102880656,140,1.5061728395061733,0.0650793650793651,1.5061728395061733,0.0650793650793651,True,2012-11-16,2022-03-04
AUDUSD,2,26,breakout,adx_di,TueFri,20,3.0,0.5,0.16666666666666666,2,12,412,0.8883495145631068,1.584218002755916,0.05459999594378295,22.495198328838576,2.8333333333333437,44.31781870835532,137,1.760783491445526,0.0641273266673568,135,1.5142504625510196,0.05031218784170936,140,1.503133341466758,0.04941149440557095,1.503133341466758,0.04941149440557095,True,2012-11-16,2022-03-04
AUDUSD,2,27,breakout,adx_di,TueFri,28,3.0,0.5,0.16666666666666666,2,8,412,0.8616504854368932,1.5684517693109359,0.05179525482278612,21.33964498698788,2.5312264860797695,44.31781870835532,137,1.7083375100168894,0.05859599990573575,135,1.5145414043200962,0.04953955293106932,140,1.501481043083359,0.047315381101483735,1.501481043083359,0.047315381101483735,True,2012-11-16,2022-03-04
AUDUSD,2,28,breakout,adx_di,TueFri,20,2.75,0.5,0.18181818181818182,2,10,412,0.8859223300970874,1.6288500738128477,0.062048544864042876,25.564000483985666,2.5454545454545485,44.31781870835532,137,1.8209844655608123,0.07251112967891842,135,1.598424568238561,0.060002282639306896,140,1.5014500784938778,0.05378333972619577,1.5014500784938778,0.05378333972619577,True,2012-11-16,2022-03-04
AUDUSD,2,29,breakout,adx_di,TueFri,28,2.0,0.5,0.25,2,16,412,0.8713592233009708,1.748234195817525,0.0932341858537294,38.41248457173651,4.5,44.31781870835532,137,1.7923554463584925,0.09599802770912585,135,2.035382378353318,0.11304262796730571,140,1.5,0.07142857142857142,1.5,0.07142857142857142,True,2012-11-16,2022-03-04
AUDUSD,2,30,breakout,adx_di,TueFri,28,2.0,0.5,0.25,2,24,412,0.8713592233009708,1.6933962264150944,0.0891990291262136,36.75,4.5,44.31781870835532,137,1.6527777777777777,0.08576642335766424,135,2.0,0.1111111111111111,140,1.5,0.07142857142857142,1.5,0.07142857142857142,True,2012-11-16,2022-03-04
USDCHF,1,1,next_open,adxdi_atr,TueFri,14,1.75,5.0,2.857142857142857,0,10,101,0.43564356435643564,1.7505214542836267,0.4071628457433013,41.12344742007343,8.0,10.86165396930551,49,1.6785120149554025,0.3998099628130475,30,1.740654465781048,0.3778840552660293,22,1.9606346232051408,0.4634653447387832,1.6785120149554025,0.3778840552660293,True,2012-11-15,2022-03-04
USDCHF,1,2,next_open,adxdi_atr,TueFri,14,2.25,5.0,2.2222222222222223,0,10,101,0.49504950495049505,1.7250053090255508,0.3377808282986582,34.11586365816448,5.5849693022239855,10.86165396930551,49,1.6751449635572921,0.3448585654210972,30,1.7926548349494664,0.33158367291949614,22,1.7671013274970955,0.3304674438611741,1.6751449635572921,0.3304674438611741,True,2012-11-15,2022-03-04
USDCHF,1,3,next_open,adxdi_atr,TueFri,14,2.25,4.5,2.0,0,10,101,0.504950495049505,1.758032942350809,0.34566316494946847,34.91197965989632,5.5849693022239855,10.86165396930551,49,1.823138710867926,0.40365382068347444,30,1.7042647834996125,0.2946083128800228,22,1.6641649155152154,0.28612241181842674,1.6641649155152154,0.28612241181842674,True,2012-11-15,2022-03-04
USDCHF,1,4,next_open,adxdi_atr,TueFri,14,1.75,4.0,2.2857142857142856,0,10,101,0.45544554455445546,1.6643961750814071,0.35184763793245627,35.53661143117808,8.0,10.86165396930551,49,1.659357734418392,0.37506711423346195,30,1.6620467913415284,0.33102339567076444,22,1.680947544001436,0.3285282256188873,1.659357734418392,0.3285282256188873,True,2012-11-15,2022-03-04
USDCHF,1,5,next_open,adxdi_atr,TueFri,14,1.75,4.5,2.5714285714285716,0,10,101,0.44554455445544555,1.7359540502507735,0.3919732590806752,39.5892991671482,8.0,10.86165396930551,49,1.7439834779417327,0.42320537326390784,30,1.647476342416362,0.33034430664384945,22,1.842458316735105,0.40645030354096523,1.647476342416362,0.33034430664384945,True,2012-11-15,2022-03-04
USDCHF,1,6,next_open,adxdi_atr,TueFri,14,2.75,5.0,1.8181818181818181,0,10,101,0.5247524752475248,1.6789560701929542,0.2807182399780399,28.352542237782032,5.47861124727417,10.86165396930551,49,1.70547508547653,0.3172810670387727,30,1.6441212666378768,0.24583279102014458,22,1.6565238195109586,0.24685391919444707,1.6441212666378768,0.24583279102014458,True,2012-11-15,2022-03-04
USDCHF,1,7,next_open,adxdi_atr,TueFri,14,2.25,5.0,2.2222222222222223,0,8,101,0.5445544554455446,1.7626686243434782,0.32920155215030766,33.24935676718108,5.230316385417623,10.86165396930551,49,1.8853311410225653,0.4075432718021059,30,1.6577734446497219,0.25868758942042497,22,1.5972001147231887,0.25086858028477904,1.5972001147231887,0.25086858028477904,True,2012-11-15,2022-03-04
USDCHF,1,8,next_open,adxdi_atr,TueFri,14,1.75,5.0,2.857142857142857,0,8,101,0.4752475247524752,1.7221233392741624,0.3732534153205539,37.698594947375945,8.0,10.86165396930551,49,1.7846143344663374,0.42777476863104624,30,1.5826106919535898,0.29130534597679497,22,1.7624698453311884,0.3635668593250378,1.5826106919535898,0.29130534597679497,True,2012-11-15,2022-03-04
USDCHF,1,9,next_open,adxdi_atr,TueFri,14,2.0,5.0,2.5,0,10,101,0.44554455445544555,1.610895408336108,0.3200820239835736,32.328284422340936,5.679245283018868,10.86165396930551,49,1.5749413180722955,0.32576748719572524,30,1.5947313987851566,0.28979898878429394,22,1.728052098421702,0.34871399482825355,1.5749413180722955,0.28979898878429394,True,2012-11-15,2022-03-04
USDCHF,1,10,next_open,adxdi_atr,TueFri,14,1.75,3.75,2.142857142857143,0,10,101,0.46534653465346537,1.6389498400498266,0.3320456577344365,33.53661143117809,8.0,10.86165396930551,49,1.694525801322326,0.3808980180235494,30,1.5668086961034333,0.2834043480517168,22,1.6001921576346017,0.28956718665784825,1.5668086961034333,0.2834043480517168,True,2012-11-15,2022-03-04
USDCHF,1,11,next_open,adxdi_atr,TueFri,14,2.5,5.0,2.0,0,10,101,0.49504950495049505,1.6142220277494284,0.2752256290428533,27.797788533328184,5.526472372001585,10.86165396930551,49,1.5630720638701405,0.27741112275755003,30,1.6204862867785002,0.25842530562754645,22,1.7483728923735202,0.29326747042644713,1.5630720638701405,0.25842530562754645,True,2012-11-15,2022-03-04
USDCHF,1,12,next_open,adxdi_atr,TueFri,14,2.75,4.5,1.6363636363636365,0,10,101,0.5346534653465347,1.7158704079385232,0.2888928565692981,29.178178513499105,5.47861124727417,10.86165396930551,49,1.859339773836617,0.3689427787048385,30,1.564854697313679,0.21558022371512106,22,1.5600287200564775,0.2105716202503811,1.5600287200564775,0.2105716202503811,True,2012-11-15,2022-03-04
USDCHF,1,13,next_open,adxdi_atr,TueFri,14,2.25,4.5,2.0,0,8,101,0.5445544554455446,1.6952297516959334,0.30009194826441343,30.309286774705754,5.230316385417623,10.86165396930551,49,1.8110865779223935,0.3733663737383893,30,1.5824332105517418,0.2290579597907953,22,1.5564591771696359,0.23375434853640104,1.5564591771696359,0.2290579597907953,True,2012-11-15,2022-03-04
USDCHF,1,14,next_open,adxdi_atr,TueFri,14,3.0,5.0,1.6666666666666667,0,10,101,0.5445544554455446,1.6759057358139773,0.2606725779799304,26.32793037597297,5.438726976667986,10.86165396930551,49,1.7936975288544381,0.3202484034475421,30,1.5548128292644565,0.20525126344295733,22,1.5540503522157532,0.20355548653430375,1.5540503522157532,0.20355548653430375,True,2012-11-15,2022-03-04
USDCHF,1,15,next_open,adxdi_atr,TueFri,14,1.75,4.0,2.2857142857142856,0,8,101,0.4752475247524752,1.579081598993143,0.29931754427260865,30.231071971533474,8.0,10.86165396930551,49,1.5477507690121153,0.2986358369822621,30,1.5483178059959792,0.27415890299798984,22,1.702859802175804,0.3351431304301337,1.5477507690121153,0.27415890299798984,True,2012-11-15,2022-03-04
USDCHF,1,16,next_open,adxdi_atr,TueFri,14,2.25,4.0,1.7777777777777777,0,8,101,0.5445544554455446,1.6284821761372819,0.2712807388153645,27.39935462035182,5.0,10.86165396930551,49,1.6652773083276349,0.3062461923324936,30,1.6238632476654873,0.24535146710357644,22,1.5445729233319399,0.22876123558874253,1.5445729233319399,0.22876123558874253,True,2012-11-15,2022-03-04
USDCHF,1,17,next_open,adxdi_atr,TueFri,14,2.5,4.5,1.8,0,10,101,0.504950495049505,1.6465497831373745,0.2833098310384837,28.61429293488685,5.526472372001585,10.86165396930551,49,1.7037720009226465,0.3323676688202203,30,1.5405853133899605,0.22514748159202053,22,1.6465274409854997,0.2533569415879745,1.5405853133899605,0.22514748159202053,True,2012-11-15,2022-03-04
USDCHF,1,18,next_open,adxdi_atr,TueFri,14,2.25,4.0,1.7777777777777777,0,10,101,0.5148514851485149,1.6817030987026085,0.30924989585219914,31.234239481072116,5.0,10.86165396930551,49,1.7190440834632856,0.3526075103718125,30,1.7306241917650607,0.29983705820604156,22,1.5234824053045912,0.22551635121236613,1.5234824053045912,0.22551635121236613,True,2012-11-15,2022-03-04
USDCHF,1,19,breakout,adxdi_range,TueThu,28,1.75,4.0,2.2857142857142856,1,10,108,0.49074074074074076,1.5754176518603487,0.28635084331268945,30.925891077770462,6.118447860316085,11.614441868168267,42,1.608428923728006,0.3088349764996116,37,1.579013838152382,0.2816824077498074,29,1.522146587372959,0.2597438957946174,1.522146587372959,0.2597438957946174,True,2012-11-15,2022-03-04
USDCHF,1,20,next_open,adxdi_atr,TueFri,14,2.5,5.0,2.0,0,8,101,0.5445544554455446,1.679333878460375,0.2770035925336513,27.977362845898785,5.207284746875864,10.86165396930551,49,1.8266290328483443,0.353474782563504,30,1.5385979714521103,0.20540286803706784,22,1.5113976533729498,0.2043187481443205,1.5113976533729498,0.2043187481443205,True,2012-11-15,2022-03-04
USDCHF,1,21,next_open,adxdi_atr,TueFri,14,2.0,4.5,2.25,0,10,101,0.45544554455445546,1.6171119728365395,0.31722920776287344,32.04014998405022,5.65809046500198,10.86165396930551,49,1.6732926763184657,0.367753681197756,30,1.5093646117916988,0.2482017087398865,22,1.623894591478653,0.2988258337801628,1.5093646117916988,0.2482017087398865,True,2012-11-15,2022-03-04
USDCHF,1,22,next_open,adxdi_atr,TueFri,14,2.5,4.0,1.6,0,10,101,0.5148514851485149,1.57454148669091,0.25053788885094125,25.304326773945068,5.0,10.86165396930551,49,1.6064927809920526,0.28642598953972453,30,1.5615131841707304,0.22985335238543744,22,1.507335939368725,0.19881148704252,1.507335939368725,0.19881148704252,True,2012-11-15,2022-03-04
USDCHF,1,23,next_open,adxdi_atr,TueFri,14,1.75,4.5,2.5714285714285716,0,8,101,0.4752475247524752,1.6398018459358081,0.33070281922195166,33.40098474141712,8.0,10.86165396930551,49,1.6846455585384839,0.37327140549538174,30,1.5064202157631137,0.2532101078815569,22,1.716323186511734,0.34156284707712314,1.5064202157631137,0.2532101078815569,True,2012-11-15,2022-03-04
USDCHF,1,24,next_open,adxdi_atr,TueFri,14,2.0,5.0,2.5,0,8,101,0.48514851485148514,1.6057798019010603,0.2996071283730226,30.260319965675286,5.452830188679245,10.86165396930551,49,1.6882961634610734,0.35995944931381363,30,1.494573704738176,0.22912149690971484,22,1.5512222865479188,0.26130282009122624,1.494573704738176,0.22912149690971484,True,2012-11-15,2022-03-04
USDCHF,1,25,next_open,adxdi_atr,TueFri,14,1.75,3.75,2.142857142857143,0,8,101,0.48514851485148514,1.5649407333130332,0.2880090946380604,29.088918558444103,8.0,10.86165396930551,49,1.5793242757873096,0.30739655449938863,30,1.4911749488531223,0.2455874744265612,22,1.634769122775697,0.30267559796260124,1.4911749488531223,0.2455874744265612,True,2012-11-15,2022-03-04
USDCHF,1,26,next_open,adxdi_atr,TueFri,14,0.5,5.0,10.0,0,10,101,0.15841584158415842,1.598183355954768,0.5034216361995573,50.84558525615529,21.0,10.86165396930551,49,1.4878020739923203,0.4181160634219888,30,1.5384615384615385,0.4666666666666667,22,1.9622293028516375,0.743540824930811,1.4878020739923203,0.4181160634219888,True,2012-11-15,2022-03-04
USDCHF,1,27,next_open,adxdi_atr,TueFri,14,2.25,3.75,1.6666666666666667,0,8,101,0.5544554455445545,1.61079947309283,0.26028505796649154,26.288790854615645,5.0,10.86165396930551,49,1.6871691763990102,0.30852493634241296,30,1.5673580720920026,0.22312924488135427,22,1.4844585361068074,0.20350871033621737,1.4844585361068074,0.20350871033621737,True,2012-11-15,2022-03-04
USDCHF,1,28,next_open,adxdi_atr,TueFri,14,2.0,4.0,2.0,0,10,101,0.46534653465346537,1.5468175902991073,0.27964404173342944,28.244048215076376,5.0,10.86165396930551,49,1.5868355898488307,0.3205306637297894,30,1.5201131822098364,0.2487959116384372,22,1.481543218899161,0.2306440155983446,1.481543218899161,0.2306440155983446,True,2012-11-15,2022-03-04
USDCHF,1,29,next_open,adxdi_atr,TueFri,14,2.25,4.0,1.7777777777777777,0,12,101,0.48514851485148514,1.558562364394182,0.2738173763343716,27.655555009771533,5.0,10.86165396930551,49,1.6196380857211132,0.3192488578188761,30,1.4758541714866862,0.22019482665280213,22,1.520645589980043,0.24575073532102437,1.4758541714866862,0.22019482665280213,True,2012-11-15,2022-03-04
USDCHF,1,30,next_open,adxdi_atr,TueFri,14,1.75,3.375,1.9285714285714286,0,10,101,0.46534653465346537,1.515801171463702,0.26804848910440576,27.07289739954498,8.0,10.86165396930551,49,1.527071578050028,0.28906128332967185,30,1.525599904894642,0.2627999524473213,22,1.4734186488824281,0.22840436104415573,1.4734186488824281,0.22840436104415573,True,2012-11-15,2022-03-04
USDCHF,2,1,breakout,adx_di,TueThu,28,3.0,0.5,0.16666666666666666,1,6,253,0.8735177865612648,1.5898318166461192,0.05401290223757175,13.665264266105652,2.757092756449399,27.207905487468256,97,2.043648320848984,0.07721607168844413,92,1.3660182019688603,0.0373764323163891,64,1.414857461902218,0.04276052405029333,1.3660182019688603,0.0373764323163891,True,2012-11-15,2022-03-04
USDCHF,2,2,breakout,adx_di,TueThu,28,3.0,0.75,0.25,1,8,253,0.8221343873517787,1.5077206803111818,0.06843009863145164,17.312814953757265,3.084757946519371,27.207905487468256,97,1.7620129439576913,0.08830870447991183,92,1.4140432751439085,0.05841762244241922,64,1.3414256707497394,0.05269452116411327,1.3414256707497394,0.05269452116411327,True,2012-11-15,2022-03-04
USDCHF,2,3,breakout,adx_di,TueThu,28,2.25,0.75,0.3333333333333333,1,6,253,0.766798418972332,1.3793697814214843,0.0700453106566638,17.721463596135944,5.02209637292615,27.207905487468256,97,1.4546680419262776,0.08055616928063686,92,1.3359454467542426,0.06286661022919049,64,1.3349791287157364,0.06443417241919754,1.3349791287157364,0.06286661022919049,True,2012-11-15,2022-03-04
USDCHF,2,4,breakout,adx_di,TueThu,28,2.5,0.75,0.3,1,8,253,0.8063241106719368,1.384565803651477,0.06666672824804558,16.86668224675553,3.932817324415181,27.207905487468256,97,1.480172009588768,0.07825800567722105,92,1.3220928310025835,0.05753144188444769,64,1.3428322119393312,0.062230672542123514,1.3220928310025835,0.05753144188444769,True,2012-11-15,2022-03-04
USDCHF,2,5,breakout,adx_di,TueThu,28,3.0,0.5,0.16666666666666666,1,4,253,0.83399209486166,1.4741797105884489,0.04464961425981394,11.296352407732927,2.451537339279385,27.207905487468256,97,1.7442922068378475,0.06378528483519134,92,1.3209287182789022,0.03112476744964115,64,1.3408965647770585,0.035089080833630965,1.3209287182789022,0.03112476744964115,True,2012-11-15,2022-03-04
USDCHF,2,6,breakout,adx_di,TueThu,28,3.0,5.0,1.6666666666666667,2,8,291,0.5463917525773195,1.3398058486224584,0.10779819656279394,31.369275199773035,6.837148519980932,31.294468367008943,113,1.3264553213580244,0.11521528043915077,103,1.3747103853828362,0.10941066501430018,75,1.316669942990693,0.09440866684901444,1.316669942990693,0.09440866684901444,True,2012-11-15,2022-03-04
USDCHF,2,7,breakout,adx_di,TueThu,28,2.5,0.5,0.2,1,6,253,0.8656126482213439,1.4916956633493264,0.05706498929079332,14.437442290570711,3.3606879506671294,27.207905487468256,97,1.8764769871338007,0.08378664276109365,92,1.31142621935966,0.03975064727025184,64,1.3178511215364308,0.041454349904397704,1.31142621935966,0.03975064727025184,True,2012-11-15,2022-03-04
USDCHF,2,8,breakout,adxdi_range,TueThu,14,1.5,1.5,1.0,1,4,172,0.5697674418604651,1.3330618878168812,0.12977801816131598,22.32181912374635,8.0,18.497074086342057,78,1.3111046329768399,0.1304700194904799,55,1.3564960685301382,0.1277965336730953,39,1.3506201442879169,0.13118841670432507,1.3111046329768399,0.1277965336730953,True,2012-11-15,2022-03-04
USDCHF,2,9,breakout,adx_di,TueThu,28,3.0,0.5,0.16666666666666666,1,8,253,0.8853754940711462,1.574027042545817,0.0538141407005515,13.61497759723953,3.1313972102090517,27.207905487468256,97,1.9175093234484302,0.07234902608886057,92,1.4908168139585745,0.04771402557455712,64,1.309775777383413,0.03449112052751255,1.309775777383413,0.03449112052751255,True,2012-11-15,2022-03-04
USDCHF,2,10,breakout,adxdi_range,TueThu,10,2.25,3.375,1.5,1,4,172,0.5232558139534884,1.3178821293813145,0.12286052660856187,21.13201057667264,8.296206489837534,18.497074086342057,78,1.3097428770014181,0.13267900457009432,55,1.311397390982729,0.11033089312378963,39,1.3472149941021379,0.12089356662556039,1.3097428770014181,0.11033089312378963,True,2012-11-15,2022-03-04
USDCHF,2,11,breakout,adx_di,TueThu,28,2.25,0.75,0.3333333333333333,1,8,253,0.7944664031620553,1.3686550489737828,0.07077029615665818,17.90488492763452,4.89148899289305,27.207905487468256,97,1.4066282526344194,0.07549858591856178,92,1.374841311419326,0.07153828362536988,64,1.3076923076923075,0.06249999999999997,1.3076923076923075,0.06249999999999997,True,2012-11-15,2022-03-04
USDCHF,2,12,breakout,adx_di,TueThu,28,2.25,0.75,0.3333333333333333,1,24,253,0.7984189723320159,1.3431673704236464,0.06799632601386293,17.20307048150732,5.33333333333333,27.207905487468256,97,1.3416787247236777,0.0673856063385635,92,1.3703703703703702,0.07246376811594199,64,1.3076923076923075,0.06249999999999997,1.3076923076923075,0.06249999999999997,True,2012-11-15,2022-03-04
USDCHF,2,13,breakout,adx_di,TueThu,28,2.25,0.75,0.3333333333333333,1,12,253,0.7984189723320159,1.3331468062533878,0.06632356360976992,16.77986159327179,5.33333333333333,27.207905487468256,97,1.3156375277388226,0.06302262810933124,92,1.3703703703703702,0.07246376811594199,64,1.3076923076923075,0.06249999999999997,1.3076923076923075,0.06249999999999997,True,2012-11-15,2022-03-04
USDCHF,2,14,breakout,adx_di,TueThu,28,2.25,0.75,0.3333333333333333,1,16,253,0.7984189723320159,1.3305346392386515,0.06588155406270689,16.668033177864842,5.33333333333333,27.207905487468256,97,1.3089110127553227,0.061869757847403936,92,1.3703703703703702,0.07246376811594199,64,1.3076923076923075,0.06249999999999997,1.3076923076923075,0.061869757847403936,True,2012-11-15,2022-03-04
USDCHF,2,15,breakout,adxdi_range,TueThu,20,1.5,2.25,1.5,1,4,172,0.5290697674418605,1.32248304428785,0.1263195208071727,21.726957578833705,7.674479442612455,18.497074086342057,78,1.3073445225233493,0.13124824671992888,55,1.3126232053403648,0.1157107626586075,39,1.3739112369394162,0.13142313816553444,1.3073445225233493,0.1157107626586075,True,2012-11-15,2022-03-04
USDCHF,2,16,breakout,adxdi_range,TueThu,7,2.75,3.375,1.2272727272727273,1,4,172,0.5465116279069767,1.3159344093934084,0.10560875782749864,18.164706346329766,7.46064001887272,18.497074086342057,78,1.3071972708974284,0.11031388624864433,55,1.3193894949205895,0.10065022088419037,39,1.3311434920884102,0.10319130949500084,1.3071972708974284,0.10065022088419037,True,2012-11-15,2022-03-04
USDCHF,2,17,breakout,adxdi_range,TueThu,28,1.75,2.75,1.5714285714285714,1,4,172,0.5406976744186046,1.3635249044156583,0.1248363718454218,21.47185595741255,7.953743019226708,18.497074086342057,78,1.304051966775263,0.1133815580968321,55,1.3471222625698998,0.11340457603367583,39,1.5320868321964378,0.16386776266685843,1.304051966775263,0.1133815580968321,True,2012-11-15,2022-03-04
USDCHF,2,18,breakout,adxdi_range,TueThu,28,1.75,2.5,1.4285714285714286,1,4,172,0.5465116279069767,1.3405351169364963,0.11560370242450696,19.883836817015197,8.096600162083849,18.497074086342057,78,1.309926748646137,0.11288730169706393,55,1.3036467350447174,0.09920115465029265,39,1.4681216968968482,0.1441683020225159,1.3036467350447174,0.09920115465029265,True,2012-11-15,2022-03-04
USDCHF,2,19,breakout,adxdi_range,TueThu,28,3.0,2.75,0.9166666666666666,2,4,196,0.5561224489795918,1.3371080332549603,0.07080730369450225,13.878231524122441,5.034216153453368,21.078061168157227,90,1.3449379751955768,0.07847865666796378,61,1.3020128868124714,0.057570638912987054,45,1.3644419692378618,0.07340763222918868,1.3020128868124714,0.057570638912987054,True,2012-11-15,2022-03-04
USDCHF,2,20,breakout,adx_di,TueThu,20,2.75,0.5,0.18181818181818182,1,6,253,0.8656126482213439,1.4391221365448208,0.04802292198641439,12.14979926256284,3.0852698832289462,27.207905487468256,97,1.7071496272766864,0.0675498763033419,92,1.3015192680090066,0.035253697735205786,64,1.3078941075183517,0.036783141710933526,1.3015192680090066,0.035253697735205786,True,2012-11-15,2022-03-04
USDCHF,2,21,breakout,adx_di,TueThu,28,3.0,4.5,1.5,2,8,291,0.5498281786941581,1.3509124408456994,0.11075017108005454,32.22829978429587,7.34669163458081,31.294468367008943,113,1.358508699609438,0.1250244290205468,103,1.3799611333908388,0.1109438166262875,75,1.2984530828165473,0.08897768256621962,1.2984530828165473,0.08897768256621962,True,2012-11-15,2022-03-04
USDCHF,2,22,breakout,adx_di,TueThu,28,2.25,0.75,0.3333333333333333,1,10,253,0.7944664031620553,1.3262288451733215,0.06514156240224848,16.480815287768866,5.33333333333333,27.207905487468256,97,1.2978684154496953,0.059939676506208295,92,1.3703703703703702,0.07246376811594199,64,1.3076923076923075,0.06249999999999997,1.2978684154496953,0.059939676506208295,True,2012-11-15,2022-03-04
USDCHF,2,23,breakout,adxdi_range,TueThu,28,3.0,3.0,1.0,2,4,196,0.5510204081632653,1.3266131139013413,0.06874763957555188,13.47453735680817,5.7043981220224325,21.078061168157227,90,1.2936951802375112,0.06710354971678914,61,1.3014048312461053,0.05745472946349383,45,1.433630855729227,0.08734398633386715,1.2936951802375112,0.05745472946349383,True,2012-11-15,2022-03-04
USDCHF,2,24,breakout,adx_di,TueThu,28,3.0,0.75,0.25,1,4,253,0.7391304347826086,1.4125299242972817,0.053012940553890935,13.412273960134407,2.7112790246923777,27.207905487468256,97,1.4997002240194175,0.06355965401067375,92,1.2925638259779575,0.03808088507988257,64,1.4565684101415262,0.058492907714841495,1.2925638259779575,0.03808088507988257,True,2012-11-15,2022-03-04
USDCHF,2,25,breakout,adx_di,TueThu,28,3.0,2.75,0.9166666666666666,2,8,291,0.5738831615120275,1.316352086284635,0.0945479382307026,27.513450025134453,7.570271433779607,31.294468367008943,113,1.2947536924780891,0.09427872791106537,103,1.2902181296778237,0.08474000136082578,75,1.3918423775214013,0.10842311508025357,1.2902181296778237,0.08474000136082578,True,2012-11-15,2022-03-04
USDCHF,2,26,breakout,adxdi_range,TueThu,14,1.75,3.0,1.7142857142857142,1,4,172,0.5058139534883721,1.3209026551502854,0.1328913692521346,22.85731551136715,9.564891226311566,18.497074086342057,78,1.3045969010920127,0.14021538820452675,55,1.2891578175661738,0.1081393244068241,39,1.404844212219539,0.15315006125740366,1.2891578175661738,0.1081393244068241,True,2012-11-15,2022-03-04
USDCHF,2,27,breakout,adx_di,TueThu,28,1.75,0.75,0.42857142857142855,1,24,253,0.766798418972332,1.4092009685230023,0.09542631281761717,24.142857142857142,4.857142857142886,27.207905487468256,97,1.4610389610389605,0.10456553755522827,92,1.4489795918367339,0.10248447204968944,64,1.2857142857142856,0.07142857142857142,1.2857142857142856,0.07142857142857142,True,2012-11-15,2022-03-04
USDCHF,2,28,breakout,adx_di,TueThu,28,1.75,0.75,0.42857142857142855,1,10,253,0.7628458498023716,1.394866599121918,0.09255027784081013,23.415220293724964,5.2990654205607495,27.207905487468256,97,1.4222248832475148,0.09706412673943264,92,1.4489795918367339,0.10248447204968944,64,1.2857142857142856,0.07142857142857142,1.2857142857142856,0.07142857142857142,True,2012-11-15,2022-03-04
USDCHF,2,29,breakout,adx_di,TueThu,28,1.75,0.75,0.42857142857142855,1,8,253,0.7628458498023716,1.394846099746002,0.09178873236163239,23.222549287492996,5.126511023707286,27.207905487468256,97,1.453838136545466,0.1020629532173892,92,1.4167149644751267,0.09511972015193124,64,1.2857142857142856,0.07142857142857142,1.2857142857142856,0.07142857142857142,True,2012-11-15,2022-03-04
USDCHF,2,30,breakout,adx_di,TueThu,28,1.75,0.75,0.42857142857142855,1,12,253,0.7628458498023716,1.3907907613955104,0.09186339539854371,23.241439035831558,5.472846678454156,27.207905487468256,97,1.4112268983124323,0.09527256737970678,92,1.4489795918367339,0.10248447204968944,64,1.2857142857142856,0.07142857142857142,1.2857142857142856,0.07142857142857142,True,2012-11-15,2022-03-04
USDJPY,1,1,breakout,adxdi_range,TueThu,14,1.5,4.0,2.6666666666666665,1,4,116,0.5258620689655172,1.7939034303608168,0.24281454169903596,28.166486837088172,3.6875382752661903,12.478138690162103,46,1.5374831057479972,0.1601045246747437,32,1.576052694604237,0.17803515259037367,38,2.2707699388636313,0.3974882583988948,1.5374831057479972,0.1601045246747437,True,2012-11-16,2022-03-04
USDJPY,1,2,breakout,adxdi_range,TueThu,14,1.5,4.5,3.0,1,4,116,0.5258620689655172,1.7845457245520646,0.23995249707192823,27.834489660343674,3.6875382752661903,12.478138690162103,46,1.6104630253729104,0.18184365510952627,32,1.5345795427609668,0.16521743819378854,38,2.193214900270668,0.3732295658711639,1.5345795427609668,0.16521743819378854,True,2012-11-16,2022-03-04
USDJPY,1,3,breakout,adxdi_range,TueThu,20,1.5,4.0,2.6666666666666665,1,4,116,0.5258620689655172,1.734013793530379,0.21853337788255836,25.34987183437677,3.7062455023158627,12.478138690162103,46,1.5220894442351516,0.149242679684564,32,1.5363131232031773,0.16522041256620712,38,2.144793645070405,0.34730672017811043,1.5220894442351516,0.149242679684564,True,2012-11-16,2022-03-04
USDJPY,1,4,breakout,adxdi_range,TueThu,20,2.5,3.75,1.5,1,4,116,0.5258620689655172,1.7019295184200003,0.1331156305992866,15.441413149517246,2.757082413173407,12.478138690162103,46,1.5144696517365412,0.0872056962390152,32,1.506889417989454,0.1076781921202659,38,2.0784413195113847,0.2101118151230008,1.506889417989454,0.0872056962390152,True,2012-11-16,2022-03-04
USDJPY,1,5,breakout,adxdi_range,TueThu,10,1.75,5.0,2.857142857142857,1,4,116,0.5258620689655172,1.7819679271255322,0.22402664165161812,25.987090431587703,3.831639354301508,12.478138690162103,46,1.5031965380217152,0.14526565804981084,32,1.541382597416447,0.14951650613168943,38,2.306281506268718,0.3821142622390091,1.5031965380217152,0.14526565804981084,True,2012-11-16,2022-03-04
USDJPY,1,6,breakout,adxdi_range,TueThu,14,1.5,3.75,2.5,1,4,116,0.5258620689655172,1.8457254918421206,0.2586642655159027,30.005054799844714,3.6875382752661903,12.478138690162103,46,1.5009931459355406,0.14923495945735238,32,1.7701026572999323,0.23800833740885557,38,2.3060569139358043,0.4085257859927138,1.5009931459355406,0.14923495945735238,True,2012-11-16,2022-03-04
USDJPY,1,7,breakout,adxdi_range,TueThu,20,1.5,3.75,2.5,1,4,116,0.5258620689655172,1.8068092716573438,0.24020632445369544,27.863933636628673,3.7062455023158627,12.478138690162103,46,1.4967397463452456,0.1419963028729698,32,1.7318065777601745,0.22544550835164773,38,2.2246131285484467,0.3715223009794562,1.4967397463452456,0.1419963028729698,True,2012-11-16,2022-03-04
USDJPY,1,8,breakout,adxdi_range,TueThu,20,1.5,4.5,3.0,1,4,116,0.5258620689655172,1.7036598243679946,0.20949627875490512,24.301568335568994,3.7062455023158627,12.478138690162103,46,1.5727888400149637,0.1637354333077524,32,1.4878265812649625,0.15028330564796816,38,2.0374950420122726,0.31475454270203695,1.4878265812649625,0.15028330564796816,True,2012-11-16,2022-03-04
USDJPY,1,9,breakout,adxdi_range,TueThu,14,1.5,5.0,3.3333333333333335,1,8,116,0.49137931034482757,1.660219794288873,0.2899404530177859,33.63309255006317,5.634879293414496,12.478138690162103,46,1.4878034439476746,0.22596864989679707,32,1.745949085150644,0.3011720509205895,38,1.8137716353834352,0.3579218164566222,1.4878034439476746,0.22596864989679707,True,2012-11-16,2022-03-04
USDJPY,1,10,breakout,adxdi_range,TueThu,14,2.5,3.75,1.5,1,4,116,0.5258620689655172,1.6681767581804603,0.13566714119623932,15.737388378763761,3.044980586515454,12.478138690162103,46,1.4806339591118711,0.08708342342695008,32,1.500182999036381,0.1094404675620918,38,2.0015624276970962,0.21656462997729262,1.4806339591118711,0.08708342342695008,True,2012-11-16,2022-03-04
USDJPY,1,11,breakout,adxdi_range,TueThu,10,1.5,5.0,3.3333333333333335,1,4,116,0.5172413793103449,1.813169927639438,0.26625702790818373,30.885815237349313,3.838628515302095,12.478138690162103,46,1.4799514331785684,0.16261991821917207,32,1.5239745912280176,0.17075545668177458,38,2.499130325005913,0.47213485224870044,1.4799514331785684,0.16261991821917207,True,2012-11-16,2022-03-04
USDJPY,1,12,breakout,adxdi_range,TueThu,28,1.5,4.0,2.6666666666666665,1,4,116,0.5258620689655172,1.741271023439686,0.2262125522592065,26.240656062067956,3.8472966899786343,12.478138690162103,46,1.4862121090107123,0.14591329919658658,32,1.4746016075980877,0.15094827132403246,38,2.287386449622679,0.38679735833305107,1.4746016075980877,0.14591329919658658,True,2012-11-16,2022-03-04
USDJPY,1,13,breakout,adxdi_range,TueThu,20,2.75,3.75,1.3636363636363635,1,4,116,0.5258620689655172,1.7068698010421637,0.12151320241635656,14.09553148029736,2.44995491236142,12.478138690162103,46,1.4716216276559275,0.07479120553295796,32,1.5177209927031734,0.09926749494448558,38,2.148730977821522,0.1968046365146778,1.4716216276559275,0.07479120553295796,True,2012-11-16,2022-03-04
USDJPY,1,14,breakout,adxdi_range,TueThu,14,1.5,3.375,2.25,1,4,116,0.5258620689655172,1.7812403256366443,0.2389415442380105,27.71721913160922,3.6875382752661903,12.478138690162103,46,1.4646603857345535,0.13841222058446248,32,1.6902245269665679,0.21332115990627562,38,2.221925336526888,0.3822099965190295,1.4646603857345535,0.13841222058446248,True,2012-11-16,2022-03-04
USDJPY,1,15,breakout,adxdi_range,TueThu,20,1.75,4.5,2.5714285714285716,1,4,116,0.5258620689655172,1.6691172572692798,0.1742870156367051,20.21729381385779,3.480109658160579,12.478138690162103,46,1.494467739906503,0.12750381310524855,32,1.4642591352004697,0.12456422148640126,38,2.0612876694824354,0.27279114009082955,1.4642591352004697,0.12456422148640126,True,2012-11-16,2022-03-04
USDJPY,1,16,breakout,adxdi_range,TueThu,14,1.75,4.5,2.5714285714285716,1,4,116,0.5258620689655172,1.6762612617542625,0.18873858994217999,21.893676433292878,3.768539567287455,12.478138690162103,46,1.458729806727712,0.12930784059719946,32,1.5263254726452915,0.14018237072809636,38,2.052789466424095,0.30157052375059523,1.458729806727712,0.12930784059719946,True,2012-11-16,2022-03-04
USDJPY,1,17,breakout,adxdi_range,TueThu,14,1.5,2.75,1.8333333333333333,1,4,116,0.5258620689655172,1.6884335687467866,0.21055669379021377,24.424576479664797,3.687538275266192,12.478138690162103,46,1.4543208304423283,0.13533229199190477,32,1.5210621942488896,0.1610397592635332,38,2.0975821364787532,0.3433162829369504,1.4543208304423283,0.13533229199190477,True,2012-11-16,2022-03-04
USDJPY,1,18,breakout,adxdi_range,TueThu,20,1.5,3.375,2.25,1,4,116,0.5258620689655172,1.7399541856976384,0.22030197402843527,25.555028987298492,3.7062455023158627,12.478138690162103,46,1.4542355543158938,0.12984620180057457,32,1.6557273655742257,0.20200800835164773,38,2.1378709297823684,0.345206511505772,1.4542355543158938,0.12984620180057457,True,2012-11-16,2022-03-04
USDJPY,1,19,breakout,adxdi_range,TueThu,10,2.5,4.0,1.6,1,4,116,0.5258620689655172,1.628334530592408,0.13596699753408512,15.772171713953874,3.643686009549519,12.478138690162103,46,1.4472494953299113,0.08581229332954272,32,1.5092829906823593,0.11623839528483135,38,1.903383311529914,0.21329414662316581,1.4472494953299113,0.08581229332954272,True,2012-11-16,2022-03-04
USDJPY,1,20,breakout,adxdi_range,TueThu,20,1.75,4.0,2.2857142857142856,1,4,116,0.5258620689655172,1.6988557843102343,0.18203310060326497,21.115839669978737,3.480109658160579,12.478138690162103,46,1.4462930520539623,0.1150814528568013,32,1.5119776414170676,0.13736745598774897,38,2.1698392403456377,0.3006930064988925,1.4462930520539623,0.1150814528568013,True,2012-11-16,2022-03-04
USDJPY,1,21,breakout,adxdi_range,TueThu,28,1.5,3.75,2.5,1,4,116,0.5258620689655172,1.7036057546198653,0.2147182993856433,24.907322728734623,3.8472966899786343,12.478138690162103,46,1.4620657414647036,0.1386669223849923,32,1.4418502106960265,0.14053160465736583,38,2.2289948223279668,0.36925349868392826,1.4418502106960265,0.1386669223849923,True,2012-11-16,2022-03-04
USDJPY,1,22,breakout,adxdi_range,TueThu,20,2.5,3.375,1.35,1,4,116,0.5258620689655172,1.6389551657662977,0.12117302034413044,14.056070359919131,2.757082413173407,12.478138690162103,46,1.4714619684988792,0.07991563559557806,32,1.4406909399121544,0.0936156921202659,38,1.9973986574201452,0.19432234143879032,1.4406909399121544,0.07991563559557806,True,2012-11-16,2022-03-04
USDJPY,1,23,breakout,adxdi_range,TueThu,10,1.75,4.5,2.5714285714285716,1,4,116,0.5258620689655172,1.730383989707456,0.20924831652846543,24.27280471730199,3.831639354301508,12.478138690162103,46,1.4386504289654325,0.12663211767714005,32,1.5090532358210065,0.140587934703118,38,2.254874550647032,0.36707666825404656,1.4386504289654325,0.12663211767714005,True,2012-11-16,2022-03-04
USDJPY,1,24,breakout,adxdi_range,TueThu,20,3.0,3.75,1.25,1,4,116,0.5258620689655172,1.6749797051128974,0.10838696060750808,12.572887430470937,2.3291253363313036,12.478138690162103,46,1.435834483928494,0.064935416666081,32,1.4917244986275344,0.08793219037197714,38,2.1191395257192585,0.17821126768231427,1.435834483928494,0.064935416666081,True,2012-11-16,2022-03-04
USDJPY,1,25,breakout,adxdi_range,TueThu,28,1.5,4.5,3.0,1,4,116,0.5258620689655172,1.6937659141346006,0.21171549021111702,24.558996864489576,3.8472966899786343,12.478138690162103,46,1.53450484410273,0.1604060528197749,32,1.433807342255056,0.137973549504971,38,2.1180681224695213,0.335925390805812,1.433807342255056,0.137973549504971,True,2012-11-16,2022-03-04
USDJPY,1,26,breakout,adxdi_range,TueThu,28,1.5,3.0,2.0,1,4,116,0.5258620689655172,1.657496605057171,0.20064724025172692,23.275079869200322,3.8472966899786343,12.478138690162103,46,1.4328268489533706,0.12989226788314617,32,1.5176426334419462,0.1646375811433227,38,2.0538199404438298,0.31662191973655984,1.4328268489533706,0.12989226788314617,True,2012-11-16,2022-03-04
USDJPY,1,27,breakout,adxdi_range,TueThu,20,2.5,3.75,1.5,2,4,140,0.5071428571428571,1.6059338253028013,0.11543196999041204,16.160475798657686,3.243090731532824,15.059822557092193,53,1.4324968063969568,0.07279629434311254,40,1.506419278331862,0.10377736903399475,47,1.8532902037305583,0.17342930717261568,1.4324968063969568,0.07279629434311254,True,2012-11-16,2022-03-04
USDJPY,1,28,breakout,adxdi_range,TueThu,14,2.5,3.375,1.35,1,4,116,0.5258620689655172,1.609894713539024,0.12383350842950402,14.364686977822467,3.044980586515452,12.478138690162103,46,1.4447940095907699,0.08058978010321616,32,1.4324853360637069,0.09462816106054382,38,1.9285396834157449,0.2007751562930821,1.4324853360637069,0.08058978010321616,True,2012-11-16,2022-03-04
USDJPY,1,29,breakout,adxdi_range,TueThu,10,2.75,4.0,1.4545454545454546,1,4,116,0.5258620689655172,1.5748346847285088,0.11692342304997469,13.563117073797065,3.6760781904995614,12.478138690162103,46,1.4304312089246223,0.07596038320297248,32,1.4595294042637736,0.09859817668824053,38,1.8029093722084162,0.1819420471693852,1.4304312089246223,0.07596038320297248,True,2012-11-16,2022-03-04
USDJPY,1,30,breakout,adxdi_range,TueThu,20,2.75,3.375,1.2272727272727273,1,4,116,0.5258620689655172,1.6437126493379186,0.11065628400257829,12.836128944299082,2.44995491236142,12.478138690162103,46,1.4298307362139315,0.06816387767528782,32,1.4510466776117776,0.08648340403539469,38,2.0649475787301754,0.18245056952903188,1.4298307362139315,0.06816387767528782,True,2012-11-16,2022-03-04
USDJPY,2,1,breakout,adxdi_atr,TueThu,28,3.0,3.375,1.125,1,4,112,0.5535714285714286,1.9232742719494569,0.12948547354669368,14.502373037229694,2.5629636546689927,12.047858045673754,52,1.7939494258661224,0.1042069687057255,40,2.1497488553347748,0.16410590774054595,20,1.7939550862865246,0.1259687177455065,1.7939494258661224,0.1042069687057255,True,2012-11-16,2022-03-04
USDJPY,2,2,breakout,adxdi_atr,TueThu,28,2.0,5.0,2.5,1,4,112,0.5535714285714286,1.8839547342384124,0.19499891463277777,21.83987843887111,3.5843813482401394,12.047858045673754,52,1.7222286088600547,0.16215870847543318,40,2.1233353975486784,0.24340366619552106,20,1.841212314234979,0.18357394751638706,1.7222286088600547,0.16215870847543318,True,2012-11-16,2022-03-04
USDJPY,2,3,breakout,adxdi_atr,TueThu,7,2.0,3.0,1.5,2,10,128,0.609375,1.894101655805381,0.3153026945378074,40.35874490083935,4.0,13.768980623627147,59,1.747918722621219,0.25673889761294055,40,1.7044304196575149,0.2657024127405095,29,2.488313075315946,0.5028639114501892,1.7044304196575149,0.25673889761294055,True,2012-11-16,2022-03-04
USDJPY,2,4,breakout,adxdi_atr,TueThu,28,2.75,3.375,1.2272727272727273,1,4,112,0.5535714285714286,1.9228371170885619,0.14122209685994122,15.816874848313418,2.8136709507367037,12.047858045673754,52,1.7939494258661226,0.11368032949715506,40,2.2143919320787306,0.1835700811715047,20,1.7026121727233645,0.12813472338005844,1.7026121727233645,0.11368032949715506,True,2012-11-16,2022-03-04
USDJPY,2,5,breakout,adxdi_atr,TueThu,28,2.25,5.0,2.2222222222222223,1,4,112,0.5535714285714286,1.8716902053549387,0.1720474767901304,19.269317400494607,3.5194500873245698,12.047858045673754,52,1.7381209634336436,0.14596589959070935,40,2.149713646550119,0.21872217775938213,20,1.6955317010480806,0.14651017557012183,1.6955317010480806,0.14596589959070935,True,2012-11-16,2022-03-04
USDJPY,2,6,breakout,adxdi_atr,TueThu,28,3.0,5.0,1.6666666666666667,1,4,112,0.5535714285714286,1.9755637878120396,0.1368188661567766,15.32371300955898,2.5629636546689927,12.047858045673754,52,1.9640891903088553,0.12653804991979892,40,2.1489374874783826,0.16399009961604388,20,1.688306388412529,0.10920652145438428,1.688306388412529,0.10920652145438428,True,2012-11-16,2022-03-04
USDJPY,2,7,breakout,adxdi_atr,TueThu,28,3.0,4.5,1.5,1,4,112,0.5535714285714286,1.9699425428720378,0.13603050934332267,15.23541704645214,2.5629636546689927,12.047858045673754,52,1.8908298949883582,0.11692266530441428,40,2.221048883660262,0.17428270053837286,20,1.688306388412529,0.10920652145438428,1.688306388412529,0.10920652145438428,True,2012-11-16,2022-03-04
USDJPY,2,8,breakout,adxdi_atr,TueThu,28,3.0,4.0,1.3333333333333333,1,4,112,0.5535714285714286,1.9381626828967373,0.13157351282216903,14.736233436082932,2.5629636546689927,12.047858045673754,52,1.8275550923990704,0.10861775927580954,40,2.209256062900938,0.1725994881163288,20,1.688306388412529,0.10920652145438428,1.688306388412529,0.10861775927580954,True,2012-11-16,2022-03-04
USDJPY,2,9,breakout,adxdi_atr,TueThu,7,2.0,2.75,1.375,2,10,128,0.609375,1.8406865023157413,0.2964659753402983,37.94764484355818,4.0,13.768980623627147,59,1.6878996601018847,0.23613608679818837,40,1.6858781900681317,0.2587047419613123,29,2.3948662385412716,0.4712905532418131,1.6858781900681317,0.23613608679818837,True,2012-11-16,2022-03-04
USDJPY,2,10,breakout,adxdi_atr,TueThu,28,2.25,3.75,1.6666666666666667,1,4,112,0.5535714285714286,1.8516054527716015,0.16808330352916073,18.825329995266003,3.5194500873245698,12.047858045673754,52,1.684801991788212,0.13542189386938072,40,2.166249821552761,0.2218680290930954,20,1.6904204532837808,0.14543351751671957,1.684801991788212,0.13542189386938072,True,2012-11-16,2022-03-04
USDJPY,2,11,breakout,adxdi_atr,TueThu,28,3.0,3.0,1.0,1,4,112,0.5535714285714286,1.8329464518184018,0.116817362976024,13.08354465331469,2.5629636546689927,12.047858045673754,52,1.6840604828853765,0.08978389178264856,40,2.0763896049552395,0.1536351981426709,20,1.7151701406571516,0.11346871774550651,1.6840604828853765,0.08978389178264856,True,2012-11-16,2022-03-04
USDJPY,2,12,breakout,adxdi_atr,TueThu,28,3.0,3.75,1.25,1,4,112,0.5535714285714286,1.9543643875174375,0.1338457362110494,14.990722455637531,2.5629636546689927,12.047858045673754,52,1.9038383688468683,0.11863004562880243,40,2.1654676920568887,0.16634948811632883,20,1.6832169216406057,0.1083990279143326,1.6832169216406057,0.1083990279143326,True,2012-11-16,2022-03-04
USDJPY,2,13,breakout,adxdi_atr,TueThu,7,2.25,3.0,1.3333333333333333,2,6,128,0.5703125,1.7390155320173248,0.17943205674778584,22.967303263716587,3.2880180266871957,13.768980623627147,59,1.7386928791234082,0.17216495177992122,40,1.7960363228354446,0.17189495490203027,29,1.6828478506742677,0.204612859055863,1.6828478506742677,0.17189495490203027,True,2012-11-16,2022-03-04
USDJPY,2,14,breakout,adxdi_atr,TueThu,7,2.25,3.0,1.3333333333333333,2,10,128,0.640625,2.01053725626808,0.30667789689138897,39.25477080209779,4.0,13.768980623627147,59,1.8151155583272938,0.24185795134821103,40,1.6771172910872054,0.23071966792688606,29,3.043714857610743,0.5433229294992376,1.6771172910872054,0.23071966792688606,True,2012-11-16,2022-03-04
USDJPY,2,15,breakout,adxdi_atr,TueThu,28,2.25,4.5,2.0,1,4,112,0.5535714285714286,1.866364521030792,0.17099633437219186,19.15158944968549,3.5194500873245698,12.047858045673754,52,1.6732901412941923,0.13314538677019652,40,2.2218510881217073,0.23244564565582077,20,1.6955317010480806,0.14651017557012183,1.6732901412941923,0.13314538677019652,True,2012-11-16,2022-03-04
USDJPY,2,16,breakout,adxdi_atr,TueThu,28,2.5,3.375,1.35,1,4,112,0.5535714285714286,1.8805647425225906,0.15156041533627077,16.974766517662324,3.1745260889225335,12.047858045673754,52,1.7339651273889611,0.11959979420054428,40,2.1942733081374812,0.20040253369962233,20,1.6695353655386764,0.13697379356245634,1.6695353655386764,0.11959979420054428,True,2012-11-16,2022-03-04
USDJPY,2,17,breakout,adxdi_atr,TueThu,28,2.0,3.75,1.875,1,4,112,0.5535714285714286,1.8637383733218846,0.19053921971418689,21.34039260798893,3.5843813482401394,12.047858045673754,52,1.6693971544937507,0.1502967020389384,40,2.1396686639721003,0.2469427489459485,20,1.8356619064667736,0.18236270720630957,1.6693971544937507,0.1502967020389384,True,2012-11-16,2022-03-04
USDJPY,2,18,breakout,adxdi_atr,TueThu,7,2.75,3.0,1.0909090909090908,2,6,128,0.578125,1.7085313062539063,0.14347920474611567,18.365338207502806,3.126461389423911,13.768980623627147,59,1.6665202729118125,0.13305501154923077,40,1.8107926368864231,0.14208108387293816,29,1.6774082777947512,0.16661548866140224,1.6665202729118125,0.13305501154923077,True,2012-11-16,2022-03-04
USDJPY,2,19,breakout,adxdi_atr,TueThu,7,2.25,2.25,1.0,2,6,128,0.59375,1.7166037157417957,0.16621531329328604,21.275560101540613,3.4095458044649734,13.768980623627147,59,1.715461789492882,0.16358370276508763,40,1.665432064295689,0.14156882934592357,29,1.7752362860033117,0.20556442981253434,1.665432064295689,0.14156882934592357,True,2012-11-16,2022-03-04
USDJPY,2,20,breakout,adxdi_atr,TueThu,28,3.0,2.75,0.9166666666666666,1,4,112,0.5535714285714286,1.846608970394013,0.11873347581632676,13.298149291428597,2.5629636546689927,12.047858045673754,52,1.7142010665129606,0.09373988539197144,40,2.107139486932826,0.15802418907006546,20,1.662646843570903,0.10513538441217321,1.662646843570903,0.09373988539197144,True,2012-11-16,2022-03-04
USDJPY,2,21,breakout,adxdi_atr,TueThu,7,2.25,2.75,1.2222222222222223,2,6,128,0.5703125,1.698638363512708,0.16962853019583587,21.712451865066992,3.288469682329099,13.768980623627147,59,1.7123151390645992,0.16601717037626496,40,1.7134690614137786,0.15406549753768925,29,1.6622541479947766,0.19844203142619962,1.6622541479947766,0.15406549753768925,True,2012-11-16,2022-03-04
USDJPY,2,22,breakout,adxdi_atr,TueThu,10,2.75,4.0,1.4545454545454546,1,4,123,0.5284552845528455,1.7985224660439116,0.14518289736910286,17.857496376399652,2.5553546539897387,13.231129818016713,56,1.6598622731833281,0.10656421622356924,40,1.7153488571005366,0.14669435252276622,27,2.176932323247653,0.22304170988774547,1.6598622731833281,0.10656421622356924,True,2012-11-16,2022-03-04
USDJPY,2,23,breakout,adxdi_atr,TueThu,10,2.0,4.5,2.25,1,10,123,0.5528455284552846,1.7964957681157911,0.33167128851553096,40.79556848741031,5.0,13.231129818016713,56,1.6597585261371997,0.259832932485897,40,1.965555255167256,0.39384904504338636,27,1.8165219516482352,0.3885541654246155,1.6597585261371997,0.259832932485897,True,2012-11-16,2022-03-04
USDJPY,2,24,breakout,adxdi_atr,TueThu,7,2.25,2.75,1.2222222222222223,2,10,128,0.640625,1.9525044268844929,0.2890660909380476,37.00045964007009,4.0,13.768980623627147,59,1.7533945851628068,0.22354434173509807,40,1.658862356961572,0.22449951612315527,29,2.923735370791605,0.5114263045783823,1.658862356961572,0.22354434173509807,True,2012-11-16,2022-03-04
USDJPY,2,25,breakout,adxdi_atr,TueThu,28,2.0,4.5,2.25,1,4,112,0.5535714285714286,1.8785941525744014,0.19381637941259688,21.70743449421085,3.5843813482401394,12.047858045673754,52,1.6579905615817394,0.14773563155235625,40,2.194587670344809,0.2588425675790146,20,1.841212314234979,0.18357394751638706,1.6579905615817394,0.14773563155235625,True,2012-11-16,2022-03-04
USDJPY,2,26,breakout,adxdi_atr,TueThu,7,2.0,2.25,1.125,2,8,128,0.6015625,1.7907876642927574,0.2444254038545268,31.28645169337943,3.875,13.768980623627147,59,1.6567190520266613,0.20760944057946587,40,1.66889573827481,0.20889063028173788,29,2.2685944079448452,0.3683403271697045,1.6567190520266613,0.20760944057946587,True,2012-11-16,2022-03-04
USDJPY,2,27,breakout,adxdi_atr,TueThu,7,2.25,5.0,2.2222222222222223,2,4,128,0.5390625,1.7474511079115094,0.15701044384883625,20.09733681265104,2.7743625977239295,13.768980623627147,59,1.6578880611729883,0.14338534016891058,40,2.039202708565732,0.1654634405311295,29,1.6552269521116325,0.17307117660138385,1.6552269521116325,0.14338534016891058,True,2012-11-16,2022-03-04
USDJPY,2,28,breakout,adxdi_atr,TueThu,7,2.5,3.0,1.2,2,10,128,0.640625,1.9070855844352914,0.26119379958526745,33.432806346914234,3.8,13.768980623627147,59,1.7039155391276601,0.2002444393639383,40,1.6544246923958648,0.20344139911279435,29,2.7647930737729967,0.4648527055148311,1.6544246923958648,0.2002444393639383,True,2012-11-16,2022-03-04
USDJPY,2,29,breakout,adxdi_atr,TueThu,28,2.5,4.0,1.6,1,10,112,0.5803571428571429,1.6835902578227842,0.21717269465706154,24.323341801590892,5.238397929600268,12.047858045673754,52,1.7137655350979608,0.21279066033553914,40,1.646881621912894,0.21480364698801452,20,1.6865016409478946,0.2333040792311139,1.646881621912894,0.21279066033553914,True,2012-11-16,2022-03-04
USDJPY,2,30,breakout,adxdi_atr,TueThu,10,2.5,4.5,1.8,1,10,123,0.5853658536585366,1.7872414773461438,0.27367437552495716,33.66194818956973,4.889258568365955,13.231129818016713,56,1.6464369071256673,0.21222028061891945,40,1.8732000759071512,0.29899058096561626,27,1.9194007920519631,0.36362923097354055,1.6464369071256673,0.21222028061891945,True,2012-11-16,2022-03-04
EURGBP,1,1,next_open,range_atr1,MonFri,28,3.0,2.25,0.75,0,6,136,0.625,1.5523146041710325,0.1326094235902708,18.03488160827683,3.304123711340206,14.628823854224185,73,1.482704037177576,0.11576920662220622,42,1.6145769119210376,0.15270860796809976,21,1.6731323001576313,0.15095085667598052,1.482704037177576,0.11576920662220622,True,2012-11-16,2022-03-04
EURGBP,1,2,next_open,range_atr1,MonFri,28,2.75,2.25,0.8181818181818182,0,6,136,0.6176470588235294,1.5466338047694375,0.14319420085914847,19.474411316844193,3.26790513217409,14.628823854224185,73,1.4685018942475334,0.12290807457886747,42,1.6587647784541495,0.17381215418502297,21,1.5936762675437415,0.1524767331817096,1.4685018942475334,0.12290807457886747,True,2012-11-16,2022-03-04
EURGBP,1,3,next_open,range_atr1,MonFri,28,2.75,2.5,0.9090909090909091,0,8,136,0.6176470588235294,1.5208812477621885,0.15710253770987112,21.36594512854247,4.448513544735612,14.628823854224185,73,1.5398177163796443,0.16045495883407582,42,1.4504162940582126,0.14610600189628484,21,1.6172784029937424,0.16744195495290365,1.4504162940582126,0.14610600189628484,True,2012-11-16,2022-03-04
EURGBP,1,4,next_open,range_atr1,MonThu,14,2.0,5.0,2.5,0,8,254,0.47244094488188976,1.626457388046016,0.30291192280369444,76.93962839213839,8.270641424592263,27.321479845389288,154,1.6727090373881213,0.3271778044985025,58,1.4433314043064245,0.21478123874086213,42,1.7113026341693893,0.33564130124759534,1.4433314043064245,0.21478123874086213,True,2012-11-16,2022-03-04
EURGBP,1,5,next_open,range_atr1,MonFri,28,2.5,1.75,0.7,0,6,136,0.6397058823529411,1.5431590388551564,0.13936876394392939,18.9541518963744,3.364948453608247,14.628823854224185,73,1.430409395685369,0.11199081364405543,42,1.457054182214762,0.12530105903800864,21,2.2572318458549065,0.2626751438458089,1.430409395685369,0.11199081364405543,True,2012-11-16,2022-03-04
EURGBP,1,6,next_open,range_atr1,MonFri,28,1.5,4.5,3.0,0,12,136,0.41911764705882354,1.47439866450473,0.2662420005496101,36.208912074746976,6.960096907510334,14.628823854224185,73,1.5085292618884787,0.28567591190850655,42,1.4212186109076599,0.22381538044272453,21,1.4580249636024278,0.28353926318245537,1.4212186109076599,0.22381538044272453,True,2012-11-16,2022-03-04
EURGBP,1,7,next_open,range_atr1,MonFri,28,2.25,2.25,1.0,0,6,136,0.5955882352941176,1.500451750153288,0.15870277428731208,21.583577303074442,4.0,14.628823854224185,73,1.430799864324657,0.1350355618779426,42,1.6589075515268912,0.2124648312404412,21,1.418077400579618,0.133450398756481,1.418077400579618,0.133450398756481,True,2012-11-16,2022-03-04
EURGBP,1,8,next_open,range_atr1,MonFri,28,1.25,4.0,3.2,0,12,136,0.3602941176470588,1.4456446624888757,0.2787341583414802,37.90784553444131,10.147811171755105,14.628823854224185,73,1.4500429674277988,0.2774912753459058,42,1.4122209606617873,0.25569464774463163,21,1.4937005163511186,0.3291336775674126,1.4122209606617873,0.25569464774463163,True,2012-11-16,2022-03-04
EURGBP,1,9,next_open,range_atr1,MonFri,14,2.0,5.0,2.5,0,12,322,0.43478260869565216,1.465737881698373,0.25501324297286987,82.1142642372641,9.558148848107944,34.63589177250138,197,1.497298621129631,0.2794680973979149,74,1.4155982434736065,0.21679332712339053,51,1.4080126978794059,0.21600672240674432,1.4080126978794059,0.21600672240674432,True,2012-11-16,2022-03-04
EURGBP,1,10,next_open,range_atr1,MonFri,28,3.0,2.5,0.8333333333333334,0,6,136,0.6176470588235294,1.5368373772725783,0.13159498543230516,17.896918018793503,3.2858853175907736,14.628823854224185,73,1.4039586170908032,0.10067064112253665,42,1.6469109131548776,0.1607428836180332,21,1.806229548833479,0.1807981002329015,1.4039586170908032,0.10067064112253665,True,2012-11-16,2022-03-04
EURGBP,1,11,next_open,range_atr1,MonFri,28,3.0,2.0,0.6666666666666666,0,6,136,0.625,1.4673415872656865,0.11220760421514,15.260234173259041,3.387457044673539,14.628823854224185,73,1.400530312946814,0.09606109124158504,42,1.5153318360945687,0.12804842779671094,21,1.6093799874303993,0.13665431167435588,1.400530312946814,0.09606109124158504,True,2012-11-16,2022-03-04
EURGBP,1,12,next_open,range_atr1,MonFri,28,1.5,4.0,2.6666666666666665,0,12,136,0.4264705882352941,1.4994638462850167,0.27663655263876546,37.622571158872105,6.960096907510334,14.628823854224185,73,1.5857131972236023,0.3210119760585825,42,1.3989960465558169,0.2120073748940071,21,1.4064913200805609,0.25163748385939466,1.3989960465558169,0.2120073748940071,True,2012-11-16,2022-03-04
EURGBP,1,13,next_open,range_atr1,MonThu,14,2.0,2.25,1.125,0,8,254,0.5748031496062992,1.4967077222672152,0.20124885880254587,51.11721013584665,7.875,27.321479845389288,154,1.5137589513606864,0.20793747498564924,58,1.396605878663929,0.16249907206043654,42,1.574956519839009,0.23023554306074634,1.396605878663929,0.16249907206043654,True,2012-11-16,2022-03-04
EURGBP,1,14,next_open,range_atr1,MonThu,14,2.0,1.75,0.875,0,8,254,0.6141732283464567,1.402269286312885,0.1517941591786376,38.555716431373945,8.25,27.321479845389288,154,1.3959069978717091,0.14984911879700713,58,1.4049206452776142,0.15049917476956634,42,1.421875,0.16071428571428573,1.3959069978717091,0.14984911879700713,True,2012-11-16,2022-03-04
EURGBP,1,15,next_open,range_atr1,MonThu,14,2.0,2.5,1.25,0,6,254,0.5708661417322834,1.5853307895603161,0.2309325481473649,58.65686722943069,7.607142857142854,27.321479845389288,154,1.58494035682179,0.23318863883061308,58,1.3951157499194362,0.15725789897073464,42,1.865920070495437,0.3244013978384204,1.3951157499194362,0.15725789897073464,True,2012-11-16,2022-03-04
EURGBP,1,16,next_open,range_atr1,MonThu,14,1.5,2.5,1.6666666666666667,0,12,254,0.4763779527559055,1.472079563343348,0.24576983265134206,62.425537493440885,13.000000000000028,27.321479845389288,154,1.4528800450428812,0.23889482449209387,58,1.387857817388614,0.20061611244238675,42,1.6666666666666667,0.33333333333333337,1.387857817388614,0.20061611244238675,True,2012-11-16,2022-03-04
EURGBP,1,17,next_open,range_atr1,MonFri,28,2.75,2.0,0.7272727272727273,0,6,136,0.6176470588235294,1.4616710637772568,0.12093767063173301,16.44752320591569,3.5406324049013627,14.628823854224185,73,1.3865489439085519,0.10140831234546256,42,1.5568035556715902,0.14691013945259881,21,1.5329515132700693,0.1368805022708464,1.3865489439085519,0.10140831234546256,True,2012-11-16,2022-03-04
EURGBP,1,18,next_open,range_atr1,MonThu,14,1.5,2.5,1.6666666666666667,0,16,254,0.468503937007874,1.457993578897795,0.24040458497621867,61.06276458395954,13.00000000000001,27.321479845389288,154,1.432342126402088,0.22961168521877803,58,1.3831988889788744,0.2017683631080643,42,1.6666666666666667,0.33333333333333337,1.3831988889788744,0.2017683631080643,True,2012-11-16,2022-03-04
EURGBP,1,19,next_open,range_atr1,MonThu,14,2.0,2.25,1.125,0,6,254,0.5826771653543307,1.517673973898058,0.20228140791947946,51.379477611547784,7.875,27.321479845389288,154,1.524045714497663,0.20596678636846957,58,1.382168543714473,0.151478168992928,42,1.6911453998229156,0.25892520736222996,1.382168543714473,0.151478168992928,True,2012-11-16,2022-03-04
EURGBP,1,20,next_open,range_atr1,MonFri,28,2.25,1.75,0.7777777777777778,0,6,136,0.6323529411764706,1.5198805279216416,0.14853141103567502,20.200271900851803,4.222222222222222,14.628823854224185,73,1.4084187629792106,0.11683058066596584,42,1.3764412488087447,0.1213835328108646,21,2.4836593160839104,0.3130252921038088,1.3764412488087447,0.11683058066596584,True,2012-11-16,2022-03-04
EURGBP,1,21,next_open,range_atr1,MonFri,28,2.75,1.75,0.6363636363636364,0,6,136,0.6544117647058824,1.5615291559672388,0.13280828487027801,18.06192674235781,3.4226804123711334,14.628823854224185,73,1.4288498340572435,0.10416803179478881,42,1.3763227860611615,0.09929109183355116,21,2.8755440476914704,0.2994016459204324,1.3763227860611615,0.09929109183355116,True,2012-11-16,2022-03-04
EURGBP,1,22,next_open,range_atr1,MonFri,28,2.75,2.5,0.9090909090909091,0,6,136,0.6102941176470589,1.5206821506212655,0.1402245452699812,19.070538156717443,3.2209658010081172,14.628823854224185,73,1.3730097498162892,0.10296612555607203,42,1.6919836991492134,0.18257681853040483,21,1.7204528090462172,0.18503736251653247,1.3730097498162892,0.10296612555607203,True,2012-11-16,2022-03-04
EURGBP,1,23,next_open,range_atr1,MonThu,14,1.75,2.5,1.4285714285714286,0,12,254,0.5078740157480315,1.4271682388335833,0.20764249792009754,52.74119447170477,12.285714285714302,27.321479845389288,154,1.3844087760714159,0.19270762321956836,58,1.3714827465507167,0.17463165655701432,42,1.6808202323991792,0.3079901051329623,1.3714827465507167,0.17463165655701432,True,2012-11-16,2022-03-04
EURGBP,1,24,next_open,range_atr1,MonThu,14,1.75,2.25,1.2857142857142858,0,6,254,0.531496062992126,1.391328045863189,0.17585423912213913,44.66697673702334,10.857142857142861,27.321479845389288,154,1.3696035358191938,0.168832310414646,58,1.4035844859259003,0.1736556155084739,42,1.4562108400382456,0.20463750556372312,1.3696035358191938,0.168832310414646,True,2012-11-16,2022-03-04
EURGBP,1,25,next_open,range_atr1,MonFri,28,1.25,4.5,3.6,0,24,136,0.34558823529411764,1.3883967097044618,0.25417137620365543,34.56730716369714,9.22926283393223,14.628823854224185,73,1.368453546800318,0.2372235164330816,42,1.39519265129011,0.26346176752674005,21,1.4417568734256505,0.29450458228376697,1.368453546800318,0.2372235164330816,True,2012-11-16,2022-03-04
EURGBP,1,26,next_open,range_atr1,MonThu,14,1.75,5.0,2.857142857142857,0,8,254,0.4251968503937008,1.5059847493003438,0.27377779275585906,69.5395593599882,10.903051363639136,27.321479845389288,154,1.5467009502278033,0.2979810488434277,58,1.3637179581557035,0.1979160095396288,42,1.5548724086679815,0.2897940305905204,1.3637179581557035,0.1979160095396288,True,2012-11-16,2022-03-04
EURGBP,1,27,next_open,range_atr1,MonFri,28,1.25,1.5,1.2,0,6,136,0.5514705882352942,1.5252704410682938,0.22125253920215654,30.09034533149329,5.816317786438842,14.628823854224185,73,1.363362303307702,0.15730732471178097,42,1.4467937457983646,0.20212098024211747,21,2.5141531322505797,0.4818014027316352,1.363362303307702,0.15730732471178097,True,2012-11-16,2022-03-04
EURGBP,1,28,next_open,range_atr1,MonThu,14,1.75,2.5,1.4285714285714286,0,6,254,0.5236220472440944,1.4528561275350442,0.2066145185941828,52.480087722922434,10.63179598167994,27.321479845389288,154,1.444601975185913,0.20524150580089276,58,1.3629536027325575,0.16243065066837456,42,1.60786803961912,0.2726647164480768,1.3629536027325575,0.16243065066837456,True,2012-11-16,2022-03-04
EURGBP,1,29,next_open,range_atr1,MonThu,14,1.5,2.25,1.5,0,8,254,0.4881889763779528,1.3972481346741314,0.19911791798173512,50.57595116736072,11.0,27.321479845389288,154,1.3871977615947766,0.19431105615749783,58,1.3617661914441992,0.18260309172112885,42,1.4847129692361738,0.23954926664953766,1.3617661914441992,0.18260309172112885,True,2012-11-16,2022-03-04
EURGBP,1,30,next_open,range_atr1,MonThu,14,2.5,2.5,1.0,0,6,254,0.6062992125984252,1.5396779500597568,0.1852479272484553,47.052973521107646,9.685714285714287,27.321479845389288,154,1.5219323125872066,0.1832281019400486,58,1.360902695254233,0.12279046381086407,42,1.8747733249118943,0.2789047362216677,1.360902695254233,0.12279046381086407,True,2012-11-16,2022-03-04
EURGBP,2,1,breakout,adxrise_atr,MonFri,28,2.75,1.75,0.6363636363636364,1,24,151,0.695364238410596,1.5042389872394146,0.14233413058324793,21.492453718070436,5.454545454545453,16.24229707344009,89,1.5049646676711639,0.1430520067575488,35,1.509066314963829,0.14184525167496526,27,1.495702604048382,0.1406015299268447,1.495702604048382,0.1406015299268447,True,2012-11-16,2022-03-04
EURGBP,2,2,breakout,adxrise_atr,MonFri,28,2.5,1.75,0.7,1,24,151,0.6821192052980133,1.5275556852618037,0.1588977288996302,23.993557063844158,5.200000000000003,16.24229707344009,89,1.4939143964428436,0.15113891935759863,35,1.5385076156306796,0.1618950800625884,27,1.6312507116767538,0.1805876088454551,1.4939143964428436,0.15113891935759863,True,2012-11-16,2022-03-04
EURGBP,2,3,breakout,adxdi_atr,MonThu,14,2.0,2.5,1.25,1,6,168,0.5595238095238095,1.485418102783576,0.20419026675537325,34.303964814902706,8.901646447140381,18.07090005521811,82,1.429970766098741,0.18964805951426808,48,1.598340355152485,0.23062281285285927,38,1.480183057362218,0.20218233994198642,1.429970766098741,0.18964805951426808,True,2012-11-16,2022-03-04
EURGBP,2,4,breakout,adxdi_atr,MonThu,14,2.0,2.5,1.25,1,8,168,0.5416666666666666,1.5448398576534976,0.2310517354512488,38.8166915558098,8.87738301559792,18.07090005521811,82,1.4284432247715482,0.1928901135908528,48,1.865365105792731,0.32451191467227414,38,1.4546572913455822,0.19534553518659742,1.4284432247715482,0.1928901135908528,True,2012-11-16,2022-03-04
EURGBP,2,5,next_open,adxrise_atr,MonThu,28,1.25,1.25,1.0,0,6,170,0.5882352941176471,1.4721933851200537,0.18715583249198872,31.816491523638085,10.626631853785902,18.286029817780232,92,1.4632138726617965,0.18305039085978506,43,1.5294117647058822,0.20930232558139536,35,1.42611195228616,0.17073873041536744,1.42611195228616,0.17073873041536744,True,2012-11-16,2022-03-04
EURGBP,2,6,breakout,adxrise_atr,MonFri,28,2.25,1.75,0.7777777777777778,1,24,151,0.6556291390728477,1.4797300368607114,0.15905693051206968,24.017596507322523,5.6578949471171605,16.24229707344009,89,1.4168054693339158,0.1417149041551345,35,1.6352128883774455,0.1996383363471971,27,1.5017412826769176,0.1636158616801353,1.4168054693339158,0.1417149041551345,True,2012-11-16,2022-03-04
EURGBP,2,7,breakout,adxrise_atr,MonFri,28,3.0,1.75,0.5833333333333334,1,16,151,0.695364238410596,1.4973989345500045,0.1290682645887796,19.48930795290572,5.666666666666665,16.24229707344009,89,1.4161051865586751,0.11247495863911111,35,1.5056588598631735,0.12945585597258047,27,1.802623999367725,0.1832622842586857,1.4161051865586751,0.11247495863911111,True,2012-11-16,2022-03-04
EURGBP,2,8,breakout,adxdi_atr,MonThu,14,2.0,2.5,1.25,1,16,168,0.5476190476190477,1.548343922627328,0.2383422659580265,40.04150068094845,9.1078856152513,18.07090005521811,82,1.4328549312680179,0.1941900774693722,48,1.8937276820369506,0.35376720747295964,38,1.4140982880123794,0.1878181149936282,1.4140982880123794,0.1878181149936282,True,2012-11-16,2022-03-04
EURGBP,2,9,breakout,adxrise_atr,MonFri,28,2.75,1.75,0.6363636363636364,1,16,151,0.6821192052980133,1.4905223512480414,0.13672193778345076,20.645012605301066,5.454545454545453,16.24229707344009,89,1.4125224150937836,0.11986383968336443,35,1.6266852698740963,0.16200379093112674,27,1.5998712920108773,0.15951845151452576,1.4125224150937836,0.11986383968336443,True,2012-11-16,2022-03-04
EURGBP,2,10,breakout,adxdi_atr,MonThu,28,1.75,1.0,0.5714285714285714,2,8,117,0.717948717948718,1.4828246205907674,0.13250875310637414,15.503524113445774,5.0000000000000036,12.585091109884042,63,1.4071034854324675,0.11631528155213343,30,1.5714285714285712,0.1523809523809523,24,1.5898856944925528,0.15017636684303348,1.4071034854324675,0.11631528155213343,True,2012-11-16,2022-03-04
EURGBP,2,11,breakout,adxdi_atr,MonThu,14,2.0,2.5,1.25,1,10,168,0.5535714285714286,1.5250513945090047,0.2293989785107287,38.539028389802425,9.217071057192374,18.07090005521811,82,1.405940838069792,0.18515104017451897,48,1.8502561714019563,0.3365597345132743,38,1.4236338728738058,0.1895204168119658,1.405940838069792,0.18515104017451897,True,2012-11-16,2022-03-04
EURGBP,2,12,breakout,adxrise_atr,MonFri,28,2.5,1.75,0.7,1,16,151,0.6688741721854304,1.519880561472429,0.15427986253444198,23.29625924270074,5.200000000000003,16.24229707344009,89,1.4056235823307013,0.12736643774208578,35,1.6747788151588139,0.18636995067639123,27,1.7554606319383153,0.20139622259190426,1.4056235823307013,0.12736643774208578,True,2012-11-16,2022-03-04
EURGBP,2,13,breakout,adxdi_atr,MonThu,28,2.0,1.25,0.625,1,8,105,0.6952380952380952,1.4962088559920264,0.14264449058431403,14.977671511352973,4.75,11.29431253451132,57,1.3993447398688639,0.11971873346753105,27,1.7857142857142858,0.2037037037037037,21,1.4352976913730255,0.1263668430335097,1.3993447398688639,0.11971873346753105,True,2012-11-16,2022-03-04
EURGBP,2,14,breakout,adxrise_atr,MonFri,28,3.0,1.75,0.5833333333333334,2,16,172,0.6976744186046512,1.4854198969272703,0.12751429833819566,21.932459314169655,6.666666666666664,18.501159580342353,99,1.3986668284187498,0.10895713144927423,39,1.7660610672742083,0.17600739211214486,34,1.4671544424622027,0.12592397083287785,1.3986668284187498,0.10895713144927423,True,2012-11-16,2022-03-04
EURGBP,2,15,breakout,adxrise_atr,MonFri,28,3.0,1.75,0.5833333333333334,2,24,172,0.7093023255813954,1.4861185921901436,0.13063264636994484,22.468815175630514,6.666666666666664,18.501159580342353,99,1.464999258136529,0.1264787086064239,39,1.6330682247580046,0.15728722627107183,34,1.3970680327045442,0.11215356467713944,1.3970680327045442,0.11215356467713944,True,2012-11-16,2022-03-04
EURGBP,2,16,breakout,adxdi_atr,MonThu,28,2.0,1.0,0.5,2,8,117,0.7521367521367521,1.6061486609602744,0.1408347992423331,16.477671511352973,5.087912087912088,12.585091109884042,63,1.4086277803934997,0.10434869535951222,30,2.5,0.25,24,1.3942891859052247,0.10015432098765431,1.3942891859052247,0.10015432098765431,True,2012-11-16,2022-03-04
EURGBP,2,17,breakout,adxrise_atr,MonFri,28,3.0,1.75,0.5833333333333334,1,24,151,0.7086092715231788,1.4902634958321979,0.13058817997106298,19.71881517563051,5.666666666666664,16.24229707344009,89,1.4780244780747513,0.1285175148168835,35,1.3922611510186065,0.10859624260681341,27,1.6784167276977318,0.16592177280331136,1.3922611510186065,0.10859624260681341,True,2012-11-16,2022-03-04
EURGBP,2,18,breakout,adxdi_atr,MonThu,28,1.75,1.0,0.5714285714285714,2,24,117,0.717948717948718,1.454545454545454,0.1282051282051281,14.99999999999999,5.0000000000000036,12.585091109884042,63,1.4285714285714288,0.12244897959183666,30,1.5714285714285712,0.1523809523809523,24,1.3877551020408163,0.11309523809523807,1.3877551020408163,0.11309523809523807,True,2012-11-16,2022-03-04
EURGBP,2,19,breakout,adxdi_atr,MonThu,28,1.75,1.0,0.5714285714285714,2,16,117,0.7094017094017094,1.4317918229008315,0.12224995775909604,14.303245057814237,5.0000000000000036,12.585091109884042,63,1.387167139976129,0.11138937733491996,30,1.5714285714285712,0.1523809523809523,24,1.3877551020408163,0.11309523809523807,1.387167139976129,0.11138937733491996,True,2012-11-16,2022-03-04
EURGBP,2,20,next_open,adxrise_atr,MonThu,28,1.25,1.5,1.2,0,8,170,0.5529411764705883,1.4682524706064763,0.20866022445075166,35.47223815662778,12.200000000000003,18.286029817780232,92,1.4780869897471824,0.21306050630037457,43,1.5157894736842104,0.22790697674418597,35,1.3853290382660088,0.17344775934266632,1.3853290382660088,0.17344775934266632,True,2012-11-16,2022-03-04
EURGBP,2,21,breakout,adxdi_atr,MonThu,28,2.0,1.25,0.625,2,8,117,0.6923076923076923,1.4673991959028065,0.13656129496882882,15.977671511352973,5.75,12.585091109884042,63,1.383696643924055,0.11625345726427412,30,1.71875,0.19166666666666668,24,1.4091858037578289,0.12098765432098764,1.383696643924055,0.11625345726427412,True,2012-11-16,2022-03-04
EURGBP,2,22,breakout,adxdi_atr,MonThu,14,2.0,2.5,1.25,1,12,168,0.5416666666666666,1.5203306577277411,0.2276589021406299,38.24669555962582,9.029029462738302,18.07090005521811,82,1.4229659666824046,0.19146927348512205,48,1.8366162300220579,0.33215031956735497,38,1.3810628156961977,0.1737631524898097,1.3810628156961977,0.1737631524898097,True,2012-11-16,2022-03-04
EURGBP,2,23,next_open,adxrise_atr,MonThu,28,1.5,1.25,0.8333333333333334,0,16,170,0.6470588235294118,1.509362985727516,0.179775171433241,30.561779143650973,11.000000000000002,18.286029817780232,92,1.4011544565606922,0.14825273394634275,43,1.9230769230769225,0.2790697674418605,35,1.3786559708144186,0.14064364630249837,1.3786559708144186,0.14064364630249837,True,2012-11-16,2022-03-04
EURGBP,2,24,breakout,adxdi_atr,MonThu,14,2.0,2.75,1.375,1,16,168,0.5,1.4128526319632286,0.1959940855992855,32.92700638067996,9.482885615251298,18.07090005521811,82,1.4234263456153082,0.20028763844498196,48,1.3782677078808119,0.18353143766709734,38,1.4352146247696371,0.2024713426360729,1.3782677078808119,0.18353143766709734,True,2012-11-16,2022-03-04
EURGBP,2,25,breakout,adxdi_atr,MonThu,28,1.75,1.0,0.5714285714285714,2,12,117,0.7094017094017094,1.426395198833361,0.12117879219706887,14.177918687057058,5.107795598657221,12.585091109884042,63,1.3776415287144905,0.1094000698625838,30,1.5714285714285712,0.1523809523809523,24,1.3877551020408163,0.11309523809523807,1.3776415287144905,0.1094000698625838,True,2012-11-16,2022-03-04
EURGBP,2,26,breakout,adxdi_atr,MonThu,28,1.75,1.0,0.5714285714285714,2,10,117,0.7094017094017094,1.4251162790697671,0.12092375277753857,14.148079074972014,5.137635210742264,12.585091109884042,63,1.375392776984289,0.10892642522631327,30,1.5714285714285712,0.1523809523809523,24,1.3877551020408163,0.11309523809523807,1.375392776984289,0.10892642522631327,True,2012-11-16,2022-03-04
EURGBP,2,27,breakout,adxrise_atr,MonFri,28,2.5,1.75,0.7,1,8,151,0.6423841059602649,1.5039400475559481,0.14672862690779284,22.15602266307672,4.827359964293688,16.24229707344009,89,1.374549618203146,0.11612777179827277,35,1.6987358727969561,0.18324159208295474,27,1.7517505949570678,0.20026649074544553,1.374549618203146,0.11612777179827277,True,2012-11-16,2022-03-04
EURGBP,2,28,breakout,adxdi_atr,MonThu,28,1.75,1.0,0.5714285714285714,2,4,117,0.6837606837606838,1.378889561434504,0.10385506704587362,12.151042844367213,4.28888888888889,12.585091109884042,63,1.3736633403638676,0.10109034681706489,30,1.3835459286811673,0.107798728738326,24,1.3864434748691707,0.1061828805309311,1.3736633403638676,0.10109034681706489,True,2012-11-16,2022-03-04
EURGBP,2,29,breakout,adxdi_atr,MonThu,14,2.0,2.0,1.0,1,8,168,0.5773809523809523,1.4168153613090868,0.1660479749978193,27.89605979963364,7.127383015597919,18.07090005521811,82,1.372987675965541,0.15317174679392517,48,1.5326876744630384,0.1997578779236394,38,1.3768323560639568,0.15125259005781802,1.372987675965541,0.15125259005781802,True,2012-11-16,2022-03-04
EURGBP,2,30,breakout,adxdi_atr,MonThu,14,2.0,2.5,1.25,1,4,168,0.5714285714285714,1.5551986821457486,0.21299459036866844,35.7830911819363,5.75,18.07090005521811,82,1.592701493775672,0.22970168779699016,48,1.667957724688046,0.22971962892060768,38,1.3663087209136433,0.15581606827352465,1.3663087209136433,0.15581606827352465,True,2012-11-16,2022-03-04
XAUUSD,1,1,next_open,range_atr1,TueThu,20,2.25,3.375,1.5,0,4,168,0.5476190476190477,1.6471179497531612,0.13377861011298628,22.474806498981696,3.025611106920053,17.1468091795033,54,1.6172650340027508,0.12391226201392308,53,1.7392960362562564,0.16296219392517305,61,1.5854126189209892,0.11715652577369964,1.5854126189209892,0.11715652577369964,True,2012-05-17,2022-03-04
XAUUSD,1,2,next_open,range_atr1,TueThu,20,1.0,3.375,3.375,0,4,168,0.48214285714285715,1.6161110256157452,0.27647103594705763,46.447134039105684,7.592833876221498,17.1468091795033,54,1.6457324380259564,0.2780881480384373,53,1.628069340228491,0.30717115812454565,61,1.5780044382474765,0.2483656174496583,1.5780044382474765,0.2483656174496583,True,2012-05-17,2022-03-04
XAUUSD,1,3,next_open,range_atr1,TueThu,20,2.5,3.375,1.35,0,4,168,0.5476190476190477,1.6148980951934462,0.1166886103916924,19.603686545804322,2.9230499962280483,17.1468091795033,54,1.576307483496287,0.10682665673781776,53,1.6725374945279046,0.13874749180953105,61,1.5925931341807196,0.10625295108290203,1.576307483496287,0.10625295108290203,True,2012-05-17,2022-03-04
XAUUSD,1,4,next_open,range_atr1,TueThu,20,2.25,4.0,1.7777777777777777,0,4,168,0.5476190476190477,1.6195664086057955,0.1280828835726064,21.517924440197874,3.025611106920053,17.1468091795033,54,1.7049453230710407,0.14151355538709995,53,1.6016728885977245,0.1326260782455963,61,1.5608758511581633,0.11224607052914543,1.5608758511581633,0.11224607052914543,True,2012-05-17,2022-03-04
XAUUSD,1,5,next_open,range_atr1,TueThu,20,2.5,3.75,1.5,0,4,168,0.5476190476190477,1.636244043176461,0.12073941007232529,20.28422089215065,2.9230499962280483,17.1468091795033,54,1.611815483973397,0.1134085615144177,53,1.7360720455237322,0.15185495372153016,61,1.5588022984903736,0.10019419710050816,1.5588022984903736,0.10019419710050816,True,2012-05-17,2022-03-04
XAUUSD,1,6,next_open,range_atr1,TueThu,20,2.5,3.0,1.2,0,4,168,0.5476190476190477,1.5849304903846524,0.11100168732388645,18.648283470412924,2.9230499962280483,17.1468091795033,54,1.6053164800053636,0.11220388018385628,53,1.597341425369982,0.1232342065659752,61,1.5538664805569358,0.09930919659816392,1.5538664805569358,0.09930919659816392,True,2012-05-17,2022-03-04
XAUUSD,1,7,next_open,range_atr1,TueThu,20,2.75,3.75,1.3636363636363635,0,4,168,0.5476190476190477,1.6042683802854443,0.10632455145747523,17.86252464485584,2.8391363602073145,17.1468091795033,54,1.5649133699593105,0.09804818723532918,53,1.6907876478313926,0.1330268156041173,61,1.5527552537628226,0.09045084110048923,1.5527552537628226,0.09045084110048923,True,2012-05-17,2022-03-04
XAUUSD,1,8,next_open,range_atr1,TueThu,20,1.5,3.375,2.25,0,4,168,0.5297619047619048,1.6367785878176546,0.19601130943390782,32.929899984896515,4.2252834677682465,17.1468091795033,54,1.7261330953043224,0.20452120274836239,53,1.6471528729924476,0.22112694391199805,61,1.552679949742922,0.16665618047785322,1.552679949742922,0.16665618047785322,True,2012-05-17,2022-03-04
XAUUSD,1,9,next_open,range_atr1,TueThu,14,3.0,0.75,0.25,0,12,236,0.8432203389830508,1.5833581526472655,0.07710805790923293,18.197501666578972,3.431148153603985,24.08718432358797,80,1.6150809106800215,0.0802916511592676,61,1.5916860467823537,0.07785413479702331,95,1.5520710832125464,0.07394807738125415,1.5520710832125464,0.07394807738125415,True,2012-05-17,2022-03-04
XAUUSD,1,10,next_open,range_atr1,TueThu,20,2.25,3.75,1.6666666666666667,0,4,168,0.5476190476190477,1.668889784262081,0.13827949864702282,23.230955772699836,3.025611106920053,17.1468091795033,54,1.6536956468116244,0.1312254895434786,53,1.8053665387555473,0.17752604049406095,61,1.5517741357719836,0.11042457690437313,1.5517741357719836,0.11042457690437313,True,2012-05-17,2022-03-04
XAUUSD,1,11,next_open,range_atr1,TueThu,20,2.75,3.0,1.0909090909090908,0,4,168,0.5476190476190477,1.5539576026436224,0.09747207623162177,16.375308806912457,2.8391363602073145,17.1468091795033,54,1.5586034800853645,0.0969530223893643,53,1.5556757326682253,0.10700795455361285,61,1.547838583293973,0.0896462951892672,1.547838583293973,0.0896462951892672,True,2012-05-17,2022-03-04
XAUUSD,1,12,next_open,range_atr1,TueThu,20,2.25,3.0,1.3333333333333333,0,4,168,0.5476190476190477,1.6165524422833164,0.12745980670431298,21.413247526324582,3.025611106920053,17.1468091795033,54,1.6470277777674247,0.1298869547317437,53,1.6610985516220826,0.14572521032122215,61,1.5468605719317159,0.10944124301287952,1.5468605719317159,0.10944124301287952,True,2012-05-17,2022-03-04
XAUUSD,1,13,next_open,range_atr1,TueThu,20,1.0,3.75,3.75,0,4,168,0.48214285714285715,1.6386788719838958,0.28659803514863985,48.1484699049715,7.592833876221498,17.1468091795033,54,1.6839410910036903,0.2945429099799371,53,1.69507103242351,0.3399398129045434,61,1.5427541213151916,0.23321873249367364,1.5427541213151916,0.23321873249367364,True,2012-05-17,2022-03-04
XAUUSD,1,14,next_open,range_atr1,TueThu,20,2.5,4.0,1.6,0,4,168,0.5476190476190477,1.5878854994499587,0.11156245650535049,18.74249269289888,2.9230499962280483,17.1468091795033,54,1.6617672522463651,0.12266782077367695,53,1.5401966682535604,0.11144498769791193,61,1.5679452365875626,0.10183354136280323,1.5401966682535604,0.10183354136280323,True,2012-05-17,2022-03-04
XAUUSD,1,15,next_open,range_atr1,TueThu,20,1.0,3.0,3.0,0,4,168,0.48214285714285715,1.58442799603634,0.26225372827754284,44.05862635062719,7.592833876221498,17.1468091795033,54,1.6769477885372344,0.29153120665353366,53,1.5487697496745993,0.26838794501565616,61,1.5376051173642937,0.23100623123781305,1.5376051173642937,0.23100623123781305,True,2012-05-17,2022-03-04
XAUUSD,1,16,next_open,range_atr1,MonThu,20,2.25,3.375,1.5,0,4,204,0.5588235294117647,1.6366150619825153,0.12559492702208594,25.62136511250553,3.8472429806517665,20.821125432254007,69,1.5359810940838428,0.1094472970009156,63,1.8492150771360722,0.17140228658127096,72,1.5409776282423542,0.10098829951142056,1.5359810940838428,0.10098829951142056,True,2012-05-17,2022-03-04
XAUUSD,1,17,next_open,range_atr1,TueThu,20,2.75,3.375,1.2272727272727273,0,4,168,0.5476190476190477,1.583339577189612,0.10264200629326352,17.243857057268272,2.8391363602073145,17.1468091795033,54,1.5304386144803714,0.09206463743842015,53,1.6289103574785884,0.12111094113866358,61,1.5864150050334196,0.09595879926630185,1.5304386144803714,0.09206463743842015,True,2012-05-17,2022-03-04
XAUUSD,1,18,next_open,range_atr1,TueThu,20,1.75,3.375,1.9285714285714286,0,4,168,0.5416666666666666,1.6783851995022983,0.1759807546142445,29.56476677519308,3.925245012955898,17.1468091795033,54,1.783149915448145,0.18332653212611372,53,1.7494735863807944,0.21117154800583174,61,1.529332522678769,0.13890232780448952,1.529332522678769,0.13890232780448952,True,2012-05-17,2022-03-04
XAUUSD,1,19,next_open,range_atr1,TueThu,20,2.5,5.0,2.0,0,4,168,0.5476190476190477,1.6174170414075386,0.11716662835218286,19.68399356316672,2.9230499962280483,17.1468091795033,54,1.8102973192632823,0.1501999471798813,53,1.528397733480174,0.1090108147051024,61,1.5298902448213423,0.09501021698496237,1.528397733480174,0.09501021698496237,True,2012-05-17,2022-03-04
XAUUSD,1,20,next_open,range_atr1,TueThu,20,2.5,4.5,1.8,0,4,168,0.5476190476190477,1.6021498968001984,0.1142693972454267,19.197258737231685,2.9230499962280483,17.1468091795033,54,1.7616707887923015,0.14118633929219546,53,1.528397733480174,0.1090108147051024,61,1.5298902448213423,0.09501021698496237,1.528397733480174,0.09501021698496237,True,2012-05-17,2022-03-04
XAUUSD,1,21,next_open,range_atr1,MonThu,20,2.5,4.0,1.6,0,4,204,0.5588235294117647,1.588015785923424,0.10649213453465851,21.724395445070336,3.6115905147092704,20.821125432254007,69,1.5791332744435764,0.10940005118346016,63,1.6618288493765312,0.12463170391931175,72,1.5249365876281389,0.08783325786798529,1.5249365876281389,0.08783325786798529,True,2012-05-17,2022-03-04
XAUUSD,1,22,next_open,range_atr1,TueThu,20,2.25,5.0,2.2222222222222223,0,4,168,0.5476190476190477,1.6496871530583377,0.1343097411801979,22.564036518273248,3.025611106920053,17.1468091795033,54,1.8573346800965802,0.17210480694954922,53,1.5894030049326116,0.12992144158691904,61,1.5229924377086028,0.10466459899821115,1.5229924377086028,0.10466459899821115,True,2012-05-17,2022-03-04
XAUUSD,1,23,next_open,range_atr1,TueThu,20,2.25,4.5,2.0,0,4,168,0.5476190476190477,1.6341154039807495,0.13109059550602437,22.023220045012096,3.025611106920053,17.1468091795033,54,1.8074446755898723,0.1620896870743428,53,1.5894030049326116,0.12992144158691904,61,1.5229924377086028,0.10466459899821115,1.5229924377086028,0.10466459899821115,True,2012-05-17,2022-03-04
XAUUSD,1,24,next_open,range_atr1,TueThu,20,3.0,3.75,1.25,0,4,168,0.5476190476190477,1.5657466469471073,0.09349591820109833,15.70731425778452,2.7692083301900405,17.1468091795033,54,1.520663676467752,0.08524787533608881,53,1.6467834052590493,0.11722426650503207,61,1.524977873307406,0.08018103057162336,1.520663676467752,0.08018103057162336,True,2012-05-17,2022-03-04
XAUUSD,1,25,next_open,range_atr1,TueThu,14,3.0,0.75,0.25,0,16,236,0.8516949152542372,1.5676603868651013,0.0768843151188875,18.14469836805745,3.851364098098969,24.08718432358797,80,1.6202333715862531,0.08066993186183002,61,1.5205864004990644,0.07296174863387979,95,1.5565473058001174,0.07621512792046718,1.5205864004990644,0.07296174863387979,True,2012-05-17,2022-03-04
XAUUSD,1,26,next_open,range_atr1,MonThu,20,2.75,4.0,1.4545454545454546,0,4,204,0.5588235294117647,1.5570212382166606,0.09353365268387304,19.0808651475101,3.465082286099335,20.821125432254007,69,1.5321153601176274,0.09418449975834982,63,1.621795966448341,0.10907573087150917,72,1.5195639354254948,0.07931060582331784,1.5195639354254948,0.07931060582331784,True,2012-05-17,2022-03-04
XAUUSD,1,27,next_open,range_atr1,TueThu,20,1.5,3.75,2.5,0,4,168,0.5297619047619048,1.6587115271942587,0.20276264223496263,34.06412389547372,4.2252834677682465,17.1468091795033,54,1.7650804743878108,0.21549104404269567,53,1.7110869756088245,0.24297271376532992,61,1.5191923243326027,0.15655825717386343,1.5191923243326027,0.15655825717386343,True,2012-05-17,2022-03-04
XAUUSD,1,28,next_open,range_atr1,MonThu,20,2.25,4.0,1.7777777777777777,0,4,204,0.5588235294117647,1.6197413313266014,0.12226598446813472,24.942260831499482,3.8472429806517665,20.821125432254007,69,1.6231539493321272,0.12724798714481894,63,1.722771615584357,0.14588142735876988,72,1.5186918737535366,0.09682805270700659,1.5186918737535366,0.09682805270700659,True,2012-05-17,2022-03-04
XAUUSD,1,29,next_open,range_atr1,TueThu,20,1.25,3.375,2.7,0,4,168,0.5238095238095238,1.6415647919209293,0.2356595964780801,39.59081220831746,5.0,17.1468091795033,54,1.8476587147675838,0.26765595408892146,53,1.6092311396779015,0.2556899156545615,61,1.5168769400231523,0.1899315599643269,1.5168769400231523,0.1899315599643269,True,2012-05-17,2022-03-04
XAUUSD,1,30,next_open,range_atr1,MonThu,20,2.5,3.75,1.5,0,4,204,0.5588235294117647,1.6270391475775852,0.1135594296290299,23.1661236443221,3.6115905147092704,20.821125432254007,69,1.5331009237963582,0.10070439900954711,63,1.8423553514193654,0.15862738962172077,72,1.5166358754420581,0.08644436897909641,1.5166358754420581,0.08644436897909641,True,2012-05-17,2022-03-04
XAUUSD,2,1,next_open,adxdi_atr,TueThu,28,0.5,4.5,9.0,0,16,93,0.22580645161290322,2.3872626785964637,1.0740098156875848,99.88291285894539,11.0,9.491983652939327,35,2.1772261994879183,0.9081459253192512,33,2.88,1.4242424242424243,25,2.05489027363858,0.8439122189108642,2.05489027363858,0.8439122189108642,True,2012-05-17,2022-03-04
XAUUSD,2,2,next_open,adxdi_atr,MonFri,28,0.5,4.0,8.0,0,24,160,0.225,2.151988149774846,0.8927908160755056,142.8465305720809,19.0,16.33029445666981,60,2.041057630254695,0.8154951436995111,54,2.3456264071330843,1.0216793091195642,46,2.0762816460459375,0.8423073751663859,2.041057630254695,0.8154951436995111,True,2012-05-17,2022-03-04
XAUUSD,2,3,next_open,adxdi_atr,MonThu,28,0.5,4.0,8.0,0,24,127,0.2204724409448819,2.09606599472729,0.8544136494330842,108.51053347800169,19.0,12.962171224981661,49,2.1034133847887015,0.855708339223891,46,2.134296822177147,0.8877105564864626,32,2.02984557030615,0.8045668518016797,2.02984557030615,0.8045668518016797,True,2012-05-17,2022-03-04
XAUUSD,2,4,next_open,adxdi_atr,TueThu,28,0.5,4.5,9.0,0,12,93,0.23655913978494625,2.415199792036895,1.0804213466088122,100.47918523461954,11.0,9.491983652939327,35,2.3482920036350183,1.0015883455574424,33,2.8106581661353833,1.371710731920745,25,2.0078569493362233,0.8062855594689786,2.0078569493362233,0.8062855594689786,True,2012-05-17,2022-03-04
XAUUSD,2,5,next_open,adxdi_atr,MonThu,28,0.5,4.0,8.0,0,10,127,0.2204724409448819,2.019202986851373,0.7944968165219363,100.9010956982859,19.0,12.962171224981661,49,2.03756697277214,0.8046437748028842,46,2.00815533877392,0.7889911346926332,32,2.0071983414833388,0.7868737042838582,2.0071983414833388,0.7868737042838582,True,2012-05-17,2022-03-04
XAUUSD,2,6,next_open,adxdi_atr,TueFri,20,0.75,2.0,2.6666666666666665,0,6,112,0.49107142857142855,2.1380253155429694,0.5453855059621081,61.083176667756106,6.400953029271612,11.431206119668866,43,2.3442279498822294,0.6391769357131729,35,2.0195490286393185,0.486967061333772,34,2.0026314017713975,0.48690356721787265,2.0026314017713975,0.48690356721787265,True,2012-05-17,2022-03-04
XAUUSD,2,7,next_open,adxdi_atr,TueFri,28,0.5,4.5,9.0,0,12,126,0.23809523809523808,2.427476442467804,1.0876010990230887,137.03773847690917,14.0,12.860106884627475,46,2.2587312027002993,0.9577302629241408,41,3.079858920986412,1.5218479909656673,39,1.986657379122785,0.7842661218668291,1.986657379122785,0.7842661218668291,True,2012-05-17,2022-03-04
XAUUSD,2,8,next_open,adxdi_atr,TueFri,28,0.5,4.5,9.0,0,16,126,0.23015873015873015,2.378312107735627,1.0610815432567922,133.69627445035582,14.0,12.860106884627475,46,2.1329196496159386,0.8866327692646478,41,3.0952657706744158,1.533121295615426,39,1.969457869159663,0.770594716511527,1.969457869159663,0.770594716511527,True,2012-05-17,2022-03-04
XAUUSD,2,9,next_open,adxdi_atr,TueFri,28,0.5,4.5,9.0,0,24,126,0.23015873015873015,2.385768995472541,1.0668221631812418,134.41959256083646,14.0,12.860106884627475,46,2.1503790745914997,0.9002966670716084,41,3.111199903135973,1.5447804169287607,39,1.9570951219826864,0.7607679174734173,1.9570951219826864,0.7607679174734173,True,2012-05-17,2022-03-04
XAUUSD,2,10,next_open,adxdi_atr,MonFri,28,0.5,3.75,7.5,0,24,160,0.225,2.0379853391287193,0.8044386378247573,128.71018205196117,19.16400290592081,16.33029445666981,60,1.9530502149329987,0.7465560016975157,54,2.21148006566967,0.9198274572677123,46,1.9512816460459375,0.7444812882098641,1.9512816460459375,0.7444812882098641,True,2012-05-17,2022-03-04
XAUUSD,2,11,next_open,adxdi_atr,TueFri,28,1.5,4.5,3.0,0,10,126,0.4603174603174603,2.0151103996094046,0.5273055649403838,66.44050118248836,5.0623729568679865,12.860106884627475,46,2.059948507398112,0.5132793622899472,41,2.0382220296941336,0.5362298604227332,39,1.94746482908267,0.5344673394825318,1.94746482908267,0.5132793622899472,True,2012-05-17,2022-03-04
XAUUSD,2,12,next_open,adxdi_atr,MonThu,28,0.5,4.0,8.0,0,12,127,0.2204724409448819,1.9918169049387222,0.7731486109364842,98.1898735889335,19.0,12.962171224981661,49,1.9421953818522304,0.7306821328649951,46,2.024389333875287,0.801696000424138,32,2.0203373223615353,0.7971385330949494,1.9421953818522304,0.7306821328649951,True,2012-05-17,2022-03-04
XAUUSD,2,13,next_open,adxdi_atr,TueFri,20,1.75,4.5,2.5714285714285716,0,8,112,0.5625,2.2215241862001442,0.4682343907385754,52.442251762720446,4.478088169178317,11.431206119668866,43,2.639478826848748,0.5534667952450423,35,1.9378758218852232,0.39415449428660554,34,2.0832753847377266,0.4366991843280128,1.9378758218852232,0.39415449428660554,True,2012-05-17,2022-03-04
XAUUSD,2,14,next_open,adxdi_atr,TueThu,28,0.5,4.5,9.0,0,10,93,0.23655913978494625,2.415625857342373,1.0807466222721342,100.50943587130848,11.0,9.491983652939327,35,2.5013641118593144,1.115299054524062,33,2.7091131882125024,1.2947827183428051,25,1.9373069628826876,0.7498455703061501,1.9373069628826876,0.7498455703061501,True,2012-05-17,2022-03-04
XAUUSD,2,15,next_open,adxdi_atr,TueThu,28,0.5,4.5,9.0,0,24,93,0.22580645161290322,2.3633303603187183,1.0554815692790078,98.15978594294774,11.0,9.491983652939327,35,2.200505432788666,0.9261041910083995,33,2.88,1.4242424242424243,25,1.9373069628826876,0.7498455703061501,1.9373069628826876,0.7498455703061501,True,2012-05-17,2022-03-04
XAUUSD,2,16,next_open,adxdi_atr,MonThu,28,0.5,4.5,9.0,0,10,127,0.2204724409448819,2.060146770375774,0.8264136241511939,104.95453026720162,18.0,12.962171224981661,49,2.000252171717192,0.7757057658214961,46,2.211196757083564,0.947893114239311,32,1.9336745794776005,0.7294332652168756,1.9336745794776005,0.7294332652168756,True,2012-05-17,2022-03-04
XAUUSD,2,17,next_open,adxdi_atr,TueFri,28,1.5,5.0,3.3333333333333335,0,8,126,0.5158730158730159,2.186467838609399,0.5196335441022127,65.4738265568788,5.342946742133172,12.860106884627475,46,2.696528548603187,0.6479576128537893,41,1.9218398629290931,0.44679811835938243,39,1.9777938869270433,0.4448475259710211,1.9218398629290931,0.4448475259710211,True,2012-05-17,2022-03-04
XAUUSD,2,18,next_open,adxdi_atr,TueFri,28,0.5,4.0,8.0,0,16,126,0.23809523809523808,2.3138453695236447,1.0010250434465864,126.12915547426988,14.0,12.860106884627475,46,2.2840513695399256,0.9769956072586389,41,2.7619324373410823,1.2892188565910359,39,1.9138511103270976,0.7263944723112826,1.9138511103270976,0.7263944723112826,True,2012-05-17,2022-03-04
XAUUSD,2,19,next_open,adxdi_atr,MonThu,28,0.5,4.0,8.0,0,16,127,0.2204724409448819,2.000061365715435,0.7795753953214809,99.00607520582807,19.0,12.962171224981661,49,1.912096267321808,0.7073399624128308,46,2.0337221095334685,0.8089999118088014,32,2.08529684417578,0.847888159512328,1.912096267321808,0.7073399624128308,True,2012-05-17,2022-03-04
XAUUSD,2,20,next_open,adxdi_atr,MonFri,28,0.5,4.0,8.0,0,12,160,0.225,2.057648603477606,0.8196776676951446,131.14842683122313,19.0,16.33029445666981,60,1.9107111597954203,0.7133904085064127,54,2.2684714511150763,0.9630986943651505,46,2.0093798006977845,0.7899494092417446,1.9107111597954203,0.7133904085064127,True,2012-05-17,2022-03-04
XAUUSD,2,21,next_open,adxdi_atr,MonThu,28,0.5,3.75,7.5,0,24,127,0.2204724409448819,1.988628130887697,0.77066287368411,97.87418495788197,19.5,12.962171224981661,49,2.02087789741713,0.7917012265683866,46,2.009296822177147,0.7898844695299408,32,1.90984557030615,0.7108168518016797,1.90984557030615,0.7108168518016797,True,2012-05-17,2022-03-04
XAUUSD,2,22,next_open,adxdi_atr,MonFri,28,0.5,4.5,9.0,0,12,160,0.225,2.117297765657758,0.8659057683847624,138.544922941562,19.0,16.33029445666981,60,1.9056859588702226,0.7094540011150078,54,2.5123738901394663,1.1482838795503356,46,1.9436209271928715,0.7384859430205083,1.9056859588702226,0.7094540011150078,True,2012-05-17,2022-03-04
XAUUSD,2,23,next_open,adxdi_atr,TueFri,20,1.75,4.0,2.2857142857142856,0,8,112,0.5625,2.124738238966322,0.43113442207069397,48.28705527191772,4.478088169178317,11.431206119668866,43,2.508966856098255,0.5094076460755274,35,1.9031890534604454,0.3795769293810269,34,1.9555655374964207,0.3852157047745325,1.9031890534604454,0.3795769293810269,True,2012-05-17,2022-03-04
XAUUSD,2,24,next_open,adxdi_atr,TueFri,28,1.75,4.5,2.5714285714285716,0,10,126,0.5158730158730159,2.128929077261727,0.517294724015601,65.17913522596572,5.053462534458275,12.860106884627475,46,2.322429218700964,0.553008756863673,41,1.8988892495088374,0.4417905978961526,39,2.1787054446984566,0.5545466127306283,1.8988892495088374,0.4417905978961526,True,2012-05-17,2022-03-04
XAUUSD,2,25,next_open,adxdi_atr,MonThu,28,0.5,3.75,7.5,0,10,127,0.2204724409448819,1.921518477732095,0.7183490495706883,91.23032929547742,19.5,12.962171224981661,49,1.9523841537358564,0.738583629427807,46,1.897044227662809,0.7020346129535027,32,1.90984557030615,0.7108168518016797,1.897044227662809,0.7020346129535027,True,2012-05-17,2022-03-04
XAUUSD,2,26,next_open,adxdi_atr,TueFri,28,0.5,4.0,8.0,0,24,126,0.23809523809523808,2.312623385142746,1.0000940077278064,126.0118449737036,14.0,12.860106884627475,46,2.2837059606277332,0.9767327961297971,41,2.7778665698026397,1.3008779779043704,39,1.8950367502468952,0.711439468144968,1.8950367502468952,0.711439468144968,True,2012-05-17,2022-03-04
XAUUSD,2,27,next_open,adxdi_atr,TueFri,28,1.5,4.5,3.0,0,12,126,0.4444444444444444,1.9562312971377218,0.5068171906046663,63.85896601618796,5.190237518447359,12.860106884627475,46,1.9826115664039978,0.4749566783017306,41,1.8940161148290873,0.49164980529493674,39,1.9933325816916343,0.5603414563388706,1.8940161148290873,0.4749566783017306,True,2012-05-17,2022-03-04
XAUUSD,2,28,next_open,adxdi_atr,MonThu,28,0.5,3.75,7.5,0,12,127,0.2204724409448819,1.9209701973753077,0.7179216499224843,91.1760495401555,19.5,12.962171224981661,49,1.8922986496659282,0.6919867079041894,46,1.9197656073923821,0.7198165623070818,32,1.9662855594689785,0.7549105933351395,1.8922986496659282,0.6919867079041894,True,2012-05-17,2022-03-04
XAUUSD,2,29,next_open,adxdi_atr,TueFri,28,1.5,4.5,3.0,0,8,126,0.5158730158730159,2.1424185502373017,0.5003414174325165,63.04301859649707,5.342946742133172,12.860106884627475,46,2.5447447295269874,0.5899865983610357,41,1.8920681058390294,0.43236831814893495,39,2.024430747458555,0.4660649750713614,1.8920681058390294,0.43236831814893495,True,2012-05-17,2022-03-04
XAUUSD,2,30,next_open,adxdi_atr,TueFri,28,1.75,5.0,2.857142857142857,0,10,126,0.5079365079365079,2.1233709919015435,0.5148138029655649,64.86653917366118,5.053462534458275,12.860106884627475,46,2.4858123582016667,0.6213317382301325,41,1.8919632587929935,0.43854735470300177,39,1.997627719343879,0.4693548121090261,1.8919632587929935,0.43854735470300177,True,2012-05-17,2022-03-04
