filter,sl_atr,rr,period,trades,wr,pf,ev,ev_comm,ev_stress,total,maxdd,positive_years,years
NONE,0.75,0.2,TRAIN_2012_2021,440,0.18181818181818182,0.04444444444444444,-0.7818181818181819,-0.8274072832225019,-0.850201833924662,-344.0,344.20000000000033,0,10
NONE,0.75,0.2,OOS_2022_2026,197,0.15736040609137056,0.03734939759036146,-0.8111675126903554,-0.861734834154518,-0.8870184948865992,-159.8,159.80000000000013,0,5
NONE,0.75,0.2,YTD_2026,28,0.25,0.06666666666666667,-0.7000000000000001,-0.7536979817164858,-0.7805469725747287,-19.6,19.6,0,1
NONE,0.75,0.2,FULL_2012_2026,637,0.17425431711145997,0.042205323193916344,-0.790894819466248,-0.8380234959911159,-0.8615878342535499,-503.79999999999995,503.8000000000007,0,15
NONE,0.75,0.25,TRAIN_2012_2021,440,0.18181818181818182,0.05555555555555555,-0.7727272727272727,-0.8183163741315927,-0.8411109248337528,-340.0,340.25,0,10
NONE,0.75,0.25,OOS_2022_2026,197,0.15228426395939088,0.04491017964071856,-0.8096446700507615,-0.8602119915149239,-0.8854956522470053,-159.5,159.5,0,5
NONE,0.75,0.25,YTD_2026,28,0.25,0.08333333333333333,-0.6875,-0.7411979817164861,-0.7680469725747286,-19.25,19.25,0,1
NONE,0.75,0.25,FULL_2012_2026,637,0.1726844583987441,0.05218216318785579,-0.7841444270015698,-0.8312731035264378,-0.8548374417888718,-499.5,499.5,0,15
NONE,0.75,0.3,TRAIN_2012_2021,440,0.18181818181818182,0.06666666666666665,-0.7636363636363637,-0.8092254650406837,-0.8320200157428436,-336.0,336.29999999999967,0,10
NONE,0.75,0.3,OOS_2022_2026,197,0.15228426395939088,0.053892215568862284,-0.8020304568527918,-0.8525977783169545,-0.8778814390490356,-158.0,157.99999999999991,0,5
NONE,0.75,0.3,YTD_2026,28,0.25,0.1,-0.6749999999999999,-0.728697981716486,-0.7555469725747288,-18.9,18.9,0,1
NONE,0.75,0.3,FULL_2012_2026,637,0.1726844583987441,0.06261859582542692,-0.7755102040816327,-0.8226388806065006,-0.8462032188689343,-494.00000000000006,493.9999999999993,0,15
NONE,0.75,0.4,TRAIN_2012_2021,440,0.175,0.08484848484848483,-0.755,-0.80058910140432,-0.8233836521064799,-332.2,332.5999999999999,0,10
NONE,0.75,0.4,OOS_2022_2026,197,0.15228426395939088,0.07185628742514973,-0.7868020304568528,-0.8373693519210155,-0.8626530126530967,-155.0,154.99999999999991,0,5
NONE,0.75,0.4,YTD_2026,28,0.25,0.13333333333333333,-0.65,-0.7036979817164859,-0.7305469725747288,-18.2,18.2,0,1
NONE,0.75,0.4,FULL_2012_2026,637,0.16797488226059654,0.08075471698113207,-0.7648351648351648,-0.8119638413600326,-0.8355281796224666,-487.2,487.2000000000006,0,15
NONE,0.75,0.5,TRAIN_2012_2021,440,0.16818181818181818,0.10109289617486339,-0.7477272727272727,-0.7933163741315928,-0.8161109248337528,-329.0,329.5,0,10
NONE,0.75,0.5,OOS_2022_2026,197,0.14213197969543148,0.08284023668639054,-0.7868020304568528,-0.8373693519210155,-0.8626530126530967,-155.0,155.0,0,5
NONE,0.75,0.5,YTD_2026,28,0.21428571428571427,0.13636363636363635,-0.6785714285714286,-0.7322694102879146,-0.7591184011461573,-19.0,19.0,0,1
NONE,0.75,0.5,FULL_2012_2026,637,0.16012558869701726,0.09532710280373832,-0.7598116169544741,-0.806940293479342,-0.830504631741776,-484.0,484.0,0,15
NONE,0.75,0.6,TRAIN_2012_2021,440,0.16818181818181818,0.12131147540983606,-0.730909090909091,-0.7764981923134109,-0.799292743015571,-321.6,322.20000000000016,0,10
NONE,0.75,0.6,OOS_2022_2026,197,0.13705583756345177,0.09529411764705882,-0.7807106598984772,-0.8312779813626399,-0.856561642094721,-153.8,153.8000000000001,0,5
NONE,0.75,0.6,YTD_2026,28,0.17857142857142858,0.13043478260869565,-0.7142857142857143,-0.7679836960022002,-0.794832686860443,-20.0,20.0,0,1
NONE,0.75,0.6,FULL_2012_2026,637,0.15855572998430142,0.1130597014925373,-0.7463108320251178,-0.7934395085499856,-0.8170038468124197,-475.40000000000003,475.3999999999995,0,15
NONE,0.75,0.75,TRAIN_2012_2021,440,0.16590909090909092,0.14918256130790192,-0.709659090909091,-0.755248192313411,-0.778042743015571,-312.25,313.0,0,10
NONE,0.75,0.75,OOS_2022_2026,197,0.1218274111675127,0.10404624277456648,-0.7868020304568528,-0.8373693519210155,-0.8626530126530967,-155.0,155.0,0,5
NONE,0.75,0.75,YTD_2026,28,0.14285714285714285,0.125,-0.75,-0.8036979817164859,-0.8305469725747286,-21.0,21.0,0,1
NONE,0.75,0.75,FULL_2012_2026,637,0.152276295133438,0.13472222222222222,-0.7335164835164835,-0.7806451600413514,-0.8042094983037854,-467.25,467.25,0,15
NONE,0.75,1.0,TRAIN_2012_2021,440,0.15681818181818183,0.18598382749326145,-0.6863636363636364,-0.7319527377679564,-0.7547472884701165,-302.0,303.0,0,10
NONE,0.75,1.0,OOS_2022_2026,197,0.1065989847715736,0.11931818181818182,-0.7868020304568528,-0.8373693519210155,-0.8626530126530967,-155.0,155.0,0,5
NONE,0.75,1.0,YTD_2026,28,0.14285714285714285,0.16666666666666666,-0.7142857142857143,-0.7679836960022002,-0.794832686860443,-20.0,20.0,0,1
NONE,0.75,1.0,FULL_2012_2026,637,0.141287284144427,0.16453382084095064,-0.717425431711146,-0.7645541082360139,-0.7881184464984479,-457.0,457.0,0,15
NONE,1.0,0.2,TRAIN_2012_2021,440,0.39090909090909093,0.12835820895522385,-0.5309090909090909,-0.565100916962331,-0.582196829988951,-233.6,234.00000000000023,0,10
NONE,1.0,0.2,OOS_2022_2026,197,0.3604060913705584,0.11269841269841264,-0.5675126903553298,-0.6054381814534519,-0.6244009270025128,-111.79999999999998,111.79999999999987,0,5
NONE,1.0,0.2,YTD_2026,28,0.39285714285714285,0.12941176470588237,-0.5285714285714286,-0.568844914858793,-0.5889816580024752,-14.8,14.799999999999997,0,1
NONE,1.0,0.2,FULL_2012_2026,637,0.3814756671899529,0.12335025380710662,-0.5422291993720565,-0.5775757067657074,-0.5952489604625328,-345.4,345.60000000000105,0,15
NONE,1.0,0.25,TRAIN_2012_2021,440,0.3840909090909091,0.1559040590405904,-0.5198863636363636,-0.5540781896896037,-0.5711741027162237,-228.75,229.25,0,10
NONE,1.0,0.25,OOS_2022_2026,197,0.350253807106599,0.134765625,-0.5621827411167513,-0.6001082322148732,-0.6190709777639342,-110.75,110.75,0,5
NONE,1.0,0.25,YTD_2026,28,0.39285714285714285,0.16176470588235295,-0.5089285714285714,-0.5492020577159358,-0.569338800859618,-14.25,14.25,0,1
NONE,1.0,0.25,FULL_2012_2026,637,0.37362637362637363,0.14912280701754385,-0.532967032967033,-0.5683135403606839,-0.5859867940575094,-339.5,339.75,0,15
NONE,1.0,0.3,TRAIN_2012_2021,440,0.3795454545454545,0.1835164835164835,-0.5065909090909092,-0.5407827351441492,-0.5578786481707692,-222.90000000000003,223.49999999999983,0,10
NONE,1.0,0.3,OOS_2022_2026,197,0.34517766497461927,0.15813953488372096,-0.551269035532995,-0.5891945266311168,-0.6081572721801778,-108.60000000000001,108.60000000000011,0,5
NONE,1.0,0.3,YTD_2026,28,0.39285714285714285,0.1941176470588235,-0.48928571428571427,-0.5295592005730787,-0.5496959437167608,-13.7,13.700000000000003,0,1
NONE,1.0,0.3,FULL_2012_2026,637,0.36891679748822603,0.17537313432835813,-0.5204081632653063,-0.555754670658957,-0.5734279243557824,-331.50000000000006,331.79999999999905,0,15
NONE,1.0,0.4,TRAIN_2012_2021,440,0.36363636363636365,0.22857142857142854,-0.4909090909090909,-0.525100916962331,-0.5421968299889509,-216.0,216.79999999999967,0,10
NONE,1.0,0.4,OOS_2022_2026,197,0.3350253807106599,0.20152671755725188,-0.5309644670050762,-0.5688899581031981,-0.587852703652259,-104.6,104.59999999999982,0,5
NONE,1.0,0.4,YTD_2026,28,0.35714285714285715,0.2222222222222222,-0.5,-0.5402734862873644,-0.5604102294310465,-14.0,13.999999999999998,0,1
NONE,1.0,0.4,FULL_2012_2026,637,0.35478806907378335,0.2199513381995134,-0.5032967032967033,-0.5386432106903541,-0.5563164643871796,-320.6,321.0000000000004,0,15
NONE,1.0,0.5,TRAIN_2012_2021,440,0.3477272727272727,0.2665505226480836,-0.4784090909090909,-0.512600916962331,-0.529696829988951,-210.5,211.5,0,10
NONE,1.0,0.5,OOS_2022_2026,197,0.3147208121827411,0.22962962962962963,-0.5279187817258884,-0.5658442728240102,-0.5848070183730713,-104.0,104.0,0,5
NONE,1.0,0.5,YTD_2026,28,0.25,0.16666666666666666,-0.625,-0.6652734862873644,-0.6854102294310466,-17.5,17.5,0,1
NONE,1.0,0.5,FULL_2012_2026,637,0.33751962323390894,0.254739336492891,-0.4937205651491366,-0.5290670725427875,-0.546740326239613,-314.5,315.0,0,15
NONE,1.0,0.6,TRAIN_2012_2021,440,0.32727272727272727,0.29189189189189185,-0.4763636363636364,-0.5105554624168764,-0.5276513754434965,-209.6,210.8000000000003,0,10
NONE,1.0,0.6,OOS_2022_2026,197,0.27918781725888325,0.23239436619718315,-0.5532994923857868,-0.5912249834839086,-0.6101877290329697,-109.0,109.00000000000011,0,5
NONE,1.0,0.6,YTD_2026,28,0.25,0.2,-0.6,-0.6402734862873645,-0.6604102294310467,-16.8,16.800000000000004,0,1
NONE,1.0,0.6,FULL_2012_2026,637,0.31240188383045525,0.27260273972602733,-0.5001569858712717,-0.5355034932649225,-0.5531767469617479,-318.6,319.1999999999998,0,15
NONE,1.0,0.75,TRAIN_2012_2021,440,0.29772727272727273,0.3179611650485437,-0.47897727272727275,-0.5131690987805128,-0.5302650118071327,-210.75,212.25,0,10
NONE,1.0,0.75,OOS_2022_2026,197,0.25888324873096447,0.261986301369863,-0.5469543147208121,-0.5848798058189341,-0.6038425513679951,-107.75,107.75,0,5
NONE,1.0,0.75,YTD_2026,28,0.25,0.25,-0.5625,-0.6027734862873644,-0.6229102294310466,-15.75,15.75,0,1
NONE,1.0,0.75,FULL_2012_2026,637,0.2857142857142857,0.3,-0.5,-0.535346507393651,-0.5530197610904763,-318.5,319.25,0,15
NONE,1.0,1.0,TRAIN_2012_2021,440,0.26136363636363635,0.35384615384615387,-0.4772727272727273,-0.5114645533259673,-0.5285604663525872,-210.0,212.0,0,10
NONE,1.0,1.0,OOS_2022_2026,197,0.17766497461928935,0.21604938271604937,-0.6446700507614214,-0.6825955418595433,-0.7015582874086042,-127.0,127.0,0,5
NONE,1.0,1.0,YTD_2026,28,0.14285714285714285,0.16666666666666666,-0.7142857142857143,-0.7545592005730787,-0.774695943716761,-20.0,20.0,0,1
NONE,1.0,1.0,FULL_2012_2026,637,0.23547880690737832,0.3080082135523614,-0.5290423861852434,-0.5643888935788943,-0.5820621472757196,-337.0,338.0,0,15
NONE,1.25,0.2,TRAIN_2012_2021,440,0.575,0.27058823529411763,-0.30999999999999994,-0.337353460842592,-0.351030191263888,-136.39999999999998,136.79999999999964,0,10
NONE,1.25,0.2,OOS_2022_2026,197,0.5736040609137056,0.2690476190476191,-0.31167512690355326,-0.3420155197820508,-0.3571857162212996,-61.39999999999999,61.39999999999987,0,5
NONE,1.25,0.2,YTD_2026,28,0.6071428571428571,0.30909090909090914,-0.2714285714285714,-0.3036473604584629,-0.31975675497340866,-7.6,7.799999999999999,0,1
NONE,1.25,0.2,FULL_2012_2026,637,0.5745682888540031,0.270110701107011,-0.31051805337519617,-0.338795259290117,-0.35293386224757733,-197.79999999999995,198.00000000000094,0,15
NONE,1.25,0.25,TRAIN_2012_2021,440,0.5636363636363636,0.3229166666666667,-0.29545454545454547,-0.3228080062971375,-0.33648473671843343,-130.0,130.5,0,10
NONE,1.25,0.25,OOS_2022_2026,197,0.5634517766497462,0.3226744186046512,-0.2956852791878173,-0.3260256720663148,-0.34119586850556355,-58.25,58.25,0,5
NONE,1.25,0.25,YTD_2026,28,0.5714285714285714,0.3333333333333333,-0.2857142857142857,-0.3179330747441772,-0.3340424692591229,-8.0,8.5,0,1
NONE,1.25,0.25,FULL_2012_2026,637,0.5635792778649922,0.322841726618705,-0.29552590266875983,-0.32380310858368055,-0.3379417115411409,-188.25,188.5,0,15
NONE,1.25,0.3,TRAIN_2012_2021,440,0.5454545454545454,0.35999999999999993,-0.2909090909090909,-0.31826255175168294,-0.33193928217297897,-128.0,128.60000000000042,0,10
NONE,1.25,0.3,OOS_2022_2026,197,0.5583756345177665,0.379310344827586,-0.27411167512690354,-0.3044520680054011,-0.31962226444464986,-54.0,54.000000000000114,0,5
NONE,1.25,0.3,YTD_2026,28,0.5714285714285714,0.39999999999999997,-0.2571428571428572,-0.2893616461727486,-0.30547104068769443,-7.200000000000001,8.000000000000002,0,1
NONE,1.25,0.3,FULL_2012_2026,637,0.5494505494505495,0.3658536585365853,-0.28571428571428575,-0.3139914916292064,-0.3281300945866668,-182.00000000000003,182.29999999999916,0,15
NONE,1.25,0.4,TRAIN_2012_2021,440,0.5227272727272727,0.4380952380952381,-0.2681818181818182,-0.29553527902441024,-0.3092120094457062,-118.0,118.99999999999977,0,10
NONE,1.25,0.4,OOS_2022_2026,197,0.5228426395939086,0.4382978723404254,-0.26802030456852793,-0.2983606974470254,-0.3135308938862742,-52.800000000000004,52.80000000000009,0,5
NONE,1.25,0.4,YTD_2026,28,0.4642857142857143,0.34666666666666673,-0.35,-0.3822187890298915,-0.3983281835448372,-9.799999999999999,9.799999999999997,0,1
NONE,1.25,0.4,FULL_2012_2026,637,0.5227629513343799,0.4381578947368421,-0.2681318681318681,-0.29640907404678885,-0.31054767700424923,-170.8,171.39999999999918,0,15
NONE,1.25,0.5,TRAIN_2012_2021,440,0.49318181818181817,0.48654708520179374,-0.26022727272727275,-0.28758073356986474,-0.3012574639911607,-114.5,116.0,0,10
NONE,1.25,0.5,OOS_2022_2026,197,0.4873096446700508,0.47966638998325056,-0.2643124387097469,-0.29465283158824446,-0.30982302802749323,-52.06955042582014,52.06955042582014,0,5
NONE,1.25,0.5,YTD_2026,28,0.4642857142857143,0.43333333333333335,-0.30357142857142855,-0.33579021760132,-0.35189961211626575,-8.5,8.5,0,1
NONE,1.25,0.5,FULL_2012_2026,637,0.4913657770800628,0.48441581632724595,-0.2614906600091368,-0.2897678659240575,-0.30390646888151795,-166.56955042582013,167.56955042582015,0,15
NONE,1.25,0.6,TRAIN_2012_2021,440,0.45227272727272727,0.4970813836562945,-0.27455026282046574,-0.3019037236630577,-0.3155804540843537,-120.80211564100492,122.80211564100509,0,10
NONE,1.25,0.6,OOS_2022_2026,197,0.4517766497461929,0.5032856790989858,-0.2675267043314537,-0.2978670972099513,-0.31303729364919997,-52.70276075329638,52.70276075329632,0,5
NONE,1.25,0.6,YTD_2026,28,0.4642857142857143,0.5199999999999999,-0.2571428571428572,-0.2893616461727486,-0.3054710406876944,-7.200000000000001,7.200000000000003,0,1
NONE,1.25,0.6,FULL_2012_2026,637,0.4521193092621664,0.498982289245187,-0.27237814190628146,-0.3006553478212022,-0.31479395077866257,-173.50487639430128,174.904876394302,0,15
NONE,1.25,0.75,TRAIN_2012_2021,440,0.41818181818181815,0.5407478682274164,-0.2663684446386475,-0.29372190548123944,-0.30739863590253547,-117.2021156410049,119.9521156410049,0,10
NONE,1.25,0.75,OOS_2022_2026,197,0.39086294416243655,0.48898094872340336,-0.3063591916410984,-0.336699584519596,-0.3518697809588447,-60.35276075329639,60.60276075329639,0,5
NONE,1.25,0.75,YTD_2026,28,0.39285714285714285,0.4852941176470588,-0.3125,-0.34471878902989145,-0.3608281835448372,-8.75,9.0,0,1
NONE,1.25,0.75,FULL_2012_2026,637,0.4097331240188383,0.52437032671719,-0.2787360696927807,-0.3070132756077014,-0.32115187856516175,-177.5548763943013,179.8048763943013,0,15
NONE,1.25,1.0,TRAIN_2012_2021,440,0.3795454545454545,0.6096451417358676,-0.2414895869778215,-0.2688430478204135,-0.2825197782417095,-106.25541827024146,110.25541827024145,0,10
NONE,1.25,1.0,OOS_2022_2026,197,0.3248730964467005,0.49152387980846535,-0.33607769311269076,-0.3664180859911883,-0.3815882824304371,-66.20730554320008,66.20730554320008,0,5
NONE,1.25,1.0,YTD_2026,28,0.2857142857142857,0.4,-0.42857142857142855,-0.46079021760132,-0.47689961211626575,-12.0,12.0,0,1
NONE,1.25,1.0,FULL_2012_2026,637,0.3626373626373626,0.5714247362650691,-0.27074210959723943,-0.2990193155121602,-0.3131579184696206,-172.46272381344153,175.46272381344156,0,15
NONE,1.5,0.2,TRAIN_2012_2021,440,0.7159090909090909,0.5039999999999999,-0.1409090909090909,-0.16370364161125092,-0.17510091696233093,-61.99999999999999,64.19999999999982,0,10
NONE,1.5,0.2,OOS_2022_2026,197,0.6751269035532995,0.4156249999999999,-0.18984771573604065,-0.2151313764681219,-0.22777320683416252,-37.400000000000006,37.60000000000004,1,5
NONE,1.5,0.2,YTD_2026,28,0.6428571428571429,0.36000000000000004,-0.2285714285714286,-0.25542041942967153,-0.2688449148587929,-6.4,7.199999999999999,0,1
NONE,1.5,0.2,FULL_2012_2026,637,0.7032967032967034,0.4740740740740741,-0.15604395604395604,-0.17960829430638997,-0.19139046343760696,-99.4,100.99999999999943,1,15
NONE,1.5,0.25,TRAIN_2012_2021,440,0.6886363636363636,0.5529197080291971,-0.13920454545454544,-0.1619990961567055,-0.17339637150778545,-61.25,62.5,0,10
NONE,1.5,0.25,OOS_2022_2026,197,0.6649746192893401,0.4962121212121212,-0.16878172588832488,-0.19406538662040612,-0.2067072169864468,-33.25,33.5,1,5
NONE,1.5,0.25,YTD_2026,28,0.6071428571428571,0.38636363636363635,-0.24107142857142858,-0.2679204194296715,-0.28134491485879287,-6.75,7.75,0,1
NONE,1.5,0.25,FULL_2012_2026,637,0.6813186813186813,0.5344827586206896,-0.14835164835164835,-0.1719159866140823,-0.18369815574529927,-94.5,95.0,1,15
NONE,1.5,0.3,TRAIN_2012_2021,440,0.6772727272727272,0.6295774647887323,-0.11954545454545455,-0.1423400052476146,-0.1537372805986946,-52.6,55.2000000000001,0,10
NONE,1.5,0.3,OOS_2022_2026,197,0.6395939086294417,0.5323943661971827,-0.1685279187817259,-0.19381157951380718,-0.20645340987984784,-33.2,33.49999999999994,1,5
NONE,1.5,0.3,YTD_2026,28,0.5357142857142857,0.3461538461538461,-0.30357142857142855,-0.3304204194296715,-0.34384491485879304,-8.5,8.5,0,1
NONE,1.5,0.3,FULL_2012_2026,637,0.6656200941915228,0.597183098591549,-0.1346938775510204,-0.15825821581345434,-0.17004038494467133,-85.8,86.80000000000052,1,15
NONE,1.5,0.4,TRAIN_2012_2021,440,0.6227272727272727,0.6602409638554215,-0.1281818181818182,-0.15097636888397817,-0.16237364423505818,-56.400000000000006,61.6000000000001,0,10
NONE,1.5,0.4,OOS_2022_2026,197,0.5736040609137056,0.5441983009682436,-0.1921723791278348,-0.21745603985991604,-0.23009787022595668,-37.85795868818346,38.25795868818353,0,5
NONE,1.5,0.4,YTD_2026,28,0.5,0.4000000000000001,-0.29999999999999993,-0.3268489908582429,-0.3402734862873644,-8.399999999999999,8.399999999999997,0,1
NONE,1.5,0.4,FULL_2012_2026,637,0.6075353218210361,0.6215420732400971,-0.14797167768945596,-0.17153601595188991,-0.18331818508310688,-94.25795868818345,95.65795868818319,0,15
NONE,1.5,0.5,TRAIN_2012_2021,440,0.5590909090909091,0.6398171150085363,-0.1573691699433338,-0.18016372064549382,-0.1915609959965738,-69.24243477506687,75.74243477506687,0,10
NONE,1.5,0.5,OOS_2022_2026,197,0.5380710659898477,0.5949331855589041,-0.18317580690903715,-0.20845946764111845,-0.22110129800715908,-36.08563396108032,36.58563396108032,0,5
NONE,1.5,0.5,YTD_2026,28,0.5,0.5,-0.25,-0.2768489908582429,-0.2902734862873643,-7.0,7.0,0,1
NONE,1.5,0.5,FULL_2012_2026,637,0.5525902668759811,0.6256041240060813,-0.1653501863989752,-0.18891452466140912,-0.20069669379262614,-105.3280687361472,107.32806873614719,0,15
NONE,1.5,0.6,TRAIN_2012_2021,440,0.5318181818181819,0.6874183621764162,-0.14509644267060653,-0.16789099337276658,-0.17928826872384657,-63.84243477506688,73.04243477506682,1,10
NONE,1.5,0.6,OOS_2022_2026,197,0.48223350253807107,0.5695123040551977,-0.218708801832895,-0.24399246256497636,-0.25663429293101697,-43.08563396108032,44.08563396108024,0,5
NONE,1.5,0.6,YTD_2026,28,0.42857142857142855,0.4499999999999999,-0.31428571428571433,-0.3411347051439573,-0.3545592005730787,-8.8,8.800000000000002,0,1
NONE,1.5,0.6,FULL_2012_2026,637,0.5164835164835165,0.6486421079060769,-0.16786196033932055,-0.19142629860175453,-0.20320846773297147,-106.92806873614718,109.5280687361477,1,15
NONE,1.5,0.75,TRAIN_2012_2021,440,0.48863636363636365,0.7201742612336623,-0.14197495280665692,-0.16476950350881694,-0.17616677885989696,-62.468979234929044,70.46897923492904,0,10
NONE,1.5,0.75,OOS_2022_2026,197,0.43147208121827413,0.5839369009446109,-0.2305723584737736,-0.2558560192058549,-0.26849784957189554,-45.4227546193334,47.1727546193334,0,5
NONE,1.5,0.75,YTD_2026,28,0.2857142857142857,0.3,-0.5,-0.526848990858243,-0.5402734862873644,-14.0,14.0,0,1
NONE,1.5,0.75,FULL_2012_2026,637,0.47095761381475665,0.6754307946913574,-0.16937477842113413,-0.19293911668356806,-0.20472128581478508,-107.89173385426244,110.14173385426244,0,15
NONE,1.5,1.0,TRAIN_2012_2021,440,0.4318181818181818,0.7604424107306536,-0.13464580664889683,-0.15744035735105688,-0.16883763270213686,-59.24415492551461,69.67304114010457,2,10
NONE,1.5,1.0,OOS_2022_2026,197,0.39593908629441626,0.6653475677091395,-0.1973476898441077,-0.22263135057618896,-0.23527318094222963,-38.87749489928922,41.87749489928922,1,5
NONE,1.5,1.0,YTD_2026,28,0.25,0.3333333333333333,-0.5,-0.526848990858243,-0.5402734862873644,-14.0,14.0,0,1
NONE,1.5,1.0,FULL_2012_2026,637,0.4207221350078493,0.7300488491574696,-0.1540371268835225,-0.1776014651459564,-0.18938363427717342,-98.12164982480382,108.55053603939379,3,15
NONE,1.75,0.2,TRAIN_2012_2021,440,0.7772727272727272,0.6979591836734692,-0.06727272727272726,-0.08681091358886442,-0.09658000674693301,-29.599999999999994,31.200000000000063,1,10
NONE,1.75,0.2,OOS_2022_2026,197,0.7360406091370558,0.5576923076923076,-0.116751269035533,-0.13842297823445981,-0.1492588328339232,-23.0,23.20000000000006,1,5
NONE,1.75,0.2,YTD_2026,28,0.6785714285714286,0.4222222222222223,-0.18571428571428572,-0.20872770644992245,-0.22023441681774086,-5.2,5.799999999999998,0,1
NONE,1.75,0.2,FULL_2012_2026,637,0.7645211930926217,0.6493333333333333,-0.08257456828885401,-0.10277257251379737,-0.11287157462626907,-52.6,53.59999999999981,2,15
NONE,1.75,0.25,TRAIN_2012_2021,440,0.7568181818181818,0.7780373831775701,-0.05397727272727273,-0.07351545904340988,-0.08328455220147847,-23.75,26.5,4,10
NONE,1.75,0.25,OOS_2022_2026,197,0.7157360406091371,0.6294642857142857,-0.10532994923857868,-0.1270016584375055,-0.1378375130369689,-20.75,21.5,1,5
NONE,1.75,0.25,YTD_2026,28,0.6071428571428571,0.38636363636363635,-0.24107142857142858,-0.26408484930706533,-0.27559155967488375,-6.75,6.75,0,1
NONE,1.75,0.25,FULL_2012_2026,637,0.7441130298273155,0.7269938650306749,-0.06985871271585557,-0.09005671694079896,-0.10015571905327064,-44.5,46.5,5,15
NONE,1.75,0.3,TRAIN_2012_2021,440,0.725,0.7909090909090908,-0.05750000000000001,-0.07703818631613717,-0.08680727947420576,-25.300000000000004,27.99999999999995,1,10
NONE,1.75,0.3,OOS_2022_2026,197,0.6751269035532995,0.6234375000000001,-0.12233502538071067,-0.14400673457963747,-0.15484258917910088,-24.1,25.299999999999947,1,5
NONE,1.75,0.3,YTD_2026,28,0.5714285714285714,0.39999999999999997,-0.2571428571428572,-0.2801562778784939,-0.2916629882463123,-7.200000000000001,7.200000000000002,0,1
NONE,1.75,0.3,FULL_2012_2026,637,0.7095761381475667,0.7329729729729728,-0.07755102040816328,-0.09774902463310665,-0.10784802674557832,-49.400000000000006,50.50000000000012,2,15
NONE,1.75,0.4,TRAIN_2012_2021,440,0.6454545454545455,0.7402919698709265,-0.09057492738551977,-0.11011311370165693,-0.11988220685972549,-39.8529680496287,45.652968049628754,2,10
NONE,1.75,0.4,OOS_2022_2026,197,0.6395939086294417,0.7194893796660322,-0.09974456282023257,-0.12141627201915936,-0.13225212661862276,-19.649678875585817,22.249678875585836,2,5
NONE,1.75,0.4,YTD_2026,28,0.5714285714285714,0.5333333333333333,-0.19999999999999998,-0.22301342073563676,-0.23452013110345518,-5.6,5.599999999999998,0,1
NONE,1.75,0.4,FULL_2012_2026,637,0.6436420722135008,0.7337720705154579,-0.09341074870520333,-0.11360875293014666,-0.12370775504261838,-59.50264692521452,61.30264692521478,4,15
NONE,1.75,0.5,TRAIN_2012_2021,440,0.6068181818181818,0.7832072478851201,-0.08398401829461066,-0.10352220461074783,-0.11329129776881644,-36.952968049628694,43.952968049628694,1,10
NONE,1.75,0.5,OOS_2022_2026,197,0.583756345177665,0.7200110962124517,-0.11268616177003046,-0.13435787096895727,-0.14519372556842067,-22.199173868696,25.48666854265091,2,5
NONE,1.75,0.5,YTD_2026,28,0.5,0.5,-0.25,-0.2730134207356368,-0.2845201311034552,-7.0,7.0,0,1
NONE,1.75,0.5,FULL_2012_2026,637,0.5996860282574569,0.7631440352423657,-0.0928605053662868,-0.11305850959123018,-0.12315751170370189,-59.152141918324695,61.65214191832469,3,15
NONE,1.75,0.6,TRAIN_2012_2021,440,0.5659090909090909,0.7927707456464989,-0.08875674556733797,-0.10829493188347512,-0.11806402504154369,-39.0529680496287,45.463432920768035,4,10
NONE,1.75,0.6,OOS_2022_2026,197,0.5126903553299492,0.6505668493082637,-0.16382664324176247,-0.1854983524406893,-0.1963342070401527,-32.27384871862721,35.46134339258207,1,5
NONE,1.75,0.6,YTD_2026,28,0.35714285714285715,0.33333333333333326,-0.42857142857142855,-0.4515848493070654,-0.4630915596748838,-12.0,12.000000000000002,0,1
NONE,1.75,0.6,FULL_2012_2026,637,0.5494505494505495,0.7459993754493559,-0.11197302475393392,-0.13217102897887728,-0.14227003109134898,-71.32681676825591,74.13728163939514,5,15
NONE,1.75,0.75,TRAIN_2012_2021,440,0.5181818181818182,0.8071836472450384,-0.09178626675688838,-0.11132445307302553,-0.12109354623109411,-40.385957373030884,53.50840731453662,2,10
NONE,1.75,0.75,OOS_2022_2026,197,0.48223350253807107,0.7105069432626537,-0.14454165062624064,-0.16621335982516744,-0.17704921442463087,-28.474705173369408,31.512199847324318,1,5
NONE,1.75,0.75,YTD_2026,28,0.35714285714285715,0.4166666666666667,-0.375,-0.3980134207356367,-0.4095201311034552,-10.5,10.5,0,1
NONE,1.75,0.75,FULL_2012_2026,637,0.5070643642072213,0.7762909955621591,-0.1081015110618529,-0.12829951528679628,-0.13839851739926798,-68.86066254640029,79.23311248790601,3,15
NONE,1.75,1.0,TRAIN_2012_2021,440,0.45454545454545453,0.8311226434276286,-0.0905672827132215,-0.11010546902935865,-0.11987456218742726,-39.84960439381746,60.97205433532319,4,10
NONE,1.75,1.0,OOS_2022_2026,197,0.4365482233502538,0.7932101455600429,-0.11035277888164938,-0.1320244880805762,-0.14286034268003958,-21.73949743968493,26.52699211363984,1,5
NONE,1.75,1.0,YTD_2026,28,0.32142857142857145,0.47368421052631576,-0.35714285714285715,-0.38015627787849393,-0.39166298824631235,-10.0,10.0,0,1
NONE,1.75,1.0,FULL_2012_2026,637,0.4489795918367347,0.8194377211497419,-0.09668618812166781,-0.11688419234661117,-0.12698319445908288,-61.58910183350239,82.71155177500812,5,15
NONE,2.0,0.2,TRAIN_2012_2021,440,0.8022727272727272,0.8114942528735631,-0.03727272727272727,-0.05436864029934728,-0.0629165968126573,-16.4,18.600000000000048,4,10
NONE,2.0,0.2,OOS_2022_2026,197,0.7969543147208121,0.7849999999999999,-0.043654822335025385,-0.06261756788408633,-0.0720989406586168,-8.600000000000001,12.599999999999998,2,5
NONE,2.0,0.2,YTD_2026,28,0.75,0.6000000000000002,-0.09999999999999999,-0.1201367431436822,-0.1302051147155233,-2.8,3.4,0,1
NONE,2.0,0.2,FULL_2012_2026,637,0.8006279434850864,0.8031496062992126,-0.0392464678178964,-0.05691972151472184,-0.06575634836313457,-25.000000000000004,28.200000000000124,6,15
NONE,2.0,0.25,TRAIN_2012_2021,440,0.7795454545454545,0.884020618556701,-0.02556818181818182,-0.04266409484480183,-0.05121205135811184,-11.25,15.25,3,10
NONE,2.0,0.25,OOS_2022_2026,197,0.7563451776649747,0.7760416666666666,-0.05456852791878172,-0.07353127346784269,-0.08301264624237317,-10.75,13.25,2,5
NONE,2.0,0.25,YTD_2026,28,0.6071428571428571,0.38636363636363635,-0.24107142857142858,-0.26120817171511074,-0.27127654328695183,-6.75,7.0,0,1
NONE,2.0,0.25,FULL_2012_2026,637,0.7723704866562009,0.8482758620689655,-0.03453689167974882,-0.05221014537657428,-0.06104677222498701,-22.0,24.75,5,15
NONE,2.0,0.3,TRAIN_2012_2021,440,0.7363636363636363,0.8379310344827585,-0.04272727272727274,-0.059823185753892755,-0.06837114226720276,-18.800000000000004,23.999999999999964,4,10
NONE,2.0,0.3,OOS_2022_2026,197,0.7258883248730964,0.8087706327606212,-0.05148969043724665,-0.07045243598630758,-0.07993380876083808,-10.14346901613759,13.143469016137598,2,5
NONE,2.0,0.3,YTD_2026,28,0.6071428571428571,0.4636363636363636,-0.21071428571428577,-0.23085102885796793,-0.240919400429809,-5.900000000000001,6.400000000000001,0,1
NONE,2.0,0.3,FULL_2012_2026,637,0.7331240188383046,0.8287809095223043,-0.04543715701120501,-0.06311041070803047,-0.07194703755644319,-28.94346901613759,31.843469016137437,6,15
NONE,2.0,0.4,TRAIN_2012_2021,440,0.6636363636363637,0.8040126451438881,-0.06470760691687526,-0.08180351994349525,-0.09035147645680525,-28.471347043425112,35.671347043425165,1,10
NONE,2.0,0.4,OOS_2022_2026,197,0.6751269035532995,0.8632774821850939,-0.04250902099040101,-0.061471766539461944,-0.07095313931399243,-8.374277135108999,13.788334974819534,2,5
NONE,2.0,0.4,YTD_2026,28,0.6071428571428571,0.6181818181818183,-0.15,-0.17013674314368218,-0.18020511471552328,-4.2,5.199999999999999,0,1
NONE,2.0,0.4,FULL_2012_2026,637,0.6671899529042387,0.8215894153371753,-0.05784242414212576,-0.07551567783895119,-0.08435230468736393,-36.84562417853411,41.045624178534375,3,15
NONE,2.0,0.5,TRAIN_2012_2021,440,0.6227272727272727,0.8365671315691902,-0.06064523768152086,-0.07774115070814087,-0.08628910722145089,-26.68390457986918,35.18390457986918,3,10
NONE,2.0,0.5,OOS_2022_2026,197,0.5989847715736041,0.7777400956910081,-0.08497267831877565,-0.10393542386783665,-0.11341679664236712,-16.739617628798804,23.05367546850935,2,5
NONE,2.0,0.5,YTD_2026,28,0.4642857142857143,0.43333333333333335,-0.30357142857142855,-0.3237081717151108,-0.3337765432869519,-8.5,10.0,0,1
NONE,2.0,0.5,FULL_2012_2026,637,0.6153846153846154,0.8179970049982325,-0.0681687946760879,-0.08584204837291336,-0.09467867522132607,-43.42352220866799,48.92352220866798,5,15
NONE,2.0,0.6,TRAIN_2012_2021,440,0.5840909090909091,0.8465880992753309,-0.06269154961032077,-0.07978746263694081,-0.08833541915025082,-27.584281828541137,38.416425527358605,4,10
NONE,2.0,0.6,OOS_2022_2026,197,0.5685279187817259,0.8199652444361244,-0.07431277984161831,-0.09327552539067929,-0.10275689816520975,-14.639617628798806,20.653675468509363,2,5
NONE,2.0,0.6,YTD_2026,28,0.35714285714285715,0.33333333333333326,-0.42857142857142855,-0.4487081717151108,-0.4587765432869519,-12.0,12.000000000000002,0,1
NONE,2.0,0.6,FULL_2012_2026,637,0.5792778649921507,0.838297490424904,-0.06628555644794339,-0.08395881014476887,-0.0927954369931816,-42.22389945733994,49.85604315615723,6,15
NONE,2.0,0.75,TRAIN_2012_2021,440,0.5386363636363637,0.8828473354819347,-0.0527842354003202,-0.0698801484269402,-0.07842810494025021,-23.225063576140887,38.100906195115016,3,10
NONE,2.0,0.75,OOS_2022_2026,197,0.5126903553299492,0.7978206484232275,-0.09474258666573711,-0.11370533221479807,-0.12318670498932856,-18.66428957315021,22.228347412860757,1,5
NONE,2.0,0.75,YTD_2026,28,0.32142857142857145,0.35526315789473684,-0.4375,-0.4576367431436822,-0.46770511471552334,-12.25,12.25,0,1
NONE,2.0,0.75,FULL_2012_2026,637,0.5306122448979592,0.8558331653038076,-0.065760366011446,-0.08343361970827144,-0.09227024655668419,-41.889353149291104,56.76519576826523,4,15
NONE,2.0,1.0,TRAIN_2012_2021,440,0.47954545454545455,0.9001456508652267,-0.050549476839634025,-0.06764538986625403,-0.07619334637956403,-22.24176980943897,39.85774459147825,5,10
NONE,2.0,1.0,OOS_2022_2026,197,0.4720812182741117,0.9152617959665753,-0.04214860897198185,-0.06111135452104283,-0.0705927272955733,-8.303275967480426,14.117333807190974,2,5
NONE,2.0,1.0,YTD_2026,28,0.32142857142857145,0.47368421052631576,-0.35714285714285715,-0.37727960028653934,-0.38734797185838044,-10.0,10.0,0,1
NONE,2.0,1.0,FULL_2012_2026,637,0.4772370486656201,0.9047638465895782,-0.047951406243201565,-0.06562465994002702,-0.07446128678843976,-30.545045776919398,48.16102055895868,7,15
NONE,2.25,0.2,TRAIN_2012_2021,440,0.8295454545454546,0.9844602269960886,-0.002618886513962551,-0.017815253648735895,-0.02541343721612257,-1.1523100661435224,6.799999999999998,7,10
NONE,2.25,0.2,OOS_2022_2026,197,0.8020304568527918,0.8189952793309582,-0.03545107095838079,-0.05230684477976831,-0.06073473169046208,-6.983860978801016,10.183860978801,2,5
NONE,2.25,0.2,YTD_2026,28,0.6785714285714286,0.44269123292940155,-0.17085217781432194,-0.1887515050531506,-0.1977011686725649,-4.783860978801014,5.383860978801015,0,1
NONE,2.25,0.2,FULL_2012_2026,637,0.8210361067503925,0.9278299859793813,-0.012772639003052652,-0.02848219784467527,-0.036336977265486584,-8.13617104494454,13.783860978801,9,15
NONE,2.25,0.25,TRAIN_2012_2021,440,0.7931818181818182,0.9678065923766774,-0.006596159241235279,-0.021792526376008637,-0.029390709943395307,-2.9023100661435226,11.5,3,10
NONE,2.25,0.25,OOS_2022_2026,197,0.7766497461928934,0.8776184381325147,-0.02707543644061429,-0.043931210262001814,-0.05235909717269558,-5.333860978801015,8.083860978801015,1,5
NONE,2.25,0.25,YTD_2026,28,0.6785714285714286,0.5533640411617519,-0.13692360638575055,-0.15482293362457916,-0.16377259724399343,-3.833860978801015,4.833860978801015,0,1
NONE,2.25,0.25,FULL_2012_2026,637,0.7880690737833596,0.9384147835204836,-0.012929624874324235,-0.02863918371594687,-0.036493963136758185,-8.236171044944538,16.333860978801013,4,15
NONE,2.25,0.3,TRAIN_2012_2021,440,0.7363636363636363,0.8649742321634384,-0.03445685631494927,-0.0496532234497226,-0.05725140701710927,-15.161016778577677,21.06101677857766,5,10
NONE,2.25,0.3,OOS_2022_2026,197,0.751269035532995,0.9323324038594814,-0.016357868549526148,-0.03321364237091367,-0.04164152928160742,-3.2225001042566515,7.1225001042566545,2,5
NONE,2.25,0.3,YTD_2026,28,0.6785714285714286,0.6640368493941021,-0.10299503495717913,-0.12089436219600772,-0.12984402581542204,-2.8838609788010157,4.283860978801016,0,1
NONE,2.25,0.3,FULL_2012_2026,637,0.7409733124018838,0.8850346844085456,-0.028859524148876485,-0.04456908299049912,-0.052423862411310446,-18.38351688283432,22.18351688283418,7,15
NONE,2.25,0.4,TRAIN_2012_2021,440,0.675,0.8543234509496649,-0.04597032891132734,-0.061166696046100665,-0.06876487961348733,-20.22694472098403,28.226944720984076,2,10
NONE,2.25,0.4,OOS_2022_2026,197,0.6802030456852792,0.8906673477570766,-0.03319174613089743,-0.05004751995228492,-0.05847540686297869,-6.538773987786794,12.973492067529495,2,5
NONE,2.25,0.4,YTD_2026,28,0.6071428571428571,0.6424876530048993,-0.13513789210003627,-0.15303721933886488,-0.16198688295827915,-3.783860978801015,5.983860978801015,0,1
NONE,2.25,0.4,FULL_2012_2026,637,0.6766091051805337,0.8652650148901615,-0.042018396717065656,-0.05772795555868827,-0.06558273497949958,-26.765718708770823,32.16571870877111,4,15
NONE,2.25,0.5,TRAIN_2012_2021,440,0.634090909090909,0.8785797706649192,-0.043283089780932434,-0.05847945691570579,-0.06607764048309245,-19.04455950361027,27.422273365728064,3,10
NONE,2.25,0.5,OOS_2022_2026,197,0.6142131979695431,0.8399707297128066,-0.05809092623484978,-0.0749467000562373,-0.08337458696693108,-11.443912468265406,16.778630548008113,2,5
NONE,2.25,0.5,YTD_2026,28,0.42857142857142855,0.3939355197113376,-0.32967567930158015,-0.3475750065404088,-0.3565246701598231,-9.230919020444244,9.230919020444244,0,1
NONE,2.25,0.5,FULL_2012_2026,637,0.6279434850863422,0.8664892595091676,-0.047862593362442196,-0.06357215220406483,-0.07142693162487615,-30.48847197187568,36.66548146004361,5,15
NONE,2.25,0.6,TRAIN_2012_2021,440,0.5863636363636363,0.8627453761297486,-0.05493313309316578,-0.07012950022793914,-0.07772768379532581,-24.170578560992944,36.237151548469214,3,10
NONE,2.25,0.6,OOS_2022_2026,197,0.5736040609137056,0.8376694146791186,-0.06551841291001974,-0.08237418673140727,-0.090802073642101,-12.907127343273888,16.541845423016614,1,5
NONE,2.25,0.6,YTD_2026,28,0.42857142857142855,0.472722623653605,-0.2868185364444373,-0.304717863683266,-0.3136675273026802,-8.030919020444244,8.630919020444244,0,1
NONE,2.25,0.6,FULL_2012_2026,637,0.5824175824175825,0.8549451682297934,-0.0582067596613294,-0.07391631850295204,-0.08177109792376334,-37.07770590426683,49.14427889174295,4,15
NONE,2.25,0.75,TRAIN_2012_2021,440,0.5340909090909091,0.8770399805604872,-0.05491007118093894,-0.07010643831571231,-0.07770462188309896,-24.160431319613135,42.949271933616885,4,10
NONE,2.25,0.75,OOS_2022_2026,197,0.5228426395939086,0.8581858123173391,-0.06295483493198437,-0.07981060875337188,-0.08823849566406566,-12.40210248160092,15.986820561343631,1,5
NONE,2.25,0.75,YTD_2026,28,0.35714285714285715,0.45174574870109996,-0.3250806847312956,-0.34298001197012423,-0.3519296755895386,-9.102259172476277,9.102259172476277,0,1
NONE,2.25,0.75,FULL_2012_2026,637,0.5306122448979592,0.8712329869390425,-0.057398012246803846,-0.07310757108842648,-0.08096235050923781,-36.56253380121405,55.351374415217805,5,15
NONE,2.25,1.0,TRAIN_2012_2021,440,0.48409090909090907,0.8831184669364776,-0.057412514199105,-0.07260888133387837,-0.08020706490126502,-25.2615062476062,37.53622683087699,4,10
NONE,2.25,1.0,OOS_2022_2026,197,0.467005076142132,0.9259586018133936,-0.03588847965065116,-0.05274425347203866,-0.061172140382732464,-7.070030491178278,15.260516461595572,2,5
NONE,2.25,1.0,YTD_2026,28,0.2857142857142857,0.47050471553287787,-0.32153634596258346,-0.339435673201412,-0.3483853368208264,-9.003017686952337,10.003017686952337,0,1
NONE,2.25,1.0,FULL_2012_2026,637,0.478806907378336,0.8962458091089979,-0.050755944644873596,-0.06646550348649621,-0.07432028290730755,-32.33153673878448,46.80213954305141,6,15
NONE,2.5,0.2,TRAIN_2012_2021,440,0.8340909090909091,1.0175072370123084,0.0028702748647064305,-0.010806455556589574,-0.017644820767237585,1.2629209404708295,5.0,7,10
NONE,2.5,0.2,OOS_2022_2026,197,0.8121827411167513,0.8761008612297386,-0.022971953710258453,-0.03814215014950721,-0.04572724836913159,-4.525474880920915,7.5999999999999925,1,5
NONE,2.5,0.2,YTD_2026,28,0.7142857142857143,0.5315279186089729,-0.12590981717574692,-0.14201921169069268,-0.15007390894816552,-3.5254748809209135,4.125474880920913,0,1
NONE,2.5,0.2,FULL_2012_2026,637,0.8273155416012559,0.9699753611327961,-0.00512174872912102,-0.019260351686581367,-0.02632965316531155,-3.26255394045009,8.599999999999998,8,15
NONE,2.5,0.25,TRAIN_2012_2021,440,0.7886363636363637,0.9492123027037488,-0.010542844135379535,-0.02421957455667554,-0.031057939767323555,-4.638851419566995,11.25,4,10
NONE,2.5,0.25,OOS_2022_2026,197,0.7817258883248731,0.9263659365157373,-0.015534264435690273,-0.030704460874939044,-0.03828955909456342,-3.060250093830984,5.810250093830984,1,5
NONE,2.5,0.25,YTD_2026,28,0.7142857142857143,0.6644098982612159,-0.0901955314614612,-0.10630492597640695,-0.11435962323387983,-2.5254748809209135,3.5254748809209135,0,1
NONE,2.5,0.25,FULL_2012_2026,637,0.7864992150706437,0.9420677388942144,-0.012086501590891648,-0.026225104548352012,-0.03329440602708219,-7.699101513397979,11.560250093830986,5,15
NONE,2.5,0.3,TRAIN_2012_2021,440,0.7386363636363636,0.8875252023928824,-0.028052878119008043,-0.04172960854030405,-0.04856797375095206,-12.343266372363539,19.943266372363514,4,10
NONE,2.5,0.3,OOS_2022_2026,197,0.7461928934010152,0.921891792959869,-0.01886366934404341,-0.03403386578329218,-0.04161896400291656,-3.716142860776552,8.016605163738124,2,5
NONE,2.5,0.3,YTD_2026,28,0.7142857142857143,0.7972918779134589,-0.0544812457471755,-0.07059064026212124,-0.07864533751959413,-1.525474880920914,2.9254748809209143,0,1
NONE,2.5,0.3,FULL_2012_2026,637,0.7409733124018838,0.897918419550639,-0.025211003505714428,-0.03934960646317479,-0.046418907941904966,-16.05940923314009,20.259871536101546,6,15
NONE,2.5,0.4,TRAIN_2012_2021,440,0.6818181818181818,0.8964894326500793,-0.031350377684657385,-0.04502710810595337,-0.05186547331660138,-13.794166181249249,23.80921455303146,5,10
NONE,2.5,0.4,OOS_2022_2026,197,0.649746192893401,0.8092024256829363,-0.06087400643940629,-0.07604420287865503,-0.08362930109827943,-11.992179268563039,17.64342554033145,1,5
NONE,2.5,0.4,YTD_2026,28,0.5714285714285714,0.576170292513697,-0.16813668279999355,-0.1842460773149393,-0.1923007745724122,-4.70782711839982,6.907827118399819,0,1
NONE,2.5,0.4,FULL_2012_2026,637,0.6718995290423861,0.8685150006625301,-0.04048091907348868,-0.054619522030949025,-0.061688823509679205,-25.786345449812288,32.21291245315935,6,15
NONE,2.5,0.5,TRAIN_2012_2021,440,0.6386363636363637,0.9148451833661482,-0.029235244116698703,-0.04291197453799471,-0.04975033974864271,-12.86350741134743,25.8741327336696,4,10
NONE,2.5,0.5,OOS_2022_2026,197,0.6091370558375635,0.8430213950728068,-0.055858235000390034,-0.0710284314396388,-0.07861352965926319,-11.004072295076837,15.109025058651016,1,5
NONE,2.5,0.5,YTD_2026,28,0.4642857142857143,0.48674114767658816,-0.2447900223783599,-0.2608994168933057,-0.2689541141507786,-6.854120626594077,7.60782711839982,0,1
NONE,2.5,0.5,FULL_2012_2026,637,0.6295133437990581,0.8920797555231222,-0.03746872795357028,-0.05160733091103065,-0.05867663238976083,-23.867579706424266,34.46279621556204,5,15
NONE,2.5,0.6,TRAIN_2012_2021,440,0.5954545454545455,0.9213587111797253,-0.029911926366861897,-0.04358865678815793,-0.05042702199880596,-13.161247601419234,29.902757618751295,4,10
NONE,2.5,0.6,OOS_2022_2026,197,0.5634517766497462,0.8207540279823322,-0.07197061082354525,-0.08714080726279406,-0.09472590548241844,-14.178210332238415,16.429456604006877,1,5
NONE,2.5,0.6,YTD_2026,28,0.42857142857142855,0.5015981255348,-0.2555043080926456,-0.2716137026075914,-0.27966839986506425,-7.154120626594078,7.1541206265940795,0,1
NONE,2.5,0.6,FULL_2012_2026,637,0.5855572998430141,0.8890701456912714,-0.04291908623808109,-0.05705768919554149,-0.06412699067427167,-27.339457933657656,44.08096795098962,5,15
NONE,2.5,0.75,TRAIN_2012_2021,440,0.5386363636363637,0.9014923844733197,-0.04218437168917257,-0.05586110211046859,-0.06269946732111661,-18.561123543235933,34.99636930910272,5,10
NONE,2.5,0.75,OOS_2022_2026,197,0.5177664974619289,0.8721204459409314,-0.054741679079178845,-0.0699118755184276,-0.077496973738052,-10.784110778598233,14.889063542172412,1,5
NONE,2.5,0.75,YTD_2026,28,0.35714285714285715,0.49841689927832905,-0.2695587097052005,-0.28566810422014627,-0.2937228014776192,-7.547643871745615,8.051350363551357,0,1
NONE,2.5,0.75,FULL_2012_2026,637,0.5321821036106751,0.8924111355522064,-0.04606787177681973,-0.060206474734280084,-0.06727577621301029,-29.34523432183417,46.284186579506695,6,15
NONE,2.5,1.0,TRAIN_2012_2021,440,0.49772727272727274,0.9299295392278977,-0.032350715753433935,-0.04602744617472993,-0.05286581138537796,-14.23431493151093,29.7351834754165,5,10
NONE,2.5,1.0,OOS_2022_2026,197,0.47715736040609136,0.9746892599411207,-0.011593738510903282,-0.026763934950152033,-0.03434903316977643,-2.2839664866479468,11.905896140795946,2,5
NONE,2.5,1.0,YTD_2026,28,0.2857142857142857,0.51919979641821,-0.2645830905276453,-0.2806924850425911,-0.2887471823000639,-7.408326534774068,9.162033026579813,0,1
NONE,2.5,1.0,FULL_2012_2026,637,0.4913657770800628,0.9436966199322021,-0.025931368003389133,-0.0400699709608495,-0.047139272439579674,-16.518281418158878,34.614784005400125,7,15
NONE,3.0,0.2,TRAIN_2012_2021,440,0.8295454545454546,0.9957831855648754,-0.000702243567707657,-0.012099518918787662,-0.01779815659432766,-0.3089871697913691,10.399999999999993,5,10
NONE,3.0,0.2,OOS_2022_2026,197,0.817258883248731,0.9603417997594604,-0.006749891850663162,-0.01939172221670379,-0.025712637399724108,-1.329728694580643,5.8629556280953565,3,5
NONE,3.0,0.2,YTD_2026,28,0.75,0.6523870801064865,-0.07992484764645577,-0.0933493430755772,-0.10006159079013797,-2.2378957341007615,3.2378957341007615,0,1
NONE,3.0,0.2,FULL_2012_2026,637,0.82574568288854,0.984656900968293,-0.0025725523773500953,-0.014354721508567057,-0.02024580607417554,-1.6387158643720108,10.399999999999993,8,15
NONE,3.0,0.25,TRAIN_2012_2021,440,0.7795454545454545,0.9476922159169741,-0.010746201929111044,-0.022143477280191053,-0.027842114955731058,-4.728328848808859,14.473105590570217,5,10
NONE,3.0,0.25,OOS_2022_2026,197,0.7817258883248731,0.9754741921734112,-0.004888175799610591,-0.017530006165651226,-0.02385092134867155,-0.9629706325232865,8.376793264543794,3,5
NONE,3.0,0.25,YTD_2026,28,0.75,0.8154838501331079,-0.04242484764645576,-0.055849343075577214,-0.06256159079013797,-1.1878957341007612,2.937895734100761,0,1
NONE,3.0,0.25,FULL_2012_2026,637,0.7802197802197802,0.9561052719443377,-0.008934536077444499,-0.020716705208661472,-0.026607789774269953,-5.691299481332146,14.473105590570217,8,15
NONE,3.0,0.3,TRAIN_2012_2021,440,0.740909090909091,0.952001053419939,-0.011191419005723745,-0.022588694356803756,-0.028287332032343758,-4.924224362518448,18.997805911637705,5,10
NONE,3.0,0.3,OOS_2022_2026,197,0.7461928934010152,0.9831642128900172,-0.0038116815916526036,-0.016453511957693217,-0.02277442714071355,-0.7509012735555629,8.576793264543795,3,5
NONE,3.0,0.3,YTD_2026,28,0.6785714285714286,0.6755238722569326,-0.09778199050359866,-0.11120648593272009,-0.11791873364728081,-2.7378957341007624,4.137895734100763,0,1
NONE,3.0,0.3,FULL_2012_2026,637,0.7425431711145997,0.9614439974839631,-0.008909145425547901,-0.02069131455676486,-0.026582399122373347,-5.6751256360740125,18.997805911637705,8,15
NONE,3.0,0.4,TRAIN_2012_2021,440,0.6863636363636364,0.9627874414484122,-0.01045306077169517,-0.021850336122775166,-0.02754897379831515,-4.599346739545875,20.003579802826707,4,10
NONE,3.0,0.4,OOS_2022_2026,197,0.6649746192893401,0.9047215036049672,-0.02782527358294708,-0.040467103948987705,-0.04678801913200802,-5.481578895840575,10.52035359367033,2,5
NONE,3.0,0.4,YTD_2026,28,0.5,0.4617249074960155,-0.23315835198196658,-0.24658284741108805,-0.2532950951256488,-6.528433855495064,6.7231892653331835,0,1
NONE,3.0,0.4,FULL_2012_2026,637,0.6797488226059655,0.9443438833074602,-0.015825628940952047,-0.027607798072168992,-0.03349888263777748,-10.080925635386453,24.131614745659174,6,15
NONE,3.0,0.5,TRAIN_2012_2021,440,0.6363636363636364,0.9639391975845051,-0.011667782732469345,-0.02306505808354936,-0.02876369575908937,-5.133824402286512,21.035301625685086,5,10
NONE,3.0,0.5,OOS_2022_2026,197,0.6142131979695431,0.8819227406542035,-0.040166403569515355,-0.05280823393555598,-0.05912914911857631,-7.912781503194525,12.017764749926693,2,5
NONE,3.0,0.5,YTD_2026,28,0.4642857142857143,0.4951085614282428,-0.23672978055339516,-0.25015427598251666,-0.25686652369707735,-6.628433855495064,6.628433855495064,0,1
NONE,3.0,0.5,FULL_2012_2026,637,0.6295133437990581,0.9376891552203451,-0.020481327952089547,-0.03226349708330652,-0.038154581648915,-13.04660590548104,30.65844912692443,7,15
NONE,3.0,0.6,TRAIN_2012_2021,440,0.5863636363636363,0.9387566718301402,-0.022026361294291065,-0.03342363664537109,-0.03912227432091111,-9.69159896948807,22.252183472488674,5,10
NONE,3.0,0.6,OOS_2022_2026,197,0.5685279187817259,0.9261556542239905,-0.026469770842243515,-0.039111601208284184,-0.04543251639130448,-5.2145448559219725,9.545620849670037,2,5
NONE,3.0,0.6,YTD_2026,28,0.35714285714285715,0.43397861486960193,-0.27948450144277487,-0.29290899687189637,-0.29962124458645706,-7.825566040397696,7.825566040397698,0,1
NONE,3.0,0.6,FULL_2012_2026,637,0.5808477237048666,0.9348686418422804,-0.02340053975731561,-0.035182708888532595,-0.04107379345414108,-14.906143825410044,29.00318707347138,7,15
NONE,3.0,0.75,TRAIN_2012_2021,440,0.5477272727272727,0.9349596287335025,-0.025193414087427646,-0.03659068943850766,-0.042289327114047655,-11.085102198468164,21.458530154705326,4,10
NONE,3.0,0.75,OOS_2022_2026,197,0.5329949238578681,1.0000622175263987,2.3804062049355303e-05,-0.012618026303991291,-0.01893894148701161,0.004689400223722995,8.67089033609286,2,5
NONE,3.0,0.75,YTD_2026,28,0.2857142857142857,0.4247446333567464,-0.2902191045090979,-0.3036435999382193,-0.31035584765278007,-8.12613492625474,8.67089033609286,0,1
NONE,3.0,0.75,FULL_2012_2026,637,0.543171114599686,0.9549219805081245,-0.017394682571812307,-0.029176851703029277,-0.03506793626863775,-11.08041279824444,24.566091321230317,6,15
NONE,3.0,1.0,TRAIN_2012_2021,440,0.5068181818181818,0.9725732019840695,-0.011374558375889883,-0.022771833726969896,-0.028470471402509894,-5.004805685391549,28.547736861268927,6,10
NONE,3.0,1.0,OOS_2022_2026,197,0.5076142131979695,1.113589871025115,0.044968579623425445,0.0323267492573848,0.026005834074364482,8.858810185814812,8.501151881181695,3,5
NONE,3.0,1.0,YTD_2026,28,0.2857142857142857,0.5197708889939828,-0.2422779006280844,-0.2557023960572059,-0.2624146437717666,-6.783781217586363,8.501151881181695,0,1
NONE,3.0,1.0,FULL_2012_2026,637,0.5070643642072213,1.0147964543505772,0.0060502425438355815,-0.005731926587381393,-0.01162301115298988,3.8540045004232653,28.547736861268927,9,15
DI_SUPPORT,0.75,0.2,TRAIN_2012_2021,214,0.16822429906542055,0.040449438202247195,-0.7981308411214953,-0.8444223906593054,-0.8675681654282106,-170.8,171.00000000000003,0,10
DI_SUPPORT,0.75,0.2,OOS_2022_2026,99,0.1414141414141414,0.032941176470588245,-0.8303030303030303,-0.8797062496017837,-0.9044078592511604,-82.2,82.19999999999997,0,5
DI_SUPPORT,0.75,0.2,YTD_2026,16,0.1875,0.04615384615384616,-0.7749999999999999,-0.8268533076925653,-0.8527799615388476,-12.399999999999999,12.4,0,1
DI_SUPPORT,0.75,0.2,FULL_2012_2026,313,0.1597444089456869,0.03802281368821292,-0.8083067092651757,-0.8555824610596421,-0.8792203369568752,-253.0,253.0000000000002,0,15
DI_SUPPORT,0.75,0.25,TRAIN_2012_2021,214,0.16822429906542055,0.05056179775280899,-0.7897196261682243,-0.8360111757060344,-0.8591569504749395,-169.0,169.25,0,10
DI_SUPPORT,0.75,0.25,OOS_2022_2026,99,0.1414141414141414,0.041176470588235294,-0.8232323232323232,-0.8726355425310768,-0.8973371521804533,-81.5,81.5,0,5
DI_SUPPORT,0.75,0.25,YTD_2026,16,0.1875,0.057692307692307696,-0.765625,-0.8174783076925652,-0.8434049615388477,-12.25,12.25,0,1
DI_SUPPORT,0.75,0.25,FULL_2012_2026,313,0.1597444089456869,0.04752851711026616,-0.8003194888178914,-0.8475952406123577,-0.8712331165095909,-250.5,250.5,0,15
DI_SUPPORT,0.75,0.3,TRAIN_2012_2021,214,0.16822429906542055,0.0606741573033708,-0.7813084112149532,-0.8275999607527632,-0.8507457355216683,-167.2,167.49999999999997,0,10
DI_SUPPORT,0.75,0.3,OOS_2022_2026,99,0.1414141414141414,0.04941176470588234,-0.8161616161616161,-0.8655648354603697,-0.8902664451097462,-80.8,80.80000000000003,0,5
DI_SUPPORT,0.75,0.3,YTD_2026,16,0.1875,0.06923076923076922,-0.7562500000000001,-0.8081033076925652,-0.8340299615388477,-12.100000000000001,12.1,0,1
DI_SUPPORT,0.75,0.3,FULL_2012_2026,313,0.1597444089456869,0.0570342205323194,-0.792332268370607,-0.8396080201650733,-0.8632458960623065,-248.0,247.9999999999998,0,15
DI_SUPPORT,0.75,0.4,TRAIN_2012_2021,214,0.16355140186915887,0.07821229050279331,-0.7710280373831776,-0.8173195869209876,-0.8404653616898927,-165.0,165.39999999999992,0,10
DI_SUPPORT,0.75,0.4,OOS_2022_2026,99,0.1414141414141414,0.06588235294117649,-0.8020202020202021,-0.8514234213189554,-0.8761250309683322,-79.4,79.39999999999998,0,5
DI_SUPPORT,0.75,0.4,YTD_2026,16,0.1875,0.09230769230769233,-0.7375,-0.7893533076925652,-0.8152799615388477,-11.8,11.8,0,1
DI_SUPPORT,0.75,0.4,FULL_2012_2026,313,0.15654952076677317,0.07424242424242423,-0.7808306709265177,-0.8281064227209838,-0.8517442986182168,-244.40000000000003,244.39999999999984,0,15
DI_SUPPORT,0.75,0.5,TRAIN_2012_2021,214,0.1588785046728972,0.09444444444444444,-0.7616822429906542,-0.8079737925284644,-0.8311195672973694,-163.0,163.5,0,10
DI_SUPPORT,0.75,0.5,OOS_2022_2026,99,0.13131313131313133,0.0755813953488372,-0.803030303030303,-0.8524335223290566,-0.8771351319784331,-79.5,79.5,0,5
DI_SUPPORT,0.75,0.5,YTD_2026,16,0.125,0.07142857142857142,-0.8125,-0.8643533076925652,-0.8902799615388477,-13.0,13.0,0,1
DI_SUPPORT,0.75,0.5,FULL_2012_2026,313,0.1501597444089457,0.08834586466165413,-0.7747603833865815,-0.8220361351810478,-0.845674011078281,-242.5,242.5,0,15
DI_SUPPORT,0.75,0.6,TRAIN_2012_2021,214,0.1588785046728972,0.11333333333333334,-0.7457943925233645,-0.7920859420611746,-0.8152317168300798,-159.60000000000002,160.20000000000007,0,10
DI_SUPPORT,0.75,0.6,OOS_2022_2026,99,0.13131313131313133,0.09069767441860463,-0.7898989898989899,-0.8393022091977435,-0.86400381884712,-78.2,78.20000000000002,0,5
DI_SUPPORT,0.75,0.6,YTD_2026,16,0.125,0.08571428571428572,-0.8,-0.8518533076925652,-0.8777799615388477,-12.8,13.0,0,1
DI_SUPPORT,0.75,0.6,FULL_2012_2026,313,0.1501597444089457,0.106015037593985,-0.759744408945687,-0.8070201607401533,-0.8306580366373865,-237.8,237.80000000000015,0,15
DI_SUPPORT,0.75,0.75,TRAIN_2012_2021,214,0.1588785046728972,0.14166666666666666,-0.7219626168224299,-0.76825416636024,-0.791399941129145,-154.5,155.25,0,10
DI_SUPPORT,0.75,0.75,OOS_2022_2026,99,0.13131313131313133,0.11337209302325581,-0.7702020202020202,-0.8196052395007737,-0.8443068491501503,-76.25,76.25,0,5
DI_SUPPORT,0.75,0.75,YTD_2026,16,0.125,0.10714285714285714,-0.78125,-0.8331033076925652,-0.8590299615388477,-12.5,13.0,0,1
DI_SUPPORT,0.75,0.75,FULL_2012_2026,313,0.1501597444089457,0.1325187969924812,-0.737220447284345,-0.7844961990788114,-0.8081340749760445,-230.75,230.75,0,15
DI_SUPPORT,0.75,1.0,TRAIN_2012_2021,214,0.14485981308411214,0.16939890710382513,-0.7102803738317757,-0.7565719233695859,-0.7797176981384909,-152.0,153.0,0,10
DI_SUPPORT,0.75,1.0,OOS_2022_2026,99,0.1111111111111111,0.125,-0.7777777777777778,-0.8271809970765311,-0.8518826067259079,-77.0,77.0,0,5
DI_SUPPORT,0.75,1.0,YTD_2026,16,0.125,0.14285714285714285,-0.75,-0.8018533076925652,-0.8277799615388477,-12.0,13.0,0,1
DI_SUPPORT,0.75,1.0,FULL_2012_2026,313,0.134185303514377,0.15498154981549817,-0.731629392971246,-0.7789051447657124,-0.8025430206629455,-229.0,229.0,0,15
DI_SUPPORT,1.0,0.2,TRAIN_2012_2021,214,0.411214953271028,0.13968253968253966,-0.5065420560747663,-0.5412607182281239,-0.5586200493048026,-108.39999999999999,108.79999999999993,0,10
DI_SUPPORT,1.0,0.2,OOS_2022_2026,99,0.35353535353535354,0.10937500000000001,-0.5757575757575757,-0.6128099902316407,-0.6313361974686733,-56.99999999999999,56.99999999999996,0,5
DI_SUPPORT,1.0,0.2,YTD_2026,16,0.375,0.12,-0.55,-0.5888899807694239,-0.6083349711541358,-8.8,8.8,0,1
DI_SUPPORT,1.0,0.2,FULL_2012_2026,313,0.3929712460063898,0.12947368421052632,-0.5284345047923322,-0.563891318638182,-0.5816197255611069,-165.39999999999998,165.60000000000014,0,15
DI_SUPPORT,1.0,0.25,TRAIN_2012_2021,214,0.40654205607476634,0.17125984251968504,-0.49182242990654207,-0.5265410920598997,-0.5439004231365783,-105.25,105.75,0,10
DI_SUPPORT,1.0,0.25,OOS_2022_2026,99,0.3434343434343434,0.13076923076923078,-0.5707070707070707,-0.6077594851811358,-0.6262856924181682,-56.5,56.5,0,5
DI_SUPPORT,1.0,0.25,YTD_2026,16,0.375,0.15,-0.53125,-0.5701399807694238,-0.5895849711541358,-8.5,8.5,0,1
DI_SUPPORT,1.0,0.25,FULL_2012_2026,313,0.3865814696485623,0.15755208333333334,-0.5167731629392971,-0.5522299767851467,-0.5699583837080717,-161.75,162.0,0,15
DI_SUPPORT,1.0,0.3,TRAIN_2012_2021,214,0.40186915887850466,0.2015625,-0.47757009345794393,-0.5122887556113016,-0.5296480866879802,-102.2,102.80000000000007,0,10
DI_SUPPORT,1.0,0.3,OOS_2022_2026,99,0.3434343434343434,0.15692307692307694,-0.5535353535353535,-0.5905877680094186,-0.6091139752464511,-54.800000000000004,54.80000000000004,0,5
DI_SUPPORT,1.0,0.3,YTD_2026,16,0.375,0.18,-0.5125,-0.5513899807694238,-0.5708349711541358,-8.2,8.2,0,1
DI_SUPPORT,1.0,0.3,FULL_2012_2026,313,0.38338658146964855,0.1865284974093264,-0.5015974440894568,-0.5370542579353066,-0.5547826648582315,-157.0,157.2999999999999,0,15
DI_SUPPORT,1.0,0.4,TRAIN_2012_2021,214,0.3925233644859813,0.2584615384615384,-0.45046728971962613,-0.4851859518729839,-0.5025452829496625,-96.39999999999999,97.19999999999999,0,10
DI_SUPPORT,1.0,0.4,OOS_2022_2026,99,0.3333333333333333,0.2,-0.5333333333333333,-0.5703857478073984,-0.5889119550444308,-52.8,52.800000000000026,0,5
DI_SUPPORT,1.0,0.4,YTD_2026,16,0.3125,0.18181818181818182,-0.5625,-0.6013899807694238,-0.6208349711541359,-9.0,9.0,0,1
DI_SUPPORT,1.0,0.4,FULL_2012_2026,313,0.3738019169329074,0.2387755102040816,-0.4766773162939297,-0.5121341301397794,-0.5298625370627043,-149.2,149.5999999999998,0,15
DI_SUPPORT,1.0,0.5,TRAIN_2012_2021,214,0.37383177570093457,0.29850746268656714,-0.4392523364485981,-0.47397099860195585,-0.4913303296786344,-94.0,95.0,0,10
DI_SUPPORT,1.0,0.5,OOS_2022_2026,99,0.3333333333333333,0.25,-0.5,-0.537052414474065,-0.5555786217110975,-49.5,49.5,0,5
DI_SUPPORT,1.0,0.5,YTD_2026,16,0.3125,0.22727272727272727,-0.53125,-0.5701399807694238,-0.5895849711541358,-8.5,8.5,0,1
DI_SUPPORT,1.0,0.5,FULL_2012_2026,313,0.3610223642172524,0.2825,-0.4584664536741214,-0.4939232675199711,-0.5116516744428959,-143.5,144.0,0,15
DI_SUPPORT,1.0,0.6,TRAIN_2012_2021,214,0.35046728971962615,0.3237410071942446,-0.4392523364485981,-0.4739709986019558,-0.49133032967863444,-94.0,95.20000000000002,0,10
DI_SUPPORT,1.0,0.6,OOS_2022_2026,99,0.30303030303030304,0.26086956521739135,-0.5151515151515151,-0.5522039296255802,-0.5707301368626126,-51.0,50.99999999999998,0,5
DI_SUPPORT,1.0,0.6,YTD_2026,16,0.3125,0.2727272727272727,-0.5,-0.5388899807694238,-0.5583349711541359,-8.0,8.2,0,1
DI_SUPPORT,1.0,0.6,FULL_2012_2026,313,0.3354632587859425,0.3028846153846153,-0.46325878594249204,-0.49871559978834185,-0.5164440067112666,-145.0,145.6000000000002,0,15
DI_SUPPORT,1.0,0.75,TRAIN_2012_2021,214,0.3037383177570093,0.3271812080536913,-0.46845794392523366,-0.5031766060785913,-0.5205359371552699,-100.25,101.75,0,10
DI_SUPPORT,1.0,0.75,OOS_2022_2026,99,0.2727272727272727,0.28125,-0.5227272727272727,-0.5597796872013378,-0.5783058944383702,-51.75,51.75,0,5
DI_SUPPORT,1.0,0.75,YTD_2026,16,0.3125,0.3409090909090909,-0.453125,-0.4920149807694239,-0.5114599711541358,-7.25,7.75,0,1
DI_SUPPORT,1.0,0.75,FULL_2012_2026,313,0.2939297124600639,0.31221719457013575,-0.48562300319488816,-0.5210798170407379,-0.5388082239636628,-152.0,152.75,0,15
DI_SUPPORT,1.0,1.0,TRAIN_2012_2021,214,0.2803738317757009,0.38961038961038963,-0.4392523364485981,-0.47397099860195585,-0.4913303296786344,-94.0,96.0,0,10
DI_SUPPORT,1.0,1.0,OOS_2022_2026,99,0.18181818181818182,0.2222222222222222,-0.6363636363636364,-0.6734160508377015,-0.6919422580747339,-63.0,63.0,0,5
DI_SUPPORT,1.0,1.0,YTD_2026,16,0.1875,0.23076923076923078,-0.625,-0.6638899807694238,-0.6833349711541358,-10.0,10.0,0,1
DI_SUPPORT,1.0,1.0,FULL_2012_2026,313,0.24920127795527156,0.33191489361702126,-0.5015974440894568,-0.5370542579353066,-0.5547826648582315,-157.0,158.0,0,15
DI_SUPPORT,1.25,0.2,TRAIN_2012_2021,214,0.5934579439252337,0.29195402298850576,-0.2878504672897195,-0.3156253970124057,-0.32951286187374873,-61.59999999999998,61.99999999999993,0,10
DI_SUPPORT,1.25,0.2,OOS_2022_2026,99,0.5454545454545454,0.2399999999999999,-0.34545454545454535,-0.37509647703379745,-0.38991744282342344,-34.19999999999999,34.20000000000002,0,5
DI_SUPPORT,1.25,0.2,YTD_2026,16,0.5,0.2,-0.4,-0.4311119846155391,-0.4466679769233086,-6.4,6.3999999999999995,0,1
DI_SUPPORT,1.25,0.2,FULL_2012_2026,313,0.5782747603833865,0.2742424242424242,-0.30607028753993604,-0.33443573861661585,-0.3486184641549558,-95.79999999999998,95.99999999999977,0,15
DI_SUPPORT,1.25,0.25,TRAIN_2012_2021,214,0.5700934579439252,0.33152173913043476,-0.28738317757009346,-0.3151581072927795,-0.3290455721541225,-61.5,62.0,0,10
DI_SUPPORT,1.25,0.25,OOS_2022_2026,99,0.5353535353535354,0.28804347826086957,-0.33080808080808083,-0.36045001238733276,-0.37527097817695876,-32.75,32.75,0,5
DI_SUPPORT,1.25,0.25,YTD_2026,16,0.4375,0.19444444444444445,-0.453125,-0.4842369846155391,-0.49979297692330865,-7.25,7.25,0,1
DI_SUPPORT,1.25,0.25,FULL_2012_2026,313,0.5591054313099042,0.3170289855072464,-0.3011182108626198,-0.32948366193929957,-0.34366638747763945,-94.25,94.5,0,15
DI_SUPPORT,1.25,0.3,TRAIN_2012_2021,214,0.5654205607476636,0.3903225806451612,-0.26495327102803745,-0.2927282007507235,-0.3066156656120665,-56.70000000000002,57.30000000000007,0,10
DI_SUPPORT,1.25,0.3,OOS_2022_2026,99,0.5353535353535354,0.34565217391304354,-0.3040404040404041,-0.33368233561965605,-0.3485033014092821,-30.100000000000005,30.099999999999973,0,5
DI_SUPPORT,1.25,0.3,YTD_2026,16,0.4375,0.23333333333333334,-0.43124999999999997,-0.46236198461553907,-0.47791797692330873,-6.8999999999999995,6.900000000000001,0,1
DI_SUPPORT,1.25,0.3,FULL_2012_2026,313,0.5559105431309904,0.3755395683453237,-0.2773162939297125,-0.3056817450063922,-0.31986447054473216,-86.80000000000001,87.10000000000022,0,15
DI_SUPPORT,1.25,0.4,TRAIN_2012_2021,214,0.5373831775700935,0.46464646464646464,-0.24766355140186913,-0.2754384811245552,-0.2893259459858982,-52.99999999999999,53.800000000000054,0,10
DI_SUPPORT,1.25,0.4,OOS_2022_2026,99,0.5252525252525253,0.44255319148936156,-0.2646464646464647,-0.2942883962257167,-0.30910936201534267,-26.200000000000003,26.20000000000003,1,5
DI_SUPPORT,1.25,0.4,YTD_2026,16,0.4375,0.3111111111111111,-0.38749999999999996,-0.41861198461553906,-0.43416797692330866,-6.199999999999999,6.199999999999999,0,1
DI_SUPPORT,1.25,0.4,FULL_2012_2026,313,0.5335463258785943,0.45753424657534236,-0.253035143769968,-0.2814005948466478,-0.29558332038498764,-79.19999999999999,79.59999999999987,1,15
DI_SUPPORT,1.25,0.5,TRAIN_2012_2021,214,0.5046728971962616,0.5094339622641509,-0.24299065420560748,-0.27076558392829353,-0.28465304878963654,-52.0,53.0,0,10
DI_SUPPORT,1.25,0.5,OOS_2022_2026,99,0.494949494949495,0.49,-0.25757575757575757,-0.28721768915500956,-0.30203865494463555,-25.5,25.5,0,5
DI_SUPPORT,1.25,0.5,YTD_2026,16,0.4375,0.3888888888888889,-0.34375,-0.3748619846155391,-0.39041797692330865,-5.5,5.5,0,1
DI_SUPPORT,1.25,0.5,FULL_2012_2026,313,0.5015974440894568,0.5032051282051282,-0.2476038338658147,-0.27596928494249445,-0.29015201048083433,-77.5,78.0,0,15
DI_SUPPORT,1.25,0.6,TRAIN_2012_2021,214,0.4485981308411215,0.4914587052031659,-0.27851455907011635,-0.3062894887928024,-0.3201769536541455,-59.6021156410049,60.80211564100484,0,10
DI_SUPPORT,1.25,0.6,OOS_2022_2026,99,0.45454545454545453,0.5000000000000001,-0.2727272727272727,-0.30236920430652475,-0.31719017009615075,-27.0,26.99999999999998,0,5
DI_SUPPORT,1.25,0.6,YTD_2026,16,0.4375,0.4666666666666667,-0.30000000000000004,-0.3311119846155391,-0.3466679769233087,-4.800000000000001,4.999999999999999,0,1
DI_SUPPORT,1.25,0.6,FULL_2012_2026,313,0.4504792332268371,0.49415277190498286,-0.2766840755303671,-0.3050495266070469,-0.31923225214538675,-86.6021156410049,87.20211564100505,0,15
DI_SUPPORT,1.25,0.75,TRAIN_2012_2021,214,0.4252336448598131,0.5585009690053085,-0.2521126899112378,-0.2798876196339239,-0.2937750844952669,-53.952115641004895,55.452115641004895,0,10
DI_SUPPORT,1.25,0.75,OOS_2022_2026,99,0.3939393939393939,0.4875,-0.3106060606060606,-0.3402479921853126,-0.35506895797493865,-30.75,31.0,0,5
DI_SUPPORT,1.25,0.75,YTD_2026,16,0.375,0.45,-0.34375,-0.3748619846155391,-0.3904179769233086,-5.5,5.75,0,1
DI_SUPPORT,1.25,0.75,FULL_2012_2026,313,0.41533546325878595,0.5351200212850737,-0.27061378799043095,-0.29897923906711077,-0.3131619646054506,-84.7021156410049,85.7021156410049,0,15
DI_SUPPORT,1.25,1.0,TRAIN_2012_2021,214,0.397196261682243,0.6547996259736718,-0.20680101995439934,-0.2345759496770854,-0.2484634145384284,-44.25541827024146,46.25541827024146,2,10
DI_SUPPORT,1.25,1.0,OOS_2022_2026,99,0.3434343434343434,0.5230769230769231,-0.31313131313131315,-0.3427732447105651,-0.3575942105001911,-31.0,32.0,0,5
DI_SUPPORT,1.25,1.0,YTD_2026,16,0.3125,0.45454545454545453,-0.375,-0.4061119846155391,-0.4216679769233086,-6.0,7.0,0,1
DI_SUPPORT,1.25,1.0,FULL_2012_2026,313,0.3801916932907348,0.6104834669094619,-0.24043264623080335,-0.2687980973074831,-0.282980822845823,-75.25541827024145,77.25541827024145,2,15
DI_SUPPORT,1.5,0.2,TRAIN_2012_2021,214,0.7242990654205608,0.5254237288135593,-0.13084112149532712,-0.15398689626423215,-0.16555978364868468,-28.000000000000004,33.60000000000004,1,10
DI_SUPPORT,1.5,0.2,OOS_2022_2026,99,0.6666666666666666,0.3999999999999999,-0.2,-0.22470160964937674,-0.23705241447406505,-19.8,20.000000000000025,1,5
DI_SUPPORT,1.5,0.2,YTD_2026,16,0.5625,0.2571428571428572,-0.32499999999999996,-0.3509266538462826,-0.3638899807694239,-5.199999999999999,5.199999999999999,0,1
DI_SUPPORT,1.5,0.2,FULL_2012_2026,313,0.7060702875399361,0.4804347826086957,-0.15271565495207667,-0.1763535308493098,-0.18817246879792637,-47.8,52.99999999999993,2,15
DI_SUPPORT,1.5,0.25,TRAIN_2012_2021,214,0.705607476635514,0.5992063492063492,-0.11799065420560748,-0.1411364289745125,-0.152709316358965,-25.25,32.0,2,10
DI_SUPPORT,1.5,0.25,OOS_2022_2026,99,0.6565656565656566,0.47794117647058826,-0.17929292929292928,-0.203994538942306,-0.21634534376699432,-17.75,18.0,1,5
DI_SUPPORT,1.5,0.25,YTD_2026,16,0.5,0.25,-0.375,-0.4009266538462826,-0.41388998076942385,-6.0,6.0,0,1
DI_SUPPORT,1.5,0.25,FULL_2012_2026,313,0.6900958466453674,0.5567010309278351,-0.13738019169329074,-0.1610180675905239,-0.17283700553914044,-43.0,48.75,3,15
DI_SUPPORT,1.5,0.3,TRAIN_2012_2021,214,0.6962616822429907,0.6876923076923077,-0.09485981308411214,-0.11800558785301718,-0.12957847523746974,-20.299999999999997,28.099999999999977,3,10
DI_SUPPORT,1.5,0.3,OOS_2022_2026,99,0.6464646464646465,0.5485714285714286,-0.1595959595959596,-0.18429756924533633,-0.19664837407002467,-15.8,16.099999999999973,1,5
DI_SUPPORT,1.5,0.3,YTD_2026,16,0.5,0.3,-0.35,-0.3759266538462826,-0.38888998076942394,-5.6,5.6000000000000005,0,1
DI_SUPPORT,1.5,0.3,FULL_2012_2026,313,0.6805111821086262,0.6389999999999998,-0.11533546325878595,-0.1389733391560191,-0.15079227710463566,-36.1,42.29999999999996,4,15
DI_SUPPORT,1.5,0.4,TRAIN_2012_2021,214,0.6261682242990654,0.6699999999999998,-0.12336448598130843,-0.14651026075021345,-0.15808314813466598,-26.400000000000006,30.40000000000004,0,10
DI_SUPPORT,1.5,0.4,OOS_2022_2026,99,0.5959595959595959,0.5899999999999999,-0.16565656565656564,-0.19035817530594235,-0.2027089801306307,-16.4,16.799999999999983,1,5
DI_SUPPORT,1.5,0.4,YTD_2026,16,0.5,0.4,-0.3,-0.32592665384628255,-0.3388899807694239,-4.8,5.000000000000001,0,1
DI_SUPPORT,1.5,0.4,FULL_2012_2026,313,0.6166134185303515,0.6433333333333332,-0.13674121405750797,-0.16037908995474112,-0.1721980279033577,-42.8,44.00000000000015,1,15
DI_SUPPORT,1.5,0.5,TRAIN_2012_2021,214,0.5607476635514018,0.6504598468840287,-0.15066558306106018,-0.1738113578299652,-0.1853842452144177,-32.242434775066876,36.742434775066876,1,10
DI_SUPPORT,1.5,0.5,OOS_2022_2026,99,0.5555555555555556,0.625,-0.16666666666666666,-0.19136827631604336,-0.2037190811407317,-16.5,17.0,1,5
DI_SUPPORT,1.5,0.5,YTD_2026,16,0.5,0.5,-0.25,-0.27592665384628257,-0.28888998076942385,-4.0,4.5,0,1
DI_SUPPORT,1.5,0.5,FULL_2012_2026,313,0.5591054313099042,0.6422374948338269,-0.15572662867433507,-0.1793645045715682,-0.1911834425201848,-48.742434775066876,49.242434775066876,2,15
DI_SUPPORT,1.5,0.6,TRAIN_2012_2021,214,0.5327102803738317,0.6962368161640813,-0.13945062979003212,-0.16259640455893717,-0.1741692919433897,-29.84243477506687,36.27400507422943,1,10
DI_SUPPORT,1.5,0.6,OOS_2022_2026,99,0.494949494949495,0.5880000000000001,-0.2080808080808081,-0.2327824177301848,-0.24513322255487313,-20.6,21.59999999999998,1,5
DI_SUPPORT,1.5,0.6,YTD_2026,16,0.4375,0.4666666666666667,-0.30000000000000004,-0.3259266538462826,-0.3388899807694239,-4.800000000000001,4.999999999999999,0,1
DI_SUPPORT,1.5,0.6,FULL_2012_2026,313,0.5207667731629393,0.6597301248350053,-0.1611579385784884,-0.18479581447572158,-0.19661475242433815,-50.44243477506687,51.67400507422934,2,15
DI_SUPPORT,1.5,0.75,TRAIN_2012_2021,214,0.5,0.7579970542361214,-0.11901392165854693,-0.14215969642745196,-0.15373258381190447,-25.468979234929044,32.05054953409163,0,10
DI_SUPPORT,1.5,0.75,OOS_2022_2026,99,0.45454545454545453,0.625,-0.20454545454545456,-0.22924706419483123,-0.24159786901951957,-20.25,22.25,1,5
DI_SUPPORT,1.5,0.75,YTD_2026,16,0.3125,0.3409090909090909,-0.453125,-0.4790516538462826,-0.49201498076942385,-7.25,7.5,0,1
DI_SUPPORT,1.5,0.75,FULL_2012_2026,313,0.48562300319488816,0.7128970095219405,-0.14606702630967744,-0.1697049022069106,-0.18152384015552717,-45.71897923492904,48.80054953409163,1,15
DI_SUPPORT,1.5,1.0,TRAIN_2012_2021,214,0.4532710280373832,0.8248903296890525,-0.09429936803407872,-0.11744514280298377,-0.12901803018743632,-20.180064759292847,28.60895097388281,3,10
DI_SUPPORT,1.5,1.0,OOS_2022_2026,99,0.41414141414141414,0.6947458572421411,-0.1788357604035941,-0.2035373700529708,-0.21588817487765918,-17.704740279955818,20.704740279955818,1,5
DI_SUPPORT,1.5,1.0,YTD_2026,16,0.25,0.3333333333333333,-0.5,-0.5259266538462826,-0.5388899807694238,-8.0,8.0,0,1
DI_SUPPORT,1.5,1.0,FULL_2012_2026,313,0.44089456869009586,0.7813191376094591,-0.12103771578034717,-0.1446755916775803,-0.15649452962619687,-37.88480503924866,44.31369125383863,4,15
DI_SUPPORT,1.75,0.2,TRAIN_2012_2021,214,0.780373831775701,0.7106382978723402,-0.06355140186915889,-0.08339063738536322,-0.09331025514346539,-13.600000000000003,19.2,3,10
DI_SUPPORT,1.75,0.2,OOS_2022_2026,99,0.696969696969697,0.45999999999999985,-0.16363636363636364,-0.18480917190725793,-0.19539557604270508,-16.2,17.000000000000025,1,5
DI_SUPPORT,1.75,0.2,YTD_2026,16,0.5625,0.2571428571428572,-0.32499999999999996,-0.3472228461539565,-0.35833426923093475,-5.199999999999999,5.2,0,1
DI_SUPPORT,1.75,0.2,FULL_2012_2026,313,0.7539936102236422,0.612987012987013,-0.09520766773162939,-0.11546870421497209,-0.12559922245664343,-29.8,35.00000000000006,4,15
DI_SUPPORT,1.75,0.25,TRAIN_2012_2021,214,0.7710280373831776,0.8418367346938775,-0.036214953271028034,-0.05605418878723237,-0.06597380654533452,-7.75,15.75,2,10
DI_SUPPORT,1.75,0.25,OOS_2022_2026,99,0.6868686868686869,0.5483870967741935,-0.1414141414141414,-0.16258694968503573,-0.17317335382048282,-14.0,15.0,1,5
DI_SUPPORT,1.75,0.25,YTD_2026,16,0.5625,0.32142857142857145,-0.296875,-0.3190978461539565,-0.33020926923093474,-4.75,4.75,0,1
DI_SUPPORT,1.75,0.25,FULL_2012_2026,313,0.744408945686901,0.728125,-0.0694888178913738,-0.08974985437471651,-0.09988037261638785,-21.75,28.75,3,15
DI_SUPPORT,1.75,0.3,TRAIN_2012_2021,214,0.7336448598130841,0.8263157894736841,-0.04626168224299065,-0.066100917759195,-0.07602053551729716,-9.899999999999999,17.700000000000006,3,10
DI_SUPPORT,1.75,0.3,OOS_2022_2026,99,0.6666666666666666,0.6,-0.13333333333333333,-0.15450614160422765,-0.1650925457396748,-13.2,14.39999999999998,1,5
DI_SUPPORT,1.75,0.3,YTD_2026,16,0.5625,0.3857142857142857,-0.26875000000000004,-0.29097284615395647,-0.3020842692309348,-4.300000000000001,4.300000000000001,0,1
DI_SUPPORT,1.75,0.3,FULL_2012_2026,313,0.7124600638977636,0.743333333333333,-0.07380191693290736,-0.09406295341625007,-0.1041934716579214,-23.1,29.299999999999947,4,15
DI_SUPPORT,1.75,0.4,TRAIN_2012_2021,214,0.6495327102803738,0.7599178305130512,-0.08208320214387789,-0.10192243766008223,-0.11184205541818434,-17.56580525878987,21.06343292076809,2,10
DI_SUPPORT,1.75,0.4,OOS_2022_2026,99,0.6262626262626263,0.67027027027027,-0.12323232323232325,-0.14440513150321752,-0.15499153563866466,-12.200000000000001,13.799999999999986,0,5
DI_SUPPORT,1.75,0.4,YTD_2026,16,0.5625,0.5142857142857143,-0.2125,-0.2347228461539565,-0.24583426923093477,-3.4,3.8,0,1
DI_SUPPORT,1.75,0.4,FULL_2012_2026,313,0.6421725239616614,0.7298090347647604,-0.09509841935715613,-0.11535945584049881,-0.12548997408217016,-29.765805258789868,30.463432920768195,2,15
DI_SUPPORT,1.75,0.5,TRAIN_2012_2021,214,0.616822429906542,0.8232936697503372,-0.06619535167658817,-0.0860345871927925,-0.09595420495089467,-14.165805258789868,21.563432920768108,3,10
DI_SUPPORT,1.75,0.5,OOS_2022_2026,99,0.5757575757575758,0.6915376722314632,-0.12840914470752615,-0.14958195297842045,-0.16016835711386762,-12.71250532604509,14.5,1,5
DI_SUPPORT,1.75,0.5,YTD_2026,16,0.5,0.5,-0.25,-0.2722228461539565,-0.28333426923093474,-4.0,4.0,0,1
DI_SUPPORT,1.75,0.5,FULL_2012_2026,313,0.6038338658146964,0.7785575490767035,-0.0858731967566612,-0.1061342332400039,-0.11626475148167524,-26.878310584834956,30.275938246813197,4,15
DI_SUPPORT,1.75,0.6,TRAIN_2012_2021,214,0.5700934579439252,0.8118377004442493,-0.07927946382612085,-0.09911869934232523,-0.1090383171004274,-16.96580525878986,22.46343292076812,4,10
DI_SUPPORT,1.75,0.6,OOS_2022_2026,99,0.5151515151515151,0.6481333661215244,-0.16780308410146555,-0.18897589237235984,-0.199562296507807,-16.61250532604509,18.600000000000012,1,5
DI_SUPPORT,1.75,0.6,YTD_2026,16,0.375,0.36,-0.4,-0.4222228461539565,-0.43333426923093477,-6.4,6.4,0,1
DI_SUPPORT,1.75,0.6,FULL_2012_2026,313,0.5527156549520766,0.7555777877753167,-0.10727894755538325,-0.12753998403872596,-0.1376705022803973,-33.57831058483496,36.67593824681314,5,15
DI_SUPPORT,1.75,0.75,TRAIN_2012_2021,214,0.5373831775700935,0.8738732998148258,-0.0572673008790954,-0.07710653639529971,-0.0870261541534019,-12.255202388126415,21.402830050104654,3,10
DI_SUPPORT,1.75,0.75,OOS_2022_2026,99,0.48484848484848486,0.7029950669867936,-0.15064001798775042,-0.17181282625864472,-0.18239923039409184,-14.913361780787291,17.7008564547422,1,5
DI_SUPPORT,1.75,0.75,YTD_2026,16,0.375,0.45,-0.34375,-0.3659728461539565,-0.3770842692309348,-5.5,5.75,0,1
DI_SUPPORT,1.75,0.75,FULL_2012_2026,313,0.5207667731629393,0.8156542569859712,-0.08680052450132174,-0.10706156098466445,-0.11719207922633579,-27.168564168913704,32.816191830891945,4,15
DI_SUPPORT,1.75,1.0,TRAIN_2012_2021,214,0.46261682242990654,0.8604667614386008,-0.0734346615152975,-0.09327389703150182,-0.10319351478960401,-15.715017564273666,25.124630296618232,4,10
DI_SUPPORT,1.75,1.0,OOS_2022_2026,99,0.43434343434343436,0.7720648951979248,-0.12316736397099848,-0.14434017224189277,-0.15492657637733995,-12.193569033128849,18.781324666755502,3,5
DI_SUPPORT,1.75,1.0,YTD_2026,16,0.3125,0.45454545454545453,-0.375,-0.39722284615395653,-0.4083342692309348,-6.0,6.0,0,1
DI_SUPPORT,1.75,1.0,FULL_2012_2026,313,0.4536741214057508,0.8319988607640966,-0.08916481341023169,-0.10942584989357437,-0.11955636813524571,-27.90858659740252,37.31819932974708,7,15
DI_SUPPORT,2.0,0.2,TRAIN_2012_2021,214,0.8130841121495327,0.8699999999999998,-0.024299065420560748,-0.041658396497239535,-0.050338062035578925,-5.2,12.199999999999996,4,10
DI_SUPPORT,2.0,0.2,OOS_2022_2026,99,0.7777777777777778,0.6999999999999997,-0.06666666666666667,-0.08519287390369916,-0.09445597752221545,-6.6000000000000005,8.199999999999992,1,5
DI_SUPPORT,2.0,0.2,YTD_2026,16,0.625,0.3333333333333333,-0.25,-0.2694449903847119,-0.27916748557706794,-4.0,4.0,0,1
DI_SUPPORT,2.0,0.2,FULL_2012_2026,313,0.8019169329073482,0.8096774193548387,-0.0376996805111821,-0.05542808743410696,-0.06429229089556938,-11.799999999999999,18.200000000000006,5,15
DI_SUPPORT,2.0,0.25,TRAIN_2012_2021,214,0.780373831775701,0.8882978723404256,-0.02453271028037383,-0.04189204135705263,-0.05057170689539201,-5.25,12.25,4,10
DI_SUPPORT,2.0,0.25,OOS_2022_2026,99,0.7474747474747475,0.74,-0.06565656565656566,-0.08418277289359816,-0.09344587651211443,-6.5,7.5,1,5
DI_SUPPORT,2.0,0.25,YTD_2026,16,0.5625,0.32142857142857145,-0.296875,-0.3163199903847119,-0.32604248557706794,-4.75,4.75,0,1
DI_SUPPORT,2.0,0.25,FULL_2012_2026,313,0.7699680511182109,0.8368055555555556,-0.037539936102236424,-0.05526834302516129,-0.0641325464866237,-11.75,17.5,5,15
DI_SUPPORT,2.0,0.3,TRAIN_2012_2021,214,0.7429906542056075,0.8672727272727273,-0.034112149532710294,-0.05147148060938909,-0.060151146147728485,-7.3000000000000025,11.500000000000007,3,10
DI_SUPPORT,2.0,0.3,OOS_2022_2026,99,0.7373737373737373,0.8423076923076922,-0.04141414141414142,-0.05994034865117393,-0.06920345226969019,-4.1000000000000005,5.3999999999999995,1,5
DI_SUPPORT,2.0,0.3,YTD_2026,16,0.5625,0.3857142857142857,-0.26875000000000004,-0.2881949903847119,-0.29791748557706793,-4.300000000000001,4.300000000000001,0,1
DI_SUPPORT,2.0,0.3,FULL_2012_2026,313,0.7412140575079872,0.8592592592592592,-0.03642172523961662,-0.05415013216254148,-0.0630143356240039,-11.400000000000002,13.699999999999996,4,15
DI_SUPPORT,2.0,0.4,TRAIN_2012_2021,214,0.6588785046728972,0.7941416049730186,-0.0683181289786969,-0.08567746005537566,-0.09435712559371506,-14.620079601441134,20.055503805672092,3,10
DI_SUPPORT,2.0,0.4,OOS_2022_2026,99,0.6767676767676768,0.8593615630482927,-0.04430244606352984,-0.06282865330056235,-0.0720917569190786,-4.385942160289455,6.0000000000000036,2,5
DI_SUPPORT,2.0,0.4,YTD_2026,16,0.5625,0.5142857142857143,-0.2125,-0.2319449903847119,-0.2416674855770679,-3.4,3.8,0,1
DI_SUPPORT,2.0,0.4,FULL_2012_2026,313,0.6645367412140575,0.8140420551145345,-0.06072211425473031,-0.07845052117765515,-0.08731472463911757,-19.006021761730587,21.24144596596157,5,15
DI_SUPPORT,2.0,0.5,TRAIN_2012_2021,214,0.616822429906542,0.8247929810708583,-0.06551439066093988,-0.08287372173761866,-0.09155338727595808,-14.020079601441134,20.681826081300155,2,10
DI_SUPPORT,2.0,0.5,OOS_2022_2026,99,0.5959595959595959,0.7528209958390366,-0.09783779959888336,-0.11636400683591587,-0.12562711045443214,-9.685942160289454,12.0,1,5
DI_SUPPORT,2.0,0.5,YTD_2026,16,0.375,0.3,-0.4375,-0.4569449903847119,-0.4666674855770679,-7.0,7.0,0,1
DI_SUPPORT,2.0,0.5,FULL_2012_2026,313,0.610223642172524,0.8011340248472156,-0.07573808869562489,-0.09346649561854974,-0.10233069908001216,-23.70602176173059,27.36776824158961,3,15
DI_SUPPORT,2.0,0.6,TRAIN_2012_2021,214,0.5934579439252337,0.8844590344344471,-0.045903280792572956,-0.06326261186925176,-0.07194227740759117,-9.823302089610612,16.858726293841585,3,10
DI_SUPPORT,2.0,0.6,OOS_2022_2026,99,0.5959595959595959,0.9033851950068441,-0.03824184000292377,-0.056768047239956286,-0.06603115085847254,-3.7859421602894536,8.199999999999998,3,5
DI_SUPPORT,2.0,0.6,YTD_2026,16,0.375,0.36,-0.4,-0.41944499038471195,-0.42916748557706796,-6.4,6.4,0,1
DI_SUPPORT,2.0,0.6,FULL_2012_2026,313,0.5942492012779552,0.8904300769248753,-0.04348001357795548,-0.06120842050088035,-0.07007262396234279,-13.609244249900065,18.244668454131062,6,15
DI_SUPPORT,2.0,0.75,TRAIN_2012_2021,214,0.5420560747663551,0.890925917442653,-0.04894066397014305,-0.06629999504682185,-0.07497966058516124,-10.473302089610613,18.13504856946963,1,10
DI_SUPPORT,2.0,0.75,OOS_2022_2026,99,0.5353535353535354,0.8481692806071411,-0.06929913237010965,-0.08782533960714216,-0.09708844322565843,-6.860614104640856,12.528555209966864,3,5
DI_SUPPORT,2.0,0.75,YTD_2026,16,0.3125,0.3409090909090909,-0.453125,-0.4725699903847119,-0.4822924855770679,-7.25,7.25,0,1
DI_SUPPORT,2.0,0.75,FULL_2012_2026,313,0.5399361022364217,0.8772437890538369,-0.055379923943295425,-0.07310833086622029,-0.08197253432768271,-17.33391619425147,23.49566267411049,4,15
DI_SUPPORT,2.0,1.0,TRAIN_2012_2021,214,0.48130841121495327,0.9146715634686857,-0.04286998864556373,-0.06022931972224252,-0.06890898526058191,-9.174177570150638,20.202696773803584,4,10
DI_SUPPORT,2.0,1.0,OOS_2022_2026,99,0.47474747474747475,0.9067745442428339,-0.046550406469422774,-0.06507661370645529,-0.07433971732497155,-4.608490240472855,10.808659083411065,3,5
DI_SUPPORT,2.0,1.0,YTD_2026,16,0.3125,0.45454545454545453,-0.375,-0.3944449903847119,-0.4041674855770679,-6.0,6.0,0,1
DI_SUPPORT,2.0,1.0,FULL_2012_2026,313,0.4792332268370607,0.9121842738326079,-0.04403408246205589,-0.061762489384980745,-0.07062669284644318,-13.782667810623494,20.202696773803584,7,15
DI_SUPPORT,2.25,0.2,TRAIN_2012_2021,214,0.8317757009345794,0.9888888888888887,-0.0018691588785046745,-0.01729967539110803,-0.025014933647409716,-0.40000000000000036,6.399999999999993,6,10
DI_SUPPORT,2.25,0.2,OOS_2022_2026,99,0.797979797979798,0.7899999999999997,-0.04242424242424243,-0.058891982190493554,-0.0671258520736191,-4.2,5.799999999999999,1,5
DI_SUPPORT,2.25,0.2,YTD_2026,16,0.625,0.3333333333333333,-0.25,-0.2672844358975217,-0.27592665384628257,-4.0,3.9999999999999996,0,1
DI_SUPPORT,2.25,0.2,FULL_2012_2026,313,0.8210862619808307,0.9178571428571429,-0.014696485623003196,-0.030455069554491943,-0.03833436152023633,-4.6000000000000005,9.799999999999994,7,15
DI_SUPPORT,2.25,0.25,TRAIN_2012_2021,214,0.7897196261682243,0.9388888888888889,-0.012850467289719626,-0.028280983802323006,-0.035996242058624686,-2.75,9.75,4,10
DI_SUPPORT,2.25,0.25,OOS_2022_2026,99,0.7878787878787878,0.9285714285714286,-0.015151515151515152,-0.03161925491776628,-0.039853124800891836,-1.5,4.0,2,5
DI_SUPPORT,2.25,0.25,YTD_2026,16,0.625,0.4166666666666667,-0.21875,-0.23603443589752174,-0.24467665384628262,-3.5,3.5,0,1
DI_SUPPORT,2.25,0.25,FULL_2012_2026,313,0.7891373801916933,0.9356060606060606,-0.013578274760383386,-0.029336858691872154,-0.03721615065761653,-4.25,10.5,6,15
DI_SUPPORT,2.25,0.3,TRAIN_2012_2021,214,0.7289719626168224,0.835702130039634,-0.04292223306128532,-0.0583527495738887,-0.06606800783019039,-9.18535787511506,12.285357875115054,4,10
DI_SUPPORT,2.25,0.3,OOS_2022_2026,99,0.7575757575757576,0.9375,-0.015151515151515166,-0.03161925491776629,-0.039853124800891836,-1.5000000000000013,3.999999999999999,3,5
DI_SUPPORT,2.25,0.3,YTD_2026,16,0.625,0.49999999999999994,-0.1875,-0.20478443589752177,-0.2134266538462826,-3.0,3.2,0,1
DI_SUPPORT,2.25,0.3,FULL_2012_2026,313,0.7380191693290735,0.8662771348242762,-0.03413852356266792,-0.04989710749415669,-0.05777639945990107,-10.68535787511506,12.285357875115054,7,15
DI_SUPPORT,2.25,0.4,TRAIN_2012_2021,214,0.6542056074766355,0.7763024933202233,-0.07516522371549092,-0.0905957402280943,-0.09831099848439596,-16.085357875115058,22.849336716152997,3,10
DI_SUPPORT,2.25,0.4,OOS_2022_2026,99,0.6868686868686869,0.9016988494224553,-0.02995234262886155,-0.04642008239511265,-0.05465395227823821,-2.9652819202572935,6.0,2,5
DI_SUPPORT,2.25,0.4,YTD_2026,16,0.5625,0.5142857142857143,-0.21249999999999997,-0.22978443589752173,-0.23842665384628256,-3.3999999999999995,4.0,0,1
DI_SUPPORT,2.25,0.4,FULL_2012_2026,313,0.6645367412140575,0.8133608023251391,-0.06086466388297876,-0.0766232478144675,-0.08450253978021188,-19.05063979537235,23.214618636410343,5,15
DI_SUPPORT,2.25,0.5,TRAIN_2012_2021,214,0.616822429906542,0.818500233530696,-0.0677712812228497,-0.08320179773545307,-0.09091705599175473,-14.503054181689835,19.367033022727753,3,10
DI_SUPPORT,2.25,0.5,OOS_2022_2026,99,0.6363636363636364,0.9048515565019293,-0.03345797941313658,-0.04992571917938771,-0.058159589062513256,-3.3123399619005216,9.14705804164323,2,5
DI_SUPPORT,2.25,0.5,YTD_2026,16,0.4375,0.4047619413613746,-0.32169112760270185,-0.3389755635002237,-0.3476177814489845,-5.14705804164323,6.14705804164323,0,1
DI_SUPPORT,2.25,0.5,FULL_2012_2026,313,0.6230031948881789,0.8447041717068665,-0.05691819215204588,-0.07267677608353466,-0.08055606804927902,-17.81539414359036,22.179372984628277,5,15
DI_SUPPORT,2.25,0.6,TRAIN_2012_2021,214,0.5841121495327103,0.8516786301876742,-0.0598379301363576,-0.07526844664896098,-0.08298370490526266,-12.805317049180527,19.2815823574434,4,10
DI_SUPPORT,2.25,0.6,OOS_2022_2026,99,0.5959595959595959,0.8949933232340619,-0.041167220574838397,-0.057634960341089544,-0.0658688302242151,-4.075554836909001,10.84705804164323,2,5
DI_SUPPORT,2.25,0.6,YTD_2026,16,0.4375,0.4857143296336495,-0.27794112760270184,-0.2952255635002236,-0.30386778144898446,-4.4470580416432295,5.84705804164323,0,1
DI_SUPPORT,2.25,0.6,FULL_2012_2026,313,0.5878594249201278,0.8651119588895266,-0.05393249803862468,-0.06969108197011349,-0.07757037393585785,-16.880871886089526,22.357137194352422,6,15
DI_SUPPORT,2.25,0.75,TRAIN_2012_2021,214,0.5186915887850467,0.816118794002189,-0.08547069557406828,-0.10090121208667163,-0.10861647034297332,-18.290728852850613,23.40470769388853,3,10
DI_SUPPORT,2.25,0.75,OOS_2022_2026,99,0.5454545454545454,0.906471229847146,-0.04062919563526185,-0.057096935401512984,-0.06533080528463853,-4.022290367890923,12.450218228280441,3,5
DI_SUPPORT,2.25,0.75,YTD_2026,16,0.375,0.4664634524406254,-0.32169112760270185,-0.3389755635002236,-0.3476177814489845,-5.14705804164323,5.39705804164323,0,1
DI_SUPPORT,2.25,0.75,FULL_2012_2026,313,0.5271565495207667,0.8433913299351575,-0.07128760134422216,-0.08704618527571092,-0.0949254772414553,-22.313019220741534,27.67699806177945,6,15
DI_SUPPORT,2.25,1.0,TRAIN_2012_2021,214,0.4766355140186916,0.8561277568828208,-0.07193682177285816,-0.08736733828546152,-0.09508259654176322,-15.394479859391646,22.944830348793545,3,10
DI_SUPPORT,2.25,1.0,OOS_2022_2026,99,0.47474747474747475,0.9414062950266324,-0.028073743116064188,-0.04454148288231532,-0.05277535276544088,-2.7793005684903545,13.957228428879874,3,5
DI_SUPPORT,2.25,1.0,YTD_2026,16,0.25,0.39809643992394866,-0.37798853475745553,-0.39527297065497735,-0.4039151886037382,-6.0478165561192885,7.047816556119289,0,1
DI_SUPPORT,2.25,1.0,FULL_2012_2026,313,0.476038338658147,0.8823204436341052,-0.05806319625521406,-0.07382178018670282,-0.0817010721524472,-18.173780427882,22.944830348793545,6,15
DI_SUPPORT,2.5,0.2,TRAIN_2012_2021,214,0.8177570093457944,0.8974358974358972,-0.018691588785046728,-0.03257905364638976,-0.03952278607706127,-4.0,11.0,4,10
DI_SUPPORT,2.5,0.2,OOS_2022_2026,99,0.797979797979798,0.7899999999999997,-0.042424242424242434,-0.057245208213868415,-0.06465569110868144,-4.200000000000001,4.999999999999996,1,5
DI_SUPPORT,2.5,0.2,YTD_2026,16,0.6875,0.44000000000000006,-0.175,-0.19055599230776954,-0.1983339884616543,-2.8,2.8,0,1
DI_SUPPORT,2.5,0.2,FULL_2012_2026,313,0.8115015974440895,0.8610169491525423,-0.026198083067092662,-0.04038080860543252,-0.047472171374602475,-8.200000000000003,12.199999999999978,5,15
DI_SUPPORT,2.5,0.25,TRAIN_2012_2021,214,0.7897196261682243,0.9377609243010969,-0.013087656104909553,-0.026975120966252576,-0.033918853396924104,-2.8007584064506443,10.25,6,10
DI_SUPPORT,2.5,0.25,OOS_2022_2026,99,0.7878787878787878,0.9285714285714286,-0.015151515151515152,-0.029972480941141164,-0.037382963835954165,-1.5,3.75,2,5
DI_SUPPORT,2.5,0.25,YTD_2026,16,0.6875,0.55,-0.140625,-0.15618099230776955,-0.16395898846165433,-2.25,2.25,0,1
DI_SUPPORT,2.5,0.25,FULL_2012_2026,313,0.7891373801916933,0.934836993841657,-0.013740442193133048,-0.027923167731472926,-0.03501453050064288,-4.300758406450644,10.25,8,15
DI_SUPPORT,2.5,0.3,TRAIN_2012_2021,214,0.7242990654205608,0.8374646972282007,-0.04208024934227656,-0.055967714203619595,-0.06291144663429112,-9.005173359247184,16.23275431618131,4,10
DI_SUPPORT,2.5,0.3,OOS_2022_2026,99,0.7474747474747475,0.888,-0.02828282828282829,-0.04310379407245429,-0.050514276967267305,-2.8000000000000007,4.8999999999999995,1,5
DI_SUPPORT,2.5,0.3,YTD_2026,16,0.6875,0.6599999999999999,-0.10625,-0.12180599230776956,-0.12958398846165434,-1.7,1.9,0,1
DI_SUPPORT,2.5,0.3,FULL_2012_2026,313,0.731629392971246,0.8531775479471152,-0.037716208815486214,-0.0518989343538261,-0.05899029712299605,-11.805173359247185,16.23275431618131,5,15
DI_SUPPORT,2.5,0.4,TRAIN_2012_2021,214,0.6588785046728972,0.8214349881559686,-0.05708734575145757,-0.07097481061280059,-0.0779185430434721,-12.216691990811919,18.832754316181298,5,10
DI_SUPPORT,2.5,0.4,OOS_2022_2026,99,0.6464646464646465,0.7944447454929097,-0.06690670720034993,-0.0817276729899759,-0.08913815588478893,-6.623764012834643,9.67501028460308,1,5
DI_SUPPORT,2.5,0.4,YTD_2026,16,0.5,0.42203262256568336,-0.2738970148424317,-0.28945300715020117,-0.297231003304086,-4.382352237478907,4.982352237478906,0,1
DI_SUPPORT,2.5,0.4,FULL_2012_2026,313,0.6549520766773163,0.8127929986529341,-0.06019315017139477,-0.07437587570973464,-0.08146723847890457,-18.840456003646562,21.868036960580657,6,15
DI_SUPPORT,2.5,0.5,TRAIN_2012_2021,214,0.6261682242990654,0.8729808208151134,-0.04476294383807244,-0.05865040869941547,-0.06559414113008699,-9.579269981347501,15.99533230671689,4,10
DI_SUPPORT,2.5,0.5,OOS_2022_2026,99,0.6363636363636364,0.9341024836828117,-0.022114783142971547,-0.03693574893259755,-0.04434623182741057,-2.189363531154183,7.57501028460308,2,5
DI_SUPPORT,2.5,0.5,YTD_2026,16,0.5,0.5275407782071042,-0.22389701484243169,-0.23945300715020118,-0.247231003304086,-3.582352237478907,4.582352237478907,0,1
DI_SUPPORT,2.5,0.5,FULL_2012_2026,313,0.6293929712460063,0.8916728067843459,-0.03759946809105969,-0.05178219362939957,-0.058873556398569525,-11.768633512501683,16.19621446943581,6,15
DI_SUPPORT,2.5,0.6,TRAIN_2012_2021,214,0.5887850467289719,0.8941483617755251,-0.04095633293210673,-0.05484379779344979,-0.061787530224121284,-8.76465524747084,15.980717572840234,4,10
DI_SUPPORT,2.5,0.6,OOS_2022_2026,99,0.5858585858585859,0.8806108794836781,-0.046095975437532966,-0.06091694122715898,-0.06832742412197201,-4.563501568315764,10.092658047124171,2,5
DI_SUPPORT,2.5,0.6,YTD_2026,16,0.4375,0.48937632525250013,-0.2738970148424317,-0.2894530071502012,-0.29723100330408603,-4.382352237478907,4.382352237478907,0,1
DI_SUPPORT,2.5,0.6,FULL_2012_2026,313,0.5878594249201278,0.8898727726479734,-0.04258197065746518,-0.056764696195805084,-0.06385605896497504,-13.328156815786603,17.95054136726836,6,15
DI_SUPPORT,2.5,0.75,TRAIN_2012_2021,214,0.5233644859813084,0.8580197719912602,-0.06247254100473255,-0.0763600058660756,-0.0833037382967471,-13.369123775012765,20.327504407553416,4,10
DI_SUPPORT,2.5,0.75,OOS_2022_2026,99,0.5252525252525253,0.8953811632610901,-0.044152723083879526,-0.05897368887350553,-0.06638417176831854,-4.371119585304073,11.031254659654639,3,5
DI_SUPPORT,2.5,0.75,YTD_2026,16,0.375,0.5032617317831022,-0.277604334112601,-0.2931603264203705,-0.30093832257425535,-4.441669345801616,4.691669345801616,0,1
DI_SUPPORT,2.5,0.75,FULL_2012_2026,313,0.5239616613418531,0.8695025821954107,-0.0566780938029292,-0.07086081934126909,-0.07795218211043903,-17.74024336031684,21.623906958124675,7,15
DI_SUPPORT,2.5,1.0,TRAIN_2012_2021,214,0.48598130841121495,0.9050908435545624,-0.04429863618707639,-0.058186101048419425,-0.06512983347909095,-9.479908144034347,24.484857801029975,4,10
DI_SUPPORT,2.5,1.0,OOS_2022_2026,99,0.47474747474747475,0.9620569315096167,-0.017301297499375493,-0.0321222632890015,-0.03953274618381451,-1.7128284524381736,10.94527344933216,3,5
DI_SUPPORT,2.5,1.0,YTD_2026,16,0.25,0.42999877839530054,-0.3313970005518794,-0.3469529928596488,-0.35473098901353367,-5.30235200883007,6.302352008830069,0,1
DI_SUPPORT,2.5,1.0,FULL_2012_2026,313,0.48242811501597443,0.9228225972687772,-0.03575954184176525,-0.04994226738010512,-0.05703363014927508,-11.192736596472523,24.484857801029975,7,15
DI_SUPPORT,3.0,0.2,TRAIN_2012_2021,214,0.8177570093457944,0.8965649913151569,-0.01885030532106948,-0.030423192705522017,-0.03620963639774826,-4.033965338708869,8.999999999999993,4,10
DI_SUPPORT,3.0,0.2,OOS_2022_2026,99,0.8282828282828283,0.9647058823529411,-0.006060606060606069,-0.01841141088529439,-0.024586813297638562,-0.6000000000000009,4.200000000000001,2,5
DI_SUPPORT,3.0,0.2,YTD_2026,16,0.75,0.6000000000000001,-0.1,-0.11296332692314129,-0.11944499038471194,-1.6,1.6000000000000005,0,1
DI_SUPPORT,3.0,0.2,FULL_2012_2026,313,0.8210862619808307,0.9172506189516273,-0.014805001082136969,-0.026623939030753527,-0.032533408005061805,-4.6339653387088715,8.999999999999993,6,15
DI_SUPPORT,3.0,0.25,TRAIN_2012_2021,214,0.7570093457943925,0.8390231374740865,-0.03623509875096255,-0.04780798613541507,-0.05359442982764133,-7.754311132705985,13.254311132705986,4,10
DI_SUPPORT,3.0,0.25,OOS_2022_2026,99,0.7878787878787878,0.9411197835289328,-0.012323211772606115,-0.02467401659729446,-0.030849419009638616,-1.2199979654880053,5.0,2,5
DI_SUPPORT,3.0,0.25,YTD_2026,16,0.75,0.75,-0.0625,-0.0754633269231413,-0.08194499038471194,-1.0,1.25,0,1
DI_SUPPORT,3.0,0.25,FULL_2012_2026,313,0.7667731629392971,0.8697305223279805,-0.028671914051737992,-0.04049085200035456,-0.04640032097466285,-8.974309098193991,13.254311132705986,6,15
DI_SUPPORT,3.0,0.3,TRAIN_2012_2021,214,0.705607476635514,0.8220705998561745,-0.0456811247178075,-0.05725401210226004,-0.0630404557944863,-9.775760689610804,15.051995584551932,4,10
DI_SUPPORT,3.0,0.3,OOS_2022_2026,99,0.7474747474747475,0.962792468431979,-0.008665945520406844,-0.021016750345095193,-0.027192152757439365,-0.8579286065202775,4.6000000000000005,2,5
DI_SUPPORT,3.0,0.3,YTD_2026,16,0.6875,0.6599999999999999,-0.10625,-0.1192133269231413,-0.12569499038471194,-1.7,2.4,0,1
DI_SUPPORT,3.0,0.3,FULL_2012_2026,313,0.7188498402555911,0.8636701675773144,-0.03397344823045074,-0.045792386179067314,-0.05170185515337561,-10.633689296131081,15.051995584551932,6,15
DI_SUPPORT,3.0,0.4,TRAIN_2012_2021,214,0.6682242990654206,0.8944330131563591,-0.031049419073475654,-0.042622306457928166,-0.048408750150154424,-6.64457568172379,12.416321654606657,5,10
DI_SUPPORT,3.0,0.4,OOS_2022_2026,99,0.696969696969697,1.0321692252132393,0.008688875661445711,-0.003661929163242591,-0.009837331575586767,0.8601986904831254,3.8139692008393036,3,5
DI_SUPPORT,3.0,0.4,YTD_2026,16,0.5625,0.5551020910098853,-0.1803308457020264,-0.1932941726251677,-0.1997758360867383,-2.8852935312324224,3.485293531232423,0,1
DI_SUPPORT,3.0,0.4,FULL_2012_2026,313,0.6773162939297125,0.9355009588740562,-0.018480437671695417,-0.030299375620311972,-0.03620884459462025,-5.7843769912406655,12.5498819544369,8,15
DI_SUPPORT,3.0,0.5,TRAIN_2012_2021,214,0.6308411214953271,0.94634165803455,-0.017539421561177698,-0.029112308945630223,-0.0348987526378565,-3.7534362140920274,10.316321654606666,6,10
DI_SUPPORT,3.0,0.5,OOS_2022_2026,99,0.6464646464646465,0.9782738839784615,-0.0069654808661731545,-0.019316285690861502,-0.025491688103205665,-0.6895826057511423,4.213969200839303,2,5
DI_SUPPORT,3.0,0.5,YTD_2026,16,0.5,0.5343811813538082,-0.2178308457020264,-0.23079417262516772,-0.23727583608673833,-3.4852935312324225,3.4852935312324225,0,1
DI_SUPPORT,3.0,0.5,FULL_2012_2026,313,0.6357827476038339,0.9563083996031211,-0.014194948306208216,-0.026013886254824783,-0.03192335522913306,-4.4430188198431715,10.316321654606666,8,15
DI_SUPPORT,3.0,0.6,TRAIN_2012_2021,214,0.5700934579439252,0.9005955833284419,-0.036634046066293655,-0.0482069334507462,-0.05399337714297247,-7.839685858186842,12.72338588507835,4,10
DI_SUPPORT,3.0,0.6,OOS_2022_2026,99,0.5858585858585859,0.993186393427294,-0.0023249116461591325,-0.014675716470847486,-0.02085111888319166,-0.23016625296975413,5.108793656520424,2,5
DI_SUPPORT,3.0,0.6,YTD_2026,16,0.375,0.4554701623696079,-0.26899503763193944,-0.2819583645550807,-0.2884400280166513,-4.303920602111031,4.303920602111029,0,1
DI_SUPPORT,3.0,0.6,FULL_2012_2026,313,0.5750798722044729,0.928361563135265,-0.025782275115516288,-0.037601213064132874,-0.043510682038441155,-8.069852111156598,12.72338588507835,6,15
DI_SUPPORT,3.0,0.75,TRAIN_2012_2021,214,0.5373831775700935,0.9239795135994757,-0.029558878917762876,-0.04113176630221539,-0.046918209994441656,-6.325600088401256,14.416475653070902,4,10
DI_SUPPORT,3.0,0.75,OOS_2022_2026,99,0.5454545454545454,1.0737132770144187,0.026865104500439115,0.014514299675750776,0.008338897263406602,2.6596453455434723,5.454489487968075,4,5
DI_SUPPORT,3.0,0.75,YTD_2026,16,0.25,0.3656534638016802,-0.3252805929980047,-0.338243919921146,-0.34472558338271664,-5.204489487968075,5.4544894879680745,0,1
DI_SUPPORT,3.0,0.75,FULL_2012_2026,313,0.5399361022364217,0.9692685762551901,-0.011712315472389082,-0.023531253421005646,-0.029440722395313937,-3.6659547428577826,14.416475653070902,8,15
DI_SUPPORT,3.0,1.0,TRAIN_2012_2021,214,0.4766355140186916,0.9256468992332539,-0.03161049518283785,-0.04318338256729037,-0.048969826259516645,-6.7646459691273,22.93816345838407,4,10
DI_SUPPORT,3.0,1.0,OOS_2022_2026,99,0.5050505050505051,1.1188616090993788,0.04620557994635705,0.03385477512166871,0.027679372709324527,4.574352414689348,5.2675053752777705,3,5
DI_SUPPORT,3.0,1.0,YTD_2026,16,0.25,0.47810595156587704,-0.2676171396381789,-0.28058046656132024,-0.2870621300228908,-4.281874234210862,5.2044894879680745,0,1
DI_SUPPORT,3.0,1.0,FULL_2012_2026,313,0.48562300319488816,0.9830819250800273,-0.006997742985424761,-0.01881668093404135,-0.024726149908349624,-2.1902935544379503,22.93816345838407,7,15
DI_FADE,0.75,0.2,TRAIN_2012_2021,226,0.19469026548672566,0.04835164835164834,-0.7663716814159292,-0.811295632817741,-0.8337576085186469,-173.2,173.19999999999996,0,10
DI_FADE,0.75,0.2,OOS_2022_2026,98,0.17346938775510204,0.041975308641975316,-0.7918367346938775,-0.843580036916974,-0.869451688028522,-77.6,77.59999999999997,0,5
DI_FADE,0.75,0.2,YTD_2026,12,0.3333333333333333,0.1,-0.6,-0.6561575470817134,-0.6842363206225701,-7.199999999999999,7.199999999999999,0,1
DI_FADE,0.75,0.2,FULL_2012_2026,324,0.1882716049382716,0.046387832699619755,-0.7740740740740741,-0.8210606686255336,-0.8445539659012634,-250.8,250.80000000000015,0,15
DI_FADE,0.75,0.25,TRAIN_2012_2021,226,0.19469026548672566,0.06043956043956044,-0.7566371681415929,-0.8015611195434046,-0.8240230952443106,-171.0,171.0,0,10
DI_FADE,0.75,0.25,OOS_2022_2026,98,0.16326530612244897,0.04878048780487805,-0.7959183673469388,-0.8476616695700352,-0.8735333206815833,-78.0,78.0,0,5
DI_FADE,0.75,0.25,YTD_2026,12,0.3333333333333333,0.125,-0.5833333333333334,-0.6394908804150468,-0.6675696539559034,-7.0,7.0,0,1
DI_FADE,0.75,0.25,FULL_2012_2026,324,0.18518518518518517,0.056818181818181816,-0.7685185185185185,-0.8155051130699782,-0.8389984103457078,-249.0,249.0,0,15
DI_FADE,0.75,0.3,TRAIN_2012_2021,226,0.19469026548672566,0.07252747252747255,-0.7469026548672567,-0.7918266062690683,-0.8142885819699743,-168.8,168.80000000000007,0,10
DI_FADE,0.75,0.3,OOS_2022_2026,98,0.16326530612244897,0.058536585365853655,-0.7877551020408162,-0.8394984042639128,-0.8653700553754609,-77.19999999999999,77.20000000000003,0,5
DI_FADE,0.75,0.3,YTD_2026,12,0.3333333333333333,0.15,-0.5666666666666668,-0.62282421374838,-0.6509029872892368,-6.800000000000001,6.800000000000001,0,1
DI_FADE,0.75,0.3,FULL_2012_2026,324,0.18518518518518517,0.06818181818181819,-0.7592592592592593,-0.8062458538107189,-0.8297391510864486,-246.0,245.9999999999999,0,15
DI_FADE,0.75,0.4,TRAIN_2012_2021,226,0.18584070796460178,0.09130434782608694,-0.7398230088495574,-0.7847469602513691,-0.8072089359522752,-167.2,167.19999999999993,0,10
DI_FADE,0.75,0.4,OOS_2022_2026,98,0.16326530612244897,0.07804878048780488,-0.7714285714285714,-0.8231718736516678,-0.8490435247632159,-75.6,75.59999999999998,0,5
DI_FADE,0.75,0.4,YTD_2026,12,0.3333333333333333,0.2,-0.5333333333333333,-0.5894908804150467,-0.6175696539559034,-6.4,6.4,0,1
DI_FADE,0.75,0.4,FULL_2012_2026,324,0.17901234567901234,0.08721804511278194,-0.7493827160493827,-0.7963693106008423,-0.8198626078765721,-242.79999999999998,242.79999999999984,0,15
DI_FADE,0.75,0.5,TRAIN_2012_2021,226,0.17699115044247787,0.10752688172043011,-0.7345132743362832,-0.7794372257380948,-0.801899201439001,-166.0,166.0,0,10
DI_FADE,0.75,0.5,OOS_2022_2026,98,0.15306122448979592,0.09036144578313253,-0.7704081632653061,-0.8221514654884025,-0.8480231165999507,-75.5,75.5,0,5
DI_FADE,0.75,0.5,YTD_2026,12,0.3333333333333333,0.25,-0.5,-0.5561575470817134,-0.5842363206225701,-6.0,6.0,0,1
DI_FADE,0.75,0.5,FULL_2012_2026,324,0.1697530864197531,0.10223048327137546,-0.7453703703703703,-0.79235696492183,-0.8158502621975596,-241.5,241.5,0,15
DI_FADE,0.75,0.6,TRAIN_2012_2021,226,0.17699115044247787,0.12903225806451613,-0.7168141592920354,-0.761738110693847,-0.7842000863947531,-162.0,162.00000000000006,0,10
DI_FADE,0.75,0.6,OOS_2022_2026,98,0.14285714285714285,0.09999999999999998,-0.7714285714285715,-0.8231718736516678,-0.8490435247632159,-75.60000000000001,75.6,0,5
DI_FADE,0.75,0.6,YTD_2026,12,0.25,0.19999999999999998,-0.6,-0.6561575470817134,-0.6842363206225701,-7.2,7.2,0,1
DI_FADE,0.75,0.6,FULL_2012_2026,324,0.16666666666666666,0.12000000000000002,-0.7333333333333334,-0.780319927884793,-0.8038132251605227,-237.60000000000002,237.60000000000014,0,15
DI_FADE,0.75,0.75,TRAIN_2012_2021,226,0.17256637168141592,0.15641711229946523,-0.6980088495575221,-0.7429328009593338,-0.7653947766602398,-157.75,157.75,0,10
DI_FADE,0.75,0.75,OOS_2022_2026,98,0.11224489795918367,0.09482758620689655,-0.8035714285714286,-0.8553147307945249,-0.8811863819060731,-78.75,78.75,0,5
DI_FADE,0.75,0.75,YTD_2026,12,0.16666666666666666,0.15,-0.7083333333333334,-0.7644908804150469,-0.7925696539559034,-8.5,8.5,0,1
DI_FADE,0.75,0.75,FULL_2012_2026,324,0.15432098765432098,0.13686131386861314,-0.7299382716049383,-0.7769248661563979,-0.8004181634321276,-236.5,236.5,0,15
DI_FADE,0.75,1.0,TRAIN_2012_2021,226,0.168141592920354,0.20212765957446807,-0.6637168141592921,-0.7086407655611037,-0.7311027412620098,-150.0,150.0,0,10
DI_FADE,0.75,1.0,OOS_2022_2026,98,0.10204081632653061,0.11363636363636363,-0.7959183673469388,-0.8476616695700352,-0.8735333206815833,-78.0,78.0,0,5
DI_FADE,0.75,1.0,YTD_2026,12,0.16666666666666666,0.2,-0.6666666666666666,-0.7228242137483801,-0.7509029872892367,-8.0,8.0,0,1
DI_FADE,0.75,1.0,FULL_2012_2026,324,0.14814814814814814,0.17391304347826086,-0.7037037037037037,-0.7506902982551633,-0.7741835955308931,-228.0,228.0,0,15
DI_FADE,1.0,0.2,TRAIN_2012_2021,226,0.37168141592920356,0.11830985915492956,-0.5539823008849557,-0.5876752644363146,-0.604521746211994,-125.19999999999999,125.59999999999984,0,10
DI_FADE,1.0,0.2,OOS_2022_2026,98,0.3673469387755102,0.11612903225806454,-0.5591836734693877,-0.59799115013671,-0.6173948884703712,-54.8,54.799999999999955,0,5
DI_FADE,1.0,0.2,YTD_2026,12,0.4166666666666667,0.14285714285714285,-0.5,-0.542118160311285,-0.5631772404669276,-6.0,6.0,0,1
DI_FADE,1.0,0.2,FULL_2012_2026,324,0.37037037037037035,0.11764705882352942,-0.5555555555555556,-0.5907955014691502,-0.6084154744259476,-180.0,180.40000000000023,0,15
DI_FADE,1.0,0.25,TRAIN_2012_2021,226,0.36283185840707965,0.1423611111111111,-0.5464601769911505,-0.5801531405425092,-0.5969996223181887,-123.5,124.0,0,10
DI_FADE,1.0,0.25,OOS_2022_2026,98,0.35714285714285715,0.1388888888888889,-0.5535714285714286,-0.5923789052387507,-0.611782643572412,-54.25,54.25,0,5
DI_FADE,1.0,0.25,YTD_2026,12,0.4166666666666667,0.17857142857142858,-0.4791666666666667,-0.5212848269779516,-0.5423439071335943,-5.75,5.75,0,1
DI_FADE,1.0,0.25,FULL_2012_2026,324,0.3611111111111111,0.14130434782608695,-0.5486111111111112,-0.5838510570247057,-0.6014710299815031,-177.75,178.25,0,15
DI_FADE,1.0,0.3,TRAIN_2012_2021,226,0.3584070796460177,0.1675862068965517,-0.5340707964601771,-0.5677637600115358,-0.584610241787215,-120.70000000000002,121.30000000000013,0,10
DI_FADE,1.0,0.3,OOS_2022_2026,98,0.3469387755102041,0.15937500000000002,-0.5489795918367346,-0.5877870685040569,-0.6071908068377181,-53.8,53.80000000000005,0,5
DI_FADE,1.0,0.3,YTD_2026,12,0.4166666666666667,0.21428571428571427,-0.4583333333333333,-0.5004514936446184,-0.5215105738002609,-5.5,5.5,0,1
DI_FADE,1.0,0.3,FULL_2012_2026,324,0.3549382716049383,0.16507177033492818,-0.5385802469135802,-0.5738201928271749,-0.5914401657839723,-174.5,175.09999999999988,0,15
DI_FADE,1.0,0.4,TRAIN_2012_2021,226,0.336283185840708,0.2026666666666666,-0.5292035398230088,-0.5628965033743677,-0.5797429851500471,-119.6,120.39999999999993,0,10
DI_FADE,1.0,0.4,OOS_2022_2026,98,0.336734693877551,0.2030769230769231,-0.5285714285714286,-0.5673789052387509,-0.5867826435724119,-51.8,51.800000000000026,0,5
DI_FADE,1.0,0.4,YTD_2026,12,0.4166666666666667,0.2857142857142857,-0.4166666666666667,-0.4587848269779517,-0.47984390713359426,-5.0,5.0,0,1
DI_FADE,1.0,0.4,FULL_2012_2026,324,0.33641975308641975,0.20279069767441857,-0.5290123456790123,-0.564252291592607,-0.5818722645494043,-171.4,172.19999999999976,0,15
DI_FADE,1.0,0.5,TRAIN_2012_2021,226,0.3230088495575221,0.238562091503268,-0.5154867256637168,-0.5491796892150757,-0.566026170990755,-116.5,117.5,0,10
DI_FADE,1.0,0.5,OOS_2022_2026,98,0.29591836734693877,0.21014492753623187,-0.5561224489795918,-0.594929925646914,-0.6143336639805752,-54.5,54.5,0,5
DI_FADE,1.0,0.5,YTD_2026,12,0.16666666666666666,0.1,-0.75,-0.792118160311285,-0.8131772404669276,-9.0,9.0,0,1
DI_FADE,1.0,0.5,FULL_2012_2026,324,0.3148148148148148,0.22972972972972974,-0.5277777777777778,-0.5630177236913724,-0.5806376966481698,-171.0,172.0,0,15
DI_FADE,1.0,0.6,TRAIN_2012_2021,226,0.3053097345132743,0.2636942675159236,-0.5115044247787611,-0.5451973883301199,-0.5620438701057993,-115.60000000000002,117.00000000000004,0,10
DI_FADE,1.0,0.6,OOS_2022_2026,98,0.25510204081632654,0.2054794520547945,-0.5918367346938775,-0.6306442113611999,-0.650047949694861,-58.0,57.999999999999986,0,5
DI_FADE,1.0,0.6,YTD_2026,12,0.16666666666666666,0.12,-0.7333333333333334,-0.7754514936446183,-0.7965105738002608,-8.8,8.8,0,1
DI_FADE,1.0,0.6,FULL_2012_2026,324,0.29012345679012347,0.24521739130434783,-0.5358024691358024,-0.5710424150493971,-0.5886623880061945,-173.6,174.80000000000018,0,15
DI_FADE,1.0,0.75,TRAIN_2012_2021,226,0.2920353982300885,0.309375,-0.4889380530973451,-0.5226310166487038,-0.5394774984243833,-110.5,112.5,0,10
DI_FADE,1.0,0.75,OOS_2022_2026,98,0.24489795918367346,0.24324324324324326,-0.5714285714285714,-0.6102360480958936,-0.6296397864295549,-56.0,56.0,0,5
DI_FADE,1.0,0.75,YTD_2026,12,0.16666666666666666,0.15,-0.7083333333333334,-0.7504514936446184,-0.7715105738002609,-8.5,8.5,0,1
DI_FADE,1.0,0.75,FULL_2012_2026,324,0.2777777777777778,0.28846153846153844,-0.5138888888888888,-0.5491288348024835,-0.5667488077592809,-166.5,168.0,0,15
DI_FADE,1.0,1.0,TRAIN_2012_2021,226,0.24336283185840707,0.3216374269005848,-0.5132743362831859,-0.5469672998345446,-0.5638137816102241,-116.0,119.0,0,10
DI_FADE,1.0,1.0,OOS_2022_2026,98,0.17346938775510204,0.20987654320987653,-0.6530612244897959,-0.6918687011571181,-0.7112724394907795,-64.0,64.0,0,5
DI_FADE,1.0,1.0,YTD_2026,12,0.08333333333333333,0.09090909090909091,-0.8333333333333334,-0.8754514936446184,-0.8965105738002609,-10.0,10.0,0,1
DI_FADE,1.0,1.0,FULL_2012_2026,324,0.2222222222222222,0.2857142857142857,-0.5555555555555556,-0.5907955014691502,-0.6084154744259476,-180.0,182.0,0,15
DI_FADE,1.25,0.2,TRAIN_2012_2021,226,0.5575221238938053,0.252,-0.33097345132743355,-0.35792782216852065,-0.37140500758906425,-74.79999999999998,75.39999999999986,0,10
DI_FADE,1.25,0.2,OOS_2022_2026,98,0.6020408163265306,0.3025641025641025,-0.27755102040816326,-0.3085970017420211,-0.32411999240894995,-27.2,27.200000000000024,0,5
DI_FADE,1.25,0.2,YTD_2026,12,0.75,0.6,-0.09999999999999999,-0.13369452824902803,-0.150541792373542,-1.2,2.2,0,1
DI_FADE,1.25,0.2,FULL_2012_2026,324,0.5709876543209876,0.26618705035971224,-0.3148148148148148,-0.34300677154569054,-0.35710274991112845,-102.0,102.5999999999997,0,15
DI_FADE,1.25,0.25,TRAIN_2012_2021,226,0.5575221238938053,0.315,-0.3030973451327434,-0.33005171597383043,-0.343528901394374,-68.5,69.5,0,10
DI_FADE,1.25,0.25,OOS_2022_2026,98,0.5918367346938775,0.3625,-0.2602040816326531,-0.29125006296651085,-0.3067730536334398,-25.5,25.5,0,5
DI_FADE,1.25,0.25,YTD_2026,12,0.75,0.75,-0.0625,-0.09619452824902804,-0.11304179237354202,-0.75,2.0,0,1
DI_FADE,1.25,0.25,FULL_2012_2026,324,0.5679012345679012,0.32857142857142857,-0.29012345679012347,-0.31831541352099924,-0.3324113918864371,-94.0,95.0,0,15
DI_FADE,1.25,0.3,TRAIN_2012_2021,226,0.5265486725663717,0.3336448598130839,-0.3154867256637169,-0.34244109650480387,-0.35591828192534736,-71.30000000000001,72.20000000000009,0,10
DI_FADE,1.25,0.3,OOS_2022_2026,98,0.5816326530612245,0.41707317073170735,-0.24387755102040817,-0.27492353235426603,-0.2904465230211949,-23.900000000000002,24.199999999999985,0,5
DI_FADE,1.25,0.3,YTD_2026,12,0.75,0.8999999999999999,-0.024999999999999994,-0.058694528249028044,-0.07554179237354203,-0.29999999999999993,1.7999999999999998,0,1
DI_FADE,1.25,0.3,FULL_2012_2026,324,0.5432098765432098,0.35675675675675667,-0.29382716049382723,-0.32201911722470294,-0.3361150955901408,-95.20000000000002,96.40000000000022,0,15
DI_FADE,1.25,0.4,TRAIN_2012_2021,226,0.5088495575221239,0.4144144144144144,-0.28761061946902655,-0.3145649903101136,-0.3280421757306571,-65.0,66.20000000000012,1,10
DI_FADE,1.25,0.4,OOS_2022_2026,98,0.5204081632653061,0.43404255319148927,-0.27142857142857146,-0.30247455276242924,-0.3179975434293581,-26.6,26.600000000000026,0,5
DI_FADE,1.25,0.4,YTD_2026,12,0.5,0.39999999999999997,-0.3,-0.333694528249028,-0.35054179237354205,-3.6,3.6000000000000005,0,1
DI_FADE,1.25,0.4,FULL_2012_2026,324,0.5123456790123457,0.420253164556962,-0.28271604938271605,-0.31090800611359176,-0.3250039844790296,-91.60000000000001,92.79999999999983,1,15
DI_FADE,1.25,0.5,TRAIN_2012_2021,226,0.4823008849557522,0.4658119658119658,-0.27654867256637167,-0.3035030434074587,-0.3169802288280023,-62.5,64.5,1,10
DI_FADE,1.25,0.5,OOS_2022_2026,98,0.47959183673469385,0.46934713413926304,-0.27111786148796063,-0.3021638428218184,-0.3176868334887473,-26.56955042582014,26.56955042582014,0,5
DI_FADE,1.25,0.5,YTD_2026,12,0.5,0.5,-0.25,-0.283694528249028,-0.30054179237354206,-3.0,3.0,0,1
DI_FADE,1.25,0.5,FULL_2012_2026,324,0.48148148148148145,0.4668714304982371,-0.2749060198327782,-0.30309797656365395,-0.3171939549290918,-89.06955042582014,91.06955042582014,1,15
DI_FADE,1.25,0.6,TRAIN_2012_2021,226,0.4557522123893805,0.5024390243902439,-0.27079646017699116,-0.2977508310180782,-0.3112280164386217,-61.2,64.39999999999993,0,10
DI_FADE,1.25,0.6,OOS_2022_2026,98,0.4489795918367347,0.5066910009817427,-0.26227306891118757,-0.2933190502450454,-0.3088420409119743,-25.70276075329638,26.102760753296366,0,5
DI_FADE,1.25,0.6,YTD_2026,12,0.5,0.6,-0.19999999999999998,-0.233694528249028,-0.25054179237354207,-2.4,2.8,0,1
DI_FADE,1.25,0.6,FULL_2012_2026,324,0.4537037037037037,0.5037042227122029,-0.2682183973867172,-0.29641035411759303,-0.3105063324830309,-86.90276075329638,90.30276075329651,0,15
DI_FADE,1.25,0.75,TRAIN_2012_2021,226,0.41150442477876104,0.5244360902255639,-0.27986725663716816,-0.3068216274782552,-0.32029881289879875,-63.25,66.0,0,10
DI_FADE,1.25,0.75,OOS_2022_2026,98,0.3877551020408163,0.49051025511525437,-0.30206898727853454,-0.33311496861239237,-0.34863795927932123,-29.602760753296387,30.102760753296387,0,5
DI_FADE,1.25,0.75,YTD_2026,12,0.4166666666666667,0.5357142857142857,-0.2708333333333333,-0.3045278615823613,-0.3213751257068754,-3.25,3.75,0,1
DI_FADE,1.25,0.75,FULL_2012_2026,324,0.404320987654321,0.5141213010880339,-0.2865825949175815,-0.3147745516484572,-0.32887053001389505,-92.8527607532964,95.60276075329638,0,15
DI_FADE,1.25,1.0,TRAIN_2012_2021,226,0.36283185840707965,0.5694444444444444,-0.2743362831858407,-0.3012906540269278,-0.3147678394474713,-62.0,67.0,1,10
DI_FADE,1.25,1.0,OOS_2022_2026,98,0.30612244897959184,0.46007114923840686,-0.35925821982857226,-0.39030420116243003,-0.4058271918293589,-35.20730554320008,35.20730554320008,0,5
DI_FADE,1.25,1.0,YTD_2026,12,0.25,0.3333333333333333,-0.5,-0.5336945282490281,-0.5505417923735421,-6.0,6.0,0,1
DI_FADE,1.25,1.0,FULL_2012_2026,324,0.345679012345679,0.5353541536668406,-0.3000225479728397,-0.3282145047037155,-0.3423104830691533,-97.20730554320008,100.20730554320008,1,15
DI_FADE,1.5,0.2,TRAIN_2012_2021,226,0.7079646017699115,0.4848484848484848,-0.1504424778761062,-0.1729044535770121,-0.184135441427465,-34.0,35.200000000000045,1,10
DI_FADE,1.5,0.2,OOS_2022_2026,98,0.6836734693877551,0.4322580645161289,-0.17959183673469387,-0.20546348784624202,-0.21839931340201615,-17.599999999999998,17.60000000000003,0,5
DI_FADE,1.5,0.2,YTD_2026,12,0.75,0.6,-0.09999999999999999,-0.12807877354085664,-0.14211816031128502,-1.2,2.2,0,1
DI_FADE,1.5,0.2,FULL_2012_2026,324,0.7006172839506173,0.4680412371134021,-0.15925925925925927,-0.18275255653498904,-0.19449920517285393,-51.6,52.19999999999985,1,15
DI_FADE,1.5,0.25,TRAIN_2012_2021,226,0.672566371681416,0.5135135135135135,-0.1592920353982301,-0.18175401109913597,-0.19298499894958893,-36.0,37.5,1,10
DI_FADE,1.5,0.25,OOS_2022_2026,98,0.673469387755102,0.515625,-0.15816326530612246,-0.1840349164176706,-0.19697074197344466,-15.5,15.5,0,5
DI_FADE,1.5,0.25,YTD_2026,12,0.75,0.75,-0.0625,-0.09057877354085668,-0.10461816031128503,-0.75,2.0,0,1
DI_FADE,1.5,0.25,FULL_2012_2026,324,0.6728395061728395,0.5141509433962265,-0.15895061728395063,-0.1824439145596804,-0.1941905631975453,-51.5,52.25,1,15
DI_FADE,1.5,0.3,TRAIN_2012_2021,226,0.6592920353982301,0.5805194805194805,-0.14292035398230088,-0.16538232968320676,-0.1766133175336597,-32.3,34.09999999999996,1,10
DI_FADE,1.5,0.3,OOS_2022_2026,98,0.6326530612244898,0.5166666666666668,-0.17755102040816328,-0.20342267151971144,-0.21635849707548555,-17.400000000000002,17.399999999999977,0,5
DI_FADE,1.5,0.3,YTD_2026,12,0.5833333333333334,0.42000000000000004,-0.2416666666666667,-0.26974544020752333,-0.2837848269779517,-2.9000000000000004,2.8999999999999995,0,1
DI_FADE,1.5,0.3,FULL_2012_2026,324,0.6512345679012346,0.5601769911504423,-0.15339506172839507,-0.17688835900412486,-0.18863500764198976,-49.7,50.60000000000014,1,15
DI_FADE,1.5,0.4,TRAIN_2012_2021,226,0.6194690265486725,0.6511627906976742,-0.13274336283185845,-0.1552053385327643,-0.1664363263832172,-30.000000000000007,32.400000000000034,2,10
DI_FADE,1.5,0.4,OOS_2022_2026,98,0.5510204081632653,0.5016494199463236,-0.21895876212432094,-0.24483041323586907,-0.2577662387916432,-21.457958688183453,21.45795868818346,0,5
DI_FADE,1.5,0.4,YTD_2026,12,0.5,0.39999999999999997,-0.3,-0.3280787735408567,-0.342118160311285,-3.6,3.6000000000000005,0,1
DI_FADE,1.5,0.4,FULL_2012_2026,324,0.5987654320987654,0.6012802371025341,-0.15882086014871438,-0.18231415742444412,-0.19406080606230902,-51.45795868818346,52.65795868818356,2,15
DI_FADE,1.5,0.5,TRAIN_2012_2021,226,0.5575221238938053,0.63,-0.16371681415929204,-0.18617878986019792,-0.19740977771065082,-37.0,39.5,1,10
DI_FADE,1.5,0.5,OOS_2022_2026,98,0.5204081632653061,0.565590361267019,-0.19985340776612573,-0.22572505887767388,-0.238660884433448,-19.585633961080323,19.585633961080323,0,5
DI_FADE,1.5,0.5,YTD_2026,12,0.5,0.5,-0.25,-0.2780787735408567,-0.292118160311285,-3.0,3.0,0,1
DI_FADE,1.5,0.5,FULL_2012_2026,324,0.5462962962962963,0.609984583475304,-0.17464701839839605,-0.19814031567412585,-0.20988696431199072,-56.58563396108032,58.58563396108032,1,15
DI_FADE,1.5,0.6,TRAIN_2012_2021,226,0.5309734513274337,0.6792452830188678,-0.1504424778761062,-0.1729044535770121,-0.18413544142746502,-34.0,37.59999999999998,1,10
DI_FADE,1.5,0.6,OOS_2022_2026,98,0.46938775510204084,0.5510562174664084,-0.22944524450081957,-0.2553168956123678,-0.2682527211681419,-22.485633961080318,22.885633961080313,0,5
DI_FADE,1.5,0.6,YTD_2026,12,0.4166666666666667,0.42857142857142855,-0.3333333333333333,-0.36141210687419,-0.37545149364461833,-4.0,4.199999999999999,0,1
DI_FADE,1.5,0.6,FULL_2012_2026,324,0.5123456790123457,0.6381112564455169,-0.1743383764230874,-0.19783167369881718,-0.2095783223366821,-56.48563396108032,58.88563396108022,1,15
DI_FADE,1.5,0.75,TRAIN_2012_2021,226,0.4778761061946903,0.6864406779661016,-0.16371681415929204,-0.18617878986019795,-0.1974097777106509,-37.0,43.0,2,10
DI_FADE,1.5,0.75,OOS_2022_2026,98,0.40816326530612246,0.5437466410184916,-0.2568648430544225,-0.28273649416597063,-0.2956723197217447,-25.1727546193334,25.6727546193334,0,5
DI_FADE,1.5,0.75,YTD_2026,12,0.25,0.25,-0.5625,-0.5905787735408566,-0.6046181603112849,-6.75,6.75,0,1
DI_FADE,1.5,0.75,FULL_2012_2026,324,0.4567901234567901,0.6409784278364058,-0.19189121796090558,-0.21538451523663535,-0.2271311638745002,-62.1727546193334,65.4227546193334,2,15
DI_FADE,1.5,1.0,TRAIN_2012_2021,226,0.41150442477876104,0.7042035414997827,-0.1728499564877069,-0.19531193218861279,-0.20654292003906574,-39.06409016622176,48.06409016622176,2,10
DI_FADE,1.5,1.0,OOS_2022_2026,98,0.37755102040816324,0.6360365817661185,-0.2160485165238102,-0.24192016763535837,-0.25485599319113245,-21.1727546193334,22.1727546193334,0,5
DI_FADE,1.5,1.0,YTD_2026,12,0.25,0.3333333333333333,-0.5,-0.5280787735408566,-0.5421181603112849,-6.0,6.0,0,1
DI_FADE,1.5,1.0,FULL_2012_2026,324,0.4012345679012346,0.6833586845205657,-0.18591618760973816,-0.20940948488546793,-0.22115613352333283,-60.236844785555164,68.23684478555515,2,15
DI_FADE,1.75,0.2,TRAIN_2012_2021,226,0.7743362831858407,0.6862745098039215,-0.07079646017699115,-0.09004958220633905,-0.09967614322101297,-16.0,17.60000000000002,2,10
DI_FADE,1.75,0.2,OOS_2022_2026,98,0.7755102040816326,0.6909090909090907,-0.06938775510204083,-0.09156345605479638,-0.10265130653117414,-6.800000000000001,9.200000000000003,1,5
DI_FADE,1.75,0.2,YTD_2026,12,0.8333333333333334,1.0,0.0,-0.02406752017787715,-0.03610128026681575,0.0,1.0,0,1
DI_FADE,1.75,0.2,FULL_2012_2026,324,0.7746913580246914,0.6876712328767124,-0.07037037037037036,-0.09050748232099588,-0.10057603829630864,-22.799999999999997,26.20000000000006,3,15
DI_FADE,1.75,0.25,TRAIN_2012_2021,226,0.7433628318584071,0.7241379310344828,-0.07079646017699115,-0.09004958220633905,-0.09967614322101302,-16.0,18.0,3,10
DI_FADE,1.75,0.25,OOS_2022_2026,98,0.7448979591836735,0.73,-0.06887755102040816,-0.09105325197316372,-0.10214110244954153,-6.75,8.75,2,5
DI_FADE,1.75,0.25,YTD_2026,12,0.6666666666666666,0.5,-0.16666666666666666,-0.19073418684454382,-0.20276794693348243,-2.0,2.25,0,1
DI_FADE,1.75,0.25,FULL_2012_2026,324,0.7438271604938271,0.7259036144578314,-0.07021604938271606,-0.09035316133334158,-0.10042171730865435,-22.75,25.25,5,15
DI_FADE,1.75,0.3,TRAIN_2012_2021,226,0.7168141592920354,0.7593749999999999,-0.06814159292035397,-0.0873947149497019,-0.09702127596437579,-15.399999999999999,18.299999999999986,4,10
DI_FADE,1.75,0.3,OOS_2022_2026,98,0.6836734693877551,0.6483870967741936,-0.11122448979591837,-0.13340019074867399,-0.14448804122505174,-10.9,11.799999999999988,1,5
DI_FADE,1.75,0.3,YTD_2026,12,0.5833333333333334,0.42000000000000004,-0.2416666666666667,-0.26573418684454386,-0.27776794693348245,-2.9000000000000004,3.4000000000000004,0,1
DI_FADE,1.75,0.3,FULL_2012_2026,324,0.7067901234567902,0.7231578947368419,-0.08117283950617285,-0.10130995145679837,-0.11137850743211113,-26.300000000000004,28.29999999999993,5,15
DI_FADE,1.75,0.4,TRAIN_2012_2021,226,0.6415929203539823,0.7224068952479921,-0.09861576456123375,-0.11786888659058165,-0.12749544760525558,-22.287162790838828,27.887162790838847,4,10
DI_FADE,1.75,0.4,OOS_2022_2026,98,0.6530612244897959,0.7745914898710565,-0.07601713138352871,-0.09819283233628427,-0.10928068281266208,-7.449678875585814,10.049678875585807,2,5
DI_FADE,1.75,0.4,YTD_2026,12,0.5833333333333334,0.5599999999999999,-0.18333333333333335,-0.2074008535112105,-0.21943461360014904,-2.2,3.2,0,1
DI_FADE,1.75,0.4,FULL_2012_2026,324,0.6450617283950617,0.7376242250163743,-0.09178037551365631,-0.11191748746428183,-0.12198604343959456,-29.736841666424645,33.13684166642477,6,15
DI_FADE,1.75,0.5,TRAIN_2012_2021,226,0.5973451327433629,0.747614587871943,-0.10082815394176473,-0.12008127597111261,-0.12970783698578658,-22.787162790838828,27.787162790838828,2,10
DI_FADE,1.75,0.5,OOS_2022_2026,98,0.5918367346938775,0.7508321187868318,-0.09680274023113171,-0.1189784411838873,-0.13006629166026507,-9.486668542650907,11.48666854265091,2,5
DI_FADE,1.75,0.5,YTD_2026,12,0.5,0.5,-0.25,-0.2740675201778771,-0.2861012802668157,-3.0,3.5,0,1
DI_FADE,1.75,0.5,FULL_2012_2026,324,0.595679012345679,0.7485689490876404,-0.09961059053546216,-0.1197477024860877,-0.12981625846140044,-32.27383133348974,35.77383133348974,4,15
DI_FADE,1.75,0.6,TRAIN_2012_2021,226,0.5619469026548672,0.7752792718430408,-0.09773080880902137,-0.11698393083836924,-0.1266104918530432,-22.08716279083883,28.4871627908388,3,10
DI_FADE,1.75,0.6,OOS_2022_2026,98,0.5102040816326531,0.6531116053566093,-0.15980962645491958,-0.18198532740767515,-0.19307317788405293,-15.661343392582118,17.06134339258213,1,5
DI_FADE,1.75,0.6,YTD_2026,12,0.3333333333333333,0.3,-0.4666666666666666,-0.4907341868445439,-0.5027679469334824,-5.6,5.6,0,1
DI_FADE,1.75,0.6,FULL_2012_2026,324,0.5462962962962963,0.7368254366032765,-0.11650773513401526,-0.13664484708464084,-0.14671340305995356,-37.74850618342094,41.54850618342082,4,15
DI_FADE,1.75,0.75,TRAIN_2012_2021,226,0.5,0.7494748795344968,-0.12447236718984278,-0.14372548921919068,-0.15335205023386467,-28.130754984904467,35.75,3,10
DI_FADE,1.75,0.75,OOS_2022_2026,98,0.47959183673469385,0.7183409039032532,-0.13838105502634818,-0.16055675597910374,-0.1716446064554815,-13.56134339258212,14.848396512414242,1,5
DI_FADE,1.75,0.75,YTD_2026,12,0.3333333333333333,0.375,-0.4166666666666667,-0.4407341868445438,-0.4527679469334824,-5.0,5.0,0,1
DI_FADE,1.75,0.75,FULL_2012_2026,324,0.49382716049382713,0.7401312900410821,-0.12867931597989687,-0.1488164279305224,-0.15888498390583514,-41.69209837748659,48.34839651241425,4,15
DI_FADE,1.75,1.0,TRAIN_2012_2021,226,0.4469026548672566,0.8043280650021218,-0.10679020721037075,-0.12604332923971864,-0.13566989025439263,-24.13458682954379,38.898526622255716,3,10
DI_FADE,1.75,1.0,OOS_2022_2026,98,0.4387755102040816,0.8151184089249229,-0.09740743271996,-0.11958313367271559,-0.13067098414909337,-9.54592840655608,13.582981526388204,1,5
DI_FADE,1.75,1.0,YTD_2026,12,0.3333333333333333,0.5,-0.3333333333333333,-0.3574008535112105,-0.36943461360014895,-4.0,4.0,0,1
DI_FADE,1.75,1.0,FULL_2012_2026,324,0.4444444444444444,0.8075121480719395,-0.10395220751882674,-0.12408931946945231,-0.13415787544476507,-33.680515236099865,50.430405565093174,4,15
DI_FADE,2.0,0.2,TRAIN_2012_2021,226,0.7920353982300885,0.7617021276595745,-0.04955752212389382,-0.06640400389957321,-0.07482724478741291,-11.200000000000003,12.800000000000015,2,10
DI_FADE,2.0,0.2,OOS_2022_2026,98,0.8163265306122449,0.8888888888888888,-0.020408163265306128,-0.03981190159896725,-0.04951377076579779,-2.0000000000000004,6.799999999999997,3,5
DI_FADE,2.0,0.2,YTD_2026,12,0.9166666666666666,2.2,0.09999999999999999,0.07894091984435748,0.06841137976653623,1.2,1.0,1,1
DI_FADE,2.0,0.2,FULL_2012_2026,324,0.7993827160493827,0.7969230769230768,-0.04074074074074074,-0.05836071369753807,-0.06717070017593672,-13.2,17.800000000000058,5,15
DI_FADE,2.0,0.25,TRAIN_2012_2021,226,0.7787610619469026,0.88,-0.02654867256637168,-0.04339515434205108,-0.0518183952298908,-6.0,8.25,3,10
DI_FADE,2.0,0.25,OOS_2022_2026,98,0.7653061224489796,0.8152173913043478,-0.04336734693877551,-0.06277108527243665,-0.07247295443926718,-4.25,8.0,2,5
DI_FADE,2.0,0.25,YTD_2026,12,0.6666666666666666,0.5,-0.16666666666666666,-0.18772574682230916,-0.19825528690013047,-2.0,3.5,0,1
DI_FADE,2.0,0.25,FULL_2012_2026,324,0.7746913580246914,0.8595890410958904,-0.031635802469135804,-0.04925577542593314,-0.058065761904331804,-10.25,13.0,5,15
DI_FADE,2.0,0.3,TRAIN_2012_2021,226,0.7300884955752213,0.8114754098360656,-0.050884955752212406,-0.06773143752789182,-0.07615467841573152,-11.500000000000004,14.399999999999993,4,10
DI_FADE,2.0,0.3,OOS_2022_2026,98,0.7142857142857143,0.776527596643342,-0.06166805118507743,-0.08107178951873854,-0.09077365868556911,-6.043469016137588,9.543469016137593,2,5
DI_FADE,2.0,0.3,YTD_2026,12,0.6666666666666666,0.6,-0.1333333333333334,-0.15439241348897584,-0.16492195356679715,-1.6000000000000005,3.4000000000000004,0,1
DI_FADE,2.0,0.3,FULL_2012_2026,324,0.7253086419753086,0.8007408248200437,-0.05414650930906664,-0.07176648226586396,-0.08057646874426262,-17.543469016137593,20.843469016137526,6,15
DI_FADE,2.0,0.4,TRAIN_2012_2021,226,0.668141592920354,0.8134541278664821,-0.06128879399107953,-0.07813527576675892,-0.08655851665459863,-13.851267441983975,18.05126744198395,3,10
DI_FADE,2.0,0.4,OOS_2022_2026,98,0.673469387755102,0.8673395069268663,-0.040697295661423924,-0.060101033995085026,-0.0698029031619156,-3.9883349748195447,9.388334974819546,2,5
DI_FADE,2.0,0.4,YTD_2026,12,0.6666666666666666,0.8,-0.06666666666666668,-0.08772574682230916,-0.09825528690013045,-0.8000000000000002,3.2,0,1
DI_FADE,2.0,0.4,FULL_2012_2026,324,0.6697530864197531,0.8289841526060076,-0.05506050128643063,-0.07268047424322795,-0.0814904607216266,-17.839602416803523,22.6396024168035,5,15
DI_FADE,2.0,0.5,TRAIN_2012_2021,226,0.6283185840707964,0.847884298130918,-0.05603462379835418,-0.07288110557403359,-0.0813043464618733,-12.663824978428044,17.163824978428046,1,10
DI_FADE,2.0,0.5,OOS_2022_2026,98,0.6020408163265306,0.804767223734708,-0.07197628029091177,-0.09138001862457289,-0.10108188779140347,-7.053675468509354,12.553675468509354,2,5
DI_FADE,2.0,0.5,YTD_2026,12,0.5833333333333334,0.7,-0.125,-0.14605908015564248,-0.1565886202334638,-1.5,3.5,0,1
DI_FADE,2.0,0.5,FULL_2012_2026,324,0.6203703703703703,0.8348352923638874,-0.0608564828609179,-0.07847645581771523,-0.08728644229611388,-19.7175004469374,24.717500446937404,3,15
DI_FADE,2.0,0.6,TRAIN_2012_2021,226,0.5752212389380531,0.8126187956591119,-0.07858840592447135,-0.09543488770015077,-0.10385812858799046,-17.760979738930523,24.509712296946557,3,10
DI_FADE,2.0,0.6,OOS_2022_2026,98,0.5408163265306123,0.7423739072542294,-0.11075179049499341,-0.13015552882865455,-0.1398573979954851,-10.853675468509355,13.853675468509362,2,5
DI_FADE,2.0,0.6,YTD_2026,12,0.3333333333333333,0.3,-0.4666666666666666,-0.48772574682230924,-0.4982552869001306,-5.6,5.6,0,1
DI_FADE,2.0,0.6,FULL_2012_2026,324,0.5648148148148148,0.7910039980834113,-0.08831683705999963,-0.10593681001679697,-0.1147467964951956,-28.614655207439878,33.36338776545584,5,15
DI_FADE,2.0,0.75,TRAIN_2012_2021,226,0.5353982300884956,0.8752591913529908,-0.056423723391726875,-0.07327020516740629,-0.081693446055246,-12.751761486530274,26.7504940445463,3,10
DI_FADE,2.0,0.75,OOS_2022_2026,98,0.4897959183673469,0.7495483943688263,-0.12044566804601382,-0.1398494063796749,-0.14955127554650552,-11.803675468509354,13.053675468509356,2,5
DI_FADE,2.0,0.75,YTD_2026,12,0.3333333333333333,0.375,-0.4166666666666667,-0.4377257468223092,-0.44825528690013045,-5.0,5.0,0,1
DI_FADE,2.0,0.75,FULL_2012_2026,324,0.5216049382716049,0.8355908144190621,-0.07578838566370255,-0.0934083586204999,-0.10221834509889857,-24.555436955039628,38.05416951305566,5,15
DI_FADE,2.0,1.0,TRAIN_2012_2021,226,0.4778761061946903,0.8865916950488609,-0.05782120459862094,-0.07466768637430037,-0.08309092726214003,-13.067592239288333,26.926348692915877,4,10
DI_FADE,2.0,1.0,OOS_2022_2026,98,0.46938775510204084,0.9239029152848284,-0.03770189517354664,-0.05710563350720776,-0.06680750267403836,-3.694785727007571,9.72720720686068,2,5
DI_FADE,2.0,1.0,YTD_2026,12,0.3333333333333333,0.5,-0.3333333333333333,-0.3543924134889758,-0.36492195356679713,-4.0,4.0,0,1
DI_FADE,2.0,1.0,FULL_2012_2026,324,0.47530864197530864,0.8976528577892455,-0.05173573446387625,-0.06935570742067357,-0.07816569389907224,-16.762377966295904,34.653555899776556,6,15
DI_FADE,2.25,0.2,TRAIN_2012_2021,226,0.827433628318584,0.9802814019691266,-0.003328805602404964,-0.01830345606967555,-0.025790781303310844,-0.7523100661435218,5.399999999999997,4,10
DI_FADE,2.25,0.2,OOS_2022_2026,98,0.8061224489795918,0.8502000751094388,-0.02840674468164301,-0.045654512089341785,-0.05427839579319118,-2.783860978801015,5.4,2,5
DI_FADE,2.25,0.2,YTD_2026,12,0.75,0.6966319065800712,-0.06532174823341792,-0.08404093059398905,-0.09340052177427459,-0.7838609788010151,1.983860978801015,0,1
DI_FADE,2.25,0.2,FULL_2012_2026,324,0.8209876543209876,0.9376734280827077,-0.010914108163409071,-0.026576306347228906,-0.03440740543913884,-3.536171044944539,6.3999999999999995,6,15
DI_FADE,2.25,0.25,TRAIN_2012_2021,226,0.7964601769911505,0.9966267491979834,-0.0006739383457677992,-0.01564858881303838,-0.023135914046673672,-0.1523100661435226,6.75,5,10
DI_FADE,2.25,0.25,OOS_2022_2026,98,0.7653061224489796,0.8302389045699591,-0.03912103039592872,-0.056368797803627496,-0.0649926815074769,-3.833860978801015,6.583860978801015,2,5
DI_FADE,2.25,0.25,YTD_2026,12,0.75,0.870789883225089,-0.027821748233417914,-0.046540930593989054,-0.05590052177427459,-0.33386097880101495,1.833860978801015,0,1
DI_FADE,2.25,0.25,FULL_2012_2026,324,0.7870370370370371,0.941151515011092,-0.012302997052297957,-0.027965195236117818,-0.035796294328027736,-3.986171044944538,8.833860978801015,7,15
DI_FADE,2.25,0.3,TRAIN_2012_2021,226,0.7433628318584071,0.8940028547835636,-0.02644096859939211,-0.0414156190666627,-0.04890294430029798,-5.975658903462617,10.575658903462621,6,10
DI_FADE,2.25,0.3,OOS_2022_2026,98,0.7448979591836735,0.9270822268322791,-0.017576531676088254,-0.03482429908378704,-0.043448182787636416,-1.722500104256649,6.1,3,5
DI_FADE,2.25,0.3,YTD_2026,12,0.75,1.0449478598701067,0.009678251766582088,-0.009040930593989041,-0.018400521774274602,0.11613902119898506,1.683860978801015,1,1
DI_FADE,2.25,0.3,FULL_2012_2026,324,0.7438271604938271,0.9037707979382819,-0.02375975002382489,-0.03942194820764474,-0.04725304729955467,-7.698159007719264,11.875658903462629,9,15
DI_FADE,2.25,0.4,TRAIN_2012_2021,226,0.6946902654867256,0.9381313314934577,-0.018325605512694566,-0.03330025597996511,-0.040787581213600405,-4.1415868458689715,8.999999999999998,3,10
DI_FADE,2.25,0.4,OOS_2022_2026,98,0.673469387755102,0.8794407050709613,-0.03646420477070918,-0.05371197217840796,-0.06233585588225733,-3.573492067529499,8.618450181931248,2,5
DI_FADE,2.25,0.4,YTD_2026,12,0.6666666666666666,0.8928917775908161,-0.03198841490008458,-0.05070759726065569,-0.06006718844094124,-0.383860978801015,1.9838609788010149,0,1
DI_FADE,2.25,0.4,FULL_2012_2026,324,0.6882716049382716,0.9201193182277901,-0.023811971954933543,-0.03947417013875339,-0.047305269230663305,-7.715078913398468,12.01845018193124,5,15
DI_FADE,2.25,0.5,TRAIN_2012_2021,226,0.6504424778761062,0.9409746340296039,-0.020095156291683337,-0.03506980675895392,-0.04255713199258922,-4.541505321920434,12.922273365728062,4,10
DI_FADE,2.25,0.5,OOS_2022_2026,98,0.5918367346938775,0.7784254149028421,-0.08297522965678454,-0.10022299706448334,-0.10884688076833271,-8.131572506364884,11.631572506364884,2,5
DI_FADE,2.25,0.5,YTD_2026,12,0.4166666666666667,0.3797164016751876,-0.34032174823341793,-0.35904093059398906,-0.36840052177427457,-4.083860978801015,4.083860978801015,0,1
DI_FADE,2.25,0.5,FULL_2012_2026,324,0.6327160493827161,0.8884810897795457,-0.03911443774162136,-0.054776635925441214,-0.06260773501735115,-12.673077828285322,17.853141498143078,6,15
DI_FADE,2.25,0.6,TRAIN_2012_2021,226,0.588495575221239,0.8733892042579876,-0.050288767751382336,-0.06526341821865295,-0.07275074345228824,-11.365261511812408,22.74191267449333,3,10
DI_FADE,2.25,0.6,OOS_2022_2026,98,0.5510204081632653,0.7830028787163501,-0.09011808679964169,-0.10736585420734049,-0.1159897379111899,-8.831572506364886,11.476530620766635,1,5
DI_FADE,2.25,0.6,YTD_2026,12,0.4166666666666667,0.4556596820102251,-0.29865508156675125,-0.31737426392732243,-0.3267338551076079,-3.583860978801015,3.8,0,1
DI_FADE,2.25,0.6,FULL_2012_2026,324,0.5771604938271605,0.8451927262900932,-0.062335907463510185,-0.07799810564733005,-0.08582920473923998,-20.1968340181773,32.618443295259965,4,15
DI_FADE,2.25,0.75,TRAIN_2012_2021,226,0.5486725663716814,0.9394999429464356,-0.02597213480868371,-0.0409467852759543,-0.0484341105095896,-5.869702466762519,23.396353629443432,5,10
DI_FADE,2.25,0.75,OOS_2022_2026,98,0.5,0.8114662148868238,-0.0855082868745918,-0.10275605428229058,-0.11137993798614,-8.379812113709997,12.953430076079714,2,5
DI_FADE,2.25,0.75,YTD_2026,12,0.3333333333333333,0.43133188294163394,-0.32960009423608727,-0.3483192765966585,-0.35767886777694385,-3.9552011308330473,3.9552011308330473,0,1
DI_FADE,2.25,0.75,FULL_2012_2026,324,0.5339506172839507,0.899273264374829,-0.04397998327306332,-0.05964218145688319,-0.0674732805487931,-14.249514580472516,34.599783705523144,7,15
DI_FADE,2.25,1.0,TRAIN_2012_2021,226,0.4911504424778761,0.9095830887463345,-0.04365940879740955,-0.05863405926468013,-0.06612138449831541,-9.867026388214558,22.83390020065178,5,10
DI_FADE,2.25,1.0,OOS_2022_2026,98,0.45918367346938777,0.9107104313645269,-0.04378295839477474,-0.06103072580247349,-0.06965460950632292,-4.290729922687924,11.36434788505764,1,5
DI_FADE,2.25,1.0,YTD_2026,12,0.3333333333333333,0.5751091772555119,-0.24626676090275393,-0.26498594326332514,-0.2743455344436106,-2.9552011308330473,3.0,0,1
DI_FADE,2.25,1.0,FULL_2012_2026,324,0.48148148148148145,0.9099277424854939,-0.04369677873735333,-0.05935897692117319,-0.06719007601308313,-14.157756310902478,32.198248085709416,6,15
DI_FADE,2.5,0.2,TRAIN_2012_2021,226,0.8495575221238938,1.1588227173256955,0.023287260798543492,0.009810075377999977,0.003071482667728214,5.2629209404708295,4.199999999999999,8,10
DI_FADE,2.5,0.2,OOS_2022_2026,98,0.826530612244898,0.9803046579135415,-0.0033211722542950475,-0.01884416292122393,-0.02660565825468838,-0.32547488092091464,4.199999999999999,2,5
DI_FADE,2.5,0.2,YTD_2026,12,0.75,0.712737241458379,-0.06045624007674281,-0.0773035042012568,-0.0857271362635138,-0.7254748809209137,1.9254748809209137,0,1
DI_FADE,2.5,0.2,FULL_2012_2026,324,0.8425925925925926,1.0994198982490986,0.015239031047993559,0.00114305268255571,-0.005904936500163231,4.937446059549913,4.79999999999999,10,15
DI_FADE,2.5,0.25,TRAIN_2012_2021,226,0.7876106194690266,0.9603330026422092,-0.008133154925293588,-0.021610340345837115,-0.028348933056108885,-1.8380930131163509,5.95101395358718,4,10
DI_FADE,2.5,0.25,OOS_2022_2026,98,0.7755102040816326,0.9241132726153399,-0.01592091932480596,-0.03144390999173486,-0.03920540532519931,-1.5602500938309838,4.310250093830984,2,5
DI_FADE,2.5,0.25,YTD_2026,12,0.75,0.8909215518229737,-0.022956240076742795,-0.03980350420125683,-0.048227136263513805,-0.27547488092091355,1.7754748809209135,0,1
DI_FADE,2.5,0.25,FULL_2012_2026,324,0.7839506172839507,0.9492013860266383,-0.01048871329304733,-0.024584691658485196,-0.03163268084120413,-3.3983431069473347,6.810250093830984,6,15
DI_FADE,2.5,0.3,TRAIN_2012_2021,226,0.7522123893805309,0.9385680868058695,-0.014770323066886514,-0.02824750848743004,-0.0349861011977018,-3.338093013116352,8.137079059529173,4,10
DI_FADE,2.5,0.3,OOS_2022_2026,98,0.7448979591836735,0.9594211483253673,-0.009348396538536223,-0.02487138720546513,-0.03263288253892958,-0.9161428607765498,5.116605163738123,3,5
DI_FADE,2.5,0.3,YTD_2026,12,0.75,1.0691058621875684,0.014543759923257205,-0.0023035042012568285,-0.010727136263513834,0.17452511907908647,1.6254748809209136,1,1
DI_FADE,2.5,0.3,FULL_2012_2026,324,0.75,0.9446890887981741,-0.013130357635471919,-0.027226336000909786,-0.034274325183628725,-4.254235873892902,9.753684223267305,7,15
DI_FADE,2.5,0.4,TRAIN_2012_2021,226,0.7035398230088495,0.9756740670344859,-0.006979974293970467,-0.020457159714513975,-0.02719575242478573,-1.5774741904373255,8.97646023685015,4,10
DI_FADE,2.5,0.4,OOS_2022_2026,98,0.6530612244897959,0.8247284311642304,-0.054779747507432607,-0.07030273817436153,-0.07806423350782597,-5.3684152557283955,10.068877558689962,2,5
DI_FADE,2.5,0.4,YTD_2026,12,0.6666666666666666,0.9076791377291294,-0.027122906743409465,-0.043970170867923486,-0.05239380293018051,-0.3254748809209136,1.9254748809209135,0,1
DI_FADE,2.5,0.4,FULL_2012_2026,324,0.6882716049382716,0.9272503141010711,-0.02143793038940038,-0.035533908754838216,-0.04258189793755716,-6.945889446165723,13.845337795540114,6,15
DI_FADE,2.5,0.5,TRAIN_2012_2021,226,0.6504424778761062,0.9565831535088496,-0.014532024026548355,-0.02800920944709187,-0.03474780215736366,-3.284237429999928,14.263857412967628,3,10
DI_FADE,2.5,0.5,OOS_2022_2026,98,0.5816326530612245,0.7609597806217521,-0.08994600779512912,-0.10546899846205803,-0.11323049379552247,-8.814708763922654,11.06887755868997,1,5
DI_FADE,2.5,0.5,YTD_2026,12,0.4166666666666667,0.4331428136850892,-0.2726473657595975,-0.28949462988411157,-0.29791826194636856,-3.2717683891151705,3.2717683891151705,0,1
DI_FADE,2.5,0.5,FULL_2012_2026,324,0.6296296296296297,0.8924726713890527,-0.03734242652445242,-0.05143840488989028,-0.05848639407260921,-12.098946193922583,21.652101035102717,4,15
DI_FADE,2.5,0.6,TRAIN_2012_2021,226,0.6017699115044248,0.948004189661154,-0.019453948468798204,-0.03293113388934174,-0.03966972659961352,-4.396592353948394,18.995578400361232,5,10
DI_FADE,2.5,0.6,OOS_2022_2026,98,0.5408163265306123,0.764780190860438,-0.09810927310125156,-0.11363226376818046,-0.12139375910164495,-9.614708763922653,12.468877558689973,2,5
DI_FADE,2.5,0.6,YTD_2026,12,0.4166666666666667,0.519771376422107,-0.23098069909293087,-0.2478279632174449,-0.2562515952797019,-2.7717683891151705,3.046293508194257,0,1
DI_FADE,2.5,0.6,FULL_2012_2026,324,0.5833333333333334,0.8882957186977118,-0.043244756536639055,-0.05734073490207692,-0.06438872408479587,-14.011301117871053,30.464455959051207,7,15
DI_FADE,2.5,0.75,TRAIN_2012_2021,226,0.5530973451327433,0.9449191108655189,-0.022973450301872422,-0.036450635722415956,-0.0431892284326877,-5.191999768223168,21.520233250900397,4,10
DI_FADE,2.5,0.75,OOS_2022_2026,98,0.5102040816326531,0.8492792829488112,-0.06543868564585875,-0.08096167631278768,-0.08872317164625212,-6.412991193294158,11.832953851232649,2,5
DI_FADE,2.5,0.75,YTD_2026,12,0.3333333333333333,0.4913220628833515,-0.25883121049533325,-0.27567847461984735,-0.2841021066821043,-3.1059745259439993,3.3596810177497423,0,1
DI_FADE,2.5,0.75,FULL_2012_2026,324,0.5401234567901234,0.9151745202492155,-0.03581787333801645,-0.04991385170345432,-0.056961840886173246,-11.604990961517329,32.10318710213304,6,15
DI_FADE,2.5,1.0,TRAIN_2012_2021,226,0.5088495575221239,0.9539564256527009,-0.021037198174675153,-0.03451438359521867,-0.041252976305490435,-4.754406787476585,18.64650026366307,5,10
DI_FADE,2.5,1.0,OOS_2022_2026,98,0.47959183673469385,0.98733477691317,-0.005827939124589488,-0.02135092979151838,-0.029112425124982858,-0.5711380342097698,10.25277987931278,2,5
DI_FADE,2.5,1.0,YTD_2026,12,0.3333333333333333,0.6550960838444687,-0.17549787716199994,-0.19234514128651395,-0.20076877334877097,-2.1059745259439993,3.0,0,1
DI_FADE,2.5,1.0,FULL_2012_2026,324,0.5,0.9641024132788544,-0.016436866733599863,-0.030532845099037722,-0.037580834281756646,-5.325544821686355,26.899280142975854,7,15
DI_FADE,3.0,0.2,TRAIN_2012_2021,226,0.8407079646017699,1.1086790896086163,0.01648220428724558,0.0052512164367926484,-0.00036427748843380754,3.7249781689175006,6.094317828206883,5,10
DI_FADE,3.0,0.2,OOS_2022_2026,98,0.8061224489795918,0.9558535588778361,-0.007446211169190227,-0.020382036724964307,-0.026849949502851356,-0.7297286945806423,4.062955628095359,3,5
DI_FADE,3.0,0.2,YTD_2026,12,0.75,0.7383416668818059,-0.05315797784173012,-0.06719736461215844,-0.07421705799737262,-0.6378957341007614,1.8378957341007613,0,1
DI_FADE,3.0,0.2,FULL_2012_2026,324,0.8302469135802469,1.0589560905888882,0.009244597143014989,-0.002502051494849878,-0.008375375813782327,2.9952494743368563,6.094317828206883,8,15
DI_FADE,3.0,0.25,TRAIN_2012_2021,226,0.8008849557522124,1.0716649539189427,0.013389302141137727,0.0021583142906847885,-0.0034571796345416743,3.025982283897126,6.2814842570310585,5,10
DI_FADE,3.0,0.25,OOS_2022_2026,98,0.7755102040816326,1.0138607282103353,0.002622727887395092,-0.010313097668378995,-0.016781010446266034,0.257027332964719,5.126793264543794,3,5
DI_FADE,3.0,0.25,YTD_2026,12,0.75,0.9229270836022574,-0.015657977841730102,-0.029697364612158456,-0.03671705799737266,-0.1878957341007612,1.6878957341007612,0,1
DI_FADE,3.0,0.25,FULL_2012_2026,324,0.7932098765432098,1.0540256728705144,0.01013274573105508,-0.0016139029068098101,-0.007487227225742246,3.283009616861846,6.2814842570310585,8,15
DI_FADE,3.0,0.3,TRAIN_2012_2021,226,0.7743362831858407,1.1018193652663535,0.02146697489863876,0.010235987048185817,0.004620493122959352,4.85153632709236,5.661829456196205,7,10
DI_FADE,3.0,0.3,OOS_2022_2026,98,0.7448979591836735,1.0049679487286451,0.0010921156424971259,-0.011843709913276965,-0.018311622691164008,0.10702733296471834,5.562955628095359,3,5
DI_FADE,3.0,0.3,YTD_2026,12,0.6666666666666666,0.6981014508945717,-0.08649131117506344,-0.10053069794549181,-0.10755039133070599,-1.0378957341007613,2.2378957341007615,0,1
DI_FADE,3.0,0.3,FULL_2012_2026,324,0.7654320987654321,1.0716637979804169,0.015304208827336666,0.0035575601894717616,-0.0023157641294606706,4.95856366005708,5.661829456196205,10,15
DI_FADE,3.0,0.4,TRAIN_2012_2021,226,0.7035398230088495,1.0337191426959629,0.009049685584858039,-0.0021813022655948924,-0.007796796190821344,2.045228942177917,9.587258148220048,4,10
DI_FADE,3.0,0.4,OOS_2022_2026,98,0.6326530612244898,0.7940471185291283,-0.06471201618697656,-0.0776478417427506,-0.08411575452063765,-6.341777586323702,9.320353593670331,3,5
DI_FADE,3.0,0.4,YTD_2026,12,0.4166666666666667,0.35441259388872787,-0.3035950270218869,-0.3176344137923152,-0.32465410717752935,-3.643140324262643,3.643140324262643,0,1
DI_FADE,3.0,0.4,FULL_2012_2026,324,0.6820987654320988,0.9530160739530624,-0.013260952605388223,-0.025007601243253103,-0.030880925562185538,-4.296548644145784,12.781732791222293,7,15
DI_FADE,3.0,0.5,TRAIN_2012_2021,226,0.6415929203539823,0.9809378478381998,-0.006107912337143734,-0.017338900187596686,-0.022954394112823136,-1.380388188194484,14.021674967509018,4,10
DI_FADE,3.0,0.5,OOS_2022_2026,98,0.5816326530612245,0.7952247724748459,-0.07370611119840186,-0.08664193675417597,-0.093109849532063,-7.223198897443382,10.920353593670333,2,5
DI_FADE,3.0,0.5,YTD_2026,12,0.4166666666666667,0.44301574236090985,-0.2619283603552202,-0.27596774712564853,-0.28298744051086266,-3.1431403242626423,3.205244590161881,0,1
DI_FADE,3.0,0.5,FULL_2012_2026,324,0.6234567901234568,0.9201070356809167,-0.026554281128511933,-0.03830092976637683,-0.04417425408530928,-8.603587085637866,23.92344987229903,6,15
DI_FADE,3.0,0.6,TRAIN_2012_2021,226,0.6017699115044248,0.9766705306123851,-0.00819430580221782,-0.01942529365267077,-0.025040787577897253,-1.8519131113012275,14.790083655105038,4,10
DI_FADE,3.0,0.6,OOS_2022_2026,98,0.5510204081632653,0.8646835250253478,-0.05086100615257364,-0.06379683170834774,-0.0702647444862348,-4.984378602952217,9.720353593670335,2,5
DI_FADE,3.0,0.6,YTD_2026,12,0.3333333333333333,0.4052927560442393,-0.29347045319055554,-0.3075098399609839,-0.31452953334619804,-3.5216454382866664,3.5216454382866664,0,1
DI_FADE,3.0,0.6,FULL_2012_2026,324,0.5864197530864198,0.9411758951774654,-0.021099665784732862,-0.03284631442259775,-0.03871963874153022,-6.836291714253448,23.474533151379866,6,15
DI_FADE,3.0,0.75,TRAIN_2012_2021,226,0.5575221238938053,0.9454342147525104,-0.02105974384985358,-0.03229073170030651,-0.03790622562553298,-4.759502110066909,14.30294689906917,6,10
DI_FADE,3.0,0.75,OOS_2022_2026,98,0.5204081632653061,0.9324268383055463,-0.0270913871971403,-0.04002721275291439,-0.046495125530801436,-2.6549559453197493,10.040930936037864,2,5
DI_FADE,3.0,0.75,YTD_2026,12,0.3333333333333333,0.5066159450552992,-0.24347045319055557,-0.25750983996098387,-0.264529533346198,-2.921645438286667,3.216400848124785,0,1
DI_FADE,3.0,0.75,FULL_2012_2026,324,0.5462962962962963,0.9413946893010727,-0.0228841298005761,-0.03463077843844099,-0.04050410275737343,-7.414458055386657,22.107973737711525,8,15
DI_FADE,3.0,1.0,TRAIN_2012_2021,226,0.5353982300884956,1.0192335086806763,0.007786903910335193,-0.003444083940117758,-0.009059577865344214,1.7598402837357536,13.081688354272945,6,10
DI_FADE,3.0,1.0,OOS_2022_2026,98,0.5102040816326531,1.1084542547445502,0.04371895684821905,0.03078313129244495,0.024315218514557896,4.284457771125466,9.215465846095643,3,5
DI_FADE,3.0,1.0,YTD_2026,12,0.3333333333333333,0.5774980097255895,-0.20849224861462512,-0.2225316353850534,-0.22955132877026754,-2.5019069833755014,3.29666239321362,0,1
DI_FADE,3.0,1.0,FULL_2012_2026,324,0.5277777777777778,1.046138480030655,0.018655240910065488,0.006908592272200592,0.0010352679532681622,6.044298054861218,18.28326303552269,9,15
DI_GAP3_SUPPORT,0.75,0.2,TRAIN_2012_2021,151,0.17218543046357615,0.04160000000000001,-0.7933774834437086,-0.8383657408389373,-0.8608598695365516,-119.8,119.99999999999997,0,10
DI_GAP3_SUPPORT,0.75,0.2,OOS_2022_2026,65,0.13846153846153847,0.03214285714285715,-0.8338461538461538,-0.8829456305977785,-0.9074953689735908,-54.199999999999996,54.199999999999996,0,5
DI_GAP3_SUPPORT,0.75,0.2,YTD_2026,11,0.18181818181818182,0.044444444444444446,-0.7818181818181817,-0.8334260041879706,-0.8592299153728653,-8.6,8.6,0,1
DI_GAP3_SUPPORT,0.75,0.2,FULL_2012_2026,216,0.16203703703703703,0.038674033149171276,-0.8055555555555556,-0.8517809854422923,-0.8748937003856606,-174.0,174.00000000000006,0,15
DI_GAP3_SUPPORT,0.75,0.25,TRAIN_2012_2021,151,0.17218543046357615,0.052,-0.7847682119205298,-0.8297564693157585,-0.8522505980133728,-118.5,118.75,0,10
DI_GAP3_SUPPORT,0.75,0.25,OOS_2022_2026,65,0.13846153846153847,0.04017857142857143,-0.8269230769230769,-0.8760225536747017,-0.900572292050514,-53.75,53.75,0,5
DI_GAP3_SUPPORT,0.75,0.25,YTD_2026,11,0.18181818181818182,0.05555555555555555,-0.7727272727272727,-0.8243350950970616,-0.850139006281956,-8.5,8.5,0,1
DI_GAP3_SUPPORT,0.75,0.25,FULL_2012_2026,216,0.16203703703703703,0.04834254143646409,-0.7974537037037037,-0.8436791335904404,-0.8667918485338088,-172.25,172.25,0,15
DI_GAP3_SUPPORT,0.75,0.3,TRAIN_2012_2021,151,0.17218543046357615,0.06239999999999999,-0.776158940397351,-0.8211471977925798,-0.8436413264901941,-117.2,117.50000000000003,0,10
DI_GAP3_SUPPORT,0.75,0.3,OOS_2022_2026,65,0.13846153846153847,0.04821428571428571,-0.8200000000000001,-0.8690994767516249,-0.8936492151274371,-53.300000000000004,53.300000000000004,0,5
DI_GAP3_SUPPORT,0.75,0.3,YTD_2026,11,0.18181818181818182,0.06666666666666667,-0.7636363636363637,-0.8152441860061526,-0.841048097191047,-8.4,8.4,0,1
DI_GAP3_SUPPORT,0.75,0.3,FULL_2012_2026,216,0.16203703703703703,0.05801104972375692,-0.7893518518518519,-0.8355772817385886,-0.858689996681957,-170.5,170.49999999999994,0,15
DI_GAP3_SUPPORT,0.75,0.4,TRAIN_2012_2021,151,0.17218543046357615,0.08320000000000002,-0.7589403973509934,-0.8039286547462222,-0.8264227834438365,-114.6,114.99999999999997,0,10
DI_GAP3_SUPPORT,0.75,0.4,OOS_2022_2026,65,0.13846153846153847,0.0642857142857143,-0.8061538461538461,-0.855253322905471,-0.8798030612812832,-52.4,52.400000000000006,0,5
DI_GAP3_SUPPORT,0.75,0.4,YTD_2026,11,0.18181818181818182,0.08888888888888889,-0.7454545454545454,-0.7970623678243345,-0.8228662790092289,-8.2,8.2,0,1
DI_GAP3_SUPPORT,0.75,0.4,FULL_2012_2026,216,0.16203703703703703,0.07734806629834255,-0.7731481481481481,-0.819373578034885,-0.8424862929782533,-167.0,166.99999999999991,0,15
DI_GAP3_SUPPORT,0.75,0.5,TRAIN_2012_2021,151,0.16556291390728478,0.0992063492063492,-0.7516556291390728,-0.7966438865343015,-0.8191380152319158,-113.5,114.0,0,10
DI_GAP3_SUPPORT,0.75,0.5,OOS_2022_2026,65,0.13846153846153847,0.08035714285714286,-0.7923076923076923,-0.8414071690593171,-0.8659569074351294,-51.5,51.5,0,5
DI_GAP3_SUPPORT,0.75,0.5,YTD_2026,11,0.18181818181818182,0.1111111111111111,-0.7272727272727273,-0.7788805496425162,-0.8046844608274106,-8.0,8.0,0,1
DI_GAP3_SUPPORT,0.75,0.5,FULL_2012_2026,216,0.1574074074074074,0.09340659340659341,-0.7638888888888888,-0.8101143187756257,-0.833227033718994,-165.0,165.0,0,15
DI_GAP3_SUPPORT,0.75,0.6,TRAIN_2012_2021,151,0.16556291390728478,0.11904761904761903,-0.7350993377483444,-0.7800875951435731,-0.8025817238411875,-111.0,111.60000000000002,0,10
DI_GAP3_SUPPORT,0.75,0.6,OOS_2022_2026,65,0.13846153846153847,0.09642857142857142,-0.7784615384615385,-0.8275610152131633,-0.8521107535889755,-50.6,50.599999999999994,0,5
DI_GAP3_SUPPORT,0.75,0.6,YTD_2026,11,0.18181818181818182,0.13333333333333333,-0.7090909090909091,-0.760698731460698,-0.7865026426455924,-7.8,8.0,0,1
DI_GAP3_SUPPORT,0.75,0.6,FULL_2012_2026,216,0.1574074074074074,0.1120879120879121,-0.7481481481481481,-0.794373578034885,-0.8174862929782534,-161.6,161.60000000000008,0,15
DI_GAP3_SUPPORT,0.75,0.75,TRAIN_2012_2021,151,0.16556291390728478,0.1488095238095238,-0.7102649006622517,-0.7552531580574804,-0.7777472867550946,-107.25,108.0,0,10
DI_GAP3_SUPPORT,0.75,0.75,OOS_2022_2026,65,0.13846153846153847,0.12053571428571429,-0.7576923076923077,-0.8067917844439325,-0.8313415228197448,-49.25,49.25,0,5
DI_GAP3_SUPPORT,0.75,0.75,YTD_2026,11,0.18181818181818182,0.16666666666666666,-0.6818181818181818,-0.7334260041879707,-0.7592299153728651,-7.5,8.0,0,1
DI_GAP3_SUPPORT,0.75,0.75,FULL_2012_2026,216,0.1574074074074074,0.1401098901098901,-0.7245370370370371,-0.7707624669237738,-0.7938751818671421,-156.5,156.5,0,15
DI_GAP3_SUPPORT,0.75,1.0,TRAIN_2012_2021,151,0.1456953642384106,0.17054263565891473,-0.7086092715231788,-0.7535975289184076,-0.7760916576160217,-107.0,108.0,0,10
DI_GAP3_SUPPORT,0.75,1.0,OOS_2022_2026,65,0.13846153846153847,0.16071428571428573,-0.7230769230769231,-0.7721763998285479,-0.7967261382043601,-47.0,47.0,0,5
DI_GAP3_SUPPORT,0.75,1.0,YTD_2026,11,0.18181818181818182,0.2222222222222222,-0.6363636363636364,-0.6879714587334252,-0.7137753699183197,-7.0,8.0,0,1
DI_GAP3_SUPPORT,0.75,1.0,FULL_2012_2026,216,0.14351851851851852,0.16756756756756758,-0.7129629629629629,-0.7591883928496997,-0.782301107793068,-154.0,154.0,0,15
DI_GAP3_SUPPORT,1.0,0.2,TRAIN_2012_2021,151,0.3973509933774834,0.13186813186813182,-0.5231788079470199,-0.5569200009934414,-0.5737905975166523,-79.0,79.39999999999998,0,10
DI_GAP3_SUPPORT,1.0,0.2,OOS_2022_2026,65,0.38461538461538464,0.12500000000000003,-0.5384615384615384,-0.5752861460252571,-0.5936984498071163,-35.0,35.00000000000001,0,5
DI_GAP3_SUPPORT,1.0,0.2,YTD_2026,11,0.45454545454545453,0.16666666666666666,-0.45454545454545453,-0.4932513213227962,-0.5126042547114671,-5.0,5.0,0,1
DI_GAP3_SUPPORT,1.0,0.2,FULL_2012_2026,216,0.39351851851851855,0.12977099236641218,-0.5277777777777777,-0.5624468501928304,-0.5797813864003566,-113.99999999999999,114.1999999999999,0,15
DI_GAP3_SUPPORT,1.0,0.25,TRAIN_2012_2021,151,0.3973509933774834,0.16483516483516483,-0.5033112582781457,-0.5370524513245671,-0.553923047847778,-76.0,76.5,0,10
DI_GAP3_SUPPORT,1.0,0.25,OOS_2022_2026,65,0.36923076923076925,0.14634146341463414,-0.5384615384615384,-0.5752861460252571,-0.5936984498071163,-35.0,35.0,0,5
DI_GAP3_SUPPORT,1.0,0.25,YTD_2026,11,0.45454545454545453,0.20833333333333334,-0.4318181818181818,-0.4705240485955235,-0.4898769819841943,-4.75,4.75,0,1
DI_GAP3_SUPPORT,1.0,0.25,FULL_2012_2026,216,0.3888888888888889,0.1590909090909091,-0.5138888888888888,-0.5485579613039414,-0.5658924975114679,-111.0,111.25,0,15
DI_GAP3_SUPPORT,1.0,0.3,TRAIN_2012_2021,151,0.3973509933774834,0.19780219780219785,-0.48344370860927155,-0.5171849016556931,-0.5340554981789039,-73.0,73.60000000000001,0,10
DI_GAP3_SUPPORT,1.0,0.3,OOS_2022_2026,65,0.36923076923076925,0.17560975609756097,-0.5199999999999999,-0.5568246075637185,-0.5752369113455779,-33.8,33.79999999999999,0,5
DI_GAP3_SUPPORT,1.0,0.3,YTD_2026,11,0.45454545454545453,0.25,-0.4090909090909091,-0.4477967758682508,-0.4671497092569216,-4.5,4.5,0,1
DI_GAP3_SUPPORT,1.0,0.3,FULL_2012_2026,216,0.3888888888888889,0.19090909090909092,-0.4944444444444444,-0.529113516859497,-0.5464480530670234,-106.8,107.10000000000008,0,15
DI_GAP3_SUPPORT,1.0,0.4,TRAIN_2012_2021,151,0.39072847682119205,0.25652173913043474,-0.45298013245033114,-0.4867213254967526,-0.5035919220199635,-68.4,69.20000000000002,0,10
DI_GAP3_SUPPORT,1.0,0.4,OOS_2022_2026,65,0.36923076923076925,0.23414634146341468,-0.48307692307692307,-0.5199015306406416,-0.5383138344225008,-31.4,31.400000000000013,0,5
DI_GAP3_SUPPORT,1.0,0.4,YTD_2026,11,0.45454545454545453,0.3333333333333333,-0.36363636363636365,-0.4023422304137053,-0.42169516380237615,-4.0,4.2,0,1
DI_GAP3_SUPPORT,1.0,0.4,FULL_2012_2026,216,0.38425925925925924,0.24962406015037591,-0.462037037037037,-0.4967061094520896,-0.5140406456596159,-99.8,100.19999999999987,0,15
DI_GAP3_SUPPORT,1.0,0.5,TRAIN_2012_2021,151,0.3708609271523179,0.29473684210526313,-0.44370860927152317,-0.47744980231794476,-0.4943203988411555,-67.0,68.0,0,10
DI_GAP3_SUPPORT,1.0,0.5,OOS_2022_2026,65,0.36923076923076925,0.2926829268292683,-0.4461538461538462,-0.4829784537175647,-0.501390757499424,-29.0,29.0,0,5
DI_GAP3_SUPPORT,1.0,0.5,YTD_2026,11,0.45454545454545453,0.4166666666666667,-0.3181818181818182,-0.35688768495915985,-0.3762406183478307,-3.5,4.0,0,1
DI_GAP3_SUPPORT,1.0,0.5,FULL_2012_2026,216,0.37037037037037035,0.29411764705882354,-0.4444444444444444,-0.479113516859497,-0.4964480530670234,-96.0,96.5,0,15
DI_GAP3_SUPPORT,1.0,0.6,TRAIN_2012_2021,151,0.33774834437086093,0.30600000000000005,-0.45960264900662257,-0.4933438420530441,-0.5102144385762548,-69.4,70.59999999999997,0,10
DI_GAP3_SUPPORT,1.0,0.6,OOS_2022_2026,65,0.3384615384615385,0.3069767441860465,-0.4584615384615385,-0.495286146025257,-0.5136984498071163,-29.8,29.79999999999999,0,5
DI_GAP3_SUPPORT,1.0,0.6,YTD_2026,11,0.45454545454545453,0.5,-0.2727272727272727,-0.3114331395046144,-0.3307860728932852,-3.0,3.8,0,1
DI_GAP3_SUPPORT,1.0,0.6,FULL_2012_2026,216,0.33796296296296297,0.3062937062937063,-0.4592592592592593,-0.4939283316743119,-0.5112628678818382,-99.20000000000002,99.8000000000001,0,15
DI_GAP3_SUPPORT,1.0,0.75,TRAIN_2012_2021,151,0.2913907284768212,0.308411214953271,-0.4900662251655629,-0.5238074182119844,-0.5406780147351953,-74.0,75.5,0,10
DI_GAP3_SUPPORT,1.0,0.75,OOS_2022_2026,65,0.3230769230769231,0.35795454545454547,-0.4346153846153846,-0.47143999217910315,-0.4898522959609624,-28.25,28.25,0,5
DI_GAP3_SUPPORT,1.0,0.75,YTD_2026,11,0.45454545454545453,0.625,-0.20454545454545456,-0.24325132132279623,-0.26260425471146703,-2.25,3.5,0,1
DI_GAP3_SUPPORT,1.0,0.75,FULL_2012_2026,216,0.30092592592592593,0.3228476821192053,-0.47337962962962965,-0.5080487020446822,-0.5253832382522086,-102.25,103.0,0,15
DI_GAP3_SUPPORT,1.0,1.0,TRAIN_2012_2021,151,0.2781456953642384,0.3853211009174312,-0.44370860927152317,-0.47744980231794465,-0.4943203988411556,-67.0,69.0,1,10
DI_GAP3_SUPPORT,1.0,1.0,OOS_2022_2026,65,0.2153846153846154,0.27450980392156865,-0.5692307692307692,-0.6060553767944878,-0.624467680576347,-37.0,37.0,0,5
DI_GAP3_SUPPORT,1.0,1.0,YTD_2026,11,0.2727272727272727,0.375,-0.45454545454545453,-0.4932513213227962,-0.512604254711467,-5.0,5.0,0,1
DI_GAP3_SUPPORT,1.0,1.0,FULL_2012_2026,216,0.25925925925925924,0.35,-0.48148148148148145,-0.5161505538965341,-0.5334850901040604,-104.0,105.0,1,15
DI_GAP3_SUPPORT,1.25,0.2,TRAIN_2012_2021,151,0.6158940397350994,0.3206896551724137,-0.26092715231788083,-0.287920106755018,-0.3014165839735866,-39.400000000000006,39.80000000000002,1,10
DI_GAP3_SUPPORT,1.25,0.2,OOS_2022_2026,65,0.5230769230769231,0.21935483870967745,-0.3723076923076923,-0.40176737835866716,-0.4164972213841545,-24.2,24.200000000000017,0,5
DI_GAP3_SUPPORT,1.25,0.2,YTD_2026,11,0.5454545454545454,0.24,-0.34545454545454546,-0.3764192388764188,-0.3919015855873555,-3.8,3.8,0,1
DI_GAP3_SUPPORT,1.25,0.2,FULL_2012_2026,216,0.5879629629629629,0.2853932584269663,-0.2944444444444444,-0.3221797023764865,-0.3360473313425075,-63.599999999999994,63.79999999999992,1,15
DI_GAP3_SUPPORT,1.25,0.25,TRAIN_2012_2021,151,0.5960264900662252,0.36885245901639346,-0.25496688741721857,-0.2819598418543558,-0.29545631907292436,-38.5,39.0,1,10
DI_GAP3_SUPPORT,1.25,0.25,OOS_2022_2026,65,0.5230769230769231,0.27419354838709675,-0.34615384615384615,-0.37561353220482097,-0.3903433752303084,-22.5,22.5,0,5
DI_GAP3_SUPPORT,1.25,0.25,YTD_2026,11,0.5454545454545454,0.3,-0.3181818181818182,-0.3491465116036915,-0.3646288583146282,-3.5,3.5,0,1
DI_GAP3_SUPPORT,1.25,0.25,FULL_2012_2026,216,0.5740740740740741,0.33695652173913043,-0.2824074074074074,-0.31014266533944945,-0.3240102943054705,-61.0,61.25,1,15
DI_GAP3_SUPPORT,1.25,0.3,TRAIN_2012_2021,151,0.5894039735099338,0.4306451612903225,-0.23377483443708608,-0.2607677888742233,-0.274264266092792,-35.3,35.89999999999999,0,10
DI_GAP3_SUPPORT,1.25,0.3,OOS_2022_2026,65,0.5230769230769231,0.32903225806451614,-0.32,-0.3494596860509748,-0.36418952907646224,-20.8,20.799999999999986,0,5
DI_GAP3_SUPPORT,1.25,0.3,YTD_2026,11,0.5454545454545454,0.36,-0.29090909090909095,-0.3218737843309642,-0.337356131041901,-3.2,3.2,0,1
DI_GAP3_SUPPORT,1.25,0.3,FULL_2012_2026,216,0.5694444444444444,0.39677419354838694,-0.25972222222222224,-0.2874574801542643,-0.3013251091202853,-56.10000000000001,56.40000000000009,0,15
DI_GAP3_SUPPORT,1.25,0.4,TRAIN_2012_2021,151,0.5629139072847682,0.515151515151515,-0.2119205298013245,-0.2389134842384617,-0.2524099614570303,-32.0,33.20000000000003,1,10
DI_GAP3_SUPPORT,1.25,0.4,OOS_2022_2026,65,0.5076923076923077,0.41250000000000003,-0.2892307692307692,-0.31869045528174406,-0.33342029830723147,-18.799999999999997,18.800000000000008,1,5
DI_GAP3_SUPPORT,1.25,0.4,YTD_2026,11,0.5454545454545454,0.48,-0.23636363636363633,-0.26732832978550963,-0.28281067649644637,-2.5999999999999996,2.8,0,1
DI_GAP3_SUPPORT,1.25,0.4,FULL_2012_2026,216,0.5462962962962963,0.48163265306122444,-0.2351851851851852,-0.26292044311722723,-0.27678807208324824,-50.800000000000004,51.60000000000008,2,15
DI_GAP3_SUPPORT,1.25,0.5,TRAIN_2012_2021,151,0.5231788079470199,0.5486111111111112,-0.2152317880794702,-0.24222474251660744,-0.25572121973517603,-32.5,33.5,2,10
DI_GAP3_SUPPORT,1.25,0.5,OOS_2022_2026,65,0.47692307692307695,0.45588235294117646,-0.2846153846153846,-0.3140750706663594,-0.3288049136918468,-18.5,18.5,0,5
DI_GAP3_SUPPORT,1.25,0.5,YTD_2026,11,0.5454545454545454,0.6,-0.18181818181818182,-0.21278287524005515,-0.22826522195099183,-2.0,2.5,0,1
DI_GAP3_SUPPORT,1.25,0.5,FULL_2012_2026,216,0.5092592592592593,0.5188679245283019,-0.2361111111111111,-0.2638463690431532,-0.2777139980091742,-51.0,51.5,2,15
DI_GAP3_SUPPORT,1.25,0.6,TRAIN_2012_2021,151,0.45695364238410596,0.5098389330523072,-0.26359016980797945,-0.2905831242451166,-0.30407960146368535,-39.802115641004896,41.002115641004885,2,10
DI_GAP3_SUPPORT,1.25,0.6,OOS_2022_2026,65,0.4461538461538462,0.4833333333333334,-0.2861538461538462,-0.31561353220482097,-0.3303433752303083,-18.6,19.200000000000003,0,5
DI_GAP3_SUPPORT,1.25,0.6,YTD_2026,11,0.5454545454545454,0.72,-0.1272727272727273,-0.1582374206946006,-0.1737197674055373,-1.4000000000000001,2.2,0,1
DI_GAP3_SUPPORT,1.25,0.6,FULL_2012_2026,216,0.4537037037037037,0.5016974282282319,-0.2703801650046523,-0.29811542293669435,-0.3119830519027154,-58.4021156410049,59.60211564100486,2,15
DI_GAP3_SUPPORT,1.25,0.75,TRAIN_2012_2021,151,0.4370860927152318,0.5878712146740218,-0.22981533537089335,-0.2568082898080306,-0.27030476702659917,-34.702115641004895,36.202115641004895,3,10
DI_GAP3_SUPPORT,1.25,0.75,OOS_2022_2026,65,0.38461538461538464,0.46875,-0.3269230769230769,-0.3563827629740518,-0.3711126059995391,-21.25,21.75,1,5
DI_GAP3_SUPPORT,1.25,0.75,YTD_2026,11,0.45454545454545453,0.625,-0.20454545454545456,-0.23551014796732786,-0.2509924946782645,-2.25,2.25,0,1
DI_GAP3_SUPPORT,1.25,0.75,FULL_2012_2026,216,0.4212962962962963,0.5495075478204455,-0.2590375724120597,-0.2867728303441017,-0.3006404593101228,-55.952115641004895,57.202115641004895,4,15
DI_GAP3_SUPPORT,1.25,1.0,TRAIN_2012_2021,151,0.4105960264900662,0.69098906446672,-0.1804994587433209,-0.20749241318045816,-0.22098889039902672,-27.255418270241456,31.0,2,10
DI_GAP3_SUPPORT,1.25,1.0,OOS_2022_2026,65,0.3384615384615385,0.5116279069767442,-0.3230769230769231,-0.35253660912789786,-0.36726645215338527,-21.0,22.0,1,5
DI_GAP3_SUPPORT,1.25,1.0,YTD_2026,11,0.36363636363636365,0.5714285714285714,-0.2727272727272727,-0.30369196614914606,-0.3191743128600827,-3.0,3.0,0,1
DI_GAP3_SUPPORT,1.25,1.0,FULL_2012_2026,216,0.3888888888888889,0.632205486668539,-0.2234047142140808,-0.2511399721461229,-0.2650076011121439,-48.25541827024146,52.0,3,15
DI_GAP3_SUPPORT,1.5,0.2,TRAIN_2012_2021,151,0.7086092715231788,0.48636363636363633,-0.14966887417218544,-0.1721630028697998,-0.18341006721860698,-22.6,27.200000000000017,3,10
DI_GAP3_SUPPORT,1.5,0.2,OOS_2022_2026,65,0.6153846153846154,0.32,-0.26153846153846155,-0.2860881999142738,-0.29836306910218,-17.0,17.00000000000001,1,5
DI_GAP3_SUPPORT,1.5,0.2,YTD_2026,11,0.5454545454545454,0.24,-0.34545454545454546,-0.3712584566394399,-0.3841604122318871,-3.8,3.8,0,1
DI_GAP3_SUPPORT,1.5,0.2,FULL_2012_2026,216,0.6805555555555556,0.42608695652173906,-0.18333333333333332,-0.20644604827670174,-0.21800240574838592,-39.599999999999994,43.79999999999998,4,15
DI_GAP3_SUPPORT,1.5,0.25,TRAIN_2012_2021,151,0.6887417218543046,0.5531914893617021,-0.1390728476821192,-0.16156697637973355,-0.17281404072854076,-21.0,26.25,2,10
DI_GAP3_SUPPORT,1.5,0.25,OOS_2022_2026,65,0.6153846153846154,0.4,-0.23076923076923078,-0.25531896914504304,-0.2675938383329493,-15.0,15.0,1,5
DI_GAP3_SUPPORT,1.5,0.25,YTD_2026,11,0.5454545454545454,0.3,-0.3181818181818182,-0.3439857293667126,-0.35688768495915985,-3.5,3.5,0,1
DI_GAP3_SUPPORT,1.5,0.25,FULL_2012_2026,216,0.6666666666666666,0.5,-0.16666666666666666,-0.18977938161003505,-0.20133573908171926,-36.0,40.5,3,15
DI_GAP3_SUPPORT,1.5,0.3,TRAIN_2012_2021,151,0.6821192052980133,0.6437499999999999,-0.11324503311258274,-0.13573916181019713,-0.14698622615900436,-17.099999999999994,24.199999999999996,4,10
DI_GAP3_SUPPORT,1.5,0.3,OOS_2022_2026,65,0.6,0.4500000000000002,-0.22,-0.24454973837581234,-0.25682460756371855,-14.3,14.299999999999988,1,5
DI_GAP3_SUPPORT,1.5,0.3,YTD_2026,11,0.5454545454545454,0.36,-0.29090909090909095,-0.3167130020939854,-0.3296149576864326,-3.2,3.2,0,1
DI_GAP3_SUPPORT,1.5,0.3,FULL_2012_2026,216,0.6574074074074074,0.5756756756756757,-0.14537037037037037,-0.16848308531373876,-0.18003944278542294,-31.400000000000002,37.39999999999996,5,15
DI_GAP3_SUPPORT,1.5,0.4,TRAIN_2012_2021,151,0.6026490066225165,0.6066666666666666,-0.1562913907284769,-0.17878551942609117,-0.19003258377489832,-23.600000000000012,27.40000000000002,1,10
DI_GAP3_SUPPORT,1.5,0.4,OOS_2022_2026,65,0.5538461538461539,0.4965517241379311,-0.22461538461538458,-0.24916512299119692,-0.26143999217910313,-14.599999999999998,14.599999999999993,1,5
DI_GAP3_SUPPORT,1.5,0.4,YTD_2026,11,0.5454545454545454,0.48,-0.23636363636363633,-0.2621675475485308,-0.275069503140978,-2.5999999999999996,2.8,0,1
DI_GAP3_SUPPORT,1.5,0.4,FULL_2012_2026,216,0.5879629629629629,0.5707865168539326,-0.17685185185185184,-0.19996456679522026,-0.21152092426690441,-38.199999999999996,40.20000000000008,2,15
DI_GAP3_SUPPORT,1.5,0.5,TRAIN_2012_2021,151,0.5364238410596026,0.5934723773190625,-0.18372473360971442,-0.20621886230732875,-0.21746592665613593,-27.742434775066876,30.742434775066876,3,10
DI_GAP3_SUPPORT,1.5,0.5,OOS_2022_2026,65,0.5230769230769231,0.5483870967741935,-0.2153846153846154,-0.23993435376042774,-0.2522092229483339,-14.0,14.0,1,5
DI_GAP3_SUPPORT,1.5,0.5,YTD_2026,11,0.5454545454545454,0.6,-0.18181818181818182,-0.20762209300307627,-0.2205240485955235,-2.0,2.5,0,1
DI_GAP3_SUPPORT,1.5,0.5,FULL_2012_2026,216,0.5324074074074074,0.5793892514862603,-0.19325201284753182,-0.21636472779090019,-0.22792108526258442,-41.742434775066876,42.242434775066876,4,15
DI_GAP3_SUPPORT,1.5,0.6,TRAIN_2012_2021,151,0.5099337748344371,0.6395133295804293,-0.17246645546401898,-0.19496058416163342,-0.2062076485104406,-26.042434775066866,30.874005074229448,3,10
DI_GAP3_SUPPORT,1.5,0.6,OOS_2022_2026,65,0.47692307692307695,0.5470588235294119,-0.2369230769230769,-0.26147281529888927,-0.2737476844867955,-15.399999999999999,16.600000000000005,1,5
DI_GAP3_SUPPORT,1.5,0.6,YTD_2026,11,0.5454545454545454,0.72,-0.1272727272727273,-0.1530766384576217,-0.16597859405006896,-1.4000000000000001,2.2,0,1
DI_GAP3_SUPPORT,1.5,0.6,FULL_2012_2026,216,0.5,0.6099257809480035,-0.1918631239586429,-0.21497583890201136,-0.2265321963736955,-41.44243477506687,44.274005074229414,4,15
DI_GAP3_SUPPORT,1.5,0.75,TRAIN_2012_2021,151,0.4768211920529801,0.699097590039079,-0.15392340910640312,-0.1764175378040175,-0.18766460215282468,-23.242434775066872,27.574005074229465,2,10
DI_GAP3_SUPPORT,1.5,0.75,OOS_2022_2026,65,0.4307692307692308,0.5675675675675675,-0.24615384615384617,-0.27070358452965854,-0.2829784537175647,-16.0,16.0,1,5
DI_GAP3_SUPPORT,1.5,0.75,YTD_2026,11,0.36363636363636365,0.42857142857142855,-0.36363636363636365,-0.3894402748212581,-0.4023422304137053,-4.0,4.0,0,1
DI_GAP3_SUPPORT,1.5,0.75,FULL_2012_2026,216,0.46296296296296297,0.6564986132138053,-0.18167793877345775,-0.20479065371682612,-0.21634701118851035,-39.242434775066876,41.57400507422946,3,15
DI_GAP3_SUPPORT,1.5,1.0,TRAIN_2012_2021,151,0.423841059602649,0.7365922224220858,-0.1486988099300045,-0.17119293862761886,-0.182440002976426,-22.45352029943068,27.88240651402064,3,10
DI_GAP3_SUPPORT,1.5,1.0,OOS_2022_2026,65,0.38461538461538464,0.6073814930011046,-0.2416113889223972,-0.26616112729820957,-0.2784359964861157,-15.704740279955818,17.0,1,5
DI_GAP3_SUPPORT,1.5,1.0,YTD_2026,11,0.36363636363636365,0.5714285714285714,-0.2727272727272727,-0.29853118391216715,-0.3114331395046144,-3.0,3.0,0,1
DI_GAP3_SUPPORT,1.5,1.0,FULL_2012_2026,216,0.41203703703703703,0.6953248262226934,-0.176658613793456,-0.19977132873682438,-0.21132768620850856,-38.15826057938649,43.882406514020644,4,15
DI_GAP3_SUPPORT,1.75,0.2,TRAIN_2012_2021,151,0.7748344370860927,0.6882352941176471,-0.07019867549668878,-0.08947935723750106,-0.09911969810790719,-10.600000000000005,15.199999999999998,3,10
DI_GAP3_SUPPORT,1.75,0.2,OOS_2022_2026,65,0.6615384615384615,0.3909090909090908,-0.20615384615384613,-0.22719647904739956,-0.2377177954941763,-13.399999999999999,13.80000000000001,1,5
DI_GAP3_SUPPORT,1.75,0.2,YTD_2026,11,0.6363636363636364,0.35,-0.23636363636363636,-0.2584812745221173,-0.2695400936013578,-2.6,2.6,0,1
DI_GAP3_SUPPORT,1.75,0.2,FULL_2012_2026,216,0.7407407407407407,0.5714285714285714,-0.11111111111111109,-0.1309220096339983,-0.14082745889544185,-23.999999999999996,28.20000000000003,4,15
DI_GAP3_SUPPORT,1.75,0.25,TRAIN_2012_2021,151,0.7615894039735099,0.7986111111111112,-0.048013245033112585,-0.06729392677392489,-0.07693426764433102,-7.25,13.75,3,10
DI_GAP3_SUPPORT,1.75,0.25,OOS_2022_2026,65,0.6461538461538462,0.45652173913043476,-0.19230769230769232,-0.21335032520124575,-0.22387164164802242,-12.5,13.0,1,5
DI_GAP3_SUPPORT,1.75,0.25,YTD_2026,11,0.6363636363636364,0.4375,-0.20454545454545456,-0.22666309270393548,-0.23772191178317595,-2.25,2.5,0,1
DI_GAP3_SUPPORT,1.75,0.25,FULL_2012_2026,216,0.7268518518518519,0.6652542372881356,-0.09143518518518519,-0.11124608370807237,-0.12115153296951596,-19.75,25.5,4,15
DI_GAP3_SUPPORT,1.75,0.3,TRAIN_2012_2021,151,0.7218543046357616,0.7785714285714282,-0.06158940397350991,-0.08087008571432226,-0.09051042658472841,-9.299999999999997,16.400000000000006,4,10
DI_GAP3_SUPPORT,1.75,0.3,OOS_2022_2026,65,0.6307692307692307,0.5125000000000001,-0.18000000000000002,-0.20104263289355342,-0.21156394934033015,-11.700000000000001,12.299999999999992,1,5
DI_GAP3_SUPPORT,1.75,0.3,YTD_2026,11,0.6363636363636364,0.525,-0.17272727272727273,-0.1948449108857537,-0.20590372996499415,-1.9,2.4,0,1
DI_GAP3_SUPPORT,1.75,0.3,FULL_2012_2026,216,0.6944444444444444,0.6818181818181818,-0.09722222222222224,-0.11703312074510944,-0.126938570006553,-21.000000000000004,26.99999999999997,5,15
DI_GAP3_SUPPORT,1.75,0.4,TRAIN_2012_2021,151,0.6357615894039735,0.7222687555108807,-0.09778678979331039,-0.11706747153412267,-0.12670781240452886,-14.765805258789868,17.663432920768106,3,10
DI_GAP3_SUPPORT,1.75,0.4,OOS_2022_2026,65,0.6,0.6000000000000001,-0.16000000000000003,-0.1810426328935534,-0.19156394934033016,-10.400000000000002,11.399999999999999,1,5
DI_GAP3_SUPPORT,1.75,0.4,YTD_2026,11,0.6363636363636364,0.7,-0.10909090909090907,-0.13120854724939005,-0.1422673663286305,-1.1999999999999997,2.2,0,1
DI_GAP3_SUPPORT,1.75,0.4,FULL_2012_2026,216,0.625,0.6821126851861877,-0.11650835767958273,-0.13631925620246987,-0.1462247054639135,-25.16580525878987,26.46343292076814,4,15
DI_GAP3_SUPPORT,1.75,0.5,TRAIN_2012_2021,151,0.6026490066225165,0.7822465415472634,-0.08387950502509847,-0.10316018676591081,-0.11280052763631687,-12.665805258789868,19.563432920768108,4,10
DI_GAP3_SUPPORT,1.75,0.5,OOS_2022_2026,65,0.5538461538461539,0.638014943798091,-0.15711546655453984,-0.17815809944809324,-0.18867941589487,-10.21250532604509,12.0,1,5
DI_GAP3_SUPPORT,1.75,0.5,YTD_2026,11,0.6363636363636364,0.875,-0.045454545454545456,-0.0675721836130264,-0.07863100269226687,-0.5,2.0,0,1
DI_GAP3_SUPPORT,1.75,0.5,FULL_2012_2026,216,0.5879629629629629,0.7351382490588835,-0.10591810455942109,-0.12572900308230828,-0.13563445234375185,-22.878310584834956,28.775938246813197,5,15
DI_GAP3_SUPPORT,1.75,0.6,TRAIN_2012_2021,151,0.5496688741721855,0.7526546349012243,-0.10838281628337657,-0.12766349802418894,-0.1373038388945951,-16.365805258789862,23.663432920768116,3,10
DI_GAP3_SUPPORT,1.75,0.6,OOS_2022_2026,65,0.49230769230769234,0.596041810646626,-0.2001923896314629,-0.22123502252501637,-0.23175633897179307,-13.012505326045089,13.800000000000006,1,5
DI_GAP3_SUPPORT,1.75,0.6,YTD_2026,11,0.45454545454545453,0.5,-0.2727272727272727,-0.29484491088575365,-0.30590372996499415,-3.0,3.0,0,1
DI_GAP3_SUPPORT,1.75,0.6,FULL_2012_2026,216,0.5324074074074074,0.7013741096976749,-0.1360106971520137,-0.1558215956749009,-0.16572704493634446,-29.378310584834956,35.275938246813155,4,15
DI_GAP3_SUPPORT,1.75,0.75,TRAIN_2012_2021,151,0.5165562913907285,0.8104483915829004,-0.089335051994051,-0.10861573373486333,-0.11825607460526942,-13.489592851101701,20.31343292076811,2,10
DI_GAP3_SUPPORT,1.75,0.75,OOS_2022_2026,65,0.46153846153846156,0.6371688754597775,-0.19097479662749678,-0.2120174295210502,-0.22253874596782697,-12.413361780787291,14.25,1,5
DI_GAP3_SUPPORT,1.75,0.75,YTD_2026,11,0.45454545454545453,0.625,-0.20454545454545456,-0.22666309270393548,-0.23772191178317595,-2.25,2.5,0,1
DI_GAP3_SUPPORT,1.75,0.75,FULL_2012_2026,216,0.5,0.7541908340707759,-0.11992108625874531,-0.1397319847816325,-0.14963743404307614,-25.90295463188899,31.9767947015554,3,15
DI_GAP3_SUPPORT,1.75,1.0,TRAIN_2012_2021,151,0.45695364238410596,0.8497756818142238,-0.07923098232818784,-0.09851166406900017,-0.10815200493940627,-11.963878331556364,21.06343292076811,3,10
DI_GAP3_SUPPORT,1.75,1.0,OOS_2022_2026,65,0.4,0.6658910999915222,-0.1875933697404438,-0.2086360026339973,-0.21915731908077396,-12.193569033128847,15.248882585586054,1,5
DI_GAP3_SUPPORT,1.75,1.0,YTD_2026,11,0.45454545454545453,0.8333333333333334,-0.09090909090909091,-0.11302672906757184,-0.12408554814681233,-1.0,2.0,0,1
DI_GAP3_SUPPORT,1.75,1.0,FULL_2012_2026,216,0.4398148148148148,0.7919898077622637,-0.11184003409576485,-0.13165093261865202,-0.14155638188009564,-24.157447364685208,33.47567728714145,4,15
DI_GAP3_SUPPORT,2.0,0.2,TRAIN_2012_2021,151,0.8079470198675497,0.8413793103448277,-0.030463576158940395,-0.047334172682151156,-0.05576947094375655,-4.6,10.399999999999991,4,10
DI_GAP3_SUPPORT,2.0,0.2,OOS_2022_2026,65,0.7692307692307693,0.6666666666666665,-0.07692307692307693,-0.09533538070493616,-0.10454153259586581,-5.0,6.1999999999999975,2,5
DI_GAP3_SUPPORT,2.0,0.2,YTD_2026,11,0.6363636363636364,0.35,-0.23636363636363636,-0.25571656975230717,-0.2653930364466426,-2.6,2.6,0,1
DI_GAP3_SUPPORT,2.0,0.2,FULL_2012_2026,216,0.7962962962962963,0.7818181818181816,-0.044444444444444446,-0.06177898065197072,-0.07044624875573387,-9.6,14.999999999999982,6,15
DI_GAP3_SUPPORT,2.0,0.25,TRAIN_2012_2021,151,0.7748344370860927,0.8602941176470589,-0.03145695364238411,-0.04832755016559488,-0.05676284842720026,-4.75,11.25,3,10
DI_GAP3_SUPPORT,2.0,0.25,OOS_2022_2026,65,0.7384615384615385,0.7058823529411765,-0.07692307692307693,-0.09533538070493619,-0.10454153259586581,-5.0,5.5,1,5
DI_GAP3_SUPPORT,2.0,0.25,YTD_2026,11,0.6363636363636364,0.4375,-0.20454545454545456,-0.2238983879341254,-0.2335748546284608,-2.25,2.5,0,1
DI_GAP3_SUPPORT,2.0,0.25,FULL_2012_2026,216,0.7638888888888888,0.8088235294117647,-0.04513888888888889,-0.06247342509641518,-0.07114069320017832,-9.75,15.5,4,15
DI_GAP3_SUPPORT,2.0,0.3,TRAIN_2012_2021,151,0.7284768211920529,0.8048780487804874,-0.052980132450331105,-0.06985072897354191,-0.07828602723514727,-7.999999999999997,11.200000000000001,3,10
DI_GAP3_SUPPORT,2.0,0.3,OOS_2022_2026,65,0.7230769230769231,0.7833333333333337,-0.05999999999999999,-0.07841230378185925,-0.08761845567278888,-3.8999999999999995,4.6,1,5
DI_GAP3_SUPPORT,2.0,0.3,YTD_2026,11,0.6363636363636364,0.525,-0.17272727272727273,-0.19208020611594356,-0.201756672810279,-1.9,2.4,0,1
DI_GAP3_SUPPORT,2.0,0.3,FULL_2012_2026,216,0.7268518518518519,0.7983050847457626,-0.05509259259259262,-0.07242712880011888,-0.08109439690388201,-11.900000000000006,13.99999999999997,4,15
DI_GAP3_SUPPORT,2.0,0.4,TRAIN_2012_2021,151,0.6423841059602649,0.7458658329105113,-0.08755019603603398,-0.10442079255924477,-0.11285609082085013,-13.220079601441132,17.18182608130015,3,10
DI_GAP3_SUPPORT,2.0,0.4,OOS_2022_2026,65,0.6615384615384615,0.8118591030725726,-0.06132218708137622,-0.07973449086323546,-0.08894064275416506,-3.9859421602894543,4.800000000000001,1,5
DI_GAP3_SUPPORT,2.0,0.4,YTD_2026,11,0.6363636363636364,0.7,-0.10909090909090907,-0.1284438424795799,-0.13812030917391535,-1.1999999999999997,2.2,0,1
DI_GAP3_SUPPORT,2.0,0.4,FULL_2012_2026,216,0.6481481481481481,0.7649643929876097,-0.07965750815616014,-0.09699204436368637,-0.10565931246744954,-17.20602176173059,19.567768241589604,4,15
DI_GAP3_SUPPORT,2.0,0.5,TRAIN_2012_2021,151,0.6026490066225165,0.7842112646613784,-0.08291443444663003,-0.09978503096984079,-0.10822032923144621,-12.520079601441134,19.055503805672096,3,10
DI_GAP3_SUPPORT,2.0,0.5,OOS_2022_2026,65,0.6,0.7742414349996225,-0.08747603323522236,-0.10588833701708163,-0.11509448890801124,-5.6859421602894535,8.0,2,5
DI_GAP3_SUPPORT,2.0,0.5,YTD_2026,11,0.45454545454545453,0.4166666666666667,-0.3181818181818182,-0.33753475157048896,-0.34721121826482443,-3.5,3.5,0,1
DI_GAP3_SUPPORT,2.0,0.5,FULL_2012_2026,216,0.6018518518518519,0.7811934596048168,-0.08428713778578976,-0.10162167399331602,-0.11028894209707919,-18.20602176173059,22.741445965961553,5,15
DI_GAP3_SUPPORT,2.0,0.6,TRAIN_2012_2021,151,0.5761589403973509,0.8318545572380778,-0.06906221022989398,-0.08593280675310473,-0.09436810501471012,-10.42839374471399,17.255503805672106,2,10
DI_GAP3_SUPPORT,2.0,0.6,OOS_2022_2026,65,0.6,0.9290897219995474,-0.02747603323522237,-0.045888337017081636,-0.05509448890801126,-1.785942160289454,5.8,2,5
DI_GAP3_SUPPORT,2.0,0.6,YTD_2026,11,0.45454545454545453,0.5,-0.2727272727272727,-0.29208020611594354,-0.30175667281027896,-3.0,3.0,0,1
DI_GAP3_SUPPORT,2.0,0.6,FULL_2012_2026,216,0.5833333333333334,0.8599370128547291,-0.05654785141205297,-0.07388238761957924,-0.08254965572334241,-12.214335905003441,18.441445965961563,4,15
DI_GAP3_SUPPORT,2.0,0.75,TRAIN_2012_2021,151,0.5231788079470199,0.8332136465541289,-0.07734035592525819,-0.09421095244846894,-0.10264625071007435,-11.678393744713986,17.590140224573005,2,10
DI_GAP3_SUPPORT,2.0,0.75,OOS_2022_2026,65,0.5384615384615384,0.8505919705900764,-0.06708637084062857,-0.08549867462248782,-0.09470482651341743,-4.360614104640857,9.0,2,5
DI_GAP3_SUPPORT,2.0,0.75,YTD_2026,11,0.45454545454545453,0.625,-0.20454545454545456,-0.2238983879341254,-0.2335748546284608,-2.25,2.5,0,1
DI_GAP3_SUPPORT,2.0,0.75,FULL_2012_2026,216,0.5277777777777778,0.8383262672514301,-0.07425466596923538,-0.09158920217676167,-0.10025647028052481,-16.039007849354842,22.422199119246997,4,15
DI_GAP3_SUPPORT,2.0,1.0,TRAIN_2012_2021,151,0.47019867549668876,0.8737861418677962,-0.06472437169171229,-0.08159496821492307,-0.09003026647652845,-9.773380125448556,15.32680468091331,2,10
DI_GAP3_SUPPORT,2.0,1.0,OOS_2022_2026,65,0.46153846153846156,0.8579109558302005,-0.07089984985342855,-0.08931215363528781,-0.09851830552621743,-4.608490240472856,7.217772262387797,2,5
DI_GAP3_SUPPORT,2.0,1.0,YTD_2026,11,0.45454545454545453,0.8333333333333334,-0.09090909090909091,-0.11026202429776172,-0.11993849099209716,-1.0,2.0,0,1
DI_GAP3_SUPPORT,2.0,1.0,FULL_2012_2026,216,0.4675925925925926,0.8690997118573723,-0.06658273317556208,-0.0839172693830884,-0.09258453748685153,-14.381870365921412,20.1266358379751,4,15
DI_GAP3_SUPPORT,2.25,0.2,TRAIN_2012_2021,151,0.8278145695364238,0.9615384615384616,-0.006622516556291388,-0.021618602354700964,-0.029116645253905737,-0.9999999999999996,7.199999999999996,6,10
DI_GAP3_SUPPORT,2.25,0.2,OOS_2022_2026,65,0.7846153846153846,0.7285714285714284,-0.05846153846153846,-0.07482803071208002,-0.08301127683735081,-3.8,4.199999999999997,1,5
DI_GAP3_SUPPORT,2.25,0.2,YTD_2026,11,0.7272727272727273,0.5333333333333333,-0.1272727272727273,-0.14447533472932356,-0.1530766384576217,-1.4000000000000001,1.4000000000000001,0,1
DI_GAP3_SUPPORT,2.25,0.2,FULL_2012_2026,216,0.8148148148148148,0.8799999999999999,-0.022222222222222213,-0.037630698851134466,-0.045334937165590596,-4.799999999999998,10.199999999999989,7,15
DI_GAP3_SUPPORT,2.25,0.25,TRAIN_2012_2021,151,0.7748344370860927,0.8602941176470589,-0.03145695364238411,-0.046453039440793695,-0.05395108233999845,-4.75,11.25,3,10
DI_GAP3_SUPPORT,2.25,0.25,OOS_2022_2026,65,0.7692307692307693,0.8333333333333334,-0.038461538461538464,-0.05482803071208003,-0.06301127683735083,-2.5,3.5,1,5
DI_GAP3_SUPPORT,2.25,0.25,YTD_2026,11,0.7272727272727273,0.6666666666666666,-0.09090909090909091,-0.10811169836568721,-0.11671300209398536,-1.0,1.25,0,1
DI_GAP3_SUPPORT,2.25,0.25,FULL_2012_2026,216,0.7731481481481481,0.8520408163265306,-0.03356481481481482,-0.04897329144372708,-0.0566775297581832,-7.25,13.5,4,15
DI_GAP3_SUPPORT,2.25,0.3,TRAIN_2012_2021,151,0.7086092715231788,0.7641105348952576,-0.06546594619281497,-0.08046203199122455,-0.08796007489042935,-9.88535787511506,12.185357875115049,3,10
DI_GAP3_SUPPORT,2.25,0.3,OOS_2022_2026,65,0.7384615384615385,0.8470588235294118,-0.04,-0.05636649225054158,-0.06454973837581236,-2.6,3.9000000000000004,1,5
DI_GAP3_SUPPORT,2.25,0.3,YTD_2026,11,0.7272727272727273,0.7999999999999999,-0.05454545454545454,-0.07174806200205085,-0.080349365730349,-0.6,1.1,0,1
DI_GAP3_SUPPORT,2.25,0.3,FULL_2012_2026,216,0.7175925925925926,0.788048728868601,-0.057802582755162334,-0.07321105938407457,-0.08091529769853069,-12.485357875115064,14.38535787511503,4,15
DI_GAP3_SUPPORT,2.25,0.4,TRAIN_2012_2021,151,0.6357615894039735,0.7224293428346755,-0.09725402566301365,-0.11225011146142315,-0.11974815436062795,-14.685357875115061,19.449336716152967,3,10
DI_GAP3_SUPPORT,2.25,0.4,OOS_2022_2026,65,0.6923076923076923,0.9391982896413529,-0.0179274141578045,-0.034293906408346043,-0.04247715253361683,-1.1652819202572926,4.4,3,5
DI_GAP3_SUPPORT,2.25,0.4,YTD_2026,11,0.7272727272727273,1.0666666666666667,0.0181818181818182,0.0009792107252218805,-0.0076220930030762475,0.20000000000000018,1.0,1,1
DI_GAP3_SUPPORT,2.25,0.4,FULL_2012_2026,216,0.6527777777777778,0.7800722119388681,-0.07338259164524237,-0.0887910682741546,-0.09649530658861073,-15.850639795372352,21.41461863641027,6,15
DI_GAP3_SUPPORT,2.25,0.5,TRAIN_2012_2021,151,0.5960264900662252,0.7591895512200743,-0.09394276738486794,-0.10893885318327753,-0.11643689608248228,-14.18535787511506,18.5,3,10
DI_GAP3_SUPPORT,2.25,0.5,OOS_2022_2026,65,0.6307692307692307,0.8986364412523037,-0.035574460952315715,-0.05194095320285731,-0.060124199328128076,-2.3123399619005216,5.14705804164323,2,5
DI_GAP3_SUPPORT,2.25,0.5,YTD_2026,11,0.5454545454545454,0.6455697288728464,-0.14973254924029364,-0.16693515669688994,-0.17553646042518806,-1.6470580416432299,2.1470580416432297,0,1
DI_GAP3_SUPPORT,2.25,0.5,FULL_2012_2026,216,0.6064814814814815,0.7981169346882234,-0.07637823072692397,-0.09178670735583623,-0.09949094567029239,-16.49769783701558,20.312339961900527,5,15
DI_GAP3_SUPPORT,2.25,0.6,TRAIN_2012_2021,151,0.5629139072847682,0.781565833992588,-0.09244645623415626,-0.10744254203256583,-0.11494058493177066,-13.959414891357595,19.235680199620457,2,10
DI_GAP3_SUPPORT,2.25,0.6,OOS_2022_2026,65,0.5846153846153846,0.857604740897796,-0.056546997490907705,-0.07291348974144932,-0.0810967358667201,-3.6755548369090008,7.000000000000001,2,5
DI_GAP3_SUPPORT,2.25,0.6,YTD_2026,11,0.5454545454545454,0.7746836746474156,-0.09518709469483909,-0.11238970215143541,-0.12099100587973353,-1.04705804164323,2.0,0,1
DI_GAP3_SUPPORT,2.25,0.6,FULL_2012_2026,216,0.5694444444444444,0.8034423642977002,-0.08164337837160461,-0.09705185500051687,-0.10475609331497299,-17.634969728266597,23.064176994886225,4,15
DI_GAP3_SUPPORT,2.25,0.75,TRAIN_2012_2021,151,0.5099337748344371,0.7891522752692863,-0.09952518939323104,-0.11452127519164061,-0.1220193180908454,-15.028303598377889,19.892282439415805,2,10
DI_GAP3_SUPPORT,2.25,0.75,OOS_2022_2026,65,0.5230769230769231,0.826852891389034,-0.07726600565986035,-0.09363249791040194,-0.1018157440356727,-5.022290367890922,9.39379357262515,2,5
DI_GAP3_SUPPORT,2.25,0.75,YTD_2026,11,0.5454545454545454,0.9683545933092695,-0.013368912876657263,-0.03057152033325358,-0.03917282406155171,-0.1470580416432299,2.0,0,1
DI_GAP3_SUPPORT,2.25,0.75,FULL_2012_2026,216,0.5138888888888888,0.8000569827807099,-0.09282682391791118,-0.10823530054682341,-0.11593953886127953,-20.050593966268814,26.164572807306726,4,15
DI_GAP3_SUPPORT,2.25,1.0,TRAIN_2012_2021,151,0.46357615894039733,0.7940551612683866,-0.10585286647947921,-0.12084895227788878,-0.12834699517709355,-15.98378283840136,19.013472598656605,2,10
DI_GAP3_SUPPORT,2.25,1.0,OOS_2022_2026,65,0.4307692307692308,0.790978013143024,-0.10429693182292853,-0.1206634240734701,-0.12884667019874085,-6.7793005684903545,11.150803773224583,2,5
DI_GAP3_SUPPORT,2.25,1.0,YTD_2026,11,0.36363636363636365,0.7924218234814697,-0.09525605055629903,-0.11245865801289533,-0.12105996174119348,-1.0478165561192894,3.0478165561192894,0,1
DI_GAP3_SUPPORT,2.25,1.0,FULL_2012_2026,216,0.4537037037037037,0.7931482402848724,-0.10538464540227646,-0.12079312203118871,-0.12849736034564482,-22.763083406891717,27.79277316714696,4,15
DI_GAP3_SUPPORT,2.5,0.2,TRAIN_2012_2021,151,0.8145695364238411,0.8785714285714287,-0.022516556291390717,-0.03601303350995933,-0.042761272119243646,-3.399999999999998,10.2,4,10
DI_GAP3_SUPPORT,2.5,0.2,OOS_2022_2026,65,0.7692307692307693,0.6666666666666665,-0.07692307692307693,-0.09165291994856432,-0.09901784146130803,-5.0,5.399999999999993,1,5
DI_GAP3_SUPPORT,2.5,0.2,YTD_2026,11,0.7272727272727273,0.5333333333333333,-0.1272727272727273,-0.1427550739836639,-0.15049624733913225,-1.4000000000000001,1.4000000000000001,0,1
DI_GAP3_SUPPORT,2.5,0.2,FULL_2012_2026,216,0.8009259259259259,0.8046511627906976,-0.03888888888888888,-0.0527565178549099,-0.05969033233792041,-8.399999999999999,12.599999999999985,5,15
DI_GAP3_SUPPORT,2.5,0.25,TRAIN_2012_2021,151,0.7880794701986755,0.9281012997984174,-0.015236810638745988,-0.02873328785731461,-0.03548152646659892,-2.3007584064506443,8.5,4,10
DI_GAP3_SUPPORT,2.5,0.25,OOS_2022_2026,65,0.7538461538461538,0.765625,-0.057692307692307696,-0.07242215071779509,-0.07978707223053881,-3.75,4.25,0,5
DI_GAP3_SUPPORT,2.5,0.25,YTD_2026,11,0.7272727272727273,0.6666666666666666,-0.09090909090909091,-0.10639143762002758,-0.11413261097549589,-1.0,1.25,0,1
DI_GAP3_SUPPORT,2.5,0.25,FULL_2012_2026,216,0.7777777777777778,0.873942533198945,-0.028012770400234463,-0.04188039936625549,-0.04881421384926599,-6.050758406450644,9.25,4,15
DI_GAP3_SUPPORT,2.5,0.3,TRAIN_2012_2021,151,0.7152317880794702,0.8065533163763042,-0.05130309727053341,-0.06479957448910202,-0.07154781309838633,-7.746767687850545,12.974348644784666,4,10
DI_GAP3_SUPPORT,2.5,0.3,OOS_2022_2026,65,0.7230769230769231,0.7833333333333337,-0.06,-0.07472984302548742,-0.08209476453823113,-3.9,5.0,1,5
DI_GAP3_SUPPORT,2.5,0.3,YTD_2026,11,0.7272727272727273,0.7999999999999999,-0.05454545454545454,-0.07002780125639121,-0.07776897461185954,-0.6,1.1,0,1
DI_GAP3_SUPPORT,2.5,0.3,FULL_2012_2026,216,0.7175925925925926,0.7993528266277798,-0.05392022077708587,-0.06778784974310688,-0.07472166422611741,-11.646767687850549,14.074348644784639,5,15
DI_GAP3_SUPPORT,2.5,0.4,TRAIN_2012_2021,151,0.6490066225165563,0.7949695643600269,-0.06661116767824687,-0.08010764489681547,-0.08685588350609981,-10.058286319415277,15.829945600246987,6,10
DI_GAP3_SUPPORT,2.5,0.4,OOS_2022_2026,65,0.6307692307692307,0.7727187312336506,-0.07421175404360988,-0.08894159706909725,-0.09630651858184097,-4.823764012834642,5.675010284603082,1,5
DI_GAP3_SUPPORT,2.5,0.4,YTD_2026,11,0.5454545454545454,0.5237484758091008,-0.19839565795262792,-0.21387800466356455,-0.22161917801903286,-2.182352237478907,2.382352237478907,0,1
DI_GAP3_SUPPORT,2.5,0.4,FULL_2012_2026,216,0.6435185185185185,0.7882501882867787,-0.06889838116782372,-0.08276601013384471,-0.08969982461685524,-14.882050332249923,18.465228244646347,7,15
DI_GAP3_SUPPORT,2.5,0.5,TRAIN_2012_2021,151,0.609271523178808,0.8204616514991419,-0.06546316313929512,-0.07895964035786372,-0.08570787896714803,-9.884937634033562,14.729945600246992,4,10
DI_GAP3_SUPPORT,2.5,0.5,OOS_2022_2026,65,0.6307692307692307,0.9439607634896928,-0.018297900479295123,-0.03302774350478254,-0.04039266501752623,-1.189363531154183,4.256763041007164,3,5
DI_GAP3_SUPPORT,2.5,0.5,YTD_2026,11,0.5454545454545454,0.6546855947613759,-0.14385020340717336,-0.15933255011811,-0.16707372347357835,-1.582352237478907,2.082352237478907,0,1
DI_GAP3_SUPPORT,2.5,0.5,FULL_2012_2026,216,0.6157407407407407,0.854822842067751,-0.05126991280179511,-0.06513754176781614,-0.07207135625082664,-11.074301165187745,15.390217960043291,7,15
DI_GAP3_SUPPORT,2.5,0.6,TRAIN_2012_2021,151,0.5761589403973509,0.8503944809873871,-0.05950289823863286,-0.07299937545720148,-0.07974761406648581,-8.984937634033562,14.600999959402952,3,10
DI_GAP3_SUPPORT,2.5,0.6,OOS_2022_2026,65,0.5692307692307692,0.8349373405889288,-0.06405387028178099,-0.0787837133072684,-0.08614863482001209,-4.163501568315764,7.092658047124171,2,5
DI_GAP3_SUPPORT,2.5,0.6,YTD_2026,11,0.5454545454545454,0.7856227137136511,-0.08930474886171882,-0.10478709557265548,-0.11252826892812383,-0.9823522374789071,2.0,0,1
DI_GAP3_SUPPORT,2.5,0.6,FULL_2012_2026,216,0.5740740740740741,0.845822701492498,-0.060872403714580206,-0.07474003268060124,-0.08167384716361177,-13.148439202349325,18.97082375383107,5,15
DI_GAP3_SUPPORT,2.5,0.75,TRAIN_2012_2021,151,0.5231788079470199,0.8564354281705949,-0.06327612504457697,-0.07677260226314556,-0.08352084087242989,-9.554694881731123,13.882999795721217,2,10
DI_GAP3_SUPPORT,2.5,0.75,OOS_2022_2026,65,0.49230769230769234,0.7884811503461997,-0.09248926887663636,-0.10721911190212377,-0.1145840334148675,-6.011802476981363,8.596155361242168,1,5
DI_GAP3_SUPPORT,2.5,0.75,YTD_2026,11,0.5454545454545454,0.9820283921420639,-0.007486567043536987,-0.02296891375447364,-0.030710087109941994,-0.08235223747890685,2.0,0,1
DI_GAP3_SUPPORT,2.5,0.75,FULL_2012_2026,216,0.5138888888888888,0.8360996173146545,-0.0720671174014467,-0.08593474636746772,-0.09286856085047826,-15.566497358712487,20.570085237969767,3,15
DI_GAP3_SUPPORT,2.5,1.0,TRAIN_2012_2021,151,0.4768211920529801,0.8640851457464419,-0.06415491000575553,-0.07765138722432416,-0.08439962583360845,-9.687391410869084,19.092348785818054,4,10
DI_GAP3_SUPPORT,2.5,1.0,OOS_2022_2026,65,0.4153846153846154,0.7371683702959082,-0.1285155591402379,-0.14324540216572534,-0.15061032367846902,-8.353511344115464,11.204757615883901,1,5
DI_GAP3_SUPPORT,2.5,1.0,YTD_2026,11,0.36363636363636365,0.8092194533341115,-0.08573044550066912,-0.10121279221160581,-0.10895396556707414,-0.9430349005073604,2.94303490050736,0,1
DI_GAP3_SUPPORT,2.5,1.0,FULL_2012_2026,216,0.4583333333333333,0.8249445027177694,-0.08352269793974329,-0.0973903269057643,-0.10432414138877481,-18.04090275498455,25.63262415751928,5,15
DI_GAP3_SUPPORT,3.0,0.2,TRAIN_2012_2021,151,0.8079470198675497,0.8402080917686597,-0.030688512176879925,-0.041935576525687114,-0.047559108700090696,-4.633965338708869,9.399999999999997,6,10
DI_GAP3_SUPPORT,3.0,0.2,OOS_2022_2026,65,0.7846153846153846,0.7285714285714284,-0.058461538461538474,-0.07073640764944461,-0.07687384224339769,-3.8000000000000007,4.199999999999998,1,5
DI_GAP3_SUPPORT,3.0,0.2,YTD_2026,11,0.7272727272727273,0.5333333333333333,-0.1272727272727273,-0.14017468286517448,-0.1466256606613981,-1.4000000000000001,1.4000000000000001,0,1
DI_GAP3_SUPPORT,3.0,0.2,FULL_2012_2026,216,0.8009259259259259,0.8038612711928169,-0.03904613582735587,-0.05060249329904007,-0.05638067203488215,-8.433965338708868,10.199999999999985,7,15
DI_GAP3_SUPPORT,3.0,0.25,TRAIN_2012_2021,151,0.7417218543046358,0.778219448278201,-0.05268635589321492,-0.06393342024202209,-0.06955695241642568,-7.955639739875453,12.455639739875451,5,10
DI_GAP3_SUPPORT,3.0,0.25,OOS_2022_2026,65,0.7538461538461538,0.765625,-0.057692307692307696,-0.06996717688021387,-0.07610461147416696,-3.75,4.75,1,5
DI_GAP3_SUPPORT,3.0,0.25,YTD_2026,11,0.7272727272727273,0.6666666666666666,-0.09090909090909091,-0.10381104650153813,-0.11026202429776175,-1.0,1.25,0,1
DI_GAP3_SUPPORT,3.0,0.25,FULL_2012_2026,216,0.7453703703703703,0.7743346465096527,-0.05419277657349747,-0.06574913404518165,-0.07152731278102376,-11.705639739875453,13.205639739875451,6,15
DI_GAP3_SUPPORT,3.0,0.3,TRAIN_2012_2021,151,0.6887417218543046,0.7714011317903161,-0.060968102580022464,-0.07221516692882968,-0.07783869910323327,-9.206183489583392,14.882418384524518,5,10
DI_GAP3_SUPPORT,3.0,0.3,OOS_2022_2026,65,0.7230769230769231,0.8630223930923194,-0.03442970216972727,-0.04670457135763345,-0.052842005951586536,-2.2379306410322726,4.013969200839305,1,5
DI_GAP3_SUPPORT,3.0,0.3,YTD_2026,11,0.7272727272727273,0.7999999999999999,-0.05454545454545454,-0.06744741013790177,-0.07389838793412538,-0.6,1.1,0,1
DI_GAP3_SUPPORT,3.0,0.3,FULL_2012_2026,216,0.6990740740740741,0.7978434189833509,-0.05298200986396143,-0.06453836733564564,-0.07031654607148773,-11.444114130615668,15.62994788519404,6,15
DI_GAP3_SUPPORT,3.0,0.4,TRAIN_2012_2021,151,0.6490066225165563,0.8333400351238716,-0.05107103477990261,-0.0623180991287098,-0.06794163130311338,-7.711726251765294,13.245415847409781,6,10
DI_GAP3_SUPPORT,3.0,0.4,OOS_2022_2026,65,0.6461538461538462,0.8391690822982427,-0.0495354360619826,-0.061810305249888745,-0.06794773984384184,-3.219803344028869,4.213969200839304,2,5
DI_GAP3_SUPPORT,3.0,0.4,YTD_2026,11,0.5454545454545454,0.5350820371706092,-0.1895721392029475,-0.2024740947953947,-0.2089250725916183,-2.0852935312324226,2.2852935312324223,0,1
DI_GAP3_SUPPORT,3.0,0.4,FULL_2012_2026,216,0.6481481481481481,0.835100373328718,-0.050608933313861876,-0.06216529078554606,-0.06794346952138816,-10.931529595794165,15.192945348079324,8,15
DI_GAP3_SUPPORT,3.0,0.5,TRAIN_2012_2021,151,0.6158940397350994,0.8885999775754215,-0.03782600166731985,-0.04907306601612702,-0.05469659819053062,-5.711726251765297,12.982418384524522,5,10
DI_GAP3_SUPPORT,3.0,0.5,OOS_2022_2026,65,0.6,0.8058374099263317,-0.06876284061943286,-0.08103770980733904,-0.08717514440129213,-4.469584640263136,5.345623200070169,2,5
DI_GAP3_SUPPORT,3.0,0.5,YTD_2026,11,0.5454545454545454,0.6688525464632615,-0.13502668465749296,-0.14792864024994015,-0.1543796180461638,-1.4852935312324225,2.0,0,1
DI_GAP3_SUPPORT,3.0,0.5,FULL_2012_2026,216,0.6111111111111112,0.8629555275632539,-0.04713569857420571,-0.0586920560458899,-0.064470234781732,-10.181310892028433,15.461601884424937,7,15
DI_GAP3_SUPPORT,3.0,0.6,TRAIN_2012_2021,151,0.5629139072847682,0.8754094245085647,-0.046900955609770756,-0.058148019958577955,-0.06377155213298154,-7.0820442970753845,13.054511409993095,3,10
DI_GAP3_SUPPORT,3.0,0.6,OOS_2022_2026,65,0.5384615384615384,0.8014938367872095,-0.07525448025543295,-0.08752934944333914,-0.09366678403729223,-4.891541216603142,6.770168620153814,1,5
DI_GAP3_SUPPORT,3.0,0.6,YTD_2026,11,0.5454545454545454,0.8026230557559139,-0.08048123011203842,-0.09338318570448562,-0.09983416350070923,-0.8852935312324226,2.0,0,1
DI_GAP3_SUPPORT,3.0,0.6,FULL_2012_2026,216,0.5555555555555556,0.853056526418885,-0.055433266267030205,-0.06698962373871442,-0.0727678024745565,-11.973585513678524,16.277209975809825,4,15
DI_GAP3_SUPPORT,3.0,0.75,TRAIN_2012_2021,151,0.5298013245033113,0.8679420110424266,-0.052886802594908335,-0.0641338669437155,-0.06975739911811911,-7.985907191831158,13.55400255251493,4,10
DI_GAP3_SUPPORT,3.0,0.75,OOS_2022_2026,65,0.47692307692307695,0.7976518786738986,-0.08387276335522945,-0.09614763254313563,-0.10228506713708871,-5.451729618089914,7.980357021640585,1,5
DI_GAP3_SUPPORT,3.0,0.75,YTD_2026,11,0.36363636363636365,0.6268462689791356,-0.16235112882631517,-0.1752530844187624,-0.18170406221498603,-1.7858624170894668,3.0358624170894672,0,1
DI_GAP3_SUPPORT,3.0,0.75,FULL_2012_2026,216,0.5138888888888888,0.8462777821253733,-0.062211281527412364,-0.07376763899909655,-0.07954581773493866,-13.43763680992107,17.96312373841723,5,15
DI_GAP3_SUPPORT,3.0,1.0,TRAIN_2012_2021,151,0.45695364238410596,0.8367628754381736,-0.07209943420627178,-0.08334649855507899,-0.08897003072948258,-10.88701456514704,23.20224045658023,4,10
DI_GAP3_SUPPORT,3.0,1.0,OOS_2022_2026,65,0.4461538461538462,0.794973655887299,-0.09129138254228022,-0.10356625173018641,-0.1097036863241395,-5.933939865248215,8.732593678812457,0,5
DI_GAP3_SUPPORT,3.0,1.0,YTD_2026,11,0.36363636363636365,0.8196255788194512,-0.07847701484838683,-0.09137897044083405,-0.09782994823705767,-0.8632471633322552,2.7858624170894672,0,1
DI_GAP3_SUPPORT,3.0,1.0,FULL_2012_2026,216,0.4537037037037037,0.8241163077371031,-0.07787478902960766,-0.08943114650129186,-0.09520932523713396,-16.820954430395254,24.766187143398042,4,15
DI_GAP5_SUPPORT,0.75,0.2,TRAIN_2012_2021,111,0.1981981981981982,0.049438202247191025,-0.7621621621621621,-0.8073028882078259,-0.8298732512306576,-84.6,84.59999999999998,0,10
DI_GAP5_SUPPORT,0.75,0.2,OOS_2022_2026,47,0.0851063829787234,0.018604651162790697,-0.897872340425532,-0.9472545949808537,-0.9719457222585145,-42.2,42.199999999999996,0,5
DI_GAP5_SUPPORT,0.75,0.2,YTD_2026,6,0.0,0.0,-1.0,-1.0566861177312228,-1.0850291765968338,-6.0,6.0,0,1
DI_GAP5_SUPPORT,0.75,0.2,FULL_2012_2026,158,0.16455696202531644,0.039393939393939405,-0.8025316455696203,-0.8489340921213214,-0.8721353153971723,-126.80000000000001,126.79999999999997,0,15
DI_GAP5_SUPPORT,0.75,0.25,TRAIN_2012_2021,111,0.1981981981981982,0.06179775280898876,-0.7522522522522522,-0.7973929782979161,-0.8199633413207478,-83.5,83.5,0,10
DI_GAP5_SUPPORT,0.75,0.25,OOS_2022_2026,47,0.0851063829787234,0.023255813953488372,-0.8936170212765957,-0.9429992758319177,-0.9676904031095783,-42.0,42.0,0,5
DI_GAP5_SUPPORT,0.75,0.25,YTD_2026,6,0.0,0.0,-1.0,-1.0566861177312228,-1.0850291765968338,-6.0,6.0,0,1
DI_GAP5_SUPPORT,0.75,0.25,FULL_2012_2026,158,0.16455696202531644,0.04924242424242424,-0.7943037974683544,-0.8407062440200557,-0.8639074672959064,-125.5,125.5,0,15
DI_GAP5_SUPPORT,0.75,0.3,TRAIN_2012_2021,111,0.1981981981981982,0.0741573033707865,-0.7423423423423424,-0.7874830683880061,-0.8100534314108377,-82.4,82.40000000000002,0,10
DI_GAP5_SUPPORT,0.75,0.3,OOS_2022_2026,47,0.0851063829787234,0.027906976744186046,-0.8893617021276595,-0.9387439566829815,-0.9634350839606423,-41.8,41.800000000000004,0,5
DI_GAP5_SUPPORT,0.75,0.3,YTD_2026,6,0.0,0.0,-1.0,-1.0566861177312228,-1.0850291765968338,-6.0,6.0,0,1
DI_GAP5_SUPPORT,0.75,0.3,FULL_2012_2026,158,0.16455696202531644,0.05909090909090908,-0.7860759493670886,-0.8324783959187898,-0.8556796191946405,-124.19999999999999,124.20000000000003,0,15
DI_GAP5_SUPPORT,0.75,0.4,TRAIN_2012_2021,111,0.1981981981981982,0.09887640449438205,-0.7225225225225225,-0.7676632485681862,-0.790233611591018,-80.19999999999999,80.2,0,10
DI_GAP5_SUPPORT,0.75,0.4,OOS_2022_2026,47,0.0851063829787234,0.037209302325581395,-0.8808510638297872,-0.930233318385109,-0.9549244456627698,-41.4,41.4,0,5
DI_GAP5_SUPPORT,0.75,0.4,YTD_2026,6,0.0,0.0,-1.0,-1.0566861177312228,-1.0850291765968338,-6.0,6.0,0,1
DI_GAP5_SUPPORT,0.75,0.4,FULL_2012_2026,158,0.16455696202531644,0.07878787878787881,-0.769620253164557,-0.8160226997162582,-0.8392239229921089,-121.6,121.59999999999998,0,15
DI_GAP5_SUPPORT,0.75,0.5,TRAIN_2012_2021,111,0.1891891891891892,0.11666666666666667,-0.7162162162162162,-0.7613569422618801,-0.7839273052847116,-79.5,79.5,0,10
DI_GAP5_SUPPORT,0.75,0.5,OOS_2022_2026,47,0.0851063829787234,0.046511627906976744,-0.8723404255319149,-0.9217226800872369,-0.9464138073648977,-41.0,41.0,0,5
DI_GAP5_SUPPORT,0.75,0.5,YTD_2026,6,0.0,0.0,-1.0,-1.0566861177312228,-1.0850291765968338,-6.0,6.0,0,1
DI_GAP5_SUPPORT,0.75,0.5,FULL_2012_2026,158,0.15822784810126583,0.09398496240601503,-0.7626582278481012,-0.8090606743998024,-0.8322618976756533,-120.5,120.5,0,15
DI_GAP5_SUPPORT,0.75,0.6,TRAIN_2012_2021,111,0.1891891891891892,0.13999999999999999,-0.6972972972972974,-0.7424380233429612,-0.7650083863657928,-77.4,77.39999999999999,0,10
DI_GAP5_SUPPORT,0.75,0.6,OOS_2022_2026,47,0.0851063829787234,0.05581395348837209,-0.8638297872340426,-0.9132120417893644,-0.9379031690670252,-40.6,40.6,0,5
DI_GAP5_SUPPORT,0.75,0.6,YTD_2026,6,0.0,0.0,-1.0,-1.0566861177312228,-1.0850291765968338,-6.0,6.0,0,1
DI_GAP5_SUPPORT,0.75,0.6,FULL_2012_2026,158,0.15822784810126583,0.11278195488721802,-0.7468354430379747,-0.7932378895896759,-0.8164391128655266,-118.0,118.00000000000001,0,15
DI_GAP5_SUPPORT,0.75,0.75,TRAIN_2012_2021,111,0.1891891891891892,0.175,-0.668918918918919,-0.7140596449645827,-0.7366300079874144,-74.25,74.25,0,10
DI_GAP5_SUPPORT,0.75,0.75,OOS_2022_2026,47,0.0851063829787234,0.06976744186046512,-0.851063829787234,-0.900446084342556,-0.9251372116202168,-40.0,40.0,0,5
DI_GAP5_SUPPORT,0.75,0.75,YTD_2026,6,0.0,0.0,-1.0,-1.0566861177312228,-1.0850291765968338,-6.0,6.0,0,1
DI_GAP5_SUPPORT,0.75,0.75,FULL_2012_2026,158,0.15822784810126583,0.14097744360902256,-0.7231012658227848,-0.769503712374486,-0.7927049356503367,-114.25,114.25,0,15
DI_GAP5_SUPPORT,0.75,1.0,TRAIN_2012_2021,111,0.16216216216216217,0.1935483870967742,-0.6756756756756757,-0.7208164017213395,-0.7433867647441712,-75.0,75.0,0,10
DI_GAP5_SUPPORT,0.75,1.0,OOS_2022_2026,47,0.0851063829787234,0.09302325581395349,-0.8297872340425532,-0.8791694885978751,-0.9038606158755359,-39.0,39.0,0,5
DI_GAP5_SUPPORT,0.75,1.0,YTD_2026,6,0.0,0.0,-1.0,-1.0566861177312228,-1.0850291765968338,-6.0,6.0,0,1
DI_GAP5_SUPPORT,0.75,1.0,FULL_2012_2026,158,0.13924050632911392,0.16176470588235295,-0.7215189873417721,-0.7679214338934733,-0.7911226571693242,-114.0,114.0,0,15
DI_GAP5_SUPPORT,1.0,0.2,TRAIN_2012_2021,111,0.42342342342342343,0.14687499999999992,-0.49189189189189186,-0.5257474364261396,-0.5426752086932636,-54.599999999999994,54.8,1,10
DI_GAP5_SUPPORT,1.0,0.2,OOS_2022_2026,47,0.3829787234042553,0.12413793103448277,-0.5404255319148936,-0.5774622228313848,-0.5959805682896305,-25.4,25.400000000000006,0,5
DI_GAP5_SUPPORT,1.0,0.2,YTD_2026,6,0.5,0.20000000000000004,-0.4000000000000001,-0.442514588298417,-0.4637718824476254,-2.4000000000000004,2.6000000000000005,0,1
DI_GAP5_SUPPORT,1.0,0.2,FULL_2012_2026,158,0.41139240506329117,0.13978494623655913,-0.5063291139240506,-0.5411309488378266,-0.5585318662947145,-79.99999999999999,80.19999999999995,1,15
DI_GAP5_SUPPORT,1.0,0.25,TRAIN_2012_2021,111,0.42342342342342343,0.18359375,-0.47072072072072074,-0.5045762652549686,-0.5215040375220924,-52.25,52.5,1,10
DI_GAP5_SUPPORT,1.0,0.25,OOS_2022_2026,47,0.3617021276595745,0.14166666666666666,-0.5478723404255319,-0.5849090313420233,-0.6034273768002689,-25.75,25.75,0,5
DI_GAP5_SUPPORT,1.0,0.25,YTD_2026,6,0.5,0.25,-0.375,-0.417514588298417,-0.43877188244762544,-2.25,2.5,0,1
DI_GAP5_SUPPORT,1.0,0.25,FULL_2012_2026,158,0.4050632911392405,0.1702127659574468,-0.4936708860759494,-0.5284727209897253,-0.5458736384466133,-78.0,78.25,1,15
DI_GAP5_SUPPORT,1.0,0.3,TRAIN_2012_2021,111,0.42342342342342343,0.22031250000000008,-0.4495495495495495,-0.48340509408379734,-0.5003328663509212,-49.9,50.2,1,10
DI_GAP5_SUPPORT,1.0,0.3,OOS_2022_2026,47,0.3617021276595745,0.16999999999999998,-0.5297872340425531,-0.5668239249590444,-0.5853422704172901,-24.9,24.899999999999995,0,5
DI_GAP5_SUPPORT,1.0,0.3,YTD_2026,6,0.5,0.3,-0.35000000000000003,-0.39251458829841696,-0.41377188244762547,-2.1,2.4,0,1
DI_GAP5_SUPPORT,1.0,0.3,FULL_2012_2026,158,0.4050632911392405,0.20425531914893616,-0.4734177215189874,-0.5082195564327633,-0.5256204738896513,-74.80000000000001,75.10000000000005,1,15
DI_GAP5_SUPPORT,1.0,0.4,TRAIN_2012_2021,111,0.4144144144144144,0.28307692307692295,-0.41981981981981975,-0.4536753643540676,-0.4706031366211915,-46.599999999999994,47.00000000000001,1,10
DI_GAP5_SUPPORT,1.0,0.4,OOS_2022_2026,47,0.3617021276595745,0.22666666666666668,-0.4936170212765959,-0.530653712193087,-0.5491720576513326,-23.200000000000006,23.20000000000001,0,5
DI_GAP5_SUPPORT,1.0,0.4,YTD_2026,6,0.5,0.4000000000000001,-0.3,-0.3425145882984169,-0.3637718824476254,-1.7999999999999998,2.1999999999999997,0,1
DI_GAP5_SUPPORT,1.0,0.4,FULL_2012_2026,158,0.3987341772151899,0.2652631578947367,-0.44177215189873414,-0.47657398681251006,-0.4939749042693981,-69.8,70.19999999999999,1,15
DI_GAP5_SUPPORT,1.0,0.5,TRAIN_2012_2021,111,0.38738738738738737,0.3161764705882353,-0.4189189189189189,-0.45277446345316674,-0.46970223572029063,-46.5,47.0,1,10
DI_GAP5_SUPPORT,1.0,0.5,OOS_2022_2026,47,0.3617021276595745,0.2833333333333333,-0.4574468085106383,-0.49448349942712966,-0.5130018448853753,-21.5,21.5,0,5
DI_GAP5_SUPPORT,1.0,0.5,YTD_2026,6,0.5,0.5,-0.25,-0.292514588298417,-0.31377188244762544,-1.5,2.0,0,1
DI_GAP5_SUPPORT,1.0,0.5,FULL_2012_2026,158,0.379746835443038,0.30612244897959184,-0.43037974683544306,-0.46518158174921903,-0.4825824992061069,-68.0,68.5,1,15
DI_GAP5_SUPPORT,1.0,0.6,TRAIN_2012_2021,111,0.36036036036036034,0.3380281690140845,-0.42342342342342343,-0.4572789679576711,-0.47420674022479514,-47.0,47.59999999999999,1,10
DI_GAP5_SUPPORT,1.0,0.6,OOS_2022_2026,47,0.3191489361702128,0.28124999999999994,-0.48936170212765945,-0.5263983930441508,-0.5449167385023965,-22.999999999999993,22.999999999999993,0,5
DI_GAP5_SUPPORT,1.0,0.6,YTD_2026,6,0.5,0.6,-0.20000000000000004,-0.242514588298417,-0.26377188244762545,-1.2000000000000002,2.0,0,1
DI_GAP5_SUPPORT,1.0,0.6,FULL_2012_2026,158,0.34810126582278483,0.3203883495145632,-0.4430379746835443,-0.4778398095973202,-0.4952407270542082,-70.0,70.6,1,15
DI_GAP5_SUPPORT,1.0,0.75,TRAIN_2012_2021,111,0.3063063063063063,0.33116883116883117,-0.46396396396396394,-0.49781950849821177,-0.5147472807653357,-51.5,52.25,1,10
DI_GAP5_SUPPORT,1.0,0.75,OOS_2022_2026,47,0.2978723404255319,0.3181818181818182,-0.4787234042553192,-0.5157600951718105,-0.5342784406300561,-22.5,22.5,0,5
DI_GAP5_SUPPORT,1.0,0.75,YTD_2026,6,0.5,0.75,-0.125,-0.16751458829841695,-0.18877188244762544,-0.75,2.0,0,1
DI_GAP5_SUPPORT,1.0,0.75,FULL_2012_2026,158,0.3037974683544304,0.32727272727272727,-0.46835443037974683,-0.5031562652935229,-0.5205571827504107,-74.0,74.75,1,15
DI_GAP5_SUPPORT,1.0,1.0,TRAIN_2012_2021,111,0.2972972972972973,0.4230769230769231,-0.40540540540540543,-0.4392609499396532,-0.45618872220677714,-45.0,47.0,1,10
DI_GAP5_SUPPORT,1.0,1.0,OOS_2022_2026,47,0.23404255319148937,0.3055555555555556,-0.5319148936170213,-0.5689515845335127,-0.5874699299917582,-25.0,25.0,0,5
DI_GAP5_SUPPORT,1.0,1.0,YTD_2026,6,0.3333333333333333,0.5,-0.3333333333333333,-0.3758479216317503,-0.3971052157809587,-2.0,3.0,0,1
DI_GAP5_SUPPORT,1.0,1.0,FULL_2012_2026,158,0.27848101265822783,0.38596491228070173,-0.4430379746835443,-0.4778398095973203,-0.4952407270542082,-70.0,72.0,1,15
DI_GAP5_SUPPORT,1.25,0.2,TRAIN_2012_2021,111,0.6396396396396397,0.35499999999999987,-0.23243243243243245,-0.2595168680598307,-0.2730590858735298,-25.8,28.000000000000007,2,10
DI_GAP5_SUPPORT,1.25,0.2,OOS_2022_2026,47,0.5106382978723404,0.2086956521739131,-0.38723404255319155,-0.41686339528638444,-0.431678071652981,-18.200000000000003,18.20000000000001,0,5
DI_GAP5_SUPPORT,1.25,0.2,YTD_2026,6,0.5,0.20000000000000004,-0.4000000000000001,-0.4340116706387335,-0.45101750595810036,-2.4000000000000004,2.6000000000000005,0,1
DI_GAP5_SUPPORT,1.25,0.2,FULL_2012_2026,158,0.6012658227848101,0.30158730158730146,-0.2784810126582278,-0.30632248058924866,-0.3202432145547589,-43.999999999999986,46.19999999999997,2,15
DI_GAP5_SUPPORT,1.25,0.25,TRAIN_2012_2021,111,0.6216216216216216,0.4107142857142857,-0.22297297297297297,-0.2500574086003712,-0.26359962641407036,-24.75,27.75,3,10
DI_GAP5_SUPPORT,1.25,0.25,OOS_2022_2026,47,0.5106382978723404,0.2608695652173913,-0.3617021276595745,-0.3913314803927675,-0.4061461567593641,-17.0,17.0,0,5
DI_GAP5_SUPPORT,1.25,0.25,YTD_2026,6,0.5,0.25,-0.375,-0.4090116706387336,-0.4260175059581004,-2.25,2.5,0,1
DI_GAP5_SUPPORT,1.25,0.25,FULL_2012_2026,158,0.5886075949367089,0.3576923076923077,-0.26424050632911394,-0.29208197426013466,-0.306002708225645,-41.75,44.75,3,15
DI_GAP5_SUPPORT,1.25,0.3,TRAIN_2012_2021,111,0.6126126126126126,0.47441860465116287,-0.20360360360360358,-0.2306880392310018,-0.244230257044701,-22.599999999999998,26.299999999999994,2,10
DI_GAP5_SUPPORT,1.25,0.3,OOS_2022_2026,47,0.5106382978723404,0.31304347826086953,-0.3361702127659574,-0.3657995654991505,-0.380614241865747,-15.799999999999997,15.79999999999999,0,5
DI_GAP5_SUPPORT,1.25,0.3,YTD_2026,6,0.5,0.3,-0.35000000000000003,-0.38401167063873354,-0.40101750595810043,-2.1,2.4,0,1
DI_GAP5_SUPPORT,1.25,0.3,FULL_2012_2026,158,0.5822784810126582,0.41818181818181815,-0.24303797468354435,-0.2708794426145651,-0.2848001765800754,-38.400000000000006,42.10000000000002,2,15
DI_GAP5_SUPPORT,1.25,0.4,TRAIN_2012_2021,111,0.5855855855855856,0.5652173913043478,-0.1801801801801802,-0.2072646158075784,-0.22080683362127748,-20.000000000000004,26.799999999999997,3,10
DI_GAP5_SUPPORT,1.25,0.4,OOS_2022_2026,47,0.48936170212765956,0.38333333333333347,-0.3148936170212766,-0.34452296975446955,-0.35933764612106617,-14.8,14.799999999999992,1,5
DI_GAP5_SUPPORT,1.25,0.4,YTD_2026,6,0.5,0.4000000000000001,-0.3,-0.33401167063873355,-0.35101750595810044,-1.7999999999999998,2.1999999999999997,0,1
DI_GAP5_SUPPORT,1.25,0.4,FULL_2012_2026,158,0.5569620253164557,0.5028571428571428,-0.22025316455696206,-0.24809463248798286,-0.26201536645349316,-34.800000000000004,41.60000000000003,4,15
DI_GAP5_SUPPORT,1.25,0.5,TRAIN_2012_2021,111,0.5495495495495496,0.61,-0.17567567567567569,-0.20276011130307392,-0.21630232911677305,-19.5,25.5,2,10
DI_GAP5_SUPPORT,1.25,0.5,OOS_2022_2026,47,0.44680851063829785,0.40384615384615385,-0.32978723404255317,-0.3594165867757461,-0.3742312631423427,-15.5,15.5,0,5
DI_GAP5_SUPPORT,1.25,0.5,YTD_2026,6,0.5,0.5,-0.25,-0.2840116706387335,-0.3010175059581004,-1.5,2.0,0,1
DI_GAP5_SUPPORT,1.25,0.5,FULL_2012_2026,158,0.5189873417721519,0.5394736842105263,-0.22151898734177214,-0.24936045527279296,-0.26328118923830324,-35.0,41.0,2,15
DI_GAP5_SUPPORT,1.25,0.6,TRAIN_2012_2021,111,0.4774774774774775,0.5559234941514021,-0.22884788865770173,-0.2559323242851,-0.26947454209879906,-25.40211564100489,30.79999999999999,3,10
DI_GAP5_SUPPORT,1.25,0.6,OOS_2022_2026,47,0.425531914893617,0.44444444444444436,-0.3191489361702128,-0.3487782889034058,-0.3635929652700024,-15.000000000000002,15.200000000000005,0,5
DI_GAP5_SUPPORT,1.25,0.6,YTD_2026,6,0.5,0.6,-0.20000000000000004,-0.23401167063873354,-0.2510175059581004,-1.2000000000000002,2.0,0,1
DI_GAP5_SUPPORT,1.25,0.6,FULL_2012_2026,158,0.4620253164556962,0.5201769535903465,-0.2557095926645879,-0.2835510605956087,-0.29747179456111905,-40.40211564100489,45.99999999999997,3,15
DI_GAP5_SUPPORT,1.25,0.75,TRAIN_2012_2021,111,0.4594594594594595,0.6460917753673497,-0.18875779856761166,-0.2158422341950099,-0.22938445200870902,-20.952115641004895,29.25,3,10
DI_GAP5_SUPPORT,1.25,0.75,OOS_2022_2026,47,0.3829787234042553,0.46551724137931033,-0.32978723404255317,-0.3594165867757462,-0.3742312631423427,-15.5,16.75,0,5
DI_GAP5_SUPPORT,1.25,0.75,YTD_2026,6,0.5,0.75,-0.125,-0.15901167063873353,-0.17601750595810037,-0.75,2.0,0,1
DI_GAP5_SUPPORT,1.25,0.75,FULL_2012_2026,158,0.43670886075949367,0.5867206202924863,-0.23070959266458793,-0.2585510605956087,-0.27247179456111903,-36.452115641004895,46.0,3,15
DI_GAP5_SUPPORT,1.25,1.0,TRAIN_2012_2021,111,0.43243243243243246,0.7547443826784441,-0.13743620063280595,-0.1645206362602042,-0.1780628540739033,-15.25541827024146,28.0,3,10
DI_GAP5_SUPPORT,1.25,1.0,OOS_2022_2026,47,0.3404255319148936,0.5161290322580645,-0.3191489361702128,-0.34877828890340573,-0.36359296527000223,-15.0,16.0,1,5
DI_GAP5_SUPPORT,1.25,1.0,YTD_2026,6,0.3333333333333333,0.5,-0.3333333333333333,-0.3673450039720669,-0.38435083929143365,-2.0,3.0,0,1
DI_GAP5_SUPPORT,1.25,1.0,FULL_2012_2026,158,0.4050632911392405,0.6753784175159819,-0.19148998905216114,-0.21933145698318182,-0.23325219094869218,-30.25541827024146,44.0,4,15
DI_GAP5_SUPPORT,1.5,0.2,TRAIN_2012_2021,111,0.7297297297297297,0.5399999999999999,-0.12432432432432435,-0.14689468734715616,-0.15817986885857213,-13.800000000000002,19.400000000000002,5,10
DI_GAP5_SUPPORT,1.5,0.2,OOS_2022_2026,47,0.5957446808510638,0.29473684210526324,-0.2851063829787234,-0.3097975102563842,-0.3221430738952147,-13.400000000000002,13.40000000000001,1,5
DI_GAP5_SUPPORT,1.5,0.2,YTD_2026,6,0.5,0.20000000000000004,-0.4000000000000001,-0.42834305886561125,-0.442514588298417,-2.4000000000000004,2.6000000000000005,0,1
DI_GAP5_SUPPORT,1.5,0.2,FULL_2012_2026,158,0.689873417721519,0.4448979591836734,-0.17215189873417722,-0.19535312201002786,-0.20695373364795314,-27.2,31.80000000000003,6,15
DI_GAP5_SUPPORT,1.5,0.25,TRAIN_2012_2021,111,0.7117117117117117,0.6171875,-0.11036036036036036,-0.13293072338319217,-0.14421590489460814,-12.25,18.0,5,10
DI_GAP5_SUPPORT,1.5,0.25,OOS_2022_2026,47,0.5957446808510638,0.3684210526315789,-0.2553191489361702,-0.280010276213831,-0.29235583985266156,-12.0,12.0,1,5
DI_GAP5_SUPPORT,1.5,0.25,YTD_2026,6,0.5,0.25,-0.375,-0.4033430588656113,-0.417514588298417,-2.25,2.5,0,1
DI_GAP5_SUPPORT,1.5,0.25,FULL_2012_2026,158,0.6772151898734177,0.5245098039215687,-0.15348101265822786,-0.1766822359340785,-0.18828284757200378,-24.25,28.75,6,15
DI_GAP5_SUPPORT,1.5,0.3,TRAIN_2012_2021,111,0.7027027027027027,0.7090909090909091,-0.08648648648648646,-0.10905684950931839,-0.12034203102073428,-9.599999999999998,17.300000000000004,5,10
DI_GAP5_SUPPORT,1.5,0.3,OOS_2022_2026,47,0.5957446808510638,0.4421052631578948,-0.22553191489361699,-0.25022304217127783,-0.2625686058101083,-10.599999999999998,10.599999999999994,1,5
DI_GAP5_SUPPORT,1.5,0.3,YTD_2026,6,0.5,0.3,-0.35000000000000003,-0.3783430588656113,-0.39251458829841696,-2.1,2.4,0,1
DI_GAP5_SUPPORT,1.5,0.3,FULL_2012_2026,158,0.6708860759493671,0.6115384615384614,-0.12784810126582274,-0.15104932454167344,-0.16264993617959872,-20.199999999999996,26.39999999999998,6,15
DI_GAP5_SUPPORT,1.5,0.4,TRAIN_2012_2021,111,0.6216216216216216,0.6571428571428569,-0.1297297297297297,-0.15230009275256157,-0.16358527426397748,-14.399999999999997,20.399999999999995,4,10
DI_GAP5_SUPPORT,1.5,0.4,OOS_2022_2026,47,0.5319148936170213,0.45454545454545464,-0.2553191489361702,-0.28001027621383107,-0.29235583985266145,-12.0,11.999999999999996,1,5
DI_GAP5_SUPPORT,1.5,0.4,YTD_2026,6,0.5,0.4000000000000001,-0.3,-0.32834305886561127,-0.3425145882984169,-1.7999999999999998,2.1999999999999997,0,1
DI_GAP5_SUPPORT,1.5,0.4,FULL_2012_2026,158,0.5949367088607594,0.5874999999999998,-0.1670886075949367,-0.1902898308707873,-0.2018904425087126,-26.400000000000002,30.400000000000027,5,15
DI_GAP5_SUPPORT,1.5,0.5,TRAIN_2012_2021,111,0.5495495495495496,0.6322234800587492,-0.15984175473033221,-0.18241211775316407,-0.19369729926457996,-17.742434775066876,24.074005074229465,3,10
DI_GAP5_SUPPORT,1.5,0.5,OOS_2022_2026,47,0.5106382978723404,0.5217391304347826,-0.23404255319148937,-0.25873368046915013,-0.2710792441079807,-11.0,11.0,1,5
DI_GAP5_SUPPORT,1.5,0.5,YTD_2026,6,0.5,0.5,-0.25,-0.2783430588656113,-0.292514588298417,-1.5,2.0,0,1
DI_GAP5_SUPPORT,1.5,0.5,FULL_2012_2026,158,0.5379746835443038,0.5965545693965245,-0.18191414414599288,-0.2051153674218435,-0.21671597905976883,-28.742434775066876,32.57400507422946,4,15
DI_GAP5_SUPPORT,1.5,0.6,TRAIN_2012_2021,111,0.5225225225225225,0.6791246386468096,-0.14813004301862046,-0.17070040604145237,-0.18198558755286828,-16.44243477506687,24.874005074229466,4,10
DI_GAP5_SUPPORT,1.5,0.6,OOS_2022_2026,47,0.46808510638297873,0.5279999999999999,-0.25106382978723407,-0.27575495706489483,-0.2881005207037253,-11.800000000000002,12.6,1,5
DI_GAP5_SUPPORT,1.5,0.6,YTD_2026,6,0.5,0.6,-0.20000000000000004,-0.22834305886561132,-0.242514588298417,-1.2000000000000002,2.0,0,1
DI_GAP5_SUPPORT,1.5,0.6,FULL_2012_2026,158,0.5063291139240507,0.6295706602446695,-0.17874958718396752,-0.20195081045981816,-0.2135514220977435,-28.24243477506687,34.47400507422944,5,15
DI_GAP5_SUPPORT,1.5,0.75,TRAIN_2012_2021,111,0.4954954954954955,0.7604747126683371,-0.1170489619375394,-0.1396193249603713,-0.1509045064717872,-12.992434775066874,23.57400507422946,3,10
DI_GAP5_SUPPORT,1.5,0.75,OOS_2022_2026,47,0.44680851063829785,0.6057692307692307,-0.21808510638297873,-0.24277623366063947,-0.25512179729947,-10.25,10.5,1,5
DI_GAP5_SUPPORT,1.5,0.75,YTD_2026,6,0.3333333333333333,0.375,-0.4166666666666667,-0.445009725532278,-0.4591812549650836,-2.5,3.25,0,1
DI_GAP5_SUPPORT,1.5,0.75,FULL_2012_2026,158,0.4810126582278481,0.7103473387837825,-0.1471040175637144,-0.17030524083956503,-0.18190585247749033,-23.242434775066876,31.82400507422946,4,15
DI_GAP5_SUPPORT,1.5,1.0,TRAIN_2012_2021,111,0.45045045045045046,0.8235467475447142,-0.09417585855342954,-0.1167462215762614,-0.12803140308767733,-10.453520299430679,24.07400507422946,4,10
DI_GAP5_SUPPORT,1.5,1.0,OOS_2022_2026,47,0.40425531914893614,0.6534021328587208,-0.2064838357437408,-0.23117496302140164,-0.24352052666023208,-9.704740279955818,12.0,1,5
DI_GAP5_SUPPORT,1.5,1.0,YTD_2026,6,0.3333333333333333,0.5,-0.3333333333333333,-0.3616763921989447,-0.3758479216317503,-2.0,3.0,0,1
DI_GAP5_SUPPORT,1.5,1.0,FULL_2012_2026,158,0.43670886075949367,0.7689397294864637,-0.12758392771763605,-0.1507851509934867,-0.16238576263141197,-20.158260579386496,32.07400507422946,5,15
DI_GAP5_SUPPORT,1.75,0.2,TRAIN_2012_2021,111,0.8018018018018018,0.809090909090909,-0.03783783783783783,-0.05718386328597942,-0.0668568760100502,-4.199999999999999,10.199999999999998,6,10
DI_GAP5_SUPPORT,1.75,0.2,OOS_2022_2026,47,0.6595744680851063,0.3875000000000001,-0.20851063829787242,-0.22967446167872452,-0.24025637336915057,-9.800000000000004,10.200000000000008,1,5
DI_GAP5_SUPPORT,1.75,0.2,YTD_2026,6,0.6666666666666666,0.4,-0.19999999999999998,-0.22429405045623826,-0.23644107568435735,-1.2,2.0,0,1
DI_GAP5_SUPPORT,1.75,0.2,FULL_2012_2026,158,0.759493670886076,0.6315789473684211,-0.08860759493670887,-0.10849435774458083,-0.11843773914851671,-14.000000000000002,19.000000000000007,7,15
DI_GAP5_SUPPORT,1.75,0.25,TRAIN_2012_2021,111,0.7837837837837838,0.90625,-0.02027027027027027,-0.03961629571841188,-0.04928930844248266,-2.25,8.5,6,10
DI_GAP5_SUPPORT,1.75,0.25,OOS_2022_2026,47,0.6595744680851063,0.484375,-0.17553191489361702,-0.19669573827446915,-0.20727764996489528,-8.25,8.75,1,5
DI_GAP5_SUPPORT,1.75,0.25,YTD_2026,6,0.6666666666666666,0.5,-0.16666666666666666,-0.19096071712290494,-0.20310774235102402,-1.0,2.0,0,1
DI_GAP5_SUPPORT,1.75,0.25,FULL_2012_2026,158,0.7468354430379747,0.7375,-0.06645569620253164,-0.0863424590104036,-0.09628584041433955,-10.5,15.5,7,15
DI_GAP5_SUPPORT,1.75,0.3,TRAIN_2012_2021,111,0.7297297297297297,0.8099999999999999,-0.05135135135135136,-0.07069737679949296,-0.08037038952356376,-5.700000000000001,12.900000000000004,5,10
DI_GAP5_SUPPORT,1.75,0.3,OOS_2022_2026,47,0.6382978723404256,0.5294117647058825,-0.1702127659574468,-0.19137658933829896,-0.2019585010287251,-8.0,9.200000000000001,1,5
DI_GAP5_SUPPORT,1.75,0.3,YTD_2026,6,0.6666666666666666,0.6,-0.13333333333333333,-0.1576273837895716,-0.16977440901769073,-0.8,2.0,0,1
DI_GAP5_SUPPORT,1.75,0.3,FULL_2012_2026,158,0.7025316455696202,0.708510638297872,-0.08670886075949366,-0.10659562356736565,-0.11653900497130161,-13.7,20.000000000000004,6,15
DI_GAP5_SUPPORT,1.75,0.4,TRAIN_2012_2021,111,0.6486486486486487,0.7749058522871282,-0.07536761494405285,-0.09471364039219446,-0.10438665311626524,-8.365805258789866,14.063432920768106,3,10
DI_GAP5_SUPPORT,1.75,0.4,OOS_2022_2026,47,0.5957446808510638,0.5894736842105265,-0.16595744680851063,-0.18712127018936278,-0.19770318187978883,-7.799999999999999,9.2,1,5
DI_GAP5_SUPPORT,1.75,0.4,YTD_2026,6,0.6666666666666666,0.8,-0.06666666666666665,-0.09096071712290492,-0.103107742351024,-0.3999999999999999,2.0,0,1
DI_GAP5_SUPPORT,1.75,0.4,FULL_2012_2026,158,0.6329113924050633,0.7121770945096536,-0.1023152231568979,-0.12220198596476986,-0.13214536736870577,-16.165805258789867,20.4634329207681,4,15
DI_GAP5_SUPPORT,1.75,0.5,TRAIN_2012_2021,111,0.6216216216216216,0.8589395825059434,-0.05104329061972853,-0.07038931606787013,-0.0800623287919409,-5.665805258789867,14.06343292076811,4,10
DI_GAP5_SUPPORT,1.75,0.5,OOS_2022_2026,47,0.5531914893617021,0.6431661879761476,-0.15345756012861894,-0.17462138350947104,-0.18520329519989717,-7.21250532604509,9.0,1,5
DI_GAP5_SUPPORT,1.75,0.5,YTD_2026,6,0.6666666666666666,1.0,0.0,-0.024294050456238225,-0.03644107568435736,0.0,2.0,0,1
DI_GAP5_SUPPORT,1.75,0.5,FULL_2012_2026,158,0.6012658227848101,0.7867063443794075,-0.08150829484072758,-0.10139505764859953,-0.11133843905253547,-12.878310584834958,20.275938246813197,5,15
DI_GAP5_SUPPORT,1.75,0.6,TRAIN_2012_2021,111,0.5675675675675675,0.8187878406562175,-0.07536761494405286,-0.09471364039219446,-0.10438665311626527,-8.365805258789868,19.663432920768113,4,10
DI_GAP5_SUPPORT,1.75,0.6,OOS_2022_2026,47,0.5106382978723404,0.6482834686421165,-0.16622351757542747,-0.1873873409562796,-0.19796925264670565,-7.812505326045091,9.600000000000001,1,5
DI_GAP5_SUPPORT,1.75,0.6,YTD_2026,6,0.5,0.6,-0.20000000000000004,-0.22429405045623826,-0.23644107568435738,-1.2000000000000002,2.4000000000000004,0,1
DI_GAP5_SUPPORT,1.75,0.6,FULL_2012_2026,158,0.5506329113924051,0.7633999663568317,-0.10239437079009464,-0.12228113359796668,-0.1322245150019026,-16.178310584834954,26.47593824681321,5,15
DI_GAP5_SUPPORT,1.75,0.75,TRAIN_2012_2021,111,0.5315315315315315,0.8656536496058574,-0.06071705271262792,-0.08006307816076952,-0.0897360908848403,-6.739592851101699,17.81343292076811,4,10
DI_GAP5_SUPPORT,1.75,0.75,OOS_2022_2026,47,0.48936170212765956,0.7129408615229994,-0.1417736549103679,-0.16293747829122002,-0.17351938998164612,-6.663361780787291,10.75,1,5
DI_GAP5_SUPPORT,1.75,0.75,YTD_2026,6,0.5,0.75,-0.125,-0.14929405045623823,-0.1614410756843574,-0.75,2.25,0,1
DI_GAP5_SUPPORT,1.75,0.75,FULL_2012_2026,158,0.5189873417721519,0.817344464255641,-0.08482882678410754,-0.10471558959197953,-0.11465897099591549,-13.40295463188899,24.226794701555402,5,15
DI_GAP5_SUPPORT,1.75,1.0,TRAIN_2012_2021,111,0.4774774774774775,0.9287585933291708,-0.03571061559960687,-0.05505664104774846,-0.06472965377181927,-3.963878331556363,18.06343292076811,4,10
DI_GAP5_SUPPORT,1.75,1.0,OOS_2022_2026,47,0.44680851063829785,0.7655813278244917,-0.12575068129254086,-0.146914504673393,-0.15749641636381911,-5.91028202074942,12.0,2,5
DI_GAP5_SUPPORT,1.75,1.0,YTD_2026,6,0.5,1.0,0.0,-0.024294050456238225,-0.036441075684357394,0.0,2.0,0,1
DI_GAP5_SUPPORT,1.75,1.0,FULL_2012_2026,158,0.46835443037974683,0.8778745416618131,-0.06249468577408724,-0.08238144858195921,-0.09232482998589514,-9.874160352305784,24.226794701555402,6,15
DI_GAP5_SUPPORT,2.0,0.2,TRAIN_2012_2021,111,0.8468468468468469,1.105882352941176,0.016216216216216207,-0.0007115560509076625,-0.009175442184469623,1.799999999999999,5.399999999999995,7,10
DI_GAP5_SUPPORT,2.0,0.2,OOS_2022_2026,47,0.7659574468085106,0.6545454545454547,-0.08085106382978723,-0.09936940928803285,-0.10862858201715565,-3.7999999999999994,4.199999999999998,2,5
DI_GAP5_SUPPORT,2.0,0.2,YTD_2026,6,0.6666666666666666,0.4,-0.19999999999999998,-0.22125729414920844,-0.2318859412238127,-1.2,2.0,0,1
DI_GAP5_SUPPORT,2.0,0.2,FULL_2012_2026,158,0.8227848101265823,0.9285714285714285,-0.01265822784810126,-0.030059145304989213,-0.03875960403343319,-1.9999999999999991,8.199999999999996,9,15
DI_GAP5_SUPPORT,2.0,0.25,TRAIN_2012_2021,111,0.8018018018018018,1.0113636363636365,0.0022522522522522522,-0.014675520014871641,-0.023139406148433597,0.25,7.25,6,10
DI_GAP5_SUPPORT,2.0,0.25,OOS_2022_2026,47,0.7446808510638298,0.7291666666666666,-0.06914893617021277,-0.08766728162845837,-0.0969264543575812,-3.25,4.0,2,5
DI_GAP5_SUPPORT,2.0,0.25,YTD_2026,6,0.6666666666666666,0.5,-0.16666666666666666,-0.18792396081587515,-0.19855260789047938,-1.0,2.0,0,1
DI_GAP5_SUPPORT,2.0,0.25,FULL_2012_2026,158,0.7848101265822784,0.9117647058823529,-0.0189873417721519,-0.03638825922903985,-0.04508871795748383,-3.0,9.5,8,15
DI_GAP5_SUPPORT,2.0,0.3,TRAIN_2012_2021,111,0.7567567567567568,0.9333333333333333,-0.01621621621621624,-0.03314398848334013,-0.041607874616902074,-1.8000000000000027,7.800000000000001,6,10
DI_GAP5_SUPPORT,2.0,0.3,OOS_2022_2026,47,0.723404255319149,0.7846153846153847,-0.0595744680851064,-0.078092813543352,-0.08735198627247484,-2.8000000000000007,3.4,1,5
DI_GAP5_SUPPORT,2.0,0.3,YTD_2026,6,0.6666666666666666,0.6,-0.13333333333333333,-0.1545906274825418,-0.16521927455714605,-0.8,2.0,0,1
DI_GAP5_SUPPORT,2.0,0.3,FULL_2012_2026,158,0.7468354430379747,0.8849999999999995,-0.02911392405063292,-0.04651484150752088,-0.05521530023596486,-4.600000000000001,9.100000000000005,7,15
DI_GAP5_SUPPORT,2.0,0.4,TRAIN_2012_2021,111,0.6666666666666666,0.8452293751720058,-0.048829545958929126,-0.06575731822605302,-0.07422120435961498,-5.420079601441133,11.255503805672095,4,10
DI_GAP5_SUPPORT,2.0,0.4,OOS_2022_2026,47,0.6595744680851063,0.8165446614452041,-0.05927536511254157,-0.07779371057078717,-0.08705288329990998,-2.7859421602894536,3.800000000000001,2,5
DI_GAP5_SUPPORT,2.0,0.4,YTD_2026,6,0.6666666666666666,0.8,-0.06666666666666665,-0.08792396081587506,-0.09855260789047937,-0.3999999999999999,2.0,0,1
DI_GAP5_SUPPORT,2.0,0.4,FULL_2012_2026,158,0.6645569620253164,0.8365530373891203,-0.051936846593231556,-0.0693377640501195,-0.07803822277856351,-8.206021761730586,12.84144596596154,6,15
DI_GAP5_SUPPORT,2.0,0.5,TRAIN_2012_2021,111,0.6306306306306306,0.89697407994799,-0.036216933346316524,-0.05314470561344042,-0.06160859174700238,-4.020079601441134,13.555503805672096,4,10
DI_GAP5_SUPPORT,2.0,0.5,OOS_2022_2026,47,0.6170212765957447,0.8437128360355068,-0.05714770553807348,-0.07566605099631911,-0.08492522372544191,-2.6859421602894535,4.0,2,5
DI_GAP5_SUPPORT,2.0,0.5,YTD_2026,6,0.5,0.5,-0.25,-0.27125729414920846,-0.2818859412238127,-1.5,2.5,0,1
DI_GAP5_SUPPORT,2.0,0.5,FULL_2012_2026,158,0.6265822784810127,0.8806885534407888,-0.04244317570715562,-0.05984409316404358,-0.06854455189248758,-6.706021761730588,14.24144596596155,6,15
DI_GAP5_SUPPORT,2.0,0.6,TRAIN_2012_2021,111,0.6036036036036037,0.9422087304986757,-0.021877421123549415,-0.038805193390673336,-0.04726907952423529,-2.428393744713985,13.600000000000001,4,10
DI_GAP5_SUPPORT,2.0,0.6,OOS_2022_2026,47,0.6170212765957447,1.0124554032426083,0.0045544221215009775,-0.013963923336744618,-0.023223096065867452,0.21405783971054593,3.1999999999999997,2,5
DI_GAP5_SUPPORT,2.0,0.6,YTD_2026,6,0.5,0.6,-0.20000000000000004,-0.22125729414920844,-0.23188594122381276,-1.2000000000000002,2.4000000000000004,0,1
DI_GAP5_SUPPORT,2.0,0.6,FULL_2012_2026,158,0.6075949367088608,0.9625994816217369,-0.014014784208882528,-0.0314157016657705,-0.040116160394214485,-2.2143359050034395,14.385942160289455,6,15
DI_GAP5_SUPPORT,2.0,0.75,TRAIN_2012_2021,111,0.5585585585585585,0.9696216221490571,-0.012868412114540425,-0.029796184381664308,-0.03826007051522627,-1.4283937447139872,14.555503805672096,4,10
DI_GAP5_SUPPORT,2.0,0.75,OOS_2022_2026,47,0.5531914893617021,0.9048101518919545,-0.04088290996076051,-0.05940125541900611,-0.06866042814812894,-1.9214967681557438,7.5,2,5
DI_GAP5_SUPPORT,2.0,0.75,YTD_2026,6,0.5,0.75,-0.125,-0.14625729414920843,-0.15688594122381275,-0.75,2.25,0,1
DI_GAP5_SUPPORT,2.0,0.75,FULL_2012_2026,158,0.5569620253164557,0.950154905393057,-0.021201838689048923,-0.03860275614593687,-0.04730321487438087,-3.34989051286973,15.698445363860976,6,15
DI_GAP5_SUPPORT,2.0,1.0,TRAIN_2012_2021,111,0.5045045045045045,1.0043219134434096,0.002041620491454427,-0.01488615177566945,-0.023350037909231406,0.2266198745514414,11.055503805672096,4,10
DI_GAP5_SUPPORT,2.0,1.0,OOS_2022_2026,47,0.48936170212765956,0.9171266470488014,-0.04088290996076049,-0.05940125541900611,-0.06866042814812895,-1.9214967681557429,7.0,2,5
DI_GAP5_SUPPORT,2.0,1.0,YTD_2026,6,0.5,1.0,0.0,-0.021257294149208444,-0.031885941223812754,0.0,2.0,0,1
DI_GAP5_SUPPORT,2.0,1.0,FULL_2012_2026,158,0.5,0.97758722563244,-0.010727068946862662,-0.028127986403750638,-0.0368284451321946,-1.6948768936043006,13.198445363860976,6,15
DI_GAP5_SUPPORT,2.25,0.2,TRAIN_2012_2021,111,0.8648648648648649,1.28,0.03783783783783784,0.02279092915594993,0.01526747481500599,4.2,3.399999999999995,6,10
DI_GAP5_SUPPORT,2.25,0.2,OOS_2022_2026,47,0.8085106382978723,0.8444444444444446,-0.029787234042553203,-0.04624798556099375,-0.05447836132021403,-1.4000000000000006,3.1999999999999997,2,5
DI_GAP5_SUPPORT,2.25,0.2,YTD_2026,6,0.8333333333333334,1.0,0.0,-0.018895372577074188,-0.02834305886561128,0.0,1.0,0,1
DI_GAP5_SUPPORT,2.25,0.2,FULL_2012_2026,158,0.8481012658227848,1.1166666666666665,0.017721518987341783,0.002254036803441367,-0.005479704288508826,2.8000000000000016,4.79999999999999,8,15
DI_GAP5_SUPPORT,2.25,0.25,TRAIN_2012_2021,111,0.8018018018018018,1.0113636363636365,0.0022522522522522522,-0.012794656429635653,-0.0203181107705796,0.25,7.0,6,10
DI_GAP5_SUPPORT,2.25,0.25,OOS_2022_2026,47,0.7872340425531915,0.925,-0.015957446808510637,-0.032418198326951204,-0.040648574086171486,-0.75,3.5,4,5
DI_GAP5_SUPPORT,2.25,0.25,YTD_2026,6,0.8333333333333334,1.25,0.041666666666666664,0.02277129408959248,0.013323607801055348,0.25,1.0,1,1
DI_GAP5_SUPPORT,2.25,0.25,FULL_2012_2026,158,0.7974683544303798,0.984375,-0.0031645569620253164,-0.018632039145925716,-0.02636578023787592,-0.5,8.75,10,15
DI_GAP5_SUPPORT,2.25,0.3,TRAIN_2012_2021,111,0.7207207207207207,0.8302562703076374,-0.04420484165318229,-0.05925175033507018,-0.06677520467601412,-4.906737423503234,8.249336716152978,3,10
DI_GAP5_SUPPORT,2.25,0.3,OOS_2022_2026,47,0.7446808510638298,0.8750000000000001,-0.03191489361702129,-0.04837564513546186,-0.05660602089468213,-1.5000000000000007,3.900000000000001,3,5
DI_GAP5_SUPPORT,2.25,0.3,YTD_2026,6,0.8333333333333334,1.5,0.08333333333333333,0.06443796075625911,0.054990274467722054,0.5,1.0,1,1
DI_GAP5_SUPPORT,2.25,0.3,FULL_2012_2026,158,0.7278481012658228,0.8433818527941999,-0.04054897103483057,-0.05601645321873098,-0.0637501943106812,-6.40673742350323,10.049336716152983,6,15
DI_GAP5_SUPPORT,2.25,0.4,TRAIN_2012_2021,111,0.6576576576576577,0.8132178553456307,-0.06042105786939845,-0.07546796655128636,-0.08299142089223034,-6.7067374235032275,12.649336716152972,4,10
DI_GAP5_SUPPORT,2.25,0.4,OOS_2022_2026,47,0.7021276595744681,1.0026370935277342,0.0007386825477172013,-0.015722068970723358,-0.023952444729943626,0.03471807974270846,3.600000000000001,4,5
DI_GAP5_SUPPORT,2.25,0.4,YTD_2026,6,0.8333333333333334,2.0,0.16666666666666666,0.14777129408959247,0.13832360780105538,1.0,1.0,1,1
DI_GAP5_SUPPORT,2.25,0.4,FULL_2012_2026,158,0.6708860759493671,0.8640361771741749,-0.04222797053012989,-0.05769545271403029,-0.0654291938059805,-6.672019343760522,14.014618636410257,8,15
DI_GAP5_SUPPORT,2.25,0.5,TRAIN_2012_2021,111,0.6216216216216216,0.8645156739794291,-0.04870934615768676,-0.06375625483957467,-0.07127970918051862,-5.40673742350323,14.0,5,10
DI_GAP5_SUPPORT,2.25,0.5,OOS_2022_2026,47,0.6595744680851063,1.0220713390956222,0.007121661271121448,-0.00933909024731912,-0.017569466006539393,0.33471807974270806,3.0,2,5
DI_GAP5_SUPPORT,2.25,0.5,YTD_2026,6,0.6666666666666666,1.0,0.0,-0.018895372577074226,-0.0283430588656113,0.0,1.0,0,1
DI_GAP5_SUPPORT,2.25,0.5,FULL_2012_2026,158,0.6329113924050633,0.9079020634398588,-0.032101388251648884,-0.0475688704355493,-0.055302611527499476,-5.072019343760523,15.165281920257293,7,15
DI_GAP5_SUPPORT,2.25,0.6,TRAIN_2012_2021,111,0.5855855855855856,0.8728943490855148,-0.050277427385097016,-0.0653243360669849,-0.07284779040792885,-5.580794439745769,13.6,3,10
DI_GAP5_SUPPORT,2.25,0.6,OOS_2022_2026,47,0.6170212765957447,0.9809464729822708,-0.00695870559222468,-0.023419457110665256,-0.03164983286988555,-0.32705916283455994,4.8,3,5
DI_GAP5_SUPPORT,2.25,0.6,YTD_2026,6,0.6666666666666666,1.2,0.06666666666666665,0.04777129408959243,0.038323607801055294,0.3999999999999999,1.0,1,1
DI_GAP5_SUPPORT,2.25,0.6,FULL_2012_2026,158,0.5949367088607594,0.9032641516350333,-0.037391478497343845,-0.05285896068124426,-0.06059270177319444,-5.907853602580328,14.527059162834567,6,15
DI_GAP5_SUPPORT,2.25,0.75,TRAIN_2012_2021,111,0.5315315315315315,0.8782423762435039,-0.054051199520414955,-0.06909810820230287,-0.07662156254324681,-5.99968314676606,14.549336716152975,4,10
DI_GAP5_SUPPORT,2.25,0.75,OOS_2022_2026,47,0.5531914893617021,0.9042800712082906,-0.04106849679727173,-0.057529248315712295,-0.0657596240749326,-1.9302193494717712,7.8031601866372124,2,5
DI_GAP5_SUPPORT,2.25,0.75,YTD_2026,6,0.6666666666666666,1.5,0.16666666666666666,0.14777129408959244,0.13832360780105538,1.0,1.0,1,1
DI_GAP5_SUPPORT,2.25,0.75,FULL_2012_2026,158,0.5379746835443038,0.8858035887082749,-0.05018925630530274,-0.06565673848920314,-0.07339047958115333,-7.929902496237833,17.72955606562475,6,15
DI_GAP5_SUPPORT,2.25,1.0,TRAIN_2012_2021,111,0.4864864864864865,0.8777140037091499,-0.059062991816833735,-0.07410990049872165,-0.0816333548396656,-6.555992091668545,11.686278190056967,2,10
DI_GAP5_SUPPORT,2.25,1.0,OOS_2022_2026,47,0.46808510638297873,0.8592031304106972,-0.07027395115190536,-0.08673470267034593,-0.0949650784295662,-3.3028757041395522,9.0,3,5
DI_GAP5_SUPPORT,2.25,1.0,YTD_2026,6,0.5,1.3082363212711543,0.11780605547308724,0.09891068289601301,0.08946299660747592,0.7068363328385234,1.0,1,1
DI_GAP5_SUPPORT,2.25,1.0,FULL_2012_2026,158,0.4810126582278481,0.8720797229002173,-0.0623978974418234,-0.07786537962572379,-0.08559912071767402,-9.858867795808097,16.052931584961133,5,15
DI_GAP5_SUPPORT,2.5,0.2,TRAIN_2012_2021,111,0.8378378378378378,1.033333333333333,0.005405405405405401,-0.00813681240829371,-0.014907921315143256,0.5999999999999995,5.6,5,10
DI_GAP5_SUPPORT,2.5,0.2,OOS_2022_2026,47,0.7872340425531915,0.7400000000000001,-0.0553191489361702,-0.0701338253027667,-0.07754116348606496,-2.5999999999999996,4.399999999999999,2,5
DI_GAP5_SUPPORT,2.5,0.2,YTD_2026,6,0.8333333333333334,1.0,0.0,-0.017005835319366763,-0.02550875297905016,0.0,1.0,0,1
DI_GAP5_SUPPORT,2.5,0.2,FULL_2012_2026,158,0.8227848101265823,0.9285714285714285,-0.012658227848101259,-0.026578961813611624,-0.03353932879636681,-1.999999999999999,7.799999999999999,7,15
DI_GAP5_SUPPORT,2.5,0.25,TRAIN_2012_2021,111,0.8108108108108109,1.0714285714285714,0.013513513513513514,-2.870430018560687e-05,-0.006799813207035157,1.5,6.0,4,10
DI_GAP5_SUPPORT,2.5,0.25,OOS_2022_2026,47,0.7659574468085106,0.8181818181818182,-0.0425531914893617,-0.057367867855958196,-0.06477520603925645,-2.0,3.5,3,5
DI_GAP5_SUPPORT,2.5,0.25,YTD_2026,6,0.8333333333333334,1.25,0.041666666666666664,0.024660831347299905,0.016157913687616505,0.25,1.0,1,1
DI_GAP5_SUPPORT,2.5,0.25,FULL_2012_2026,158,0.7974683544303798,0.984375,-0.0031645569620253164,-0.017085290927535676,-0.02404565791029086,-0.5,6.25,7,15
DI_GAP5_SUPPORT,2.5,0.3,TRAIN_2012_2021,111,0.7297297297297297,0.8984689662408571,-0.02473882235495406,-0.03828104016865317,-0.04505214907550274,-2.7460092813999006,8.329945600246992,5,10
DI_GAP5_SUPPORT,2.5,0.3,OOS_2022_2026,47,0.7446808510638298,0.8750000000000001,-0.03191489361702129,-0.0467295699836178,-0.054136908166916055,-1.5000000000000007,3.900000000000001,3,5
DI_GAP5_SUPPORT,2.5,0.3,YTD_2026,6,0.8333333333333334,1.5,0.08333333333333333,0.06632749801396653,0.05782458035428314,0.5,1.0,1,1
DI_GAP5_SUPPORT,2.5,0.3,FULL_2012_2026,158,0.7341772151898734,0.8912562548761529,-0.026873476464556328,-0.0407942104300667,-0.047754577412821894,-4.2460092813999,9.229945600247,8,15
DI_GAP5_SUPPORT,2.5,0.4,TRAIN_2012_2021,111,0.6846846846846847,0.948636060517049,-0.014828912445044142,-0.02837113025874323,-0.035142239165592795,-1.6460092813998997,10.629945600246993,6,10
DI_GAP5_SUPPORT,2.5,0.4,OOS_2022_2026,47,0.6595744680851063,0.9089968255632869,-0.02641301649693052,-0.04122769286352701,-0.048635031046825254,-1.2414117753557343,3.2,3,5
DI_GAP5_SUPPORT,2.5,0.4,YTD_2026,6,0.6666666666666666,0.8,-0.06666666666666665,-0.08367250198603342,-0.0921754196457168,-0.3999999999999999,1.2,0,1
DI_GAP5_SUPPORT,2.5,0.4,FULL_2012_2026,158,0.6772151898734177,0.9368005243025489,-0.01827481681490907,-0.03219555078041941,-0.03915591776317462,-2.887421056755633,11.378699328478557,9,15
DI_GAP5_SUPPORT,2.5,0.5,TRAIN_2012_2021,111,0.6486486486486487,0.9841130652897634,-0.005159104468632261,-0.018701322282331387,-0.02547243118918092,-0.572660596018181,10.229945600246992,5,10
DI_GAP5_SUPPORT,2.5,0.5,OOS_2022_2026,47,0.6595744680851063,1.102114702588281,0.029638057581377105,0.014823381214780615,0.007416043031482339,1.392988706324724,3.0,3,5
DI_GAP5_SUPPORT,2.5,0.5,YTD_2026,6,0.6666666666666666,1.0,0.0,-0.017005835319366763,-0.025508752979050142,0.0,1.0,0,1
DI_GAP5_SUPPORT,2.5,0.5,FULL_2012_2026,158,0.6518987341772152,1.0165097743626001,0.005191950065231282,-0.00872878390027907,-0.015689150883034256,0.8203281103065425,11.378699328478554,8,15
DI_GAP5_SUPPORT,2.5,0.6,TRAIN_2012_2021,111,0.6216216216216216,1.0416774834081963,0.014660715351187565,0.0011184975374884261,-0.005652611369361138,1.6273394039818196,9.629945600246993,6,10
DI_GAP5_SUPPORT,2.5,0.6,OOS_2022_2026,47,0.5957446808510638,0.9501331093268359,-0.01765649918401632,-0.03247117555061282,-0.039878513733911096,-0.829855461648767,4.892658047124172,3,5
DI_GAP5_SUPPORT,2.5,0.6,YTD_2026,6,0.6666666666666666,1.2,0.06666666666666665,0.04966083134729989,0.041157913687616454,0.3999999999999999,1.0,1,1
DI_GAP5_SUPPORT,2.5,0.6,FULL_2012_2026,158,0.6139240506329114,1.0143207196023722,0.005047366723626913,-0.00887336724188345,-0.01583373422463865,0.7974839423330522,10.63695689392227,9,15
DI_GAP5_SUPPORT,2.5,0.75,TRAIN_2012_2021,111,0.5585585585585585,1.0057829344528724,0.0023205599665248513,-0.011221657847174268,-0.01799276675402383,0.2575821562842585,9.979945600246992,6,10
DI_GAP5_SUPPORT,2.5,0.75,OOS_2022_2026,47,0.5319148936170213,0.8890173737722941,-0.04637990343933547,-0.061194579805931945,-0.06860191798923022,-2.179855461648767,6.315502215097663,2,5
DI_GAP5_SUPPORT,2.5,0.75,YTD_2026,6,0.6666666666666666,1.5,0.16666666666666666,0.1496608313472999,0.14115791368761652,1.0,1.0,1,1
DI_GAP5_SUPPORT,2.5,0.75,FULL_2012_2026,158,0.5506329113924051,0.9700502039814228,-0.012166286742813344,-0.026087020708323697,-0.03304738769107887,-1.9222733053645085,12.573565395598212,8,15
DI_GAP5_SUPPORT,2.5,1.0,TRAIN_2012_2021,111,0.5225225225225225,1.0666845758276913,0.027793604998260547,0.014251387184561436,0.0074802782777118725,3.0850901548069207,8.315872932874125,5,10
DI_GAP5_SUPPORT,2.5,1.0,OOS_2022_2026,47,0.44680851063829785,0.809448573181403,-0.09286446379879816,-0.10767914016539466,-0.11508647834869291,-4.364629798543514,7.664201465879845,3,5
DI_GAP5_SUPPORT,2.5,1.0,YTD_2026,6,0.5,1.3251777182188305,0.12269211659244521,0.1056862812730784,0.09718336361339501,0.7361526995546712,1.0,1,1
DI_GAP5_SUPPORT,2.5,1.0,FULL_2012_2026,158,0.5,0.9815013047000423,-0.00809835217554806,-0.02201908614105842,-0.028979453123813573,-1.2795396437365936,11.769056659019844,8,15
DI_GAP5_SUPPORT,3.0,0.2,TRAIN_2012_2021,111,0.8288288288288288,0.9684210526315787,-0.005405405405405394,-0.01669058691682133,-0.022333177672529285,-0.5999999999999988,6.799999999999999,5,10
DI_GAP5_SUPPORT,3.0,0.2,OOS_2022_2026,47,0.8085106382978723,0.8444444444444446,-0.0297872340425532,-0.042132797681383574,-0.048305579500798786,-1.4000000000000004,2.6,2,5
DI_GAP5_SUPPORT,3.0,0.2,YTD_2026,6,0.8333333333333334,1.0,0.0,-0.01417152943280564,-0.02125729414920848,0.0,1.0,0,1
DI_GAP5_SUPPORT,3.0,0.2,FULL_2012_2026,158,0.8227848101265823,0.9285714285714285,-0.012658227848101262,-0.02425883948602656,-0.030059145304989213,-1.9999999999999996,6.799999999999999,7,15
DI_GAP5_SUPPORT,3.0,0.25,TRAIN_2012_2021,111,0.7477477477477478,0.8342823914994136,-0.03713220181231156,-0.04841738332372746,-0.054059974079435434,-4.121674401166583,9.228623870653891,4,10
DI_GAP5_SUPPORT,3.0,0.25,OOS_2022_2026,47,0.7872340425531915,0.925,-0.015957446808510637,-0.02830301044734106,-0.03447579226675626,-0.75,3.0,2,5
DI_GAP5_SUPPORT,3.0,0.25,YTD_2026,6,0.8333333333333334,1.25,0.041666666666666664,0.027495137233861027,0.020409372517458186,0.25,1.0,1,1
DI_GAP5_SUPPORT,3.0,0.25,FULL_2012_2026,158,0.759493670886076,0.8602970896916953,-0.03083338228586445,-0.04243399392378974,-0.048234299742752396,-4.871674401166583,9.228623870653891,6,15
DI_GAP5_SUPPORT,3.0,0.3,TRAIN_2012_2021,111,0.7117117117117117,0.9024233164704831,-0.023086660281416635,-0.03437184179283253,-0.040014432548540514,-2.5626192912372465,10.245415847409792,4,10
DI_GAP5_SUPPORT,3.0,0.3,OOS_2022_2026,47,0.7446808510638298,1.0156771567342946,0.003448284233355896,-0.008897279405474525,-0.015070061224889733,0.16206935896772712,2.4139692008393028,3,5
DI_GAP5_SUPPORT,3.0,0.3,YTD_2026,6,0.8333333333333334,1.5,0.08333333333333333,0.06916180390052766,0.062076039184124854,0.5,1.0,1,1
DI_GAP5_SUPPORT,3.0,0.3,FULL_2012_2026,158,0.7215189873417721,0.9344121895241514,-0.015193354001705826,-0.0267939656396311,-0.03259427145859377,-2.4005499322695205,10.245415847409792,7,15
DI_GAP5_SUPPORT,3.0,0.4,TRAIN_2012_2021,111,0.6756756756756757,0.9779212087695058,-0.006019477958731049,-0.017304659470146956,-0.02294725022585494,-0.6681620534191465,9.245415847409788,6,10
DI_GAP5_SUPPORT,3.0,0.4,OOS_2022_2026,47,0.6808510638297872,1.02118073950786,0.005648727387309669,-0.006696836251520737,-0.012869618070935942,0.26549018720355444,3.2,3,5
DI_GAP5_SUPPORT,3.0,0.4,YTD_2026,6,0.6666666666666666,0.8,-0.06666666666666665,-0.08083819609947229,-0.08792396081587511,-0.3999999999999999,1.2,0,1
DI_GAP5_SUPPORT,3.0,0.4,FULL_2012_2026,158,0.6772151898734177,0.9905911477090729,-0.002548556115288559,-0.014149167753213858,-0.019949473572176506,-0.40267186621559237,10.969377287602757,9,15
DI_GAP5_SUPPORT,3.0,0.5,TRAIN_2012_2021,111,0.6486486486486487,1.0640911026252966,0.01920574726649417,0.007920565755078234,0.0022779749993702882,2.131837946580853,9.48241838452452,5,10
DI_GAP5_SUPPORT,3.0,0.5,OOS_2022_2026,47,0.6382978723404256,0.9753543195249743,-0.007621550738453311,-0.019967114377283737,-0.026139896196698934,-0.3582128847073056,3.0,2,5
DI_GAP5_SUPPORT,3.0,0.5,YTD_2026,6,0.6666666666666666,1.0,0.0,-0.01417152943280564,-0.02125729414920846,0.0,1.0,0,1
DI_GAP5_SUPPORT,3.0,0.5,FULL_2012_2026,158,0.6455696202531646,1.0371073555069203,0.011225475075149038,-0.00037513656277626887,-0.006175442381738914,1.773625061873548,10.10637982471749,7,15
DI_GAP5_SUPPORT,3.0,0.6,TRAIN_2012_2021,111,0.5945945945945946,1.0359595582716836,0.012131604619474615,0.0008464231080586879,-0.004796167647649279,1.3466081127616822,9.017508872878363,4,10
DI_GAP5_SUPPORT,3.0,0.6,OOS_2022_2026,47,0.5957446808510638,0.9865602022527263,-0.004572738379276137,-0.016918302018106544,-0.023091083837521748,-0.21491870382597844,3.319624331700058,2,5
DI_GAP5_SUPPORT,3.0,0.6,YTD_2026,6,0.6666666666666666,1.2,0.06666666666666665,0.052495137233861046,0.04540937251745817,0.3999999999999999,1.0,1,1
DI_GAP5_SUPPORT,3.0,0.6,FULL_2012_2026,158,0.5949367088607594,1.021177193389936,0.007162591195795615,-0.004438020442129709,-0.01023832626109237,1.1316894089357072,9.077940591156711,6,15
DI_GAP5_SUPPORT,3.0,0.75,TRAIN_2012_2021,111,0.5675675675675675,1.0414857958053458,0.014837750095426722,0.0035525685840107884,-0.0020900221716971773,1.646990260592366,7.467508872878362,4,10
DI_GAP5_SUPPORT,3.0,0.75,OOS_2022_2026,47,0.5319148936170213,0.9536320426269433,-0.017966190847379,-0.030311754486209423,-0.036484536305624614,-0.844410969826813,4.005655130860754,2,5
DI_GAP5_SUPPORT,3.0,0.75,YTD_2026,6,0.5,1.0135716110862012,0.0050212082714820765,-0.009150321161323546,-0.016236085877726365,0.03012724962889246,1.0,1,1
DI_GAP5_SUPPORT,3.0,0.75,FULL_2012_2026,158,0.5569620253164557,1.0138587949408644,0.005079615764338935,-0.006520995873586355,-0.012321301692549011,0.8025792907655518,7.904174809755518,6,15
DI_GAP5_SUPPORT,3.0,1.0,TRAIN_2012_2021,111,0.4864864864864865,1.002132077794042,0.0008436467855806653,-0.01044153472583528,-0.016084125481543254,0.09364479319945385,12.846446344761848,6,10
DI_GAP5_SUPPORT,3.0,1.0,OOS_2022_2026,47,0.48936170212765956,0.9076833240049188,-0.0396983084616057,-0.052043872100436143,-0.058216653919851355,-1.8658204976954678,4.287297556456131,2,5
DI_GAP5_SUPPORT,3.0,1.0,YTD_2026,6,0.5,1.3514288147816016,0.13002120827148209,0.11584967883867647,0.10876391412227364,0.7801272496288925,1.0,1,1
DI_GAP5_SUPPORT,3.0,1.0,FULL_2012_2026,158,0.4873417721518987,0.9723671509359765,-0.011216301927189976,-0.022816913565115282,-0.028617219384077932,-1.772175704496016,12.846446344761848,8,15
DI_GAP10_SUPPORT,0.75,0.2,TRAIN_2012_2021,49,0.16326530612244897,0.03902439024390244,-0.8040816326530612,-0.8491117189952225,-0.8716267621663031,-39.4,39.4,0,10
DI_GAP10_SUPPORT,0.75,0.2,OOS_2022_2026,22,0.045454545454545456,0.009523809523809525,-0.9454545454545454,-0.9957914800483525,-1.0209599473452562,-20.8,20.8,0,5
DI_GAP10_SUPPORT,0.75,0.2,YTD_2026,3,0.0,0.0,-1.0,-1.0542533980617421,-1.081380097092613,-3.0,3.0,0,1
DI_GAP10_SUPPORT,0.75,0.2,FULL_2012_2026,71,0.1267605633802817,0.02903225806451613,-0.8478873239436621,-0.8945617858004178,-0.9178990167287956,-60.2,60.199999999999996,0,15
DI_GAP10_SUPPORT,0.75,0.25,TRAIN_2012_2021,49,0.16326530612244897,0.04878048780487805,-0.7959183673469388,-0.8409484536891001,-0.8634634968601805,-39.0,39.0,0,10
DI_GAP10_SUPPORT,0.75,0.25,OOS_2022_2026,22,0.045454545454545456,0.011904761904761904,-0.9431818181818182,-0.993518752775625,-1.0186872200725288,-20.75,20.75,0,5
DI_GAP10_SUPPORT,0.75,0.25,YTD_2026,3,0.0,0.0,-1.0,-1.0542533980617421,-1.081380097092613,-3.0,3.0,0,1
DI_GAP10_SUPPORT,0.75,0.25,FULL_2012_2026,71,0.1267605633802817,0.036290322580645164,-0.8415492957746479,-0.8882237576314037,-0.9115609885597816,-59.75,59.75,0,15
DI_GAP10_SUPPORT,0.75,0.3,TRAIN_2012_2021,49,0.16326530612244897,0.058536585365853655,-0.7877551020408163,-0.8327851883829775,-0.8553002315540581,-38.6,38.6,0,10
DI_GAP10_SUPPORT,0.75,0.3,OOS_2022_2026,22,0.045454545454545456,0.014285714285714285,-0.9409090909090909,-0.9912460255028979,-1.0164144927998018,-20.7,20.7,0,5
DI_GAP10_SUPPORT,0.75,0.3,YTD_2026,3,0.0,0.0,-1.0,-1.0542533980617421,-1.081380097092613,-3.0,3.0,0,1
DI_GAP10_SUPPORT,0.75,0.3,FULL_2012_2026,71,0.1267605633802817,0.04354838709677419,-0.8352112676056338,-0.8818857294623895,-0.9052229603907676,-59.3,59.300000000000004,0,15
DI_GAP10_SUPPORT,0.75,0.4,TRAIN_2012_2021,49,0.16326530612244897,0.07804878048780488,-0.7714285714285714,-0.8164586577707327,-0.8389737009418132,-37.8,37.8,0,10
DI_GAP10_SUPPORT,0.75,0.4,OOS_2022_2026,22,0.045454545454545456,0.01904761904761905,-0.9363636363636364,-0.9867005709574432,-1.0118690382543472,-20.6,20.6,0,5
DI_GAP10_SUPPORT,0.75,0.4,YTD_2026,3,0.0,0.0,-1.0,-1.0542533980617421,-1.081380097092613,-3.0,3.0,0,1
DI_GAP10_SUPPORT,0.75,0.4,FULL_2012_2026,71,0.1267605633802817,0.05806451612903226,-0.8225352112676056,-0.8692096731243614,-0.8925469040527394,-58.4,58.4,0,15
DI_GAP10_SUPPORT,0.75,0.5,TRAIN_2012_2021,49,0.14285714285714285,0.08333333333333333,-0.7857142857142857,-0.830744372056447,-0.8532594152275275,-38.5,38.5,0,10
DI_GAP10_SUPPORT,0.75,0.5,OOS_2022_2026,22,0.045454545454545456,0.023809523809523808,-0.9318181818181818,-0.9821551164119886,-1.0073235837088925,-20.5,20.5,0,5
DI_GAP10_SUPPORT,0.75,0.5,YTD_2026,3,0.0,0.0,-1.0,-1.0542533980617421,-1.081380097092613,-3.0,3.0,0,1
DI_GAP10_SUPPORT,0.75,0.5,FULL_2012_2026,71,0.11267605633802817,0.06349206349206349,-0.8309859154929577,-0.8776603773497136,-0.9009976082780915,-59.0,59.0,0,15
DI_GAP10_SUPPORT,0.75,0.6,TRAIN_2012_2021,49,0.14285714285714285,0.1,-0.7714285714285714,-0.8164586577707327,-0.8389737009418132,-37.8,37.8,0,10
DI_GAP10_SUPPORT,0.75,0.6,OOS_2022_2026,22,0.045454545454545456,0.02857142857142857,-0.9272727272727272,-0.9776096618665343,-1.0027781291634381,-20.4,20.4,0,5
DI_GAP10_SUPPORT,0.75,0.6,YTD_2026,3,0.0,0.0,-1.0,-1.0542533980617421,-1.081380097092613,-3.0,3.0,0,1
DI_GAP10_SUPPORT,0.75,0.6,FULL_2012_2026,71,0.11267605633802817,0.07619047619047618,-0.819718309859155,-0.8663927717159108,-0.8897300026442886,-58.2,58.199999999999996,0,15
DI_GAP10_SUPPORT,0.75,0.75,TRAIN_2012_2021,49,0.14285714285714285,0.125,-0.75,-0.7950300863421613,-0.8175451295132418,-36.75,36.75,0,10
DI_GAP10_SUPPORT,0.75,0.75,OOS_2022_2026,22,0.045454545454545456,0.03571428571428571,-0.9204545454545454,-0.9707914800483523,-0.9959599473452561,-20.25,20.25,0,5
DI_GAP10_SUPPORT,0.75,0.75,YTD_2026,3,0.0,0.0,-1.0,-1.0542533980617421,-1.081380097092613,-3.0,3.0,0,1
DI_GAP10_SUPPORT,0.75,0.75,FULL_2012_2026,71,0.11267605633802817,0.09523809523809523,-0.8028169014084507,-0.8494913632652066,-0.8728285941935845,-57.0,57.0,0,15
DI_GAP10_SUPPORT,0.75,1.0,TRAIN_2012_2021,49,0.10204081632653061,0.11363636363636363,-0.7959183673469388,-0.8409484536891001,-0.8634634968601805,-39.0,39.0,0,10
DI_GAP10_SUPPORT,0.75,1.0,OOS_2022_2026,22,0.045454545454545456,0.047619047619047616,-0.9090909090909091,-0.9594278436847159,-0.9845963109816197,-20.0,20.0,0,5
DI_GAP10_SUPPORT,0.75,1.0,YTD_2026,3,0.0,0.0,-1.0,-1.0542533980617421,-1.081380097092613,-3.0,3.0,0,1
DI_GAP10_SUPPORT,0.75,1.0,FULL_2012_2026,71,0.08450704225352113,0.09230769230769231,-0.8309859154929577,-0.8776603773497136,-0.9009976082780915,-59.0,59.0,0,15
DI_GAP10_SUPPORT,1.0,0.2,TRAIN_2012_2021,49,0.3469387755102041,0.10625000000000001,-0.5836734693877551,-0.617446034144376,-0.6343323165226866,-28.599999999999998,28.599999999999998,0,10
DI_GAP10_SUPPORT,1.0,0.2,OOS_2022_2026,22,0.36363636363636365,0.1142857142857143,-0.5636363636363637,-0.6013890645817189,-0.6202654150543965,-12.400000000000002,12.400000000000002,0,5
DI_GAP10_SUPPORT,1.0,0.2,YTD_2026,3,0.6666666666666666,0.4,-0.19999999999999998,-0.24069004854630657,-0.2610350728194598,-0.6,1.0,0,1
DI_GAP10_SUPPORT,1.0,0.2,FULL_2012_2026,71,0.352112676056338,0.10869565217391307,-0.5774647887323942,-0.6124706351249611,-0.6299735583212446,-40.999999999999986,40.999999999999986,0,15
DI_GAP10_SUPPORT,1.0,0.25,TRAIN_2012_2021,49,0.3469387755102041,0.1328125,-0.5663265306122449,-0.6000990953688657,-0.6169853777471763,-27.75,27.75,0,10
DI_GAP10_SUPPORT,1.0,0.25,OOS_2022_2026,22,0.3181818181818182,0.11666666666666667,-0.6022727272727273,-0.6400254282180826,-0.6589017786907602,-13.25,13.25,0,5
DI_GAP10_SUPPORT,1.0,0.25,YTD_2026,3,0.6666666666666666,0.5,-0.16666666666666666,-0.20735671521297325,-0.2277017394861265,-0.5,1.0,0,1
DI_GAP10_SUPPORT,1.0,0.25,FULL_2012_2026,71,0.3380281690140845,0.1276595744680851,-0.5774647887323944,-0.6124706351249612,-0.6299735583212446,-41.0,41.0,0,15
DI_GAP10_SUPPORT,1.0,0.3,TRAIN_2012_2021,49,0.3469387755102041,0.159375,-0.5489795918367347,-0.5827521565933557,-0.5996384389716661,-26.900000000000002,26.9,1,10
DI_GAP10_SUPPORT,1.0,0.3,OOS_2022_2026,22,0.3181818181818182,0.14,-0.5863636363636363,-0.6241163373089917,-0.6429926877816693,-12.899999999999999,12.899999999999999,0,5
DI_GAP10_SUPPORT,1.0,0.3,YTD_2026,3,0.6666666666666666,0.6,-0.13333333333333333,-0.17402338187963992,-0.19436840615279316,-0.4,1.0,0,1
DI_GAP10_SUPPORT,1.0,0.3,FULL_2012_2026,71,0.3380281690140845,0.1531914893617021,-0.5605633802816903,-0.595569226674257,-0.6130721498705404,-39.80000000000001,39.800000000000004,1,15
DI_GAP10_SUPPORT,1.0,0.4,TRAIN_2012_2021,49,0.32653061224489793,0.19393939393939394,-0.5428571428571429,-0.5766297076137638,-0.5935159899920742,-26.6,26.6,1,10
DI_GAP10_SUPPORT,1.0,0.4,OOS_2022_2026,22,0.3181818181818182,0.18666666666666665,-0.5545454545454545,-0.5922981554908099,-0.6111745059634874,-12.199999999999998,12.2,0,5
DI_GAP10_SUPPORT,1.0,0.4,YTD_2026,3,0.6666666666666666,0.8,-0.06666666666666665,-0.10735671521297323,-0.12770173948612648,-0.19999999999999996,1.0,0,1
DI_GAP10_SUPPORT,1.0,0.4,FULL_2012_2026,71,0.323943661971831,0.19166666666666674,-0.5464788732394367,-0.5814847196320035,-0.5989876428282868,-38.800000000000004,38.80000000000001,1,15
DI_GAP10_SUPPORT,1.0,0.5,TRAIN_2012_2021,49,0.32653061224489793,0.24242424242424243,-0.5102040816326531,-0.5439766463892739,-0.5608629287675845,-25.0,25.0,1,10
DI_GAP10_SUPPORT,1.0,0.5,OOS_2022_2026,22,0.3181818181818182,0.23333333333333334,-0.5227272727272727,-0.560479973672628,-0.5793563241453057,-11.5,11.5,0,5
DI_GAP10_SUPPORT,1.0,0.5,YTD_2026,3,0.6666666666666666,1.0,0.0,-0.04069004854630657,-0.06103507281945982,0.0,1.0,0,1
DI_GAP10_SUPPORT,1.0,0.5,FULL_2012_2026,71,0.323943661971831,0.23958333333333334,-0.5140845070422535,-0.5490903534348204,-0.5665932766311037,-36.5,36.5,1,15
DI_GAP10_SUPPORT,1.0,0.6,TRAIN_2012_2021,49,0.2857142857142857,0.23999999999999996,-0.5428571428571429,-0.5766297076137639,-0.5935159899920743,-26.6,26.6,1,10
DI_GAP10_SUPPORT,1.0,0.6,OOS_2022_2026,22,0.2727272727272727,0.225,-0.5636363636363637,-0.601389064581719,-0.6202654150543966,-12.400000000000002,12.6,1,5
DI_GAP10_SUPPORT,1.0,0.6,YTD_2026,3,0.6666666666666666,1.2,0.06666666666666665,0.02597661812036008,0.005631593847206832,0.19999999999999996,1.0,1,1
DI_GAP10_SUPPORT,1.0,0.6,FULL_2012_2026,71,0.28169014084507044,0.2352941176470588,-0.5492957746478874,-0.5843016210404542,-0.6018045442367376,-39.0,39.199999999999996,2,15
DI_GAP10_SUPPORT,1.0,0.75,TRAIN_2012_2021,49,0.22448979591836735,0.21710526315789475,-0.6071428571428571,-0.6409154218994781,-0.6578017042777884,-29.75,29.75,1,10
DI_GAP10_SUPPORT,1.0,0.75,OOS_2022_2026,22,0.22727272727272727,0.22058823529411764,-0.6022727272727273,-0.6400254282180826,-0.6589017786907602,-13.25,13.75,1,5
DI_GAP10_SUPPORT,1.0,0.75,YTD_2026,3,0.6666666666666666,1.5,0.16666666666666666,0.1259766181203601,0.10563159384720684,0.5,1.0,1,1
DI_GAP10_SUPPORT,1.0,0.75,FULL_2012_2026,71,0.22535211267605634,0.21818181818181817,-0.6056338028169014,-0.6406396492094683,-0.6581425724057516,-43.0,43.5,2,15
DI_GAP10_SUPPORT,1.0,1.0,TRAIN_2012_2021,49,0.22448979591836735,0.2894736842105263,-0.5510204081632653,-0.5847929729198863,-0.6016792552981968,-27.0,28.0,2,10
DI_GAP10_SUPPORT,1.0,1.0,OOS_2022_2026,22,0.13636363636363635,0.15789473684210525,-0.7272727272727273,-0.7650254282180825,-0.78390177869076,-16.0,16.0,0,5
DI_GAP10_SUPPORT,1.0,1.0,YTD_2026,3,0.3333333333333333,0.5,-0.3333333333333333,-0.3740233818796399,-0.39436840615279306,-1.0,1.0,0,1
DI_GAP10_SUPPORT,1.0,1.0,FULL_2012_2026,71,0.19718309859154928,0.24561403508771928,-0.6056338028169014,-0.6406396492094683,-0.6581425724057516,-43.0,44.0,2,15
DI_GAP10_SUPPORT,1.25,0.2,TRAIN_2012_2021,49,0.5918367346938775,0.2900000000000001,-0.28979591836734697,-0.31681397017264373,-0.33032299607529203,-14.200000000000001,16.0,2,10
DI_GAP10_SUPPORT,1.25,0.2,OOS_2022_2026,22,0.45454545454545453,0.16666666666666666,-0.4545454545454547,-0.48474761530173877,-0.4998486956798809,-10.000000000000004,10.000000000000002,0,5
DI_GAP10_SUPPORT,1.25,0.2,YTD_2026,3,0.6666666666666666,0.4,-0.19999999999999998,-0.2325520388370452,-0.24882805825556786,-0.6,1.0,0,1
DI_GAP10_SUPPORT,1.25,0.2,FULL_2012_2026,71,0.5492957746478874,0.24375000000000005,-0.3408450704225352,-0.3688497475365886,-0.3828520860936154,-24.2,25.60000000000001,2,15
DI_GAP10_SUPPORT,1.25,0.25,TRAIN_2012_2021,49,0.5714285714285714,0.3333333333333333,-0.2857142857142857,-0.3127323375195825,-0.3262413634222308,-14.0,15.5,2,10
DI_GAP10_SUPPORT,1.25,0.25,OOS_2022_2026,22,0.45454545454545453,0.20833333333333334,-0.4318181818181818,-0.4620203425744661,-0.4771214229526082,-9.5,9.5,0,5
DI_GAP10_SUPPORT,1.25,0.25,YTD_2026,3,0.6666666666666666,0.5,-0.16666666666666666,-0.19921870550371187,-0.21549472492223454,-0.5,1.0,0,1
DI_GAP10_SUPPORT,1.25,0.25,FULL_2012_2026,71,0.5352112676056338,0.2878787878787879,-0.33098591549295775,-0.35899059260701116,-0.372992931164038,-23.5,24.5,2,15
DI_GAP10_SUPPORT,1.25,0.3,TRAIN_2012_2021,49,0.5510204081632653,0.36818181818181817,-0.28367346938775506,-0.3106915211930518,-0.3242005470957002,-13.899999999999997,15.0,2,10
DI_GAP10_SUPPORT,1.25,0.3,OOS_2022_2026,22,0.45454545454545453,0.24999999999999997,-0.4090909090909091,-0.43929306984719324,-0.4543941502253354,-9.0,9.0,0,5
DI_GAP10_SUPPORT,1.25,0.3,YTD_2026,3,0.6666666666666666,0.6,-0.13333333333333333,-0.16588537217037855,-0.1821613915889012,-0.4,1.0,0,1
DI_GAP10_SUPPORT,1.25,0.3,FULL_2012_2026,71,0.5211267605633803,0.32647058823529423,-0.32253521126760554,-0.35053988838165917,-0.3645422269386857,-22.899999999999995,23.39999999999999,2,15
DI_GAP10_SUPPORT,1.25,0.4,TRAIN_2012_2021,49,0.5306122448979592,0.45217391304347837,-0.2571428571428571,-0.2841609089481539,-0.29766993485080223,-12.6,15.399999999999999,2,10
DI_GAP10_SUPPORT,1.25,0.4,OOS_2022_2026,22,0.4090909090909091,0.27692307692307694,-0.4272727272727272,-0.45747488802901143,-0.4725759684071536,-9.399999999999999,9.399999999999999,0,5
DI_GAP10_SUPPORT,1.25,0.4,YTD_2026,3,0.6666666666666666,0.8,-0.06666666666666665,-0.09921870550371185,-0.11549472492223452,-0.19999999999999996,1.0,0,1
DI_GAP10_SUPPORT,1.25,0.4,FULL_2012_2026,71,0.49295774647887325,0.38888888888888895,-0.30985915492957755,-0.3378638320436309,-0.3518661706006576,-22.000000000000007,24.0,2,15
DI_GAP10_SUPPORT,1.25,0.5,TRAIN_2012_2021,49,0.4897959183673469,0.48,-0.2653061224489796,-0.2923241742542763,-0.3058332001569247,-13.0,16.0,2,10
DI_GAP10_SUPPORT,1.25,0.5,OOS_2022_2026,22,0.36363636363636365,0.2857142857142857,-0.45454545454545453,-0.4847476153017389,-0.49984869567988083,-10.0,10.0,0,5
DI_GAP10_SUPPORT,1.25,0.5,YTD_2026,3,0.6666666666666666,1.0,0.0,-0.032552038837045195,-0.04882805825556787,0.0,1.0,0,1
DI_GAP10_SUPPORT,1.25,0.5,FULL_2012_2026,71,0.4507042253521127,0.41025641025641024,-0.323943661971831,-0.35194833908588435,-0.3659506776429112,-23.0,25.0,2,15
DI_GAP10_SUPPORT,1.25,0.6,TRAIN_2012_2021,49,0.40816326530612246,0.4137931034482758,-0.3469387755102041,-0.37395682731550084,-0.3874658532181492,-17.0,19.400000000000002,2,10
DI_GAP10_SUPPORT,1.25,0.6,OOS_2022_2026,22,0.3181818181818182,0.28,-0.49090909090909096,-0.5211112516653752,-0.5362123320435171,-10.8,11.0,1,5
DI_GAP10_SUPPORT,1.25,0.6,YTD_2026,3,0.6666666666666666,1.2,0.06666666666666665,0.034114627829621456,0.017838608411098782,0.19999999999999996,1.0,1,1
DI_GAP10_SUPPORT,1.25,0.6,FULL_2012_2026,71,0.38028169014084506,0.36818181818181817,-0.39154929577464787,-0.4195539728887013,-0.4335563114457281,-27.799999999999997,29.799999999999994,3,15
DI_GAP10_SUPPORT,1.25,0.75,TRAIN_2012_2021,49,0.40816326530612246,0.5172413793103449,-0.2857142857142857,-0.3127323375195824,-0.3262413634222308,-14.0,18.5,2,10
DI_GAP10_SUPPORT,1.25,0.75,OOS_2022_2026,22,0.2727272727272727,0.28125,-0.5227272727272727,-0.552929433483557,-0.568030513861699,-11.5,12.0,1,5
DI_GAP10_SUPPORT,1.25,0.75,YTD_2026,3,0.6666666666666666,1.5,0.16666666666666666,0.13411462782962147,0.11783860841109879,0.5,1.0,1,1
DI_GAP10_SUPPORT,1.25,0.75,FULL_2012_2026,71,0.36619718309859156,0.43333333333333335,-0.3591549295774648,-0.38715960669151817,-0.4011619452485449,-25.5,29.75,3,15
DI_GAP10_SUPPORT,1.25,1.0,TRAIN_2012_2021,49,0.3673469387755102,0.5558038152338899,-0.28102207607651863,-0.30804012788181534,-0.32154915378446375,-13.770081727749414,19.0,2,10
DI_GAP10_SUPPORT,1.25,1.0,OOS_2022_2026,22,0.18181818181818182,0.2222222222222222,-0.6363636363636364,-0.6665657971199207,-0.6816668774980627,-14.0,14.0,0,5
DI_GAP10_SUPPORT,1.25,1.0,YTD_2026,3,0.3333333333333333,0.5,-0.3333333333333333,-0.36588537217037853,-0.3821613915889011,-1.0,1.0,0,1
DI_GAP10_SUPPORT,1.25,1.0,FULL_2012_2026,71,0.30985915492957744,0.4332636382091956,-0.39112791165844246,-0.4191325887724958,-0.4331349273295227,-27.770081727749414,32.0,2,15
DI_GAP10_SUPPORT,1.5,0.2,TRAIN_2012_2021,49,0.6530612244897959,0.3764705882352941,-0.21632653061224494,-0.23884157378332552,-0.2500990953688658,-10.600000000000001,12.799999999999999,2,10
DI_GAP10_SUPPORT,1.5,0.2,OOS_2022_2026,22,0.5454545454545454,0.24000000000000005,-0.34545454545454546,-0.370623012751449,-0.3832072463999008,-7.6,7.599999999999999,1,5
DI_GAP10_SUPPORT,1.5,0.2,YTD_2026,3,0.6666666666666666,0.4,-0.19999999999999998,-0.227126699030871,-0.24069004854630657,-0.6,1.0,0,1
DI_GAP10_SUPPORT,1.5,0.2,FULL_2012_2026,71,0.6197183098591549,0.32592592592592584,-0.25633802816901413,-0.279675259097392,-0.29134387456158084,-18.200000000000003,19.60000000000001,3,15
DI_GAP10_SUPPORT,1.5,0.25,TRAIN_2012_2021,49,0.6122448979591837,0.39473684210526316,-0.23469387755102042,-0.25720892072210105,-0.26846644230764133,-11.5,12.5,2,10
DI_GAP10_SUPPORT,1.5,0.25,OOS_2022_2026,22,0.5454545454545454,0.3,-0.3181818181818182,-0.34335028547872176,-0.35593451912717344,-7.0,7.25,1,5
DI_GAP10_SUPPORT,1.5,0.25,YTD_2026,3,0.6666666666666666,0.5,-0.16666666666666666,-0.1937933656975377,-0.20735671521297325,-0.5,1.0,0,1
DI_GAP10_SUPPORT,1.5,0.25,FULL_2012_2026,71,0.5915492957746479,0.3620689655172414,-0.2605633802816901,-0.28390061121006804,-0.29556922667425695,-18.5,18.5,3,15
DI_GAP10_SUPPORT,1.5,0.3,TRAIN_2012_2021,49,0.6122448979591837,0.4736842105263159,-0.2040816326530612,-0.22659667582414186,-0.2378541974096822,-9.999999999999998,11.700000000000001,3,10
DI_GAP10_SUPPORT,1.5,0.3,OOS_2022_2026,22,0.5454545454545454,0.35999999999999993,-0.29090909090909095,-0.3160775582059945,-0.3286617918544463,-6.4,7.1000000000000005,1,5
DI_GAP10_SUPPORT,1.5,0.3,YTD_2026,3,0.6666666666666666,0.6,-0.13333333333333333,-0.16046003236420434,-0.17402338187963992,-0.4,1.0,0,1
DI_GAP10_SUPPORT,1.5,0.3,FULL_2012_2026,71,0.5915492957746479,0.4344827586206897,-0.23098591549295772,-0.25432314642133563,-0.26599176188552454,-16.4,17.099999999999994,4,15
DI_GAP10_SUPPORT,1.5,0.4,TRAIN_2012_2021,49,0.5510204081632653,0.490909090909091,-0.22857142857142856,-0.25108647174250914,-0.2623439933280495,-11.2,13.399999999999999,3,10
DI_GAP10_SUPPORT,1.5,0.4,OOS_2022_2026,22,0.45454545454545453,0.3333333333333333,-0.36363636363636354,-0.3888048309332671,-0.40138906458171897,-7.999999999999998,8.2,1,5
DI_GAP10_SUPPORT,1.5,0.4,YTD_2026,3,0.6666666666666666,0.8,-0.06666666666666665,-0.09379336569753764,-0.10735671521297323,-0.19999999999999996,1.0,0,1
DI_GAP10_SUPPORT,1.5,0.4,FULL_2012_2026,71,0.5211267605633803,0.4352941176470589,-0.27042253521126763,-0.29375976613964544,-0.3054283816038344,-19.200000000000003,19.999999999999996,4,15
DI_GAP10_SUPPORT,1.5,0.5,TRAIN_2012_2021,49,0.46938775510204084,0.4586423256258913,-0.2770205117189686,-0.29953555489004924,-0.3107930764755895,-13.574005074229461,16.07400507422946,3,10
DI_GAP10_SUPPORT,1.5,0.5,OOS_2022_2026,22,0.4090909090909091,0.34615384615384615,-0.38636363636363635,-0.41153210366053977,-0.4241163373089917,-8.5,9.0,1,5
DI_GAP10_SUPPORT,1.5,0.5,YTD_2026,3,0.6666666666666666,1.0,0.0,-0.027126699030870987,-0.04069004854630657,0.0,1.0,0,1
DI_GAP10_SUPPORT,1.5,0.5,FULL_2012_2026,71,0.4507042253521127,0.4202342246056395,-0.3109014799187248,-0.3342387108471027,-0.3459073263112916,-22.07400507422946,23.07400507422946,4,15
DI_GAP10_SUPPORT,1.5,0.6,TRAIN_2012_2021,49,0.46938775510204084,0.5503707907510694,-0.23008173620876454,-0.25259677937984515,-0.2638543009653855,-11.274005074229462,15.474005074229463,3,10
DI_GAP10_SUPPORT,1.5,0.6,OOS_2022_2026,22,0.36363636363636365,0.34285714285714286,-0.4181818181818182,-0.44335028547872174,-0.4559345191271735,-9.200000000000001,10.0,2,5
DI_GAP10_SUPPORT,1.5,0.6,YTD_2026,3,0.6666666666666666,1.2,0.06666666666666665,0.03953996763579563,0.02597661812036008,0.19999999999999996,1.0,1,1
DI_GAP10_SUPPORT,1.5,0.6,FULL_2012_2026,71,0.43661971830985913,0.4760197979363854,-0.2883662686511191,-0.31170349957949706,-0.323372115043686,-20.474005074229456,23.074005074229465,5,15
DI_GAP10_SUPPORT,1.5,0.75,TRAIN_2012_2021,49,0.40816326530612246,0.5343021047527434,-0.26681643008631556,-0.28933147325739617,-0.30058899484293644,-13.074005074229461,16.57400507422946,3,10
DI_GAP10_SUPPORT,1.5,0.75,OOS_2022_2026,22,0.3181818181818182,0.35,-0.4431818181818182,-0.4683502854787216,-0.4809345191271735,-9.75,9.75,1,5
DI_GAP10_SUPPORT,1.5,0.75,YTD_2026,3,0.3333333333333333,0.375,-0.4166666666666667,-0.4437933656975377,-0.4573567152129732,-1.25,1.25,0,1
DI_GAP10_SUPPORT,1.5,0.75,FULL_2012_2026,71,0.38028169014084506,0.4701211314133237,-0.3214648602004149,-0.34480209112879284,-0.3564707065929818,-22.82400507422946,24.82400507422946,4,15
DI_GAP10_SUPPORT,1.5,1.0,TRAIN_2012_2021,49,0.3673469387755102,0.5716431355842384,-0.26290625538817636,-0.2854212985592569,-0.29667882014479724,-12.88240651402064,19.07400507422946,2,10
DI_GAP10_SUPPORT,1.5,1.0,OOS_2022_2026,22,0.2727272727272727,0.375,-0.45454545454545453,-0.47971392184235795,-0.49229815549080985,-10.0,10.0,1,5
DI_GAP10_SUPPORT,1.5,1.0,YTD_2026,3,0.3333333333333333,0.5,-0.3333333333333333,-0.3604600323642044,-0.3740233818796399,-1.0,1.0,0,1
DI_GAP10_SUPPORT,1.5,1.0,FULL_2012_2026,71,0.3380281690140845,0.5033553849474346,-0.32228741569043157,-0.3456246466188094,-0.3572932620829984,-22.88240651402064,27.07400507422946,3,15
DI_GAP10_SUPPORT,1.75,0.2,TRAIN_2012_2021,49,0.7142857142857143,0.5000000000000001,-0.14285714285714288,-0.1621557512894977,-0.17180505550567504,-7.000000000000001,8.399999999999999,2,10
DI_GAP10_SUPPORT,1.75,0.2,OOS_2022_2026,22,0.5909090909090909,0.288888888888889,-0.2909090909090909,-0.31248206287786534,-0.32326854886225254,-6.3999999999999995,6.8,1,5
DI_GAP10_SUPPORT,1.75,0.2,YTD_2026,3,0.6666666666666666,0.4,-0.19999999999999998,-0.22325145631217513,-0.23487718446826275,-0.6,1.0,0,1
DI_GAP10_SUPPORT,1.75,0.2,FULL_2012_2026,71,0.676056338028169,0.41739130434782606,-0.1887323943661972,-0.20873573516194963,-0.21873740555982588,-13.400000000000002,14.0,3,15
DI_GAP10_SUPPORT,1.75,0.25,TRAIN_2012_2021,49,0.6938775510204082,0.5666666666666667,-0.1326530612244898,-0.15195166965684465,-0.16160097387302202,-6.5,7.75,2,10
DI_GAP10_SUPPORT,1.75,0.25,OOS_2022_2026,22,0.5909090909090909,0.3611111111111111,-0.26136363636363635,-0.2829366083324108,-0.29372309431679805,-5.75,6.5,1,5
DI_GAP10_SUPPORT,1.75,0.25,YTD_2026,3,0.6666666666666666,0.5,-0.16666666666666666,-0.1899181229788418,-0.20154385113492937,-0.5,1.0,0,1
DI_GAP10_SUPPORT,1.75,0.25,FULL_2012_2026,71,0.6619718309859155,0.4895833333333333,-0.17253521126760563,-0.1925385520633581,-0.20254022246123432,-12.25,12.5,3,15
DI_GAP10_SUPPORT,1.75,0.3,TRAIN_2012_2021,49,0.6530612244897959,0.5647058823529412,-0.15102040816326529,-0.17031901659562013,-0.17996832081179753,-7.399999999999999,9.700000000000003,4,10
DI_GAP10_SUPPORT,1.75,0.3,OOS_2022_2026,22,0.5454545454545454,0.35999999999999993,-0.29090909090909095,-0.3124820628778653,-0.3232685488622526,-6.4,6.6,1,5
DI_GAP10_SUPPORT,1.75,0.3,YTD_2026,3,0.6666666666666666,0.6,-0.13333333333333333,-0.15658478964550848,-0.1682105178015961,-0.4,1.0,0,1
DI_GAP10_SUPPORT,1.75,0.3,FULL_2012_2026,71,0.6197183098591549,0.488888888888889,-0.19436619718309855,-0.21436953797885105,-0.22437120837672725,-13.799999999999997,15.099999999999998,5,15
DI_GAP10_SUPPORT,1.75,0.4,TRAIN_2012_2021,49,0.5714285714285714,0.5594004082447195,-0.18002932538339533,-0.1993279338157502,-0.20897723803192755,-8.821436943786372,10.42143694378637,4,10
DI_GAP10_SUPPORT,1.75,0.4,OOS_2022_2026,22,0.5,0.4,-0.2999999999999999,-0.3215729719687745,-0.3323594579531617,-6.599999999999998,7.199999999999999,1,5
DI_GAP10_SUPPORT,1.75,0.4,YTD_2026,3,0.6666666666666666,0.8,-0.06666666666666665,-0.08991812297884179,-0.10154385113492936,-0.19999999999999996,1.0,0,1
DI_GAP10_SUPPORT,1.75,0.4,FULL_2012_2026,71,0.5492957746478874,0.5028780590747167,-0.2172033372364277,-0.2372066780321802,-0.2472083484300564,-15.421436943786368,16.021436943786366,5,15
DI_GAP10_SUPPORT,1.75,0.5,TRAIN_2012_2021,49,0.5306122448979592,0.5903338657320505,-0.1841109580364566,-0.20340956646881142,-0.2130588706849888,-9.021436943786373,11.563432920768111,4,10
DI_GAP10_SUPPORT,1.75,0.5,OOS_2022_2026,22,0.5,0.5,-0.25,-0.2715729719687745,-0.2823594579531617,-5.5,7.0,1,5
DI_GAP10_SUPPORT,1.75,0.5,YTD_2026,3,0.6666666666666666,1.0,0.0,-0.02325145631217514,-0.03487718446826271,0.0,1.0,0,1
DI_GAP10_SUPPORT,1.75,0.5,FULL_2012_2026,71,0.5211267605633803,0.560242124880672,-0.2045272808983996,-0.2245306216941521,-0.2345322920920283,-14.521436943786373,16.06343292076811,5,15
DI_GAP10_SUPPORT,1.75,0.6,TRAIN_2012_2021,49,0.46938775510204084,0.5515270778014602,-0.22900891722013006,-0.2483075256524849,-0.2579568298686623,-11.221436943786372,14.26343292076811,3,10
DI_GAP10_SUPPORT,1.75,0.6,OOS_2022_2026,22,0.4090909090909091,0.41538461538461535,-0.3454545454545455,-0.3670275174233199,-0.3778140034077071,-7.600000000000001,8.600000000000001,1,5
DI_GAP10_SUPPORT,1.75,0.6,YTD_2026,3,0.3333333333333333,0.3,-0.4666666666666666,-0.4899181229788418,-0.5015438511349294,-1.4,1.4,0,1
DI_GAP10_SUPPORT,1.75,0.6,FULL_2012_2026,71,0.4507042253521127,0.5049782844448163,-0.2650906611800897,-0.2850940019758423,-0.2950956723737185,-18.82143694378637,20.663432920768113,4,15
DI_GAP10_SUPPORT,1.75,0.75,TRAIN_2012_2021,49,0.4489795918367347,0.6115814192621667,-0.20626958380539848,-0.22556819223775332,-0.23521749645393067,-10.107209606464526,13.25,3,10
DI_GAP10_SUPPORT,1.75,0.75,OOS_2022_2026,22,0.36363636363636365,0.37851025323269993,-0.3954934752155546,-0.41706644718432906,-0.42785293316871625,-8.700856454742201,9.75,1,5
DI_GAP10_SUPPORT,1.75,0.75,YTD_2026,3,0.3333333333333333,0.375,-0.4166666666666667,-0.4399181229788418,-0.4515438511349294,-1.25,1.25,0,1
DI_GAP10_SUPPORT,1.75,0.75,FULL_2012_2026,71,0.4225352112676056,0.5300502056529278,-0.26490233889023557,-0.2849056796859881,-0.2949073500838642,-18.808066061206727,20.450856454742198,4,15
DI_GAP10_SUPPORT,1.75,1.0,TRAIN_2012_2021,49,0.3673469387755102,0.5819225950951938,-0.2516631650391671,-0.27096177347152195,-0.28061107768769933,-12.331495086919187,15.537718401222774,3,10
DI_GAP10_SUPPORT,1.75,1.0,OOS_2022_2026,22,0.36363636363636365,0.5035102532326999,-0.3159480206701,-0.3375209926388745,-0.3483074786232617,-6.950856454742201,9.0,1,5
DI_GAP10_SUPPORT,1.75,1.0,YTD_2026,3,0.3333333333333333,0.5,-0.3333333333333333,-0.3565847896455085,-0.368210517801596,-1.0,1.0,0,1
DI_GAP10_SUPPORT,1.75,1.0,FULL_2012_2026,71,0.36619718309859156,0.5566839572501283,-0.2715824160797379,-0.2915857568754904,-0.30158742727336657,-19.282351541661388,20.488574855964977,4,15
DI_GAP10_SUPPORT,2.0,0.2,TRAIN_2012_2021,49,0.7755102040816326,0.690909090909091,-0.06938775510204083,-0.08627403748035127,-0.09471717866950653,-3.4000000000000004,5.6,3,10
DI_GAP10_SUPPORT,2.0,0.2,OOS_2022_2026,22,0.7272727272727273,0.5333333333333333,-0.12727272727272723,-0.14614907774540487,-0.1555872529817437,-2.7999999999999994,3.5999999999999996,1,5
DI_GAP10_SUPPORT,2.0,0.2,YTD_2026,3,0.6666666666666666,0.4,-0.19999999999999998,-0.22034502427315325,-0.23051753640972986,-0.6,1.0,0,1
DI_GAP10_SUPPORT,2.0,0.2,FULL_2012_2026,71,0.7605633802816901,0.6352941176470586,-0.08732394366197183,-0.10482686685825521,-0.1135783284563969,-6.199999999999999,7.599999999999998,4,15
DI_GAP10_SUPPORT,2.0,0.25,TRAIN_2012_2021,49,0.7551020408163265,0.7708333333333334,-0.05612244897959184,-0.07300873135790231,-0.08145187254705755,-2.75,6.25,3,10
DI_GAP10_SUPPORT,2.0,0.25,OOS_2022_2026,22,0.6818181818181818,0.5357142857142857,-0.14772727272727273,-0.16660362319995034,-0.1760417984362892,-3.25,3.5,1,5
DI_GAP10_SUPPORT,2.0,0.25,YTD_2026,3,0.6666666666666666,0.5,-0.16666666666666666,-0.18701169093981992,-0.19718420307639653,-0.5,1.0,0,1
DI_GAP10_SUPPORT,2.0,0.25,FULL_2012_2026,71,0.7323943661971831,0.6842105263157895,-0.08450704225352113,-0.10200996544980452,-0.11076142704794625,-6.0,8.75,4,15
DI_GAP10_SUPPORT,2.0,0.3,TRAIN_2012_2021,49,0.7142857142857143,0.7500000000000001,-0.07142857142857141,-0.08831485380688193,-0.09675799499603716,-3.499999999999999,7.0,6,10
DI_GAP10_SUPPORT,2.0,0.3,OOS_2022_2026,22,0.6818181818181818,0.6428571428571427,-0.11363636363636366,-0.1325127141090413,-0.1419508893453801,-2.5000000000000004,3.4000000000000004,1,5
DI_GAP10_SUPPORT,2.0,0.3,YTD_2026,3,0.6666666666666666,0.6,-0.13333333333333333,-0.1536783576064866,-0.1638508697430632,-0.4,1.0,0,1
DI_GAP10_SUPPORT,2.0,0.3,FULL_2012_2026,71,0.704225352112676,0.7142857142857144,-0.08450704225352114,-0.10200996544980453,-0.11076142704794623,-6.000000000000001,8.800000000000002,7,15
DI_GAP10_SUPPORT,2.0,0.4,TRAIN_2012_2021,49,0.6122448979591837,0.670624943744437,-0.12028076175128723,-0.1371670441295977,-0.14561018531875294,-5.893757325813074,8.799999999999997,4,10
DI_GAP10_SUPPORT,2.0,0.4,OOS_2022_2026,22,0.6363636363636364,0.7000000000000002,-0.10909090909090911,-0.12796725956358673,-0.1374054347999255,-2.4000000000000004,3.4000000000000004,1,5
DI_GAP10_SUPPORT,2.0,0.4,YTD_2026,3,0.6666666666666666,0.8,-0.06666666666666665,-0.0870116909398199,-0.09718420307639652,-0.19999999999999996,1.0,0,1
DI_GAP10_SUPPORT,2.0,0.4,FULL_2012_2026,71,0.6197183098591549,0.6797005076762203,-0.11681348346215595,-0.13431640665843939,-0.14306786825658108,-8.293757325813072,10.599999999999993,5,15
DI_GAP10_SUPPORT,2.0,0.5,TRAIN_2012_2021,49,0.5918367346938775,0.7674492558549894,-0.08966851685332806,-0.10655479923163853,-0.11499794042079377,-4.393757325813075,9.0,3,10
DI_GAP10_SUPPORT,2.0,0.5,OOS_2022_2026,22,0.5454545454545454,0.6,-0.18181818181818182,-0.20069453229085943,-0.2101327075271983,-4.0,4.5,1,5
DI_GAP10_SUPPORT,2.0,0.5,YTD_2026,3,0.3333333333333333,0.25,-0.5,-0.5203450242731532,-0.5305175364097299,-1.5,1.5,0,1
DI_GAP10_SUPPORT,2.0,0.5,FULL_2012_2026,71,0.5774647887323944,0.7094958183817004,-0.11822193416638137,-0.13572485736266474,-0.14447631896080645,-8.393757325813077,11.5,4,15
DI_GAP10_SUPPORT,2.0,0.6,TRAIN_2012_2021,49,0.5306122448979592,0.6916902701895741,-0.13775629399298894,-0.15464257637129944,-0.16308571756045465,-6.750058405656459,10.799999999999999,4,10
DI_GAP10_SUPPORT,2.0,0.6,OOS_2022_2026,22,0.5454545454545454,0.7199999999999999,-0.12727272727272726,-0.14614907774540495,-0.15558725298174372,-2.8,4.0,1,5
DI_GAP10_SUPPORT,2.0,0.6,YTD_2026,3,0.3333333333333333,0.3,-0.4666666666666666,-0.4870116909398199,-0.4971842030763966,-1.4,1.4,0,1
DI_GAP10_SUPPORT,2.0,0.6,FULL_2012_2026,71,0.5352112676056338,0.7005665306819416,-0.13450786486840083,-0.15201078806468424,-0.16076224966282596,-9.55005840565646,12.400000000000004,5,15
DI_GAP10_SUPPORT,2.0,0.75,TRAIN_2012_2021,49,0.4897959183673469,0.727959972262953,-0.13265425317666243,-0.1495405355549729,-0.15798367674412814,-6.500058405656459,11.805503805672096,4,10
DI_GAP10_SUPPORT,2.0,0.75,OOS_2022_2026,22,0.45454545454545453,0.566083383508381,-0.23668179081361032,-0.25555814128628784,-0.26499631652262673,-5.206999397899427,6.75,2,5
DI_GAP10_SUPPORT,2.0,0.75,YTD_2026,3,0.3333333333333333,0.375,-0.4166666666666667,-0.4370116909398199,-0.4471842030763966,-1.25,1.25,0,1
DI_GAP10_SUPPORT,2.0,0.75,FULL_2012_2026,71,0.4788732394366197,0.6738413953911498,-0.16488813807825192,-0.18239106127453536,-0.19114252287267702,-11.707057803555886,15.512503203571523,6,15
DI_GAP10_SUPPORT,2.0,1.0,TRAIN_2012_2021,49,0.42857142857142855,0.7656651672045793,-0.1258175143072304,-0.1427037966855409,-0.15114693787469613,-6.165058201054289,10.055503805672098,3,10
DI_GAP10_SUPPORT,2.0,1.0,OOS_2022_2026,22,0.36363636363636365,0.5030714715786124,-0.3162272453590648,-0.3351035958317424,-0.3445417710680813,-6.956999397899426,8.0,1,5
DI_GAP10_SUPPORT,2.0,1.0,YTD_2026,3,0.3333333333333333,0.5,-0.3333333333333333,-0.3536783576064866,-0.3638508697430633,-1.0,1.0,0,1
DI_GAP10_SUPPORT,2.0,1.0,FULL_2012_2026,71,0.4084507042253521,0.674461369287699,-0.18481771266131997,-0.20232063585760338,-0.21107209745574504,-13.122057598953717,15.012503203571525,4,15
DI_GAP10_SUPPORT,2.25,0.2,TRAIN_2012_2021,49,0.8367346938775511,1.025,0.004081632653061228,-0.010928396127659196,-0.018433410518019385,0.20000000000000018,3.0,4,10
DI_GAP10_SUPPORT,2.25,0.2,OOS_2022_2026,22,0.7727272727272727,0.68,-0.07272727272727274,-0.08950625092520839,-0.09789574002417628,-1.6000000000000003,2.8,1,5
DI_GAP10_SUPPORT,2.25,0.2,YTD_2026,3,0.6666666666666666,0.4,-0.19999999999999998,-0.21808446602058065,-0.227126699030871,-0.6,1.0,0,1
DI_GAP10_SUPPORT,2.25,0.2,FULL_2012_2026,71,0.8169014084507042,0.8923076923076921,-0.019718309859154928,-0.03527646381140684,-0.043055540787532785,-1.4,3.4000000000000004,5,15
DI_GAP10_SUPPORT,2.25,0.25,TRAIN_2012_2021,49,0.7755102040816326,0.8636363636363636,-0.030612244897959183,-0.045622273678679603,-0.05312728806903981,-1.5,5.25,3,10
DI_GAP10_SUPPORT,2.25,0.25,OOS_2022_2026,22,0.7272727272727273,0.6666666666666666,-0.09090909090909091,-0.10768806910702661,-0.11607755820599444,-2.0,2.75,2,5
DI_GAP10_SUPPORT,2.25,0.25,YTD_2026,3,0.6666666666666666,0.5,-0.16666666666666666,-0.18475113268724738,-0.1937933656975377,-0.5,1.0,0,1
DI_GAP10_SUPPORT,2.25,0.25,FULL_2012_2026,71,0.7605633802816901,0.7941176470588235,-0.04929577464788732,-0.06485392860013922,-0.0726330055762652,-3.5,7.0,5,15
DI_GAP10_SUPPORT,2.25,0.3,TRAIN_2012_2021,49,0.6938775510204082,0.7394277621000682,-0.07335614196486304,-0.08836617074558349,-0.09587118513594367,-3.5944509562782887,5.0944509562782905,5,10
DI_GAP10_SUPPORT,2.25,0.3,OOS_2022_2026,22,0.6818181818181818,0.6428571428571427,-0.11363636363636366,-0.13041534183429934,-0.13880483093326718,-2.5000000000000004,3.5999999999999996,2,5
DI_GAP10_SUPPORT,2.25,0.3,YTD_2026,3,0.6666666666666666,0.6,-0.13333333333333333,-0.151417799353914,-0.16046003236420434,-0.4,1.0,0,1
DI_GAP10_SUPPORT,2.25,0.3,FULL_2012_2026,71,0.6901408450704225,0.7069193618483952,-0.08583733741237029,-0.1013954913646222,-0.10917456834074815,-6.0944509562782905,7.494450956278293,7,15
DI_GAP10_SUPPORT,2.25,0.4,TRAIN_2012_2021,49,0.6530612244897959,0.8104112029872115,-0.06111124400567936,-0.07612127278639977,-0.08362628717675999,-2.9944509562782886,6.6000000000000005,5,10
DI_GAP10_SUPPORT,2.25,0.4,OOS_2022_2026,22,0.6818181818181818,0.8571428571428574,-0.04545454545454544,-0.06223352365248113,-0.07062301275144893,-0.9999999999999997,2.8000000000000003,2,5
DI_GAP10_SUPPORT,2.25,0.4,YTD_2026,3,0.6666666666666666,0.8,-0.06666666666666665,-0.08475113268724736,-0.09379336569753764,-0.19999999999999996,1.0,0,1
DI_GAP10_SUPPORT,2.25,0.4,FULL_2012_2026,71,0.6619718309859155,0.824762133383252,-0.05625987262363785,-0.07181802657588977,-0.07959710355201573,-3.9944509562782877,7.599999999999999,7,15
DI_GAP10_SUPPORT,2.25,0.5,TRAIN_2012_2021,49,0.5714285714285714,0.7072689225340479,-0.11825410114853653,-0.13326412992925693,-0.14076914431961715,-5.79445095627829,9.0,4,10
DI_GAP10_SUPPORT,2.25,0.5,OOS_2022_2026,22,0.5909090909090909,0.7222222222222222,-0.11363636363636363,-0.13041534183429934,-0.13880483093326718,-2.5,3.0,1,5
DI_GAP10_SUPPORT,2.25,0.5,YTD_2026,3,0.3333333333333333,0.25,-0.5,-0.5180844660205807,-0.5271266990308711,-1.5,1.5,0,1
DI_GAP10_SUPPORT,2.25,0.5,FULL_2012_2026,71,0.5774647887323944,0.7119427292129082,-0.11682325290532802,-0.13238140685757993,-0.14016048383370588,-8.29445095627829,10.5,5,15
DI_GAP10_SUPPORT,2.25,0.6,TRAIN_2012_2021,49,0.5510204081632653,0.7563427573318067,-0.10340242005726004,-0.11841244883798044,-0.12591746322834066,-5.066718582805742,9.799999999999999,5,10
DI_GAP10_SUPPORT,2.25,0.6,OOS_2022_2026,22,0.5,0.5489293415838846,-0.22553532920805763,-0.24231430740599336,-0.25070379650496116,-4.961777242577268,5.6000000000000005,1,5
DI_GAP10_SUPPORT,2.25,0.6,YTD_2026,3,0.3333333333333333,0.3,-0.4666666666666666,-0.4847511326872474,-0.49379336569753773,-1.4,1.4,0,1
DI_GAP10_SUPPORT,2.25,0.6,FULL_2012_2026,71,0.5352112676056338,0.6845834564284958,-0.14124642007581706,-0.15680457402806894,-0.16458365100419486,-10.028495825383011,13.561777242577271,6,15
DI_GAP10_SUPPORT,2.25,0.75,TRAIN_2012_2021,49,0.46938775510204084,0.6881388336699259,-0.15378790387400074,-0.1687979326547211,-0.17630294704508134,-7.535607289826036,10.5,4,10
DI_GAP10_SUPPORT,2.25,0.75,OOS_2022_2026,22,0.45454545454545453,0.5656852297852276,-0.23689896557169401,-0.25367794376962965,-0.2620674328685975,-5.211777242577268,6.75,2,5
DI_GAP10_SUPPORT,2.25,0.75,YTD_2026,3,0.3333333333333333,0.375,-0.4166666666666667,-0.43475113268724735,-0.4437933656975377,-1.25,1.25,0,1
DI_GAP10_SUPPORT,2.25,0.75,FULL_2012_2026,71,0.4647887323943662,0.6475053285706254,-0.1795406272169479,-0.19509878116919982,-0.20287785814532577,-12.747384532403302,14.21177724257727,6,15
DI_GAP10_SUPPORT,2.25,1.0,TRAIN_2012_2021,49,0.4489795918367347,0.8021116085679223,-0.10162311855161542,-0.11663314733233582,-0.12413816172269605,-4.9795328090291555,9.0,4,10
DI_GAP10_SUPPORT,2.25,1.0,OOS_2022_2026,22,0.3181818181818182,0.40254818382818214,-0.40735351102623946,-0.4241324892241752,-0.43252197832314293,-8.961777242577268,10.0,1,5
DI_GAP10_SUPPORT,2.25,1.0,YTD_2026,3,0.3333333333333333,0.5,-0.3333333333333333,-0.35141779935391404,-0.3604600323642044,-1.0,1.0,0,1
DI_GAP10_SUPPORT,2.25,1.0,FULL_2012_2026,71,0.4084507042253521,0.6528846911516661,-0.19635647960009045,-0.21191463355234236,-0.2196937105284683,-13.941310051606422,16.12187878714057,5,15
DI_GAP10_SUPPORT,2.5,0.2,TRAIN_2012_2021,49,0.8367346938775511,1.025,0.004081632653061225,-0.009427393249587144,-0.016181906200911332,0.2,3.2,4,10
DI_GAP10_SUPPORT,2.5,0.2,OOS_2022_2026,22,0.7272727272727273,0.5333333333333333,-0.12727272727272726,-0.14237380765086935,-0.14992434783994038,-2.8,3.2,1,5
DI_GAP10_SUPPORT,2.5,0.2,YTD_2026,3,0.6666666666666666,0.4,-0.19999999999999998,-0.2162760194185226,-0.22441402912778388,-0.6,1.0,0,1
DI_GAP10_SUPPORT,2.5,0.2,FULL_2012_2026,71,0.8028169014084507,0.8142857142857142,-0.03661971830985915,-0.05062205686688586,-0.057623226145399206,-2.5999999999999996,4.6000000000000005,5,15
DI_GAP10_SUPPORT,2.5,0.25,TRAIN_2012_2021,49,0.8163265306122449,1.1111111111111112,0.02040816326530612,0.006899137362657733,0.00014462441133355474,1.0,4.0,4,10
DI_GAP10_SUPPORT,2.5,0.25,OOS_2022_2026,22,0.7272727272727273,0.6666666666666666,-0.09090909090909091,-0.10601017128723302,-0.11356071147630407,-2.0,2.75,2,5
DI_GAP10_SUPPORT,2.5,0.25,YTD_2026,3,0.6666666666666666,0.5,-0.16666666666666666,-0.18294268608518927,-0.19108069579445056,-0.5,1.0,0,1
DI_GAP10_SUPPORT,2.5,0.25,FULL_2012_2026,71,0.7887323943661971,0.9333333333333333,-0.014084507042253521,-0.028086845599280246,-0.0350880148777936,-1.0,4.5,6,15
DI_GAP10_SUPPORT,2.5,0.3,TRAIN_2012_2021,49,0.7142857142857143,0.8790324543697318,-0.02948880532443779,-0.04299783122708618,-0.049752344178410374,-1.4449514608974516,5.429945600246993,6,10
DI_GAP10_SUPPORT,2.5,0.3,OOS_2022_2026,22,0.6818181818181818,0.6428571428571427,-0.11363636363636366,-0.12873744401450574,-0.13628798420357685,-2.5000000000000004,3.5999999999999996,2,5
DI_GAP10_SUPPORT,2.5,0.3,YTD_2026,3,0.6666666666666666,0.6,-0.13333333333333333,-0.14960935275185594,-0.15774736246111723,-0.4,1.0,0,1
DI_GAP10_SUPPORT,2.5,0.3,FULL_2012_2026,71,0.704225352112676,0.7917676659642088,-0.055562696632358494,-0.0695650351893852,-0.07656620446789857,-3.944951460897453,6.329945600246995,8,15
DI_GAP10_SUPPORT,2.5,0.4,TRAIN_2012_2021,49,0.673469387755102,0.9465791284404005,-0.015203091038723488,-0.02871211694137187,-0.035466629892696035,-0.7449514608974509,5.029945600246991,6,10
DI_GAP10_SUPPORT,2.5,0.4,OOS_2022_2026,22,0.5909090909090909,0.6313825025862798,-0.1379952275507731,-0.15309630792891518,-0.16064684811798627,-3.035895006117008,3.0358950061170087,2,5
DI_GAP10_SUPPORT,2.5,0.4,YTD_2026,3,0.3333333333333333,0.2,-0.5333333333333333,-0.549609352751856,-0.5577473624611172,-1.6,1.6,0,1
DI_GAP10_SUPPORT,2.5,0.4,FULL_2012_2026,71,0.647887323943662,0.8295445364252877,-0.0532513586903445,-0.0672536972473712,-0.07425486652588456,-3.7808464670144595,5.665840606364002,8,15
DI_GAP10_SUPPORT,2.5,0.5,TRAIN_2012_2021,49,0.6122448979591837,0.8624963706653924,-0.04755086377086037,-0.06105988967350875,-0.06781440262483295,-2.329992324772158,5.2299456002469915,4,10
DI_GAP10_SUPPORT,2.5,0.5,OOS_2022_2026,22,0.5909090909090909,0.732695168794473,-0.10006793292893405,-0.11516901330707614,-0.12271955349614722,-2.201494524436549,2.5,2,5
DI_GAP10_SUPPORT,2.5,0.5,YTD_2026,3,0.3333333333333333,0.25,-0.5,-0.5162760194185226,-0.5244140291277839,-1.5,1.5,0,1
DI_GAP10_SUPPORT,2.5,0.5,FULL_2012_2026,71,0.6056338028169014,0.8200423144970638,-0.06382375843955927,-0.07782609699658598,-0.08482726627509932,-4.531486849208708,6.695545118566533,6,15
DI_GAP10_SUPPORT,2.5,0.6,TRAIN_2012_2021,49,0.5714285714285714,0.8611771410340909,-0.05367331275045221,-0.0671823386531006,-0.07393685160442477,-2.629992324772158,5.82994560024699,4,10
DI_GAP10_SUPPORT,2.5,0.6,OOS_2022_2026,22,0.5,0.589533253132655,-0.19097702383802498,-0.206078104216167,-0.2136286444052381,-4.20149452443655,5.0,1,5
DI_GAP10_SUPPORT,2.5,0.6,YTD_2026,3,0.3333333333333333,0.3,-0.4666666666666666,-0.48294268608518925,-0.4910806957944505,-1.4,1.4,0,1
DI_GAP10_SUPPORT,2.5,0.6,FULL_2012_2026,71,0.5492957746478874,0.7658914090469959,-0.09621812463674237,-0.1102204631937691,-0.11722163247228243,-6.831486849208709,8.995545118566532,5,15
DI_GAP10_SUPPORT,2.5,0.75,TRAIN_2012_2021,49,0.4897959183673469,0.7795033936396697,-0.1002447379814372,-0.11375376388408558,-0.12050827683540975,-4.9119921610904225,7.1619921610904225,5,10
DI_GAP10_SUPPORT,2.5,0.75,OOS_2022_2026,22,0.4090909090909091,0.49317197300759136,-0.28188611474711583,-0.29698719512525795,-0.304537735314329,-6.201494524436549,7.25,1,5
DI_GAP10_SUPPORT,2.5,0.75,YTD_2026,3,0.3333333333333333,0.375,-0.4166666666666667,-0.43294268608518927,-0.4410806957944506,-1.25,1.25,0,1
DI_GAP10_SUPPORT,2.5,0.75,FULL_2012_2026,71,0.4647887323943662,0.6779898537532733,-0.15652798148629538,-0.17053032004332208,-0.1775314893218355,-11.113486685526972,11.877591679409964,6,15
DI_GAP10_SUPPORT,2.5,1.0,TRAIN_2012_2021,49,0.46938775510204084,0.9300203216233754,-0.031937694981467174,-0.04544672088411555,-0.05220123383543974,-1.5649470540918915,5.315872932874125,4,10
DI_GAP10_SUPPORT,2.5,1.0,OOS_2022_2026,22,0.2727272727272727,0.2976534599487569,-0.4864035519150134,-0.5015046322931555,-0.5090551724822266,-10.700878142130295,11.235895006117008,1,5
DI_GAP10_SUPPORT,2.5,1.0,YTD_2026,3,0.3333333333333333,0.5,-0.3333333333333333,-0.34960935275185595,-0.3577473624611172,-1.0,1.0,0,1
DI_GAP10_SUPPORT,2.5,1.0,FULL_2012_2026,71,0.4084507042253521,0.6737706044621886,-0.17275810135524203,-0.18676043991226873,-0.19376160919078214,-12.265825196222185,14.260842465111391,5,15
DI_GAP10_SUPPORT,3.0,0.2,TRAIN_2012_2021,49,0.8367346938775511,1.025,0.004081632653061224,-0.007175888932479088,-0.012804649725249232,0.19999999999999996,4.0,5,10
DI_GAP10_SUPPORT,3.0,0.2,OOS_2022_2026,22,0.7727272727272727,0.68,-0.07272727272727274,-0.08531150637572446,-0.09160362319995036,-1.6000000000000003,2.4000000000000004,2,5
DI_GAP10_SUPPORT,3.0,0.2,YTD_2026,3,0.6666666666666666,0.4,-0.19999999999999998,-0.2135633495154355,-0.22034502427315325,-0.6,1.0,0,1
DI_GAP10_SUPPORT,3.0,0.2,FULL_2012_2026,71,0.8169014084507042,0.8923076923076921,-0.019718309859154928,-0.03138692532334386,-0.03722123305543831,-1.4,4.0,7,15
DI_GAP10_SUPPORT,3.0,0.25,TRAIN_2012_2021,49,0.7346938775510204,0.8343020854595968,-0.036478766341793395,-0.04773628792733371,-0.05336504872010387,-1.7874595507478763,5.44162133353916,5,10
DI_GAP10_SUPPORT,3.0,0.25,OOS_2022_2026,22,0.7272727272727273,0.6666666666666666,-0.09090909090909091,-0.10349332455754266,-0.10978544138176854,-2.0,3.25,2,5
DI_GAP10_SUPPORT,3.0,0.25,YTD_2026,3,0.6666666666666666,0.5,-0.16666666666666666,-0.18023001618210213,-0.18701169093981992,-0.5,1.0,0,1
DI_GAP10_SUPPORT,3.0,0.25,FULL_2012_2026,71,0.7323943661971831,0.7743875695248275,-0.05334450071475882,-0.06501311617894776,-0.07084742391104223,-3.787459550747876,5.44162133353916,7,15
DI_GAP10_SUPPORT,3.0,0.3,TRAIN_2012_2021,49,0.7142857142857143,0.9611327150546113,-0.008665508713222622,-0.019923030298762932,-0.025551791091533108,-0.4246099269479085,5.291621333539159,6,10
DI_GAP10_SUPPORT,3.0,0.3,OOS_2022_2026,22,0.7272727272727273,0.7999999999999999,-0.054545454545454536,-0.06712968819390633,-0.0734218050181322,-1.1999999999999997,2.8999999999999995,2,5
DI_GAP10_SUPPORT,3.0,0.3,YTD_2026,3,0.6666666666666666,0.6,-0.13333333333333333,-0.14689668284876886,-0.1536783576064866,-0.4,1.0,0,1
DI_GAP10_SUPPORT,3.0,0.3,FULL_2012_2026,71,0.7183098591549296,0.9040090179944915,-0.022881829957012795,-0.03455044542120173,-0.0403847531532962,-1.6246099269479084,5.291621333539159,8,15
DI_GAP10_SUPPORT,3.0,0.4,TRAIN_2012_2021,49,0.6326530612244898,0.8104599945533056,-0.0577308295274183,-0.06898835111295862,-0.07461711190572878,-2.828810646843497,4.991621333539159,5,10
DI_GAP10_SUPPORT,3.0,0.4,OOS_2022_2026,22,0.6363636363636364,0.7781474873467159,-0.07257178053473513,-0.0851560141831869,-0.0914481310074128,-1.5965791717641729,2.2,2,5
DI_GAP10_SUPPORT,3.0,0.4,YTD_2026,3,0.3333333333333333,0.2,-0.5333333333333333,-0.5468966828487688,-0.5536783576064866,-1.6,1.6,0,1
DI_GAP10_SUPPORT,3.0,0.4,FULL_2012_2026,71,0.6338028169014085,0.7999479232847694,-0.06232943406489678,-0.0739980495290857,-0.07983235726118014,-4.425389818607671,6.19162133353916,7,15
DI_GAP10_SUPPORT,3.0,0.5,TRAIN_2012_2021,49,0.5918367346938775,0.8328581480427875,-0.057730829527418315,-0.06898835111295862,-0.07461711190572878,-2.8288106468434973,5.72862387065389,3,10
DI_GAP10_SUPPORT,3.0,0.5,OOS_2022_2026,22,0.5909090909090909,0.735510136818392,-0.09854145925896018,-0.11112569290741194,-0.1174178097316378,-2.167912103697124,3.0,2,5
DI_GAP10_SUPPORT,3.0,0.5,YTD_2026,3,0.3333333333333333,0.25,-0.5,-0.5135633495154355,-0.5203450242731532,-1.5,1.5,0,1
DI_GAP10_SUPPORT,3.0,0.5,FULL_2012_2026,71,0.5915492957746479,0.8010952932639325,-0.07037637676817776,-0.0820449922323667,-0.08787929996446119,-4.996722750540621,7.199956802586841,5,15
DI_GAP10_SUPPORT,3.0,0.6,TRAIN_2012_2021,49,0.5306122448979592,0.7861872784209374,-0.0837852485124228,-0.09504277009796312,-0.10067153089073332,-4.1054771771087175,7.105477177108717,3,10
DI_GAP10_SUPPORT,3.0,0.6,OOS_2022_2026,22,0.5454545454545454,0.7660289791739266,-0.09202808740071801,-0.1046123210491698,-0.11090443787339566,-2.0246179228157963,3.0,2,5
DI_GAP10_SUPPORT,3.0,0.6,YTD_2026,3,0.3333333333333333,0.3,-0.4666666666666666,-0.4802300161821022,-0.4870116909398199,-1.4,1.4,0,1
DI_GAP10_SUPPORT,3.0,0.6,FULL_2012_2026,71,0.5352112676056338,0.7799249106345728,-0.08633936760457063,-0.09800798306875957,-0.10384229080085405,-6.130095099924515,7.105477177108717,5,15
DI_GAP10_SUPPORT,3.0,0.75,TRAIN_2012_2021,49,0.5102040816326531,0.8607305175754631,-0.05741676156145014,-0.06867428314699046,-0.07430304393976063,-2.813421316511057,5.44334515808858,6,10
DI_GAP10_SUPPORT,3.0,0.75,OOS_2022_2026,22,0.45454545454545453,0.6362982942696342,-0.1761189964916271,-0.18870323014007884,-0.1949953469643047,-3.8746179228157964,4.903284990882845,1,5
DI_GAP10_SUPPORT,3.0,0.75,YTD_2026,3,0.3333333333333333,0.375,-0.4166666666666667,-0.43023001618210216,-0.4370116909398199,-1.25,1.25,0,1
DI_GAP10_SUPPORT,3.0,0.75,FULL_2012_2026,71,0.49295774647887325,0.7832398541597301,-0.09419773576516695,-0.10586635122935588,-0.11170065896145036,-6.688039239326853,7.438039239326853,7,15
DI_GAP10_SUPPORT,3.0,1.0,TRAIN_2012_2021,49,0.46938775510204084,0.9842157077543177,-0.006564302642815023,-0.017821824228355317,-0.02345058502112551,-0.3216508294979361,5.263227444061771,5,10
DI_GAP10_SUPPORT,3.0,1.0,OOS_2022_2026,22,0.36363636363636365,0.5094208651192211,-0.2821562547376023,-0.294740488386054,-0.3010326052102798,-6.207437604227251,6.554152613344405,1,5
DI_GAP10_SUPPORT,3.0,1.0,YTD_2026,3,0.3333333333333333,0.5,-0.3333333333333333,-0.3468966828487688,-0.3536783576064866,-1.0,1.0,0,1
DI_GAP10_SUPPORT,3.0,1.0,FULL_2012_2026,71,0.43661971830985913,0.8023356662371715,-0.0919589920242984,-0.10362760748848732,-0.10946191522058182,-6.529088433725186,8.629476988534442,6,15
ADX20_SUPPORT,0.75,0.2,TRAIN_2012_2021,150,0.17333333333333334,0.04193548387096775,-0.7919999999999999,-0.8367301667114286,-0.8590952500671428,-118.8,118.99999999999997,0,10
ADX20_SUPPORT,0.75,0.2,OOS_2022_2026,62,0.16129032258064516,0.038461538461538464,-0.8064516129032258,-0.8544367983127275,-0.8784293910174783,-50.0,49.999999999999986,0,5
ADX20_SUPPORT,0.75,0.2,YTD_2026,11,0.2727272727272727,0.07500000000000001,-0.6727272727272727,-0.7232658062619133,-0.7485350730292335,-7.4,7.4,0,1
ADX20_SUPPORT,0.75,0.2,FULL_2012_2026,212,0.16981132075471697,0.040909090909090916,-0.7962264150943397,-0.8419085212363366,-0.8647495743073352,-168.8,168.80000000000007,0,15
ADX20_SUPPORT,0.75,0.25,TRAIN_2012_2021,150,0.17333333333333334,0.05241935483870968,-0.7833333333333333,-0.828063500044762,-0.8504285834004761,-117.5,117.75,0,10
ADX20_SUPPORT,0.75,0.25,OOS_2022_2026,62,0.16129032258064516,0.04807692307692308,-0.7983870967741935,-0.8463722821836952,-0.8703648748884459,-49.5,49.5,0,5
ADX20_SUPPORT,0.75,0.25,YTD_2026,11,0.2727272727272727,0.09375,-0.6590909090909091,-0.7096294426255496,-0.7348987093928698,-7.25,7.25,0,1
ADX20_SUPPORT,0.75,0.25,FULL_2012_2026,212,0.16981132075471697,0.05113636363636364,-0.7877358490566038,-0.833417955198601,-0.8562590082695993,-167.0,167.0,0,15
ADX20_SUPPORT,0.75,0.3,TRAIN_2012_2021,150,0.17333333333333334,0.06290322580645161,-0.7746666666666667,-0.8193968333780952,-0.8417619167338095,-116.2,116.50000000000003,0,10
ADX20_SUPPORT,0.75,0.3,OOS_2022_2026,62,0.16129032258064516,0.05769230769230768,-0.7903225806451613,-0.838307766054663,-0.8623003587594137,-49.0,49.000000000000014,0,5
ADX20_SUPPORT,0.75,0.3,YTD_2026,11,0.2727272727272727,0.11249999999999999,-0.6454545454545454,-0.6959930789891859,-0.7212623457565062,-7.1,7.1,0,1
ADX20_SUPPORT,0.75,0.3,FULL_2012_2026,212,0.16981132075471697,0.06136363636363638,-0.7792452830188679,-0.824927389160865,-0.8477684422318635,-165.2,165.19999999999993,0,15
ADX20_SUPPORT,0.75,0.4,TRAIN_2012_2021,150,0.16666666666666666,0.08000000000000002,-0.7666666666666667,-0.8113968333780952,-0.8337619167338096,-115.0,115.39999999999998,0,10
ADX20_SUPPORT,0.75,0.4,OOS_2022_2026,62,0.16129032258064516,0.07692307692307693,-0.7741935483870968,-0.8221787337965984,-0.8461713265013492,-48.0,48.00000000000001,0,5
ADX20_SUPPORT,0.75,0.4,YTD_2026,11,0.2727272727272727,0.15000000000000002,-0.6181818181818182,-0.6687203517164586,-0.6939896184837789,-6.8,7.0,0,1
ADX20_SUPPORT,0.75,0.4,FULL_2012_2026,212,0.1650943396226415,0.07909604519774012,-0.7688679245283019,-0.8145500306702991,-0.8373910837412974,-163.0,162.99999999999991,0,15
ADX20_SUPPORT,0.75,0.5,TRAIN_2012_2021,150,0.16,0.09523809523809523,-0.76,-0.8047301667114287,-0.8270952500671427,-114.0,114.5,0,10
ADX20_SUPPORT,0.75,0.5,OOS_2022_2026,62,0.14516129032258066,0.08490566037735849,-0.782258064516129,-0.8302432499256307,-0.8542358426303814,-48.5,48.5,0,5
ADX20_SUPPORT,0.75,0.5,YTD_2026,11,0.18181818181818182,0.1111111111111111,-0.7272727272727273,-0.7778112608073677,-0.803080527574688,-8.0,8.0,0,1
ADX20_SUPPORT,0.75,0.5,FULL_2012_2026,212,0.15566037735849056,0.09217877094972067,-0.7665094339622641,-0.8121915401042613,-0.8350325931752597,-162.5,162.5,0,15
ADX20_SUPPORT,0.75,0.6,TRAIN_2012_2021,150,0.16,0.11428571428571427,-0.744,-0.7887301667114286,-0.8110952500671428,-111.6,112.2,0,10
ADX20_SUPPORT,0.75,0.6,OOS_2022_2026,62,0.14516129032258066,0.10188679245283018,-0.767741935483871,-0.8157271208933727,-0.8397197135981235,-47.6,47.599999999999994,0,5
ADX20_SUPPORT,0.75,0.6,YTD_2026,11,0.18181818181818182,0.13333333333333333,-0.7090909090909091,-0.7596294426255497,-0.7848987093928699,-7.8,8.0,0,1
ADX20_SUPPORT,0.75,0.6,FULL_2012_2026,212,0.15566037735849056,0.11061452513966481,-0.7509433962264151,-0.7966255023684122,-0.8194665554394106,-159.20000000000002,159.20000000000005,0,15
ADX20_SUPPORT,0.75,0.75,TRAIN_2012_2021,150,0.16,0.14285714285714285,-0.72,-0.7647301667114287,-0.7870952500671429,-108.0,108.75,0,10
ADX20_SUPPORT,0.75,0.75,OOS_2022_2026,62,0.14516129032258066,0.12735849056603774,-0.7459677419354839,-0.7939529273449856,-0.8179455200497363,-46.25,46.25,0,5
ADX20_SUPPORT,0.75,0.75,YTD_2026,11,0.18181818181818182,0.16666666666666666,-0.6818181818181818,-0.7323567153528223,-0.7576259821201425,-7.5,8.0,0,1
ADX20_SUPPORT,0.75,0.75,FULL_2012_2026,212,0.15566037735849056,0.138268156424581,-0.7275943396226415,-0.7732764457646387,-0.7961174988356371,-154.25,154.25,0,15
ADX20_SUPPORT,0.75,1.0,TRAIN_2012_2021,150,0.14666666666666667,0.171875,-0.7066666666666667,-0.7513968333780953,-0.7737619167338096,-106.0,107.0,0,10
ADX20_SUPPORT,0.75,1.0,OOS_2022_2026,62,0.12903225806451613,0.14814814814814814,-0.7419354838709677,-0.7899206692804694,-0.8139132619852202,-46.0,46.0,0,5
ADX20_SUPPORT,0.75,1.0,YTD_2026,11,0.18181818181818182,0.2222222222222222,-0.6363636363636364,-0.6869021698982768,-0.7121714366655971,-7.0,8.0,0,1
ADX20_SUPPORT,0.75,1.0,FULL_2012_2026,212,0.14150943396226415,0.16483516483516483,-0.7169811320754716,-0.7626632382174687,-0.7855042912884672,-152.0,152.0,0,15
ADX20_SUPPORT,1.0,0.2,TRAIN_2012_2021,150,0.4066666666666667,0.1370786516853932,-0.512,-0.5455476250335713,-0.5623214375503571,-76.8,77.19999999999997,0,10
ADX20_SUPPORT,1.0,0.2,OOS_2022_2026,62,0.3870967741935484,0.12631578947368424,-0.535483870967742,-0.571472760024868,-0.5894672045534314,-33.2,33.20000000000001,0,5
ADX20_SUPPORT,1.0,0.2,YTD_2026,11,0.5454545454545454,0.24,-0.34545454545454546,-0.3833584456055258,-0.40231039568101606,-3.8,3.8,0,1
ADX20_SUPPORT,1.0,0.2,FULL_2012_2026,212,0.4009433962264151,0.13385826771653542,-0.5188679245283019,-0.5531295041347998,-0.5702602939380488,-110.0,110.1999999999999,0,15
ADX20_SUPPORT,1.0,0.25,TRAIN_2012_2021,150,0.4,0.16666666666666666,-0.5,-0.5335476250335713,-0.5503214375503571,-75.0,75.5,0,10
ADX20_SUPPORT,1.0,0.25,OOS_2022_2026,62,0.3709677419354839,0.14743589743589744,-0.5362903225806451,-0.5722792116377714,-0.5902736561663344,-33.25,33.25,0,5
ADX20_SUPPORT,1.0,0.25,YTD_2026,11,0.5454545454545454,0.3,-0.3181818181818182,-0.35608571833279856,-0.3750376684082888,-3.5,3.5,0,1
ADX20_SUPPORT,1.0,0.25,FULL_2012_2026,212,0.3915094339622642,0.16085271317829458,-0.5106132075471698,-0.5448747871536676,-0.5620055769569166,-108.25,108.5,0,15
ADX20_SUPPORT,1.0,0.3,TRAIN_2012_2021,150,0.3933333333333333,0.19450549450549454,-0.48866666666666675,-0.522214291700238,-0.5389881042170238,-73.30000000000001,73.89999999999999,0,10
ADX20_SUPPORT,1.0,0.3,OOS_2022_2026,62,0.3709677419354839,0.17692307692307688,-0.517741935483871,-0.5537308245409972,-0.5717252690695603,-32.1,32.099999999999994,0,5
ADX20_SUPPORT,1.0,0.3,YTD_2026,11,0.5454545454545454,0.36,-0.29090909090909095,-0.3288129910600713,-0.34776494113556156,-3.2,3.4000000000000004,0,1
ADX20_SUPPORT,1.0,0.3,FULL_2012_2026,212,0.3867924528301887,0.1892307692307692,-0.4971698113207547,-0.5314313909272526,-0.5485621807305014,-105.4,105.70000000000006,0,15
ADX20_SUPPORT,1.0,0.4,TRAIN_2012_2021,150,0.38666666666666666,0.2521739130434782,-0.45866666666666667,-0.492214291700238,-0.5089881042170238,-68.8,69.60000000000004,0,10
ADX20_SUPPORT,1.0,0.4,OOS_2022_2026,62,0.3548387096774194,0.22000000000000006,-0.503225806451613,-0.5392146955087391,-0.5572091400373022,-31.200000000000003,31.200000000000017,0,5
ADX20_SUPPORT,1.0,0.4,YTD_2026,11,0.45454545454545453,0.3333333333333333,-0.36363636363636365,-0.401540263787344,-0.42049221386283425,-4.0,4.0,0,1
ADX20_SUPPORT,1.0,0.4,FULL_2012_2026,212,0.37735849056603776,0.2424242424242424,-0.4716981132075472,-0.505959692814045,-0.523090482617294,-100.0,100.3999999999999,0,15
ADX20_SUPPORT,1.0,0.5,TRAIN_2012_2021,150,0.37333333333333335,0.2978723404255319,-0.44,-0.47354762503357134,-0.4903214375503571,-66.0,67.0,0,10
ADX20_SUPPORT,1.0,0.5,OOS_2022_2026,62,0.3548387096774194,0.275,-0.46774193548387094,-0.5037308245409973,-0.5217252690695602,-29.0,29.0,0,5
ADX20_SUPPORT,1.0,0.5,YTD_2026,11,0.45454545454545453,0.4166666666666667,-0.3181818181818182,-0.35608571833279856,-0.3750376684082888,-3.5,3.5,0,1
ADX20_SUPPORT,1.0,0.5,FULL_2012_2026,212,0.36792452830188677,0.291044776119403,-0.4481132075471698,-0.48237478715366766,-0.4995055769569166,-95.0,95.5,0,15
ADX20_SUPPORT,1.0,0.6,TRAIN_2012_2021,150,0.36,0.3375000000000001,-0.424,-0.45754762503357144,-0.47432143755035716,-63.599999999999994,64.79999999999997,0,10
ADX20_SUPPORT,1.0,0.6,OOS_2022_2026,62,0.3387096774193548,0.30731707317073165,-0.45806451612903226,-0.4940534051861584,-0.5120478497147215,-28.4,28.399999999999984,0,5
ADX20_SUPPORT,1.0,0.6,YTD_2026,11,0.45454545454545453,0.5,-0.2727272727272727,-0.3106311728782531,-0.32958312295374337,-3.0,3.2,0,1
ADX20_SUPPORT,1.0,0.6,FULL_2012_2026,212,0.35377358490566035,0.3284671532846715,-0.4339622641509434,-0.46822384375744114,-0.4853546335606901,-92.0,92.60000000000008,0,15
ADX20_SUPPORT,1.0,0.75,TRAIN_2012_2021,150,0.31333333333333335,0.3422330097087379,-0.45166666666666666,-0.4852142917002381,-0.5019881042170238,-67.75,69.25,1,10
ADX20_SUPPORT,1.0,0.75,OOS_2022_2026,62,0.3064516129032258,0.3313953488372093,-0.4637096774193548,-0.499698566476481,-0.5176930110050441,-28.75,28.75,0,5
ADX20_SUPPORT,1.0,0.75,YTD_2026,11,0.45454545454545453,0.625,-0.20454545454545456,-0.24244935469643494,-0.2614013047719252,-2.25,2.75,0,1
ADX20_SUPPORT,1.0,0.75,FULL_2012_2026,212,0.3113207547169811,0.339041095890411,-0.455188679245283,-0.48945025885178084,-0.5065810486550298,-96.5,97.25,1,15
ADX20_SUPPORT,1.0,1.0,TRAIN_2012_2021,150,0.2866666666666667,0.40186915887850466,-0.4266666666666667,-0.46021429170023814,-0.47698810421702387,-64.0,66.0,1,10
ADX20_SUPPORT,1.0,1.0,OOS_2022_2026,62,0.1935483870967742,0.24,-0.6129032258064516,-0.6488921148635778,-0.6668865593921408,-38.0,38.0,0,5
ADX20_SUPPORT,1.0,1.0,YTD_2026,11,0.2727272727272727,0.375,-0.45454545454545453,-0.49244935469643497,-0.5114013047719251,-5.0,5.0,0,1
ADX20_SUPPORT,1.0,1.0,FULL_2012_2026,212,0.25943396226415094,0.3503184713375796,-0.4811320754716981,-0.5153936550781959,-0.532524444881445,-102.0,103.0,1,15
ADX20_SUPPORT,1.25,0.2,TRAIN_2012_2021,150,0.5733333333333334,0.26874999999999993,-0.31199999999999994,-0.3388381000268571,-0.3522571500402857,-46.79999999999999,47.19999999999999,0,10
ADX20_SUPPORT,1.25,0.2,OOS_2022_2026,62,0.5,0.20000000000000007,-0.39999999999999997,-0.42879111124570085,-0.4431866668685515,-24.799999999999997,24.800000000000015,0,5
ADX20_SUPPORT,1.25,0.2,YTD_2026,11,0.5454545454545454,0.24,-0.34545454545454546,-0.3757776655753297,-0.390939225635722,-3.8,3.8,0,1
ADX20_SUPPORT,1.25,0.2,FULL_2012_2026,212,0.5518867924528302,0.24631578947368418,-0.33773584905660375,-0.36514511274180195,-0.3788497445844011,-71.6,71.7999999999999,0,15
ADX20_SUPPORT,1.25,0.25,TRAIN_2012_2021,150,0.56,0.3181818181818182,-0.3,-0.32683810002685715,-0.34025715004028567,-45.0,45.5,1,10
ADX20_SUPPORT,1.25,0.25,OOS_2022_2026,62,0.4838709677419355,0.234375,-0.3951612903225806,-0.42395240156828157,-0.43834795719113206,-24.5,24.5,0,5
ADX20_SUPPORT,1.25,0.25,YTD_2026,11,0.45454545454545453,0.20833333333333334,-0.4318181818181818,-0.46214130193896613,-0.47730286199935823,-4.75,4.75,0,1
ADX20_SUPPORT,1.25,0.25,FULL_2012_2026,212,0.5377358490566038,0.29081632653061223,-0.3278301886792453,-0.3552394523644435,-0.3689440842070426,-69.5,69.75,1,15
ADX20_SUPPORT,1.25,0.3,TRAIN_2012_2021,150,0.5533333333333333,0.37164179104477607,-0.2806666666666667,-0.3075047666935238,-0.3209238167069524,-42.1,42.69999999999998,0,10
ADX20_SUPPORT,1.25,0.3,OOS_2022_2026,62,0.4838709677419355,0.28125000000000006,-0.3709677419354839,-0.39975885318118487,-0.4141544088040353,-23.0,22.99999999999999,0,5
ADX20_SUPPORT,1.25,0.3,YTD_2026,11,0.45454545454545453,0.25,-0.4090909090909091,-0.43941402921169337,-0.4545755892720855,-4.5,4.5,0,1
ADX20_SUPPORT,1.25,0.3,FULL_2012_2026,212,0.5330188679245284,0.34242424242424235,-0.3070754716981132,-0.33448473538331147,-0.34818936722591065,-65.10000000000001,65.40000000000008,0,15
ADX20_SUPPORT,1.25,0.4,TRAIN_2012_2021,150,0.5266666666666666,0.44507042253521106,-0.2626666666666667,-0.28950476669352376,-0.30292381670695234,-39.400000000000006,40.20000000000002,0,10
ADX20_SUPPORT,1.25,0.4,OOS_2022_2026,62,0.46774193548387094,0.3515151515151516,-0.3451612903225807,-0.3739524015682816,-0.3883479571911322,-21.400000000000002,21.400000000000016,0,5
ADX20_SUPPORT,1.25,0.4,YTD_2026,11,0.45454545454545453,0.3333333333333333,-0.36363636363636365,-0.3939594837571479,-0.40912104381754016,-4.0,4.0,0,1
ADX20_SUPPORT,1.25,0.4,FULL_2012_2026,212,0.5094339622641509,0.41538461538461535,-0.2867924528301887,-0.3142017165153869,-0.32790634835798604,-60.800000000000004,61.20000000000006,0,15
ADX20_SUPPORT,1.25,0.5,TRAIN_2012_2021,150,0.5,0.5,-0.25,-0.2768381000268571,-0.2902571500402856,-37.5,38.5,1,10
ADX20_SUPPORT,1.25,0.5,OOS_2022_2026,62,0.45161290322580644,0.4117647058823529,-0.3225806451612903,-0.35137175640699125,-0.36576731202984175,-20.0,20.0,0,5
ADX20_SUPPORT,1.25,0.5,YTD_2026,11,0.45454545454545453,0.4166666666666667,-0.3181818181818182,-0.34850493830260243,-0.3636664983629947,-3.5,3.5,0,1
ADX20_SUPPORT,1.25,0.5,FULL_2012_2026,212,0.4858490566037736,0.4724770642201835,-0.27122641509433965,-0.2986356787795379,-0.31234031062213696,-57.5,58.0,1,15
ADX20_SUPPORT,1.25,0.6,TRAIN_2012_2021,150,0.43333333333333335,0.463171260046199,-0.30134743760669924,-0.32818553763355646,-0.34160458764698504,-45.20211564100489,46.40211564100489,1,10
ADX20_SUPPORT,1.25,0.6,OOS_2022_2026,62,0.41935483870967744,0.4333333333333333,-0.3290322580645161,-0.35782336931021713,-0.37221892493306763,-20.4,20.399999999999988,0,5
ADX20_SUPPORT,1.25,0.6,YTD_2026,11,0.45454545454545453,0.5,-0.2727272727272727,-0.303050392848057,-0.3182119529084492,-3.0,3.2,0,1
ADX20_SUPPORT,1.25,0.6,FULL_2012_2026,212,0.42924528301886794,0.45423493346047344,-0.3094439417028532,-0.3368532053880515,-0.35055783723065065,-65.60211564100489,66.20211564100484,1,15
ADX20_SUPPORT,1.25,0.75,TRAIN_2012_2021,150,0.41333333333333333,0.533243943202387,-0.27134743760669927,-0.29818553763355643,-0.311604587646985,-40.702115641004895,42.202115641004895,1,10
ADX20_SUPPORT,1.25,0.75,OOS_2022_2026,62,0.3548387096774194,0.4125,-0.3790322580645161,-0.4078233693102171,-0.42221892493306756,-23.5,23.5,0,5
ADX20_SUPPORT,1.25,0.75,YTD_2026,11,0.36363636363636365,0.42857142857142855,-0.36363636363636365,-0.3939594837571479,-0.40912104381754005,-4.0,4.0,0,1
ADX20_SUPPORT,1.25,0.75,FULL_2012_2026,212,0.39622641509433965,0.4952747812607239,-0.3028401681179476,-0.3302494318031458,-0.34395406364574493,-64.2021156410049,64.9521156410049,1,15
ADX20_SUPPORT,1.25,1.0,TRAIN_2012_2021,150,0.3933333333333333,0.6424095151092165,-0.21503612180160972,-0.24187422182846688,-0.25529327184189543,-32.25541827024146,35.770081727749414,3,10
ADX20_SUPPORT,1.25,1.0,OOS_2022_2026,62,0.3064516129032258,0.4418604651162791,-0.3870967741935484,-0.41588788543924937,-0.4302834410620998,-24.0,24.0,1,5
ADX20_SUPPORT,1.25,1.0,YTD_2026,11,0.2727272727272727,0.375,-0.45454545454545453,-0.48486857466623884,-0.5000301347266309,-5.0,5.0,0,1
ADX20_SUPPORT,1.25,1.0,FULL_2012_2026,212,0.36792452830188677,0.5776687329662517,-0.26535574655774274,-0.292765010242941,-0.30646964208554006,-56.255418270241464,58.770081727749414,4,15
ADX20_SUPPORT,1.5,0.2,TRAIN_2012_2021,150,0.72,0.5142857142857142,-0.13600000000000004,-0.15836508335571425,-0.1695476250335714,-20.400000000000006,24.000000000000014,2,10
ADX20_SUPPORT,1.5,0.2,OOS_2022_2026,62,0.6129032258064516,0.3166666666666667,-0.2645161290322581,-0.28850872173700876,-0.30050501808938423,-16.400000000000002,16.600000000000012,1,5
ADX20_SUPPORT,1.5,0.2,YTD_2026,11,0.5454545454545454,0.24,-0.34545454545454546,-0.3707238122218657,-0.3833584456055258,-3.8,3.8,0,1
ADX20_SUPPORT,1.5,0.2,FULL_2012_2026,212,0.6886792452830188,0.4424242424242424,-0.17358490566037735,-0.1964259587313759,-0.20784648526687519,-36.8,39.99999999999998,3,15
ADX20_SUPPORT,1.5,0.25,TRAIN_2012_2021,150,0.6933333333333334,0.5652173913043478,-0.13333333333333333,-0.15569841668904763,-0.16688095836690475,-20.0,23.75,2,10
ADX20_SUPPORT,1.5,0.25,OOS_2022_2026,62,0.5967741935483871,0.37,-0.2540322580645161,-0.27802485076926686,-0.29002114712164234,-15.75,16.0,1,5
ADX20_SUPPORT,1.5,0.25,YTD_2026,11,0.45454545454545453,0.20833333333333334,-0.4318181818181818,-0.45708744858550204,-0.46972208196916215,-4.75,4.75,0,1
ADX20_SUPPORT,1.5,0.25,FULL_2012_2026,212,0.6650943396226415,0.4964788732394366,-0.16863207547169812,-0.19147312854269669,-0.20289365507819596,-35.75,39.0,3,15
ADX20_SUPPORT,1.5,0.3,TRAIN_2012_2021,150,0.6866666666666666,0.6574468085106383,-0.10733333333333332,-0.12969841668904764,-0.14088095836690476,-16.099999999999998,21.399999999999995,4,10
ADX20_SUPPORT,1.5,0.3,OOS_2022_2026,62,0.5967741935483871,0.4440000000000001,-0.22419354838709676,-0.24818614109184758,-0.260182437444223,-13.899999999999999,14.199999999999985,1,5
ADX20_SUPPORT,1.5,0.3,YTD_2026,11,0.45454545454545453,0.25,-0.4090909090909091,-0.4343601758582294,-0.44699480924188945,-4.5,4.5,0,1
ADX20_SUPPORT,1.5,0.3,FULL_2012_2026,212,0.660377358490566,0.5833333333333334,-0.14150943396226418,-0.1643504870332627,-0.175771013568762,-30.000000000000007,34.499999999999964,5,15
ADX20_SUPPORT,1.5,0.4,TRAIN_2012_2021,150,0.6133333333333333,0.6344827586206895,-0.14133333333333337,-0.1636984166890476,-0.1748809583669047,-21.200000000000006,23.999999999999986,2,10
ADX20_SUPPORT,1.5,0.4,OOS_2022_2026,62,0.5483870967741935,0.48571428571428577,-0.23225806451612904,-0.2562506572208798,-0.2682469535732552,-14.4,14.799999999999995,1,5
ADX20_SUPPORT,1.5,0.4,YTD_2026,11,0.45454545454545453,0.3333333333333333,-0.36363636363636365,-0.38890563040368387,-0.401540263787344,-4.0,4.0,0,1
ADX20_SUPPORT,1.5,0.4,FULL_2012_2026,212,0.5943396226415094,0.586046511627907,-0.1679245283018868,-0.1907655813728853,-0.2021861079083846,-35.6,37.00000000000004,3,15
ADX20_SUPPORT,1.5,0.5,TRAIN_2012_2021,150,0.54,0.6022982382401355,-0.17828289850044585,-0.2006479818561601,-0.21183052353401724,-26.742434775066876,29.242434775066876,1,10
ADX20_SUPPORT,1.5,0.5,OOS_2022_2026,62,0.5161290322580645,0.5333333333333333,-0.22580645161290322,-0.249799044317654,-0.26179534067002946,-14.0,14.5,1,5
ADX20_SUPPORT,1.5,0.5,YTD_2026,11,0.45454545454545453,0.4166666666666667,-0.3181818181818182,-0.3434510849491385,-0.35608571833279856,-3.5,3.5,0,1
ADX20_SUPPORT,1.5,0.5,FULL_2012_2026,212,0.5330188679245284,0.581022062340285,-0.19218129610880602,-0.2150223491798046,-0.2264428757153038,-40.742434775066876,41.242434775066876,2,15
ADX20_SUPPORT,1.5,0.6,TRAIN_2012_2021,150,0.5133333333333333,0.6484899083792808,-0.16694956516711243,-0.1893146485228268,-0.20049719020068393,-25.042434775066866,29.274005074229443,0,10
ADX20_SUPPORT,1.5,0.6,OOS_2022_2026,62,0.46774193548387094,0.5272727272727273,-0.2516129032258065,-0.2756054959305572,-0.28760179228293276,-15.600000000000001,16.400000000000002,1,5
ADX20_SUPPORT,1.5,0.6,YTD_2026,11,0.45454545454545453,0.5,-0.2727272727272727,-0.297996539494593,-0.3106311728782531,-3.0,3.2,0,1
ADX20_SUPPORT,1.5,0.6,FULL_2012_2026,212,0.5,0.6101162174236945,-0.19170959799559847,-0.214550651066597,-0.22597117760209628,-40.642434775066874,42.47400507422942,1,15
ADX20_SUPPORT,1.5,0.75,TRAIN_2012_2021,150,0.48,0.7082669927752532,-0.14828289850044585,-0.17064798185616012,-0.18183052353401727,-22.242434775066876,25.574005074229465,0,10
ADX20_SUPPORT,1.5,0.75,OOS_2022_2026,62,0.41935483870967744,0.5416666666666666,-0.2661290322580645,-0.29012162496281535,-0.3021179213151908,-16.5,17.25,1,5
ADX20_SUPPORT,1.5,0.75,YTD_2026,11,0.2727272727272727,0.28125,-0.5227272727272727,-0.5479965394945929,-0.5606311728782531,-5.75,5.75,0,1
ADX20_SUPPORT,1.5,0.75,FULL_2012_2026,212,0.46226415094339623,0.6548325519425299,-0.18274733384465508,-0.20558838691565356,-0.21700891345115292,-38.742434775066876,40.07400507422946,1,15
ADX20_SUPPORT,1.5,1.0,TRAIN_2012_2021,150,0.43333333333333335,0.7663028435917701,-0.12969013532953785,-0.15205521868525212,-0.16323776036310927,-19.45352029943068,24.88240651402064,2,10
ADX20_SUPPORT,1.5,1.0,OOS_2022_2026,62,0.3709677419354839,0.571673326154979,-0.26943129483799705,-0.29342388754274784,-0.3054201838951233,-16.704740279955818,18.0,1,5
ADX20_SUPPORT,1.5,1.0,YTD_2026,11,0.2727272727272727,0.375,-0.45454545454545453,-0.4798147213127748,-0.49244935469643497,-5.0,5.0,0,1
ADX20_SUPPORT,1.5,1.0,FULL_2012_2026,212,0.41509433962264153,0.7042086027988581,-0.1705578329216344,-0.19339888599263297,-0.20481941252813224,-36.15826057938649,40.882406514020644,3,15
ADX20_SUPPORT,1.75,0.2,TRAIN_2012_2021,150,0.7733333333333333,0.6823529411764706,-0.07200000000000002,-0.09117007144775509,-0.10075510717163264,-10.800000000000002,14.4,3,10
ADX20_SUPPORT,1.75,0.2,OOS_2022_2026,62,0.6612903225806451,0.3904761904761904,-0.20645161290322583,-0.2270166923644408,-0.23729923209504827,-12.800000000000002,13.400000000000013,1,5
ADX20_SUPPORT,1.75,0.2,YTD_2026,11,0.5454545454545454,0.24,-0.34545454545454546,-0.3671139169693914,-0.3779436027268144,-3.8,3.8,0,1
ADX20_SUPPORT,1.75,0.2,FULL_2012_2026,212,0.7405660377358491,0.5709090909090908,-0.11132075471698112,-0.13089880020640846,-0.1406878229511221,-23.599999999999998,26.80000000000003,4,15
ADX20_SUPPORT,1.75,0.25,TRAIN_2012_2021,150,0.76,0.7916666666666666,-0.05,-0.06917007144775508,-0.07875510717163263,-7.5,12.5,3,10
ADX20_SUPPORT,1.75,0.25,OOS_2022_2026,62,0.6612903225806451,0.4880952380952381,-0.17338709677419356,-0.1939521762354085,-0.204234715966016,-10.75,12.0,1,5
ADX20_SUPPORT,1.75,0.25,YTD_2026,11,0.5454545454545454,0.3,-0.3181818181818182,-0.3398411896966641,-0.3506708754540871,-3.5,3.5,0,1
ADX20_SUPPORT,1.75,0.25,FULL_2012_2026,212,0.7311320754716981,0.6798245614035088,-0.08608490566037735,-0.10566295114980469,-0.11545197389451835,-18.25,22.75,4,15
ADX20_SUPPORT,1.75,0.3,TRAIN_2012_2021,150,0.72,0.7714285714285712,-0.06399999999999999,-0.0831700714477551,-0.09275510717163264,-9.599999999999998,14.900000000000006,4,10
ADX20_SUPPORT,1.75,0.3,OOS_2022_2026,62,0.6451612903225806,0.5454545454545454,-0.16129032258064516,-0.18185540204186015,-0.1921379417724676,-10.0,10.9,1,5
ADX20_SUPPORT,1.75,0.3,YTD_2026,11,0.5454545454545454,0.36,-0.29090909090909095,-0.3125684624239369,-0.3233981481813598,-3.2,3.1999999999999997,0,1
ADX20_SUPPORT,1.75,0.3,FULL_2012_2026,212,0.6981132075471698,0.69375,-0.09245283018867925,-0.11203087567810657,-0.12181989842282022,-19.6,24.099999999999973,5,15
ADX20_SUPPORT,1.75,0.4,TRAIN_2012_2021,150,0.64,0.7361143915923668,-0.09177203505859911,-0.11094210650635422,-0.12052714223023173,-13.765805258789868,17.463432920768096,2,10
ADX20_SUPPORT,1.75,0.4,OOS_2022_2026,62,0.6129032258064516,0.6333333333333334,-0.14193548387096774,-0.1625005633321827,-0.17278310306279018,-8.8,9.999999999999993,1,5
ADX20_SUPPORT,1.75,0.4,YTD_2026,11,0.5454545454545454,0.48,-0.23636363636363633,-0.25802300787848226,-0.26885269363590525,-2.5999999999999996,2.5999999999999996,0,1
ADX20_SUPPORT,1.75,0.4,FULL_2012_2026,212,0.6320754716981132,0.7037278712918789,-0.10644247763580127,-0.12602052312522857,-0.1358095458699422,-22.56580525878987,24.86343292076812,3,15
ADX20_SUPPORT,1.75,0.5,TRAIN_2012_2021,150,0.6,0.7736504257060846,-0.08777203505859912,-0.10694210650635419,-0.11652714223023176,-13.165805258789868,19.563432920768108,1,10
ADX20_SUPPORT,1.75,0.5,OOS_2022_2026,62,0.5806451612903226,0.7139314307414579,-0.11633073106524339,-0.13689581052645833,-0.14717835025706585,-7.21250532604509,9.5,1,5
ADX20_SUPPORT,1.75,0.5,YTD_2026,11,0.5454545454545454,0.6,-0.18181818181818182,-0.20347755333302775,-0.2143072390904507,-2.0,2.5,0,1
ADX20_SUPPORT,1.75,0.5,FULL_2012_2026,212,0.5943396226415094,0.755592186482351,-0.09612410653224036,-0.1157021520216677,-0.12549117476638133,-20.378310584834956,25.275938246813197,2,15
ADX20_SUPPORT,1.75,0.6,TRAIN_2012_2021,150,0.5533333333333333,0.7642044750652833,-0.10243870172526574,-0.12160877317302095,-0.1311938088968984,-15.36580525878986,20.06343292076812,2,10
ADX20_SUPPORT,1.75,0.6,OOS_2022_2026,62,0.5,0.615639113647607,-0.18729847300072727,-0.2078635524619422,-0.21814609219254977,-11.61250532604509,13.200000000000006,1,5
ADX20_SUPPORT,1.75,0.6,YTD_2026,11,0.36363636363636365,0.34285714285714286,-0.41818181818181815,-0.43984118969666414,-0.45067087545408707,-4.6,4.6,0,1
ADX20_SUPPORT,1.75,0.6,FULL_2012_2026,212,0.5377358490566038,0.7171441764966163,-0.12725618200393846,-0.1468342274933658,-0.15662325023807946,-26.978310584834954,30.27593824681318,3,15
ADX20_SUPPORT,1.75,0.75,TRAIN_2012_2021,150,0.52,0.821998866755155,-0.083263952340678,-0.1024340237884331,-0.11201905951231061,-12.489592851101701,19.387220513079942,2,10
ADX20_SUPPORT,1.75,0.75,OOS_2022_2026,62,0.45161290322580644,0.6111897716231394,-0.20828002872237567,-0.2288451081835906,-0.2391276479141981,-12.913361780787291,14.450856454742201,1,5
ADX20_SUPPORT,1.75,0.75,YTD_2026,11,0.36363636363636365,0.42857142857142855,-0.36363636363636365,-0.38529573515120946,-0.3961254209086325,-4.0,4.0,0,1
ADX20_SUPPORT,1.75,0.75,FULL_2012_2026,212,0.5,0.7542719116981248,-0.11982525769758957,-0.13940330318701694,-0.14919232593173054,-25.40295463188899,30.55058229386723,3,15
ADX20_SUPPORT,1.75,1.0,TRAIN_2012_2021,150,0.43333333333333335,0.7706594162016548,-0.12632938684832634,-0.14549945829608144,-0.15508449401995894,-18.94940802724895,25.359020759593516,2,10
ADX20_SUPPORT,1.75,1.0,OOS_2022_2026,62,0.4032258064516129,0.6611139378940624,-0.1926562330248838,-0.21322131248609877,-0.22350385221670624,-11.944686447542795,15.781324666755502,2,5
ADX20_SUPPORT,1.75,1.0,YTD_2026,11,0.36363636363636365,0.5714285714285714,-0.2727272727272727,-0.2943866442421186,-0.3052163299995416,-3.0,3.0,0,1
ADX20_SUPPORT,1.75,1.0,FULL_2012_2026,212,0.42452830188679247,0.7379025085354811,-0.14572686073014973,-0.16530490621957708,-0.1750939289642907,-30.894094474791743,37.30370720713631,4,15
ADX20_SUPPORT,2.0,0.2,TRAIN_2012_2021,150,0.8133333333333334,0.8714285714285716,-0.023999999999999997,-0.04077381251678568,-0.04916071877517856,-3.5999999999999996,8.4,4,10
ADX20_SUPPORT,2.0,0.2,OOS_2022_2026,62,0.7580645161290323,0.6266666666666664,-0.09032258064516129,-0.1083170251737244,-0.11731424743800592,-5.6,7.599999999999999,2,5
ADX20_SUPPORT,2.0,0.2,YTD_2026,11,0.5454545454545454,0.24,-0.34545454545454546,-0.3644064955300356,-0.37388247056778073,-3.8,3.8,0,1
ADX20_SUPPORT,2.0,0.2,FULL_2012_2026,212,0.7971698113207547,0.786046511627907,-0.04339622641509435,-0.06052701621834323,-0.0690924111199677,-9.200000000000003,13.59999999999999,6,15
ADX20_SUPPORT,2.0,0.25,TRAIN_2012_2021,150,0.78,0.8863636363636364,-0.025,-0.04177381251678569,-0.05016071877517857,-3.75,9.0,3,10
ADX20_SUPPORT,2.0,0.25,OOS_2022_2026,62,0.7419354838709677,0.71875,-0.07258064516129033,-0.09057508968985341,-0.09957231195413498,-4.5,6.25,1,5
ADX20_SUPPORT,2.0,0.25,YTD_2026,11,0.5454545454545454,0.3,-0.3181818181818182,-0.3371337682573084,-0.3466097432950535,-3.5,3.5,0,1
ADX20_SUPPORT,2.0,0.25,FULL_2012_2026,212,0.7688679245283019,0.8316326530612245,-0.03891509433962264,-0.05604588414287154,-0.064611279044496,-8.25,12.75,4,15
ADX20_SUPPORT,2.0,0.3,TRAIN_2012_2021,150,0.7466666666666667,0.8842105263157893,-0.029333333333333336,-0.04610714585011904,-0.054494052108511916,-4.4,8.700000000000001,4,10
ADX20_SUPPORT,2.0,0.3,OOS_2022_2026,62,0.7419354838709677,0.8625000000000003,-0.03548387096774193,-0.05347831549630504,-0.062475537760586584,-2.1999999999999997,4.899999999999999,1,5
ADX20_SUPPORT,2.0,0.3,YTD_2026,11,0.5454545454545454,0.36,-0.29090909090909095,-0.3098610409845811,-0.31933701602232617,-3.2,3.1999999999999997,0,1
ADX20_SUPPORT,2.0,0.3,FULL_2012_2026,212,0.7452830188679245,0.8777777777777778,-0.03113207547169812,-0.048262865274947025,-0.05682826017657149,-6.600000000000001,9.800000000000011,5,15
ADX20_SUPPORT,2.0,0.4,TRAIN_2012_2021,150,0.6466666666666666,0.7604848973795806,-0.08146719734294089,-0.09824100985972659,-0.10662791611811945,-12.220079601441133,17.85550380567209,3,10
ADX20_SUPPORT,2.0,0.4,OOS_2022_2026,62,0.6774193548387096,0.8756411261768622,-0.038482938069184736,-0.05647738259774781,-0.06547460486202937,-2.3859421602894537,5.0,2,5
ADX20_SUPPORT,2.0,0.4,YTD_2026,11,0.5454545454545454,0.48,-0.23636363636363633,-0.25531558643912655,-0.26479156147687166,-2.5999999999999996,2.5999999999999996,0,1
ADX20_SUPPORT,2.0,0.4,FULL_2012_2026,212,0.6556603773584906,0.7919548580704174,-0.06889632906476692,-0.08602711886801583,-0.09459251376964029,-14.606021761730588,18.441445965961524,5,15
ADX20_SUPPORT,2.0,0.5,TRAIN_2012_2021,150,0.6133333333333333,0.8211341420303271,-0.06680053067627423,-0.08357434319305992,-0.09196124945145281,-10.020079601441134,16.055503805672096,1,10
ADX20_SUPPORT,2.0,0.5,OOS_2022_2026,62,0.5967741935483871,0.7649071463659944,-0.09170874452079764,-0.10970318904936072,-0.11870041131364228,-5.6859421602894535,8.5,2,5
ADX20_SUPPORT,2.0,0.5,YTD_2026,11,0.36363636363636365,0.2857142857142857,-0.45454545454545453,-0.47349740462094464,-0.48297337965868986,-5.0,5.0,0,1
ADX20_SUPPORT,2.0,0.5,FULL_2012_2026,212,0.6084905660377359,0.8041790202687183,-0.07408500831004994,-0.09121579811329886,-0.0997811930149233,-15.706021761730588,20.241445965961553,3,15
ADX20_SUPPORT,2.0,0.6,TRAIN_2012_2021,150,0.5866666666666667,0.8695704204876458,-0.0521892916314266,-0.0689631041482123,-0.07735001040660515,-7.828393744713989,14.263817948944956,3,10
ADX20_SUPPORT,2.0,0.6,OOS_2022_2026,62,0.5967741935483871,0.9178885756391936,-0.032031325165958933,-0.05002576969452203,-0.05902299195880359,-1.9859421602894538,6.4,3,5
ADX20_SUPPORT,2.0,0.6,YTD_2026,11,0.36363636363636365,0.34285714285714286,-0.41818181818181815,-0.43713376825730843,-0.4466097432950535,-4.6,4.6,0,1
ADX20_SUPPORT,2.0,0.6,FULL_2012_2026,212,0.589622641509434,0.8834485266056846,-0.04629403728775207,-0.06342482709100099,-0.07199022199262545,-9.814335905003439,14.849760109234424,6,15
ADX20_SUPPORT,2.0,0.75,TRAIN_2012_2021,150,0.5333333333333333,0.8687388518650774,-0.05952262496475991,-0.07629643748154563,-0.0846833437399385,-8.928393744713986,14.590140224573007,3,10
ADX20_SUPPORT,2.0,0.75,OOS_2022_2026,62,0.5161290322580645,0.7735000614907237,-0.10662280813936864,-0.12461725266793175,-0.1336144749322133,-6.610614104640856,10.778555209966864,2,5
ADX20_SUPPORT,2.0,0.75,YTD_2026,11,0.36363636363636365,0.42857142857142855,-0.36363636363636365,-0.38258831371185376,-0.3920642887495989,-4.0,4.0,0,1
ADX20_SUPPORT,2.0,0.75,FULL_2012_2026,212,0.5283018867924528,0.8401435675719376,-0.07329720683657945,-0.09042799663982834,-0.09899339154145281,-15.539007849354844,20.700754329213865,5,15
ADX20_SUPPORT,2.0,1.0,TRAIN_2012_2021,150,0.46,0.8470721629490745,-0.0790290924896147,-0.09580290500640042,-0.10418981126479328,-11.854363873442205,19.40778842890696,4,10
ADX20_SUPPORT,2.0,1.0,OOS_2022_2026,62,0.45161290322580644,0.8016293504363232,-0.10307609642072674,-0.12107054094928986,-0.1300677632135714,-6.390717978085058,9.808659083411065,3,5
ADX20_SUPPORT,2.0,1.0,YTD_2026,11,0.36363636363636365,0.5714285714285714,-0.2727272727272727,-0.29167922280276287,-0.30115519784050804,-3.0,3.0,0,1
ADX20_SUPPORT,2.0,1.0,FULL_2012_2026,212,0.45754716981132076,0.8337306920635493,-0.0860617068468267,-0.10319249665007561,-0.11175789155170007,-18.24508185152726,22.79850640699202,7,15
ADX20_SUPPORT,2.25,0.2,TRAIN_2012_2021,150,0.8333333333333334,1.0,-1.4802973661668755e-18,-0.01491005557047617,-0.02236508335571427,-2.220446049250313e-16,5.2,4,10
ADX20_SUPPORT,2.25,0.2,OOS_2022_2026,62,0.8064516129032258,0.8333333333333331,-0.03225806451612904,-0.04825312631929622,-0.05625065722087982,-2.0000000000000004,4.4,3,5
ADX20_SUPPORT,2.25,0.2,YTD_2026,11,0.6363636363636364,0.35,-0.23636363636363636,-0.25320981420851657,-0.2616329031309566,-2.6,2.6,0,1
ADX20_SUPPORT,2.25,0.2,FULL_2012_2026,212,0.8254716981132075,0.9459459459459457,-0.009433962264150955,-0.024661330978149966,-0.03227501533514947,-2.0000000000000027,6.399999999999999,7,15
ADX20_SUPPORT,2.25,0.25,TRAIN_2012_2021,150,0.78,0.8863636363636364,-0.025,-0.03991005557047618,-0.047365083355714294,-3.75,9.0,4,10
ADX20_SUPPORT,2.25,0.25,OOS_2022_2026,62,0.7903225806451613,0.9423076923076923,-0.012096774193548387,-0.02809183599671558,-0.036089366898299176,-0.75,3.5,3,5
ADX20_SUPPORT,2.25,0.25,YTD_2026,11,0.6363636363636364,0.4375,-0.20454545454545456,-0.2213916323903347,-0.22981472131277478,-2.25,2.25,0,1
ADX20_SUPPORT,2.25,0.25,FULL_2012_2026,212,0.7830188679245284,0.9021739130434783,-0.02122641509433962,-0.036453783808338656,-0.04406746816533817,-4.5,9.5,7,15
ADX20_SUPPORT,2.25,0.3,TRAIN_2012_2021,150,0.7266666666666667,0.8404713981554823,-0.04137824949002154,-0.056288305060497736,-0.0637433328457358,-6.206737423503231,9.04933671615298,3,10
ADX20_SUPPORT,2.25,0.3,OOS_2022_2026,62,0.7580645161290323,0.9400000000000003,-0.014516129032258074,-0.030511190835425268,-0.03850872173700888,-0.9000000000000006,3.2,2,5
ADX20_SUPPORT,2.25,0.3,YTD_2026,11,0.6363636363636364,0.525,-0.17272727272727273,-0.18957345057215297,-0.197996539494593,-1.9,1.8999999999999997,0,1
ADX20_SUPPORT,2.25,0.3,FULL_2012_2026,212,0.7358490566037735,0.8681660630345492,-0.033522346337279386,-0.04874971505127842,-0.05636339940827794,-7.106737423503231,9.149336716152986,5,15
ADX20_SUPPORT,2.25,0.4,TRAIN_2012_2021,150,0.6466666666666666,0.7621780920119692,-0.08071158282335485,-0.09562163839383106,-0.10307666617906916,-12.106737423503228,17.849336716152965,3,10
ADX20_SUPPORT,2.25,0.4,OOS_2022_2026,62,0.7096774193548387,1.0253254261574158,0.0070115819313339885,-0.008983479871833192,-0.016981010773416776,0.43471807974270726,4.0,3,5
ADX20_SUPPORT,2.25,0.4,YTD_2026,11,0.6363636363636364,0.7,-0.10909090909090907,-0.12593708693578928,-0.13436017585822935,-1.1999999999999997,1.2,0,1
ADX20_SUPPORT,2.25,0.4,FULL_2012_2026,212,0.6650943396226415,0.8285342574484623,-0.055056695017738314,-0.07028406373173735,-0.07789774808873683,-11.672019343760523,18.214618636410254,6,15
ADX20_SUPPORT,2.25,0.5,TRAIN_2012_2021,150,0.6066666666666667,0.7995538324642717,-0.07604491615668821,-0.09095497172716442,-0.09840999951240247,-11.40673742350323,15.549336716152975,3,10
ADX20_SUPPORT,2.25,0.5,OOS_2022_2026,62,0.6451612903225806,0.9609683503446701,-0.013102257450008413,-0.02909731925317562,-0.03709485015475919,-0.8123399619005216,5.0,2,5
ADX20_SUPPORT,2.25,0.5,YTD_2026,11,0.45454545454545453,0.4427083946303,-0.28609618560392996,-0.3029423634488102,-0.31136545237125024,-3.1470580416432297,3.1470580416432297,0,1
ADX20_SUPPORT,2.25,0.5,FULL_2012_2026,212,0.6179245283018868,0.8427789186841456,-0.05763715747831959,-0.0728645261923186,-0.08047821054931811,-12.219077385403752,16.21461863641027,5,15
ADX20_SUPPORT,2.25,0.6,TRAIN_2012_2021,150,0.5666666666666667,0.8073472171449279,-0.08006000193995949,-0.09497005751043569,-0.10242508529567376,-12.009000290993924,16.86388605086862,3,10
ADX20_SUPPORT,2.25,0.6,OOS_2022_2026,62,0.5806451612903226,0.8438053467403746,-0.06250894898240325,-0.07850401078557047,-0.08650154168715407,-3.875554836909002,7.800000000000001,2,5
ADX20_SUPPORT,2.25,0.6,YTD_2026,11,0.45454545454545453,0.53125007355636,-0.24064164014938452,-0.25748781799426473,-0.26591090691670477,-2.6470580416432297,2.84705804164323,0,1
ADX20_SUPPORT,2.25,0.6,FULL_2012_2026,212,0.5707547169811321,0.8177274776912117,-0.07492714682973077,-0.0901545155437298,-0.09776819990072932,-15.884555127902924,19.892382846134403,5,15
ADX20_SUPPORT,2.25,0.75,TRAIN_2012_2021,150,0.49333333333333335,0.7523896208974546,-0.11962941396442671,-0.13453946953490292,-0.14199449732014097,-17.944412094664006,21.449297854538692,4,10
ADX20_SUPPORT,2.25,0.75,OOS_2022_2026,62,0.532258064516129,0.8353710967930605,-0.0738502423152615,-0.08984530411842871,-0.09784283502001234,-4.578715023546213,10.700218228280441,2,5
ADX20_SUPPORT,2.25,0.75,YTD_2026,11,0.45454545454545453,0.66406259194545,-0.17245982196756635,-0.18930599981244656,-0.19772908873488662,-1.8970580416432297,2.3970580416432297,0,1
ADX20_SUPPORT,2.25,0.75,FULL_2012_2026,212,0.5047169811320755,0.7754036515556941,-0.10624116565193499,-0.12146853436593401,-0.12908221872293357,-22.52312711821022,26.528012878084905,6,15
ADX20_SUPPORT,2.25,1.0,TRAIN_2012_2021,150,0.44666666666666666,0.7616154564311385,-0.12396161787132473,-0.13887167344180093,-0.146326701227039,-18.59424268069871,22.50090726776737,4,10
ADX20_SUPPORT,2.25,1.0,OOS_2022_2026,62,0.43548387096774194,0.7891883716365454,-0.10622137458299426,-0.12221643638616148,-0.13021396728774512,-6.585725224145644,12.957228428879873,3,5
ADX20_SUPPORT,2.25,1.0,YTD_2026,11,0.2727272727272727,0.4960467917904266,-0.27707423237448087,-0.293920410219361,-0.3023434991418012,-3.0478165561192894,4.047816556119289,0,1
ADX20_SUPPORT,2.25,1.0,FULL_2012_2026,212,0.44339622641509435,0.7695005429610889,-0.11877343351341678,-0.13400080222741578,-0.14161448658441533,-25.179967904844357,27.988278116711435,7,15
ADX20_SUPPORT,2.5,0.2,TRAIN_2012_2021,150,0.8133333333333334,0.8714285714285716,-0.024000000000000004,-0.03741905001342855,-0.044128575020142835,-3.6000000000000005,8.399999999999999,4,10
ADX20_SUPPORT,2.5,0.2,OOS_2022_2026,62,0.7903225806451613,0.7538461538461537,-0.051612903225806445,-0.06600845884865691,-0.07320623666008215,-3.1999999999999997,4.3999999999999995,2,5
ADX20_SUPPORT,2.5,0.2,YTD_2026,11,0.6363636363636364,0.35,-0.23636363636363636,-0.2515251964240285,-0.2591059764542246,-2.6,2.6,0,1
ADX20_SUPPORT,2.5,0.2,FULL_2012_2026,212,0.8066037735849056,0.8341463414634145,-0.032075471698113214,-0.04578010354071232,-0.05263241946201188,-6.800000000000001,9.999999999999986,6,15
ADX20_SUPPORT,2.5,0.25,TRAIN_2012_2021,150,0.7933333333333333,0.9596774193548387,-0.008333333333333333,-0.021752383346761894,-0.028461908353476194,-1.25,6.25,6,10
ADX20_SUPPORT,2.5,0.25,OOS_2022_2026,62,0.7903225806451613,0.9423076923076923,-0.012096774193548387,-0.02649232981639886,-0.03369010762782411,-0.75,3.5,3,5
ADX20_SUPPORT,2.5,0.25,YTD_2026,11,0.6363636363636364,0.4375,-0.20454545454545456,-0.21970701460584668,-0.2272877946360428,-2.25,2.25,0,1
ADX20_SUPPORT,2.5,0.25,FULL_2012_2026,212,0.7924528301886793,0.9545454545454546,-0.009433962264150943,-0.023138594106750072,-0.02999091002804963,-2.0,6.25,9,15
ADX20_SUPPORT,2.5,0.3,TRAIN_2012_2021,150,0.7133333333333334,0.8146295291645194,-0.04869609968531026,-0.06211514969873884,-0.0688246747054531,-7.304414952796539,12.43275431618131,4,10
ADX20_SUPPORT,2.5,0.3,OOS_2022_2026,62,0.7580645161290323,0.9400000000000003,-0.014516129032258074,-0.028911684655108523,-0.036109462466533813,-0.9000000000000006,3.2,2,5
ADX20_SUPPORT,2.5,0.3,YTD_2026,11,0.6363636363636364,0.525,-0.17272727272727273,-0.1878888327876649,-0.195469612817861,-1.9,1.8999999999999997,0,1
ADX20_SUPPORT,2.5,0.3,FULL_2012_2026,212,0.7264150943396226,0.8491957875125571,-0.03870007053205914,-0.052404702374658274,-0.05925701829595784,-8.204414952796538,12.43275431618131,6,15
ADX20_SUPPORT,2.5,0.4,TRAIN_2012_2021,150,0.66,0.8353652299987695,-0.05202943301864357,-0.06544848303207212,-0.07215800803878643,-7.804414952796536,13.632754316181307,5,10
ADX20_SUPPORT,2.5,0.4,OOS_2022_2026,62,0.6451612903225806,0.8323031841900309,-0.05199619375539744,-0.0663917493782479,-0.07358952718967314,-3.2237640128346414,5.275010284603079,2,5
ADX20_SUPPORT,2.5,0.4,YTD_2026,11,0.45454545454545453,0.3582719102840484,-0.3256683852253552,-0.34082994528574734,-0.3484107253159434,-3.582352237478907,3.582352237478907,0,1
ADX20_SUPPORT,2.5,0.4,FULL_2012_2026,212,0.6556603773584906,0.8344817592670535,-0.05201971210203387,-0.06572434394463297,-0.07257665986593255,-11.02817896563118,13.856518329015925,7,15
ADX20_SUPPORT,2.5,0.5,TRAIN_2012_2021,150,0.6266666666666667,0.8868212483097606,-0.03954044178276547,-0.05295949179619403,-0.059669016802908315,-5.9310662674148205,11.65940563079959,4,10
ADX20_SUPPORT,2.5,0.5,OOS_2022_2026,62,0.6290322580645161,0.9411898037180726,-0.019183282760551354,-0.03357883838340182,-0.040776616194827045,-1.189363531154184,5.256763041007164,2,5
ADX20_SUPPORT,2.5,0.5,YTD_2026,11,0.45454545454545453,0.44783988785506057,-0.2802138397708097,-0.29537539983120187,-0.30295617986139795,-3.082352237478907,3.082352237478907,0,1
ADX20_SUPPORT,2.5,0.5,FULL_2012_2026,212,0.6273584905660378,0.901960507615942,-0.03358693301211794,-0.04729156485471705,-0.05414388077601663,-7.1204297985690035,11.65940563079959,6,15
ADX20_SUPPORT,2.5,0.6,TRAIN_2012_2021,150,0.5866666666666667,0.9010819986938343,-0.038109676890254414,-0.05152872690368299,-0.05823825191039726,-5.716451533538162,11.944790896922932,4,10
ADX20_SUPPORT,2.5,0.6,OOS_2022_2026,62,0.5645161290322581,0.8198669056549668,-0.07037905755348008,-0.08477461317633056,-0.0919723909877558,-4.3635015683157645,7.897854452576569,2,5
ADX20_SUPPORT,2.5,0.6,YTD_2026,11,0.45454545454545453,0.5374078654260727,-0.23475929431626427,-0.24992085437665637,-0.25750163440685253,-2.582352237478907,2.7823522374789067,0,1
ADX20_SUPPORT,2.5,0.6,FULL_2012_2026,212,0.5801886792452831,0.8770940734465588,-0.04754694859365059,-0.0612515804362497,-0.06810389635754928,-10.079953101853926,13.908292465238713,6,15
ADX20_SUPPORT,2.5,0.75,TRAIN_2012_2021,150,0.5,0.8004266228602581,-0.09067330519753761,-0.10409235521096617,-0.11080188021768048,-13.60099577963064,19.09996728089254,4,10
ADX20_SUPPORT,2.5,0.75,OOS_2022_2026,62,0.5,0.7949348202011006,-0.09012233333985688,-0.10451788896270735,-0.1117156667741326,-5.587584667071126,9.921937551331931,2,5
ADX20_SUPPORT,2.5,0.75,YTD_2026,11,0.45454545454545453,0.6717598317825908,-0.1665774761344461,-0.18173903619483822,-0.18931981622503435,-1.832352237478907,2.332352237478907,0,1
ADX20_SUPPORT,2.5,0.75,FULL_2012_2026,212,0.5,0.7988580418851632,-0.09051217191840456,-0.10421680376100369,-0.11106911968230325,-19.188580446701767,22.10131628166612,6,15
ADX20_SUPPORT,2.5,1.0,TRAIN_2012_2021,150,0.47333333333333333,0.8784623263012592,-0.05661427568726893,-0.0700333257006975,-0.07674285070741177,-8.49214135309034,19.04101499113443,4,10
ADX20_SUPPORT,2.5,1.0,OOS_2022_2026,62,0.41935483870967744,0.7510761077826394,-0.12289023171853222,-0.13728578734138266,-0.14448356515280797,-7.619194366548998,11.454163633116059,2,5
ADX20_SUPPORT,2.5,1.0,YTD_2026,11,0.2727272727272727,0.5047925933842132,-0.267548627318851,-0.2827101873792431,-0.29029096740943916,-2.9430349005073606,3.94303490050736,0,1
ADX20_SUPPORT,2.5,1.0,FULL_2012_2026,212,0.45754716981132076,0.8396579391238631,-0.07599686660207233,-0.08970149844467146,-0.09655381436597103,-16.111335719639335,20.835454753704454,6,15
ADX20_SUPPORT,3.0,0.2,TRAIN_2012_2021,150,0.82,0.9111111111111112,-0.016,-0.027182541677857136,-0.03277381251678569,-2.4,6.0,6,10
ADX20_SUPPORT,3.0,0.2,OOS_2022_2026,62,0.8064516129032258,0.8333333333333331,-0.03225806451612903,-0.044254360868504414,-0.05025250904469212,-2.0,3.4000000000000004,2,5
ADX20_SUPPORT,3.0,0.2,YTD_2026,11,0.6363636363636364,0.35,-0.23636363636363636,-0.24899826974729644,-0.2553155864391266,-2.6,2.6,0,1
ADX20_SUPPORT,3.0,0.2,FULL_2012_2026,212,0.8160377358490566,0.887179487179487,-0.02075471698113208,-0.032175243516631334,-0.03788550678438097,-4.400000000000001,6.599999999999993,8,15
ADX20_SUPPORT,3.0,0.25,TRAIN_2012_2021,150,0.7466666666666667,0.8194239580952356,-0.04113563862664743,-0.05231818030450457,-0.057909451143433134,-6.1703457939971145,10.527295263484422,4,10
ADX20_SUPPORT,3.0,0.25,OOS_2022_2026,62,0.7741935483870968,0.8746356982111384,-0.027741902669161374,-0.03973819902153678,-0.04573634719772448,-1.7199979654880053,3.25,2,5
ADX20_SUPPORT,3.0,0.25,YTD_2026,11,0.6363636363636364,0.4375,-0.20454545454545456,-0.21718008792911467,-0.22349740462094478,-2.25,2.25,0,1
ADX20_SUPPORT,3.0,0.25,FULL_2012_2026,212,0.7547169811320755,0.835241446603265,-0.03721860263908076,-0.048639129174580034,-0.054349392442329655,-7.890343759485121,10.527295263484422,6,15
ADX20_SUPPORT,3.0,0.3,TRAIN_2012_2021,150,0.7066666666666667,0.8610373338482983,-0.034214643275097704,-0.04539718495295483,-0.050988455791883394,-5.132196491264655,11.251995584551933,4,10
ADX20_SUPPORT,3.0,0.3,OOS_2022_2026,62,0.7258064516129032,0.8965376548640515,-0.02512788075032705,-0.037124177102702466,-0.04312232527889015,-1.557928606520277,3.513969200839304,2,5
ADX20_SUPPORT,3.0,0.3,YTD_2026,11,0.6363636363636364,0.525,-0.17272727272727273,-0.18536190611093287,-0.19167922280276295,-1.9,1.8999999999999997,0,1
ADX20_SUPPORT,3.0,0.3,FULL_2012_2026,212,0.7122641509433962,0.8713193114038117,-0.03155719385747609,-0.04297772039297538,-0.048687983660725014,-6.6901250977849305,11.251995584551933,6,15
ADX20_SUPPORT,3.0,0.4,TRAIN_2012_2021,150,0.6666666666666666,0.9222555674707748,-0.022251595022977043,-0.03343413670083416,-0.03902540753976274,-3.337739253446556,7.416321654606668,4,10
ADX20_SUPPORT,3.0,0.4,OOS_2022_2026,62,0.6612903225806451,0.9244748412825733,-0.02160969854059473,-0.033605994892970094,-0.0396041430691578,-1.3398013095168733,4.085293531232423,3,5
ADX20_SUPPORT,3.0,0.4,YTD_2026,11,0.45454545454545453,0.3646112990330064,-0.31684486647567484,-0.32947949985933495,-0.33579681655116494,-3.485293531232423,3.485293531232423,0,1
ADX20_SUPPORT,3.0,0.4,FULL_2012_2026,212,0.6650943396226415,0.9229044578633738,-0.022063870580016166,-0.03348439711551544,-0.039194660383265065,-4.6775405629634275,7.940283094799638,7,15
ADX20_SUPPORT,3.0,0.5,TRAIN_2012_2021,150,0.6333333333333333,0.9924049059971142,-0.0023926242792178224,-0.013575165957074952,-0.019166436796003522,-0.35889364188267336,7.6744785801575155,4,10
ADX20_SUPPORT,3.0,0.5,OOS_2022_2026,62,0.5967741935483871,0.8072851473616227,-0.06757391299598615,-0.07957020934836155,-0.08556835752454924,-4.189582605751141,5.968210009301813,2,5
ADX20_SUPPORT,3.0,0.5,YTD_2026,11,0.45454545454545453,0.4557641237912579,-0.2713903210211293,-0.2840249544047894,-0.2903422710966195,-2.9852935312324225,2.9852935312324225,0,1
ADX20_SUPPORT,3.0,0.5,FULL_2012_2026,212,0.6226415094339622,0.9340735115977978,-0.02145507663978215,-0.03287560317528141,-0.038585866443031046,-4.548476247633816,8.364061185908657,6,15
ADX20_SUPPORT,3.0,0.6,TRAIN_2012_2021,150,0.5533333333333333,0.8880751451036353,-0.041165416742814036,-0.05234795842067119,-0.05793922925959977,-6.174812511422106,11.67305311513309,3,10
ADX20_SUPPORT,3.0,0.6,OOS_2022_2026,62,0.5483870967741935,0.8248511060504062,-0.06558641409407441,-0.07758271044644983,-0.08358085862263753,-4.066357673832614,7.544985077383287,1,5
ADX20_SUPPORT,3.0,0.6,YTD_2026,11,0.45454545454545453,0.5469169485495096,-0.2259357755665838,-0.23857040895024395,-0.2448877256420741,-2.485293531232422,2.685293531232422,0,1
ADX20_SUPPORT,3.0,0.6,FULL_2012_2026,212,0.5518867924528302,0.8693492423532276,-0.04830740653422038,-0.05972793306971968,-0.0654381963374693,-10.24117018525472,11.860969278542013,4,15
ADX20_SUPPORT,3.0,0.75,TRAIN_2012_2021,150,0.5266666666666666,0.9052123495432635,-0.03652450270785254,-0.04770704438570968,-0.05329831522463825,-5.4786754061778815,11.784091547667003,4,10
ADX20_SUPPORT,3.0,0.75,OOS_2022_2026,62,0.4838709677419355,0.8128103270956346,-0.07704106573095787,-0.08903736208333327,-0.09503551025952095,-4.776546075319388,9.05517347887006,2,5
ADX20_SUPPORT,3.0,0.75,YTD_2026,11,0.2727272727272727,0.3888789324395731,-0.32144203791722425,-0.33407667130088436,-0.3403939879927145,-3.535862417089467,4.035862417089467,0,1
ADX20_SUPPORT,3.0,0.75,FULL_2012_2026,212,0.5141509433962265,0.8769126402114452,-0.04837368623347769,-0.05979421276897695,-0.06550447603672659,-10.25522148149727,12.258430331161495,6,15
ADX20_SUPPORT,3.0,1.0,TRAIN_2012_2021,150,0.47333333333333333,0.9568982883397605,-0.017742652999541347,-0.028925194677398482,-0.03451646551632705,-2.661397949931202,15.8211999545712,5,10
ADX20_SUPPORT,3.0,1.0,OOS_2022_2026,62,0.45161290322580644,0.8154080654219842,-0.08192650126202437,-0.09392279761439974,-0.09992094579058745,-5.079443078245511,7.955481638052541,2,5
ADX20_SUPPORT,3.0,1.0,YTD_2026,11,0.2727272727272727,0.5185052432527641,-0.25326021973540613,-0.26589485311906624,-0.2722121698108963,-2.7858624170894672,3.7858624170894672,0,1
ADX20_SUPPORT,3.0,1.0,FULL_2012_2026,212,0.4669811320754717,0.9132815541296958,-0.03651340107630525,-0.04793392761180452,-0.05364419087955415,-7.740841028176713,15.8211999545712,7,15
ADX25_SUPPORT,0.75,0.2,TRAIN_2012_2021,124,0.16129032258064516,0.03846153846153847,-0.8064516129032256,-0.8512631977243038,-0.8736689901348428,-99.99999999999999,100.19999999999997,0,10
ADX25_SUPPORT,0.75,0.2,OOS_2022_2026,49,0.1836734693877551,0.045,-0.7795918367346939,-0.8277188249553109,-0.8517823190656192,-38.2,38.39999999999999,0,5
ADX25_SUPPORT,0.75,0.2,YTD_2026,9,0.3333333333333333,0.10000000000000002,-0.6000000000000001,-0.6493739968228418,-0.6740609952342628,-5.4,6.0,0,1
ADX25_SUPPORT,0.75,0.2,FULL_2012_2026,173,0.1676300578034682,0.04027777777777779,-0.7988439306358381,-0.8445945603504271,-0.8674698752077215,-138.2,138.20000000000002,0,15
ADX25_SUPPORT,0.75,0.25,TRAIN_2012_2021,124,0.16129032258064516,0.04807692307692308,-0.7983870967741935,-0.8431986815952714,-0.8656044740058103,-99.0,99.25,0,10
ADX25_SUPPORT,0.75,0.25,OOS_2022_2026,49,0.1836734693877551,0.05625,-0.7704081632653061,-0.818535151485923,-0.8425986455962313,-37.75,38.0,0,5
ADX25_SUPPORT,0.75,0.25,YTD_2026,9,0.3333333333333333,0.125,-0.5833333333333334,-0.6327073301561752,-0.657394328567596,-5.25,6.0,0,1
ADX25_SUPPORT,0.75,0.25,FULL_2012_2026,173,0.1676300578034682,0.050347222222222224,-0.7904624277456648,-0.8362130574602538,-0.8590883723175483,-136.75,136.75,0,15
ADX25_SUPPORT,0.75,0.3,TRAIN_2012_2021,124,0.16129032258064516,0.05769230769230768,-0.7903225806451614,-0.8351341654662392,-0.8575399578767781,-98.00000000000001,98.30000000000003,0,10
ADX25_SUPPORT,0.75,0.3,OOS_2022_2026,49,0.1836734693877551,0.06749999999999999,-0.7612244897959183,-0.8093514780165354,-0.8334149721268437,-37.3,37.599999999999994,0,5
ADX25_SUPPORT,0.75,0.3,YTD_2026,9,0.3333333333333333,0.15,-0.5666666666666667,-0.6160406634895085,-0.6407276619009294,-5.1,6.0,0,1
ADX25_SUPPORT,0.75,0.3,FULL_2012_2026,173,0.1676300578034682,0.060416666666666674,-0.7820809248554914,-0.8278315545700803,-0.8507068694273747,-135.3,135.29999999999998,0,15
ADX25_SUPPORT,0.75,0.4,TRAIN_2012_2021,124,0.16129032258064516,0.07692307692307694,-0.7741935483870966,-0.8190051332081747,-0.8414109256187137,-95.99999999999999,96.4,0,10
ADX25_SUPPORT,0.75,0.4,OOS_2022_2026,49,0.1836734693877551,0.09,-0.7428571428571429,-0.7909841310777599,-0.8150476251880681,-36.4,36.800000000000004,0,5
ADX25_SUPPORT,0.75,0.4,YTD_2026,9,0.3333333333333333,0.20000000000000004,-0.5333333333333333,-0.5827073301561752,-0.607394328567596,-4.8,6.0,0,1
ADX25_SUPPORT,0.75,0.4,FULL_2012_2026,173,0.1676300578034682,0.08055555555555557,-0.7653179190751446,-0.8110685487897334,-0.8339438636470279,-132.4,132.39999999999995,0,15
ADX25_SUPPORT,0.75,0.5,TRAIN_2012_2021,124,0.1532258064516129,0.09047619047619047,-0.7701612903225806,-0.8149728751436587,-0.8373786675541974,-95.5,96.0,0,10
ADX25_SUPPORT,0.75,0.5,OOS_2022_2026,49,0.16326530612244897,0.0975609756097561,-0.7551020408163265,-0.8032290290369435,-0.8272925231472518,-37.0,37.5,0,5
ADX25_SUPPORT,0.75,0.5,YTD_2026,9,0.2222222222222222,0.14285714285714285,-0.6666666666666666,-0.7160406634895086,-0.7407276619009294,-6.0,7.0,0,1
ADX25_SUPPORT,0.75,0.5,FULL_2012_2026,173,0.15606936416184972,0.09246575342465753,-0.7658959537572254,-0.8116465834718145,-0.834521898329109,-132.5,132.5,0,15
ADX25_SUPPORT,0.75,0.6,TRAIN_2012_2021,124,0.1532258064516129,0.10857142857142855,-0.7548387096774194,-0.7996502944984973,-0.8220560869090362,-93.60000000000001,94.2,0,10
ADX25_SUPPORT,0.75,0.6,OOS_2022_2026,49,0.16326530612244897,0.11707317073170731,-0.7387755102040817,-0.7869024984246987,-0.8109659925350069,-36.2,36.8,0,5
ADX25_SUPPORT,0.75,0.6,YTD_2026,9,0.2222222222222222,0.17142857142857143,-0.6444444444444444,-0.6938184412672863,-0.7185054396787073,-5.8,7.0,0,1
ADX25_SUPPORT,0.75,0.6,FULL_2012_2026,173,0.15606936416184972,0.11095890410958903,-0.7502890173410405,-0.7960396470556294,-0.8189149619129239,-129.8,129.80000000000007,0,15
ADX25_SUPPORT,0.75,0.75,TRAIN_2012_2021,124,0.1532258064516129,0.1357142857142857,-0.7318548387096774,-0.7766664235307554,-0.7990722159412943,-90.75,91.5,0,10
ADX25_SUPPORT,0.75,0.75,OOS_2022_2026,49,0.16326530612244897,0.14634146341463414,-0.7142857142857143,-0.7624127025063312,-0.7864761966166395,-35.0,35.75,0,5
ADX25_SUPPORT,0.75,0.75,YTD_2026,9,0.2222222222222222,0.21428571428571427,-0.6111111111111112,-0.660485107933953,-0.6851721063453738,-5.5,7.0,0,1
ADX25_SUPPORT,0.75,0.75,FULL_2012_2026,173,0.15606936416184972,0.1386986301369863,-0.726878612716763,-0.772629242431352,-0.7955045572886466,-125.75,125.75,0,15
ADX25_SUPPORT,0.75,1.0,TRAIN_2012_2021,124,0.13709677419354838,0.1588785046728972,-0.7258064516129032,-0.7706180364339812,-0.7930238288445202,-90.0,91.0,0,10
ADX25_SUPPORT,0.75,1.0,OOS_2022_2026,49,0.16326530612244897,0.1951219512195122,-0.673469387755102,-0.7215963759757189,-0.7456598700860273,-33.0,34.0,0,5
ADX25_SUPPORT,0.75,1.0,YTD_2026,9,0.2222222222222222,0.2857142857142857,-0.5555555555555556,-0.6049295523783974,-0.6296165507898183,-5.0,7.0,0,1
ADX25_SUPPORT,0.75,1.0,FULL_2012_2026,173,0.14450867052023122,0.16891891891891891,-0.7109826589595376,-0.7567332886741266,-0.7796086035314211,-123.0,123.0,0,15
ADX25_SUPPORT,1.0,0.2,TRAIN_2012_2021,124,0.3870967741935484,0.12631578947368421,-0.5354838709677419,-0.5690925595835502,-0.5858969038914543,-66.39999999999999,66.8,0,10
ADX25_SUPPORT,1.0,0.2,OOS_2022_2026,49,0.4489795918367347,0.162962962962963,-0.46122448979591835,-0.4973197309613811,-0.5153673515441123,-22.599999999999998,22.800000000000008,0,5
ADX25_SUPPORT,1.0,0.2,YTD_2026,9,0.6666666666666666,0.39999999999999997,-0.2,-0.23703049761713135,-0.25554574642569705,-1.8,2.5999999999999996,0,1
ADX25_SUPPORT,1.0,0.2,FULL_2012_2026,173,0.4046242774566474,0.13592233009708732,-0.5144508670520231,-0.5487638393379648,-0.5659203254809356,-89.0,89.19999999999993,0,15
ADX25_SUPPORT,1.0,0.25,TRAIN_2012_2021,124,0.3790322580645161,0.1525974025974026,-0.5262096774193549,-0.5598183660351632,-0.5766227103430672,-65.25,65.75,0,10
ADX25_SUPPORT,1.0,0.25,OOS_2022_2026,49,0.42857142857142855,0.1875,-0.4642857142857143,-0.5003809554511769,-0.5184285760339081,-22.75,23.0,0,5
ADX25_SUPPORT,1.0,0.25,YTD_2026,9,0.6666666666666666,0.5,-0.16666666666666666,-0.20369716428379803,-0.2222124130923637,-1.5,2.5,0,1
ADX25_SUPPORT,1.0,0.25,FULL_2012_2026,173,0.3930635838150289,0.1619047619047619,-0.5086705202312138,-0.5429834925171556,-0.5601399786601264,-88.0,88.25,0,15
ADX25_SUPPORT,1.0,0.3,TRAIN_2012_2021,124,0.3790322580645161,0.18311688311688318,-0.5072580645161291,-0.5408667531319374,-0.5576710974398413,-62.900000000000006,63.5,0,10
ADX25_SUPPORT,1.0,0.3,OOS_2022_2026,49,0.42857142857142855,0.22499999999999995,-0.4428571428571429,-0.47895238402260554,-0.49700000460533683,-21.700000000000003,21.999999999999993,0,5
ADX25_SUPPORT,1.0,0.3,YTD_2026,9,0.6666666666666666,0.6,-0.13333333333333333,-0.1703638309504647,-0.1888790797590304,-1.2,2.4000000000000004,0,1
ADX25_SUPPORT,1.0,0.3,FULL_2012_2026,173,0.3930635838150289,0.1942857142857143,-0.48901734104046246,-0.5233303133264041,-0.5404867994693751,-84.60000000000001,84.90000000000006,0,15
ADX25_SUPPORT,1.0,0.4,TRAIN_2012_2021,124,0.3709677419354839,0.23589743589743578,-0.4806451612903226,-0.514253849906131,-0.5310581942140351,-59.6,60.40000000000002,0,10
ADX25_SUPPORT,1.0,0.4,OOS_2022_2026,49,0.40816326530612246,0.2758620689655173,-0.42857142857142855,-0.4646666697368912,-0.48271429031962254,-21.0,21.400000000000013,0,5
ADX25_SUPPORT,1.0,0.4,YTD_2026,9,0.5555555555555556,0.5,-0.2222222222222222,-0.2592527198393536,-0.2777679686479193,-2.0,2.8,0,1
ADX25_SUPPORT,1.0,0.4,FULL_2012_2026,173,0.3815028901734104,0.24672897196261678,-0.4658959537572254,-0.5002089260431671,-0.517365412186138,-80.6,80.99999999999997,0,15
ADX25_SUPPORT,1.0,0.5,TRAIN_2012_2021,124,0.3629032258064516,0.2848101265822785,-0.45564516129032256,-0.489253849906131,-0.5060581942140352,-56.5,57.5,0,10
ADX25_SUPPORT,1.0,0.5,OOS_2022_2026,49,0.40816326530612246,0.3448275862068966,-0.3877551020408163,-0.42385034320627896,-0.4418979637890103,-19.0,19.5,0,5
ADX25_SUPPORT,1.0,0.5,YTD_2026,9,0.5555555555555556,0.625,-0.16666666666666666,-0.20369716428379803,-0.22221241309236367,-1.5,2.5,0,1
ADX25_SUPPORT,1.0,0.5,FULL_2012_2026,173,0.37572254335260113,0.30092592592592593,-0.43641618497109824,-0.47072915725703995,-0.4878856434000108,-75.5,76.0,0,15
ADX25_SUPPORT,1.0,0.6,TRAIN_2012_2021,124,0.3467741935483871,0.3185185185185186,-0.44516129032258067,-0.47876997893838913,-0.49557432324629325,-55.2,56.399999999999984,1,10
ADX25_SUPPORT,1.0,0.6,OOS_2022_2026,49,0.3877551020408163,0.37999999999999995,-0.37959183673469393,-0.4156870779001565,-0.43373469848288787,-18.6,19.199999999999992,0,5
ADX25_SUPPORT,1.0,0.6,YTD_2026,9,0.5555555555555556,0.75,-0.1111111111111111,-0.14814160872824247,-0.16665685753680817,-1.0,2.2,0,1
ADX25_SUPPORT,1.0,0.6,FULL_2012_2026,173,0.3583815028901734,0.3351351351351352,-0.42658959537572255,-0.4609025676616642,-0.47805905380463504,-73.8,74.40000000000002,1,15
ADX25_SUPPORT,1.0,0.75,TRAIN_2012_2021,124,0.3064516129032258,0.3313953488372093,-0.4637096774193548,-0.4973183660351632,-0.5141227103430674,-57.5,59.0,1,10
ADX25_SUPPORT,1.0,0.75,OOS_2022_2026,49,0.3673469387755102,0.43548387096774194,-0.35714285714285715,-0.39323809830831974,-0.4112857188910511,-17.5,19.0,0,5
ADX25_SUPPORT,1.0,0.75,YTD_2026,9,0.5555555555555556,0.9375,-0.027777777777777776,-0.06480827539490913,-0.08332352420347479,-0.25,2.0,0,1
ADX25_SUPPORT,1.0,0.75,FULL_2012_2026,173,0.3236994219653179,0.358974358974359,-0.43352601156069365,-0.4678389838466353,-0.4849954699896062,-75.0,76.25,1,15
ADX25_SUPPORT,1.0,1.0,TRAIN_2012_2021,124,0.28225806451612906,0.39325842696629215,-0.43548387096774194,-0.46909255958355034,-0.48589690389145457,-54.0,56.0,1,10
ADX25_SUPPORT,1.0,1.0,OOS_2022_2026,49,0.24489795918367346,0.32432432432432434,-0.5102040816326531,-0.5462993227981157,-0.5643469433808469,-25.0,26.0,0,5
ADX25_SUPPORT,1.0,1.0,YTD_2026,9,0.3333333333333333,0.5,-0.3333333333333333,-0.3703638309504647,-0.3888790797590304,-3.0,4.0,0,1
ADX25_SUPPORT,1.0,1.0,FULL_2012_2026,173,0.27167630057803466,0.373015873015873,-0.45664739884393063,-0.49096037112987234,-0.5081168572728432,-79.0,80.0,1,15
ADX25_SUPPORT,1.25,0.2,TRAIN_2012_2021,124,0.5645161290322581,0.25925925925925913,-0.3225806451612902,-0.349467596053937,-0.36291107150026036,-39.999999999999986,40.40000000000001,0,10
ADX25_SUPPORT,1.25,0.2,OOS_2022_2026,49,0.5714285714285714,0.2666666666666667,-0.3142857142857143,-0.34316190721808437,-0.3576000036842695,-15.399999999999999,15.600000000000009,0,5
ADX25_SUPPORT,1.25,0.2,YTD_2026,9,0.6666666666666666,0.39999999999999997,-0.2,-0.22962439809370505,-0.24443659714055765,-1.8,2.5999999999999996,0,1
ADX25_SUPPORT,1.25,0.2,FULL_2012_2026,173,0.5664739884393064,0.2613333333333333,-0.3202312138728323,-0.34768159170158575,-0.3614067806159624,-55.39999999999999,55.59999999999993,0,15
ADX25_SUPPORT,1.25,0.25,TRAIN_2012_2021,124,0.5564516129032258,0.31363636363636366,-0.30443548387096775,-0.3313224347636144,-0.3447659102099378,-37.75,38.25,0,10
ADX25_SUPPORT,1.25,0.25,OOS_2022_2026,49,0.5510204081632653,0.3068181818181818,-0.3112244897959184,-0.3401006827282885,-0.3545387791944736,-15.25,15.5,0,5
ADX25_SUPPORT,1.25,0.25,YTD_2026,9,0.5555555555555556,0.3125,-0.3055555555555556,-0.3351799536492606,-0.3499921526961132,-2.75,3.25,0,1
ADX25_SUPPORT,1.25,0.25,FULL_2012_2026,173,0.5549132947976878,0.3116883116883117,-0.3063583815028902,-0.3338087593316436,-0.3475339482460202,-53.0,53.25,0,15
ADX25_SUPPORT,1.25,0.3,TRAIN_2012_2021,124,0.5483870967741935,0.3642857142857143,-0.28709677419354845,-0.3139837250861951,-0.32742720053251845,-35.60000000000001,36.19999999999999,0,10
ADX25_SUPPORT,1.25,0.3,OOS_2022_2026,49,0.5510204081632653,0.36818181818181817,-0.2836734693877551,-0.3125496623201252,-0.32698775878631026,-13.9,14.399999999999991,0,5
ADX25_SUPPORT,1.25,0.3,YTD_2026,9,0.5555555555555556,0.375,-0.2777777777777778,-0.30740217587148283,-0.32221437491833543,-2.5,3.1,0,1
ADX25_SUPPORT,1.25,0.3,FULL_2012_2026,173,0.5491329479768786,0.36538461538461536,-0.28612716763005785,-0.3135775454588112,-0.3273027343731879,-49.50000000000001,49.80000000000007,0,15
ADX25_SUPPORT,1.25,0.4,TRAIN_2012_2021,124,0.532258064516129,0.45517241379310336,-0.25483870967741934,-0.28172566057006604,-0.2951691360163894,-31.6,33.20000000000002,1,10
ADX25_SUPPORT,1.25,0.4,OOS_2022_2026,49,0.5306122448979592,0.45217391304347837,-0.2571428571428572,-0.2860190500752272,-0.3004571465414123,-12.600000000000001,12.999999999999996,0,5
ADX25_SUPPORT,1.25,0.4,YTD_2026,9,0.5555555555555556,0.5,-0.2222222222222222,-0.2518466203159273,-0.2666588193627799,-2.0,2.8,0,1
ADX25_SUPPORT,1.25,0.4,FULL_2012_2026,173,0.5317919075144508,0.4543209876543209,-0.2554913294797688,-0.28294170730852214,-0.29666689622289877,-44.2,45.400000000000055,1,15
ADX25_SUPPORT,1.25,0.5,TRAIN_2012_2021,124,0.5,0.5,-0.25,-0.2768869508926467,-0.29033042633897005,-31.0,32.0,2,10
ADX25_SUPPORT,1.25,0.5,OOS_2022_2026,49,0.5102040816326531,0.5208333333333334,-0.23469387755102042,-0.26357007048339054,-0.27800816694957553,-11.5,12.0,0,5
ADX25_SUPPORT,1.25,0.5,YTD_2026,9,0.5555555555555556,0.625,-0.16666666666666666,-0.19629106476037173,-0.21110326380722433,-1.5,2.5,0,1
ADX25_SUPPORT,1.25,0.5,FULL_2012_2026,173,0.5028901734104047,0.5058139534883721,-0.24566473988439305,-0.2731151177131464,-0.2868403066275231,-42.5,43.0,2,15
ADX25_SUPPORT,1.25,0.6,TRAIN_2012_2021,124,0.43548387096774194,0.4681937784688445,-0.29679125516939425,-0.323678206062041,-0.3371216815083644,-36.80211564100489,38.00211564100489,2,10
ADX25_SUPPORT,1.25,0.6,OOS_2022_2026,49,0.4897959183673469,0.576,-0.21632653061224488,-0.245202723544615,-0.2596408200108001,-10.6,11.600000000000001,1,5
ADX25_SUPPORT,1.25,0.6,YTD_2026,9,0.5555555555555556,0.75,-0.1111111111111111,-0.1407355092048162,-0.1555477082516688,-1.0,2.2,0,1
ADX25_SUPPORT,1.25,0.6,FULL_2012_2026,173,0.4508670520231214,0.4968041288833709,-0.274000668445115,-0.3014510462738684,-0.315176235188245,-47.4021156410049,48.40211564100487,3,15
ADX25_SUPPORT,1.25,0.75,TRAIN_2012_2021,124,0.4112903225806452,0.5297628699715986,-0.27380738420165235,-0.30069433509429905,-0.3141378105406224,-33.952115641004895,35.452115641004895,2,10
ADX25_SUPPORT,1.25,0.75,OOS_2022_2026,49,0.42857142857142855,0.5625,-0.25,-0.2788761929323701,-0.29331428939855514,-12.25,13.0,1,5
ADX25_SUPPORT,1.25,0.75,YTD_2026,9,0.4444444444444444,0.6,-0.2222222222222222,-0.2518466203159273,-0.26665881936277985,-2.0,2.75,0,1
ADX25_SUPPORT,1.25,0.75,FULL_2012_2026,173,0.4161849710982659,0.5389107770285643,-0.2670642522601439,-0.29451463008889733,-0.30823981900327385,-46.202115641004895,46.952115641004895,3,15
ADX25_SUPPORT,1.25,1.0,TRAIN_2012_2021,124,0.3870967741935484,0.6242736254239789,-0.227866276372915,-0.25475322726556165,-0.268196702711885,-28.25541827024146,34.0,2,10
ADX25_SUPPORT,1.25,1.0,OOS_2022_2026,49,0.3673469387755102,0.5806451612903226,-0.2653061224489796,-0.2941823153813497,-0.3086204118475347,-13.0,14.0,1,5
ADX25_SUPPORT,1.25,1.0,YTD_2026,9,0.3333333333333333,0.5,-0.3333333333333333,-0.3629577314270384,-0.377769930473891,-3.0,4.0,0,1
ADX25_SUPPORT,1.25,1.0,FULL_2012_2026,173,0.3815028901734104,0.6115386400615861,-0.23847062583954598,-0.2659210036682994,-0.279646192582676,-41.25541827024146,46.0,3,15
ADX25_SUPPORT,1.5,0.2,TRAIN_2012_2021,124,0.7096774193548387,0.4888888888888888,-0.14838709677419357,-0.17079288918473248,-0.18199578539000194,-18.400000000000002,20.600000000000012,2,10
ADX25_SUPPORT,1.5,0.2,OOS_2022_2026,49,0.6122448979591837,0.3157894736842106,-0.2653061224489796,-0.289369616559288,-0.3014013636144423,-13.0,13.20000000000001,1,5
ADX25_SUPPORT,1.5,0.2,YTD_2026,9,0.6666666666666666,0.39999999999999997,-0.2,-0.22468699841142087,-0.23703049761713135,-1.8,2.5999999999999996,0,1
ADX25_SUPPORT,1.5,0.2,FULL_2012_2026,173,0.6820809248554913,0.4290909090909091,-0.18150289017341042,-0.20437820503070486,-0.21581586245935208,-31.400000000000002,33.400000000000034,3,15
ADX25_SUPPORT,1.5,0.25,TRAIN_2012_2021,124,0.6774193548387096,0.525,-0.1532258064516129,-0.17563159886215185,-0.18683449506742134,-19.0,21.0,2,10
ADX25_SUPPORT,1.5,0.25,OOS_2022_2026,49,0.5918367346938775,0.3625,-0.2602040816326531,-0.28426757574296146,-0.2962993227981157,-12.75,13.0,1,5
ADX25_SUPPORT,1.5,0.25,YTD_2026,9,0.5555555555555556,0.3125,-0.3055555555555556,-0.3302425539669765,-0.3425860531726869,-2.75,3.25,0,1
ADX25_SUPPORT,1.5,0.25,FULL_2012_2026,173,0.653179190751445,0.4708333333333333,-0.18352601156069365,-0.2064013264179881,-0.21783898384663533,-31.75,33.5,3,15
ADX25_SUPPORT,1.5,0.3,TRAIN_2012_2021,124,0.6774193548387096,0.63,-0.11935483870967742,-0.14176063112021636,-0.15296352732548585,-14.8,18.000000000000004,2,10
ADX25_SUPPORT,1.5,0.3,OOS_2022_2026,49,0.5918367346938775,0.43500000000000005,-0.2306122448979592,-0.2546757390082676,-0.2667074860634219,-11.3,11.79999999999999,1,5
ADX25_SUPPORT,1.5,0.3,YTD_2026,9,0.5555555555555556,0.375,-0.2777777777777778,-0.3024647761891987,-0.31480827539490913,-2.5,3.1,0,1
ADX25_SUPPORT,1.5,0.3,FULL_2012_2026,173,0.653179190751445,0.5649999999999998,-0.1508670520231214,-0.17374236688041586,-0.18518002430906308,-26.1,28.79999999999998,3,15
ADX25_SUPPORT,1.5,0.4,TRAIN_2012_2021,124,0.5967741935483871,0.5919999999999999,-0.16451612903225812,-0.186921921442797,-0.19812481764806644,-20.400000000000006,21.79999999999999,1,10
ADX25_SUPPORT,1.5,0.4,OOS_2022_2026,49,0.5510204081632653,0.490909090909091,-0.2285714285714286,-0.252634922681737,-0.26466666973689124,-11.200000000000001,11.599999999999994,1,5
ADX25_SUPPORT,1.5,0.4,YTD_2026,9,0.5555555555555556,0.5,-0.2222222222222222,-0.2469092206336431,-0.2592527198393536,-2.0,2.8,0,1
ADX25_SUPPORT,1.5,0.4,FULL_2012_2026,173,0.5838150289017341,0.561111111111111,-0.18265895953757227,-0.20553427439486674,-0.2169719318235139,-31.6,32.000000000000036,2,15
ADX25_SUPPORT,1.5,0.5,TRAIN_2012_2021,124,0.5241935483870968,0.5677606154893335,-0.19953576431505546,-0.2219415567255944,-0.23314445293086383,-24.742434775066876,26.742434775066876,2,10
ADX25_SUPPORT,1.5,0.5,OOS_2022_2026,49,0.5306122448979592,0.5652173913043478,-0.20408163265306123,-0.22814512676336965,-0.24017687381852384,-10.0,11.0,1,5
ADX25_SUPPORT,1.5,0.5,YTD_2026,9,0.5555555555555556,0.625,-0.16666666666666666,-0.1913536650780876,-0.20369716428379803,-1.5,2.5,0,1
ADX25_SUPPORT,1.5,0.5,FULL_2012_2026,173,0.5260115606936416,0.567031647625651,-0.2008233223992305,-0.22369863725652497,-0.2351362946851722,-34.742434775066876,35.742434775066876,3,15
ADX25_SUPPORT,1.5,0.6,TRAIN_2012_2021,124,0.49193548387096775,0.5976248353682481,-0.19872931270215216,-0.2211351051126912,-0.23233800131796062,-24.642434775066867,27.24243477506687,2,10
ADX25_SUPPORT,1.5,0.6,OOS_2022_2026,49,0.4897959183673469,0.576,-0.21632653061224486,-0.24039002472255336,-0.2524217717777075,-10.599999999999998,12.8,1,5
ADX25_SUPPORT,1.5,0.6,YTD_2026,9,0.5555555555555556,0.75,-0.1111111111111111,-0.13579810952253205,-0.14814160872824247,-1.0,2.2,0,1
ADX25_SUPPORT,1.5,0.6,FULL_2012_2026,173,0.4913294797687861,0.5913562173078207,-0.20371349580963508,-0.2265888106669296,-0.23802646809557682,-35.24243477506687,37.44243477506684,3,15
ADX25_SUPPORT,1.5,0.75,TRAIN_2012_2021,124,0.4596774193548387,0.6552483846960505,-0.18139060302473287,-0.2037963954352718,-0.21499929164054127,-22.492434775066876,24.492434775066876,1,10
ADX25_SUPPORT,1.5,0.75,OOS_2022_2026,49,0.42857142857142855,0.5625,-0.25,-0.27406349411030845,-0.28609524116546264,-12.25,13.0,1,5
ADX25_SUPPORT,1.5,0.75,YTD_2026,9,0.3333333333333333,0.375,-0.4166666666666667,-0.4413536650780876,-0.453697164283798,-3.75,4.5,0,1
ADX25_SUPPORT,1.5,0.75,FULL_2012_2026,173,0.4508670520231214,0.6273967442090322,-0.2008233223992305,-0.22369863725652497,-0.2351362946851722,-34.742434775066876,35.492434775066876,2,15
ADX25_SUPPORT,1.5,1.0,TRAIN_2012_2021,124,0.4112903225806452,0.698865986723142,-0.17301226047927967,-0.19541805288981862,-0.20662094909508805,-21.45352029943068,24.07400507422946,2,10
ADX25_SUPPORT,1.5,1.0,OOS_2022_2026,49,0.3673469387755102,0.557911603872393,-0.27968857714195544,-0.3037520712522639,-0.3157838183074181,-13.704740279955818,15.0,1,5
ADX25_SUPPORT,1.5,1.0,YTD_2026,9,0.3333333333333333,0.5,-0.3333333333333333,-0.3580203317447543,-0.3703638309504647,-3.0,4.0,0,1
ADX25_SUPPORT,1.5,1.0,FULL_2012_2026,173,0.3988439306358382,0.656128488560209,-0.20322693976523984,-0.22610225462253436,-0.23753991205118152,-35.15826057938649,38.07400507422946,3,15
ADX25_SUPPORT,1.75,0.2,TRAIN_2012_2021,124,0.7580645161290323,0.6266666666666665,-0.0903225806451613,-0.10952754556848038,-0.1191300280301399,-11.200000000000001,13.4,2,10
ADX25_SUPPORT,1.75,0.2,OOS_2022_2026,49,0.6530612244897959,0.3764705882352941,-0.21632653061224488,-0.23695238270679497,-0.24726530875407002,-10.6,11.200000000000008,1,5
ADX25_SUPPORT,1.75,0.2,YTD_2026,9,0.6666666666666666,0.39999999999999997,-0.2,-0.22116028435264645,-0.2317404265289697,-1.8,2.1999999999999997,0,1
ADX25_SUPPORT,1.75,0.2,FULL_2012_2026,173,0.7283236994219653,0.5361702127659574,-0.1260115606936416,-0.14561897342846544,-0.15542267979587732,-21.8,23.800000000000022,3,15
ADX25_SUPPORT,1.75,0.25,TRAIN_2012_2021,124,0.75,0.75,-0.0625,-0.08170496492331909,-0.09130744738497866,-7.75,11.0,3,10
ADX25_SUPPORT,1.75,0.25,OOS_2022_2026,49,0.6530612244897959,0.47058823529411764,-0.1836734693877551,-0.20429932148230517,-0.21461224752958022,-9.0,10.25,1,5
ADX25_SUPPORT,1.75,0.25,YTD_2026,9,0.6666666666666666,0.5,-0.16666666666666666,-0.18782695101931315,-0.1984070931956364,-1.5,2.0,0,1
ADX25_SUPPORT,1.75,0.25,FULL_2012_2026,173,0.7225433526011561,0.6510416666666666,-0.0968208092485549,-0.11642822198337874,-0.1262319283507906,-16.75,19.75,4,15
ADX25_SUPPORT,1.75,0.3,TRAIN_2012_2021,124,0.7096774193548387,0.7333333333333332,-0.07741935483870968,-0.09662431976202877,-0.10622680222368833,-9.6,12.800000000000002,3,10
ADX25_SUPPORT,1.75,0.3,OOS_2022_2026,49,0.6326530612244898,0.5166666666666668,-0.17755102040816326,-0.19817687250271337,-0.2084897985499884,-8.7,9.300000000000002,1,5
ADX25_SUPPORT,1.75,0.3,YTD_2026,9,0.6666666666666666,0.6,-0.13333333333333333,-0.15449361768597983,-0.16507375986230308,-1.2,2.0,0,1
ADX25_SUPPORT,1.75,0.3,FULL_2012_2026,173,0.6878612716763006,0.6611111111111106,-0.10578034682080924,-0.12538775955563308,-0.13519146592304498,-18.299999999999997,20.999999999999975,4,15
ADX25_SUPPORT,1.75,0.4,TRAIN_2012_2021,124,0.6290322580645161,0.7064288722278096,-0.10456294563540215,-0.12376791055872126,-0.13337039302038078,-12.965805258789867,14.365805258789866,3,10
ADX25_SUPPORT,1.75,0.4,OOS_2022_2026,49,0.6122448979591837,0.6315789473684212,-0.14285714285714285,-0.1634829949516929,-0.17379592099896798,-7.0,9.2,1,5
ADX25_SUPPORT,1.75,0.4,YTD_2026,9,0.6666666666666666,0.7999999999999999,-0.06666666666666665,-0.08782695101931313,-0.0984070931956364,-0.5999999999999999,2.0,0,1
ADX25_SUPPORT,1.75,0.4,FULL_2012_2026,173,0.6242774566473989,0.6839143397762428,-0.11540927895254259,-0.1350166916873664,-0.14482039805477828,-19.965805258789867,21.565805258789865,4,15
ADX25_SUPPORT,1.75,0.5,TRAIN_2012_2021,124,0.5806451612903226,0.717620295623426,-0.11424036499024087,-0.13344532991355995,-0.14304781237521946,-14.165805258789868,17.06343292076811,2,10
ADX25_SUPPORT,1.75,0.5,OOS_2022_2026,49,0.6122448979591837,0.7894736842105263,-0.08163265306122448,-0.10225850515577457,-0.1125714312030496,-4.0,8.5,1,5
ADX25_SUPPORT,1.75,0.5,YTD_2026,9,0.6666666666666666,1.0,0.0,-0.021160284352646483,-0.03174042652896974,0.0,2.0,0,1
ADX25_SUPPORT,1.75,0.5,FULL_2012_2026,173,0.5895953757225434,0.7373585807203294,-0.10500465467508593,-0.12461206740990977,-0.13441577377732164,-18.165805258789867,22.063432920768108,3,15
ADX25_SUPPORT,1.75,0.6,TRAIN_2012_2021,124,0.5403225806451613,0.7287122849275316,-0.12069197789346668,-0.13989694281678577,-0.14949942527844529,-14.96580525878987,18.463432920768117,3,10
ADX25_SUPPORT,1.75,0.6,OOS_2022_2026,49,0.5102040816326531,0.6249999999999999,-0.1836734693877551,-0.20429932148230517,-0.21461224752958025,-9.0,10.400000000000004,1,5
ADX25_SUPPORT,1.75,0.6,YTD_2026,9,0.4444444444444444,0.48,-0.2888888888888889,-0.31004917324153536,-0.3206293154178586,-2.6,3.2,0,1
ADX25_SUPPORT,1.75,0.6,FULL_2012_2026,173,0.5317919075144508,0.697270744856992,-0.13853066623577953,-0.15813807897060345,-0.16794178533801532,-23.96580525878986,26.663432920768113,4,15
ADX25_SUPPORT,1.75,0.75,TRAIN_2012_2021,124,0.5080645161290323,0.7846798028797374,-0.10273865202501371,-0.12194361694833276,-0.13154609940999232,-12.739592851101701,17.31343292076811,2,10
ADX25_SUPPORT,1.75,0.75,OOS_2022_2026,49,0.46938775510204084,0.6365055209714539,-0.19287462152535104,-0.2135004736199011,-0.22381339966717617,-9.450856454742201,11.700856454742201,1,5
ADX25_SUPPORT,1.75,0.75,YTD_2026,9,0.4444444444444444,0.6,-0.2222222222222222,-0.2433825065748687,-0.25396264875119196,-2.0,2.75,0,1
ADX25_SUPPORT,1.75,0.75,FULL_2012_2026,173,0.49710982658959535,0.739444143827271,-0.1282684930973636,-0.14787590583218746,-0.15767961219959928,-22.190449305843902,27.01428937551031,3,15
ADX25_SUPPORT,1.75,1.0,TRAIN_2012_2021,124,0.41935483870967744,0.7278385756726354,-0.1528178066713625,-0.17202277159468163,-0.1816252540563411,-18.94940802724895,24.0489626164607,3,10
ADX25_SUPPORT,1.75,1.0,OOS_2022_2026,49,0.42857142857142855,0.6893651180462739,-0.17750564683070064,-0.1981314989252507,-0.20844442497252574,-8.69777669470433,11.0,2,5
ADX25_SUPPORT,1.75,1.0,YTD_2026,9,0.4444444444444444,0.8,-0.1111111111111111,-0.1322713954637576,-0.14285153764008085,-1.0,2.0,0,1
ADX25_SUPPORT,1.75,1.0,FULL_2012_2026,173,0.42196531791907516,0.7168040049448,-0.1598103163118687,-0.17941772904669254,-0.18922143541410438,-27.647184721953284,32.9998190712029,5,15
ADX25_SUPPORT,2.0,0.2,TRAIN_2012_2021,124,0.8064516129032258,0.8333333333333331,-0.032258064516129024,-0.04906240882403323,-0.05746458097798532,-3.999999999999999,7.4,3,10
ADX25_SUPPORT,2.0,0.2,OOS_2022_2026,49,0.7346938775510204,0.5538461538461539,-0.11836734693877553,-0.13641496752150684,-0.14543877781287248,-5.800000000000001,6.799999999999996,1,5
ADX25_SUPPORT,2.0,0.2,YTD_2026,9,0.6666666666666666,0.39999999999999997,-0.2,-0.21851524880856565,-0.2277728732128485,-1.8,2.1999999999999997,0,1
ADX25_SUPPORT,2.0,0.2,FULL_2012_2026,173,0.7861271676300579,0.7351351351351351,-0.05664739884393064,-0.07380388498690146,-0.0823821280583869,-9.8,12.999999999999996,4,15
ADX25_SUPPORT,2.0,0.25,TRAIN_2012_2021,124,0.782258064516129,0.8981481481481481,-0.02217741935483871,-0.0389817636627429,-0.04738393581669501,-2.75,6.25,5,10
ADX25_SUPPORT,2.0,0.25,OOS_2022_2026,49,0.7142857142857143,0.625,-0.10714285714285714,-0.12519047772558844,-0.13421428801695412,-5.25,5.75,1,5
ADX25_SUPPORT,2.0,0.25,YTD_2026,9,0.6666666666666666,0.5,-0.16666666666666666,-0.18518191547523236,-0.1944395398795152,-1.5,2.0,0,1
ADX25_SUPPORT,2.0,0.25,FULL_2012_2026,173,0.7630057803468208,0.8048780487804879,-0.046242774566473986,-0.06339926070944484,-0.07197750378093025,-8.0,11.0,6,15
ADX25_SUPPORT,2.0,0.3,TRAIN_2012_2021,124,0.7419354838709677,0.8624999999999999,-0.03548387096774193,-0.052288215275646144,-0.060690387429598244,-4.3999999999999995,7.000000000000003,6,10
ADX25_SUPPORT,2.0,0.3,OOS_2022_2026,49,0.7142857142857143,0.7500000000000001,-0.07142857142857142,-0.08947619201130276,-0.09850000230266841,-3.5,4.9,1,5
ADX25_SUPPORT,2.0,0.3,YTD_2026,9,0.6666666666666666,0.6,-0.13333333333333333,-0.15184858214189903,-0.16110620654618188,-1.2,2.0,0,1
ADX25_SUPPORT,2.0,0.3,FULL_2012_2026,173,0.7341040462427746,0.8282608695652168,-0.04566473988439306,-0.06282122602736392,-0.07139946909884934,-7.8999999999999995,9.900000000000007,7,15
ADX25_SUPPORT,2.0,0.4,TRAIN_2012_2021,124,0.6370967741935484,0.7345407143073118,-0.09209741614065432,-0.10890176044855852,-0.1173039326025106,-11.420079601441136,14.255503805672092,4,10
ADX25_SUPPORT,2.0,0.4,OOS_2022_2026,49,0.6938775510204082,0.9066666666666667,-0.028571428571428574,-0.04661904915415987,-0.05564285944552552,-1.4000000000000001,4.200000000000001,2,5
ADX25_SUPPORT,2.0,0.4,YTD_2026,9,0.6666666666666666,0.7999999999999999,-0.06666666666666665,-0.08518191547523232,-0.09443953987951519,-0.5999999999999999,2.0,0,1
ADX25_SUPPORT,2.0,0.4,FULL_2012_2026,173,0.653179190751445,0.7790406409383364,-0.07410450636671176,-0.0912609925096826,-0.099839235581168,-12.820079601441135,15.855503805672083,6,15
ADX25_SUPPORT,2.0,0.5,TRAIN_2012_2021,124,0.6048387096774194,0.7975316145328398,-0.07677483549549302,-0.09357917980339722,-0.10198135195734935,-9.520079601441134,12.181826081300155,2,10
ADX25_SUPPORT,2.0,0.5,OOS_2022_2026,49,0.5918367346938775,0.725,-0.11224489795918367,-0.13029251854191498,-0.13931632883328063,-5.5,6.5,1,5
ADX25_SUPPORT,2.0,0.5,YTD_2026,9,0.4444444444444444,0.4,-0.3333333333333333,-0.35184858214189896,-0.3611062065461818,-3.0,3.5,0,1
ADX25_SUPPORT,2.0,0.5,FULL_2012_2026,173,0.6011560693641619,0.775886873146624,-0.0868212693724921,-0.10397775551546296,-0.11255599858694838,-15.020079601441134,16.681826081300155,3,15
ADX25_SUPPORT,2.0,0.6,TRAIN_2012_2021,124,0.5806451612903226,0.8514917648291791,-0.059906401167048304,-0.07671074547495252,-0.08511291762890459,-7.42839374471399,11.400000000000002,3,10
ADX25_SUPPORT,2.0,0.6,OOS_2022_2026,49,0.5918367346938775,0.8700000000000001,-0.05306122448979593,-0.07110884507252725,-0.0801326553638929,-2.6000000000000005,4.8,2,5
ADX25_SUPPORT,2.0,0.6,YTD_2026,9,0.4444444444444444,0.48,-0.2888888888888889,-0.30740413769745456,-0.3166617621017374,-2.6,3.2,0,1
ADX25_SUPPORT,2.0,0.6,FULL_2012_2026,173,0.5838150289017341,0.8567783155661023,-0.057967593900080834,-0.0751240800430517,-0.08370232311453714,-10.028393744713984,13.200000000000014,5,15
ADX25_SUPPORT,2.0,0.75,TRAIN_2012_2021,124,0.5241935483870968,0.8390322530436801,-0.07401930439285473,-0.09082364870075894,-0.09922582085471104,-9.178393744713986,13.090140224573007,2,10
ADX25_SUPPORT,2.0,0.75,OOS_2022_2026,49,0.5102040816326531,0.7297685580055712,-0.13235825730339365,-0.15040587788612497,-0.15942968817749065,-6.485554607866289,8.25,2,5
ADX25_SUPPORT,2.0,0.75,YTD_2026,9,0.4444444444444444,0.6,-0.2222222222222222,-0.2407374710307879,-0.2499950954350708,-2.0,2.75,0,1
ADX25_SUPPORT,2.0,0.75,FULL_2012_2026,173,0.5202312138728323,0.8066658483966528,-0.09054305406115766,-0.1076995402041285,-0.11627778327561394,-15.663948352580276,19.797139622472436,4,15
ADX25_SUPPORT,2.0,1.0,TRAIN_2012_2021,124,0.45161290322580644,0.8258374740479962,-0.09061516549825013,-0.10741950980615435,-0.11582168196010646,-11.236280521783016,16.136487553665745,3,10
ADX25_SUPPORT,2.0,1.0,OOS_2022_2026,49,0.4489795918367347,0.7505350145234707,-0.1374602981197202,-0.1555079187024515,-0.16453172899381718,-6.735554607866289,7.956999397899426,2,5
ADX25_SUPPORT,2.0,1.0,YTD_2026,9,0.4444444444444444,0.8,-0.1111111111111111,-0.12962635991967678,-0.13888398432395965,-1.0,2.0,0,1
ADX25_SUPPORT,2.0,1.0,FULL_2012_2026,173,0.4508670520231214,0.8036209763393425,-0.10388344005577634,-0.1210399261987472,-0.1296181692702326,-17.971835129649307,21.093486951565176,5,15
ADX25_SUPPORT,2.25,0.2,TRAIN_2012_2021,124,0.8387096774193549,1.04,0.0064516129032258064,-0.008485582037133474,-0.015954179507313114,0.8,4.6,5,10
ADX25_SUPPORT,2.25,0.2,OOS_2022_2026,49,0.7959183673469388,0.7800000000000001,-0.04489795918367347,-0.060940288590545746,-0.0689614532939819,-2.2,4.199999999999999,1,5
ADX25_SUPPORT,2.25,0.2,YTD_2026,9,0.7777777777777778,0.7,-0.06666666666666667,-0.08312466560761393,-0.09135366507808756,-0.6,1.0,0,1
ADX25_SUPPORT,2.25,0.2,FULL_2012_2026,173,0.8265895953757225,0.9533333333333331,-0.00809248554913295,-0.023342695453995917,-0.030967800406427395,-1.4000000000000001,5.799999999999999,6,15
ADX25_SUPPORT,2.25,0.25,TRAIN_2012_2021,124,0.782258064516129,0.8981481481481481,-0.02217741935483871,-0.037114614295198,-0.04458321176537767,-2.75,6.75,5,10
ADX25_SUPPORT,2.25,0.25,OOS_2022_2026,49,0.7755102040816326,0.8636363636363636,-0.030612244897959183,-0.04665457430483146,-0.05467573900826761,-1.5,4.0,2,5
ADX25_SUPPORT,2.25,0.25,YTD_2026,9,0.7777777777777778,0.875,-0.027777777777777776,-0.04423577671872504,-0.052464776189198696,-0.25,1.0,0,1
ADX25_SUPPORT,2.25,0.25,FULL_2012_2026,173,0.7803468208092486,0.8881578947368421,-0.024566473988439308,-0.039816683893302285,-0.04744178884573378,-4.25,9.25,7,15
ADX25_SUPPORT,2.25,0.3,TRAIN_2012_2021,124,0.7258064516129032,0.8462162596452492,-0.039570463092767995,-0.054507658033127286,-0.06197625550330693,-4.906737423503231,6.606737423503237,5,10
ADX25_SUPPORT,2.25,0.3,OOS_2022_2026,49,0.7551020408163265,0.9250000000000003,-0.018367346938775505,-0.0344096763456478,-0.04243084104908394,-0.8999999999999998,3.8000000000000007,3,5
ADX25_SUPPORT,2.25,0.3,YTD_2026,9,0.7777777777777778,1.05,0.01111111111111112,-0.005346887829836167,-0.013575887300309822,0.10000000000000009,1.0,1,1
ADX25_SUPPORT,2.25,0.3,FULL_2012_2026,173,0.7341040462427746,0.8677483738430787,-0.03356495620522098,-0.04881516611008396,-0.056440271062515444,-5.806737423503229,9.106737423503242,8,15
ADX25_SUPPORT,2.25,0.4,TRAIN_2012_2021,124,0.6451612903225806,0.7636003651778657,-0.0798930437379293,-0.09483023867828856,-0.10229883614846821,-9.906737423503232,12.849336716152969,3,10
ADX25_SUPPORT,2.25,0.4,OOS_2022_2026,49,0.7346938775510204,1.1076923076923078,0.02857142857142856,0.012529099164556303,0.004507934461120168,1.3999999999999995,3.4000000000000004,4,5
ADX25_SUPPORT,2.25,0.4,YTD_2026,9,0.7777777777777778,1.4,0.08888888888888892,0.07243088994794161,0.064201890477468,0.8000000000000003,1.0,1,1
ADX25_SUPPORT,2.25,0.4,FULL_2012_2026,173,0.6705202312138728,0.8450693335156741,-0.04917189262140596,-0.06442210252626891,-0.0720472074787004,-8.506737423503232,14.249336716152964,7,15
ADX25_SUPPORT,2.25,0.5,TRAIN_2012_2021,124,0.6048387096774194,0.799458714457726,-0.07586078567341314,-0.09079798061377246,-0.09826657808395206,-9.40673742350323,12.5,3,10
ADX25_SUPPORT,2.25,0.5,OOS_2022_2026,49,0.6530612244897959,0.961130787192272,-0.01320526615598428,-0.02924759556285658,-0.037268760266292715,-0.6470580416432297,4.5,2,5
ADX25_SUPPORT,2.25,0.5,YTD_2026,9,0.5555555555555556,0.6854840179273901,-0.12745089351591443,-0.1439088924568617,-0.15213789192733534,-1.1470580416432299,1.6470580416432299,0,1
ADX25_SUPPORT,2.25,0.5,FULL_2012_2026,173,0.6184971098265896,0.8418065295461375,-0.05811442465402578,-0.07336463455888877,-0.08098973951132024,-10.053795465146461,14.5,5,15
ADX25_SUPPORT,2.25,0.6,TRAIN_2012_2021,124,0.5645161290322581,0.8050255897347657,-0.08071774428220906,-0.09565493922256835,-0.10312353669274799,-10.009000290993923,13.463886050868613,3,10
ADX25_SUPPORT,2.25,0.6,OOS_2022_2026,49,0.5918367346938775,0.857035324155556,-0.05732316906572444,-0.07336549847259674,-0.08138666317603288,-2.8088352842204976,6.199999999999999,2,5
ADX25_SUPPORT,2.25,0.6,YTD_2026,9,0.5555555555555556,0.8225808215128682,-0.0718953379603589,-0.08835333690130617,-0.09658233637177979,-0.64705804164323,1.64705804164323,0,1
ADX25_SUPPORT,2.25,0.6,FULL_2012_2026,173,0.5722543352601156,0.8194213274139692,-0.07409153511684637,-0.08934174502170934,-0.09696684997414083,-12.81783557521442,17.625663293445886,5,15
ADX25_SUPPORT,2.25,0.75,TRAIN_2012_2021,124,0.4838709677419355,0.7280582845373085,-0.13261622656987104,-0.14755342151023032,-0.15502201898040996,-16.44441209466401,18.944412094664006,2,10
ADX25_SUPPORT,2.25,0.75,OOS_2022_2026,49,0.5306122448979592,0.8051846088465456,-0.0900407238950553,-0.10608305330192759,-0.11410421800536372,-4.411995470857709,8.450218228280443,3,5
ADX25_SUPPORT,2.25,0.75,YTD_2026,9,0.5555555555555556,1.0282260268910852,0.011437995372974456,-0.005020003567972843,-0.013249003038446474,0.10294195835677011,1.6470580416432299,1,1
ADX25_SUPPORT,2.25,0.75,FULL_2012_2026,173,0.49710982658959535,0.7490729465389612,-0.12055726916486544,-0.1358074790697284,-0.1434325840221599,-20.85640756552172,24.356407565521714,5,15
ADX25_SUPPORT,2.25,1.0,TRAIN_2012_2021,124,0.43548387096774194,0.7455137832890039,-0.1334021704738773,-0.14833936541423656,-0.15580796288441623,-16.541869138760788,18.640223513962372,2,10
ADX25_SUPPORT,2.25,1.0,OOS_2022_2026,49,0.42857142857142855,0.7384520130255109,-0.13903579561905652,-0.1550781250259288,-0.16309928972936494,-6.812753985333769,9.850976742756501,2,5
ADX25_SUPPORT,2.25,1.0,YTD_2026,9,0.3333333333333333,0.7411403057445249,-0.11642406179103215,-0.13288206073197947,-0.14111106020245312,-1.0478165561192894,2.0478165561192894,0,1
ADX25_SUPPORT,2.25,1.0,FULL_2012_2026,173,0.43352601156069365,0.743493508677425,-0.1349978215265581,-0.1502480314314211,-0.15787313638385259,-23.35462312409455,25.354623124094555,4,15
ADX25_SUPPORT,2.5,0.2,TRAIN_2012_2021,124,0.8225806451612904,0.927272727272727,-0.01290322580645162,-0.02634670125277496,-0.03306843897593665,-1.6000000000000008,5.4,5,10
ADX25_SUPPORT,2.5,0.2,OOS_2022_2026,49,0.7755102040816326,0.690909090909091,-0.06938775510204083,-0.08382585156822586,-0.09104489980131839,-3.4000000000000004,4.199999999999999,1,5
ADX25_SUPPORT,2.5,0.2,YTD_2026,9,0.7777777777777778,0.7,-0.06666666666666667,-0.0814788657135192,-0.08888496523694547,-0.6,1.0,0,1
ADX25_SUPPORT,2.5,0.2,FULL_2012_2026,173,0.8092485549132948,0.8484848484848483,-0.028901734104046242,-0.042626923018422906,-0.04948951747561126,-5.0,7.599999999999997,6,15
ADX25_SUPPORT,2.5,0.25,TRAIN_2012_2021,124,0.7983870967741935,0.99,-0.0020161290322580645,-0.015459604478581431,-0.02218134220174311,-0.25,5.5,6,10
ADX25_SUPPORT,2.5,0.25,OOS_2022_2026,49,0.7755102040816326,0.8636363636363636,-0.030612244897959183,-0.045050341364144236,-0.052269389597236766,-1.5,4.0,2,5
ADX25_SUPPORT,2.5,0.25,YTD_2026,9,0.7777777777777778,0.875,-0.027777777777777776,-0.04258997682463031,-0.0499960763480566,-0.25,1.0,0,1
ADX25_SUPPORT,2.5,0.25,FULL_2012_2026,173,0.791907514450867,0.9513888888888888,-0.010115606936416185,-0.02384079585079286,-0.0307033903079812,-1.75,6.75,8,15
ADX25_SUPPORT,2.5,0.3,TRAIN_2012_2021,124,0.717741935483871,0.8331770663093819,-0.04311297807580565,-0.056556453522129006,-0.0632781912452907,-5.3460092813999,8.874348644784671,6,10
ADX25_SUPPORT,2.5,0.3,OOS_2022_2026,49,0.7551020408163265,0.9250000000000003,-0.018367346938775505,-0.03280544340496056,-0.04002449163805309,-0.8999999999999998,3.8000000000000007,3,5
ADX25_SUPPORT,2.5,0.3,YTD_2026,9,0.7777777777777778,1.05,0.01111111111111112,-0.0037010879357414574,-0.011107187459167734,0.10000000000000009,1.0,1,1
ADX25_SUPPORT,2.5,0.3,FULL_2012_2026,173,0.7283236994219653,0.858193525740423,-0.03610409989248496,-0.049829288806861646,-0.05669188326404999,-6.246009281399899,9.974348644784676,9,15
ADX25_SUPPORT,2.5,0.4,TRAIN_2012_2021,124,0.6612903225806451,0.8400346310326962,-0.05037104259193467,-0.06381451803825802,-0.0705362557614197,-6.2460092813999,11.02994560024699,6,10
ADX25_SUPPORT,2.5,0.4,OOS_2022_2026,49,0.6530612244897959,0.8091920554081701,-0.06159688252236561,-0.07603497898855065,-0.08325402722164318,-3.0182472435959147,4.800000000000001,2,5
ADX25_SUPPORT,2.5,0.4,YTD_2026,9,0.5555555555555556,0.5582923920980777,-0.17581691527543408,-0.19062911432228663,-0.1980352138457129,-1.5823522374789067,1.9823522374789069,0,1
ADX25_SUPPORT,2.5,0.4,FULL_2012_2026,173,0.6589595375722543,0.831142220604501,-0.05355061575142089,-0.06727580466579754,-0.07413839912298589,-9.264256524995814,12.829945600246976,8,15
ADX25_SUPPORT,2.5,0.5,TRAIN_2012_2021,124,0.6290322580645161,0.8937727173237863,-0.03687629512917887,-0.05031977057550224,-0.05704150829866393,-4.5726605960181805,9.729945600246992,3,10
ADX25_SUPPORT,2.5,0.5,OOS_2022_2026,49,0.6530612244897959,0.982055738695678,-0.005792791059499095,-0.02023088752568416,-0.027449935758776696,-0.28384676191545566,4.5,3,5
ADX25_SUPPORT,2.5,0.5,YTD_2026,9,0.5555555555555556,0.6978654901225971,-0.12026135971987856,-0.13507355876673108,-0.14247965829015735,-1.082352237478907,1.582352237478907,0,1
ADX25_SUPPORT,2.5,0.5,FULL_2012_2026,173,0.6358381502890174,0.9174964971166942,-0.02807229686666842,-0.04179748578104509,-0.048660080238233434,-4.856507357933637,11.195545118566532,6,15
ADX25_SUPPORT,2.5,0.6,TRAIN_2012_2021,124,0.5887096774193549,0.9081189599480353,-0.035145531146302596,-0.048589006592625966,-0.05531074431578767,-4.3580458621415215,9.45973391090801,5,10
ADX25_SUPPORT,2.5,0.6,OOS_2022_2026,49,0.5714285714285714,0.7978281893125703,-0.08176920265079483,-0.09620729911697988,-0.1034263473500724,-4.006690929888947,6.235895006117008,2,5
ADX25_SUPPORT,2.5,0.6,YTD_2026,9,0.5555555555555556,0.8374385881471166,-0.06470580416432299,-0.07951800321117554,-0.08692410273460183,-0.582352237478907,1.582352237478907,0,1
ADX25_SUPPORT,2.5,0.6,FULL_2012_2026,173,0.5838150289017341,0.8756166342415358,-0.04835107972271948,-0.06207626863709615,-0.06893886309428449,-8.36473679203047,13.261228435344563,7,15
ADX25_SUPPORT,2.5,0.75,TRAIN_2012_2021,124,0.5,0.7911141504847601,-0.09539375624622214,-0.10883723169254551,-0.11555896941570722,-11.828825774531545,14.578825774531548,3,10
ADX25_SUPPORT,2.5,0.75,OOS_2022_2026,49,0.5102040816326531,0.7652452937027256,-0.1093202230589581,-0.12375831952514316,-0.13097736775823565,-5.356690929888947,7.6410914115694055,3,5
ADX25_SUPPORT,2.5,0.75,YTD_2026,9,0.5555555555555556,1.0467982351838958,0.018627529169010337,0.003815330122157808,-0.0035907694012684813,0.16764776252109304,1.582352237478907,1,1
ADX25_SUPPORT,2.5,0.75,FULL_2012_2026,173,0.5028901734104047,0.7836842133538959,-0.09933824684636124,-0.1130634357607379,-0.11992603021792625,-17.185516704420493,18.935516704420493,6,15
ADX25_SUPPORT,2.5,1.0,TRAIN_2012_2021,124,0.46774193548387094,0.8659333222651222,-0.06308738032457346,-0.07653085577089683,-0.08325259349405853,-7.82283516024711,14.31656258014276,6,10
ADX25_SUPPORT,2.5,1.0,OOS_2022_2026,49,0.40816326530612246,0.6765812338086172,-0.17279096348186013,-0.18722905994804515,-0.19444810818113772,-8.466757210611146,10.466757210611144,2,5
ADX25_SUPPORT,2.5,1.0,YTD_2026,9,0.3333333333333333,0.7608352641296637,-0.10478165561192893,-0.11959385465878149,-0.12699995418220777,-0.9430349005073604,1.9430349005073606,0,1
ADX25_SUPPORT,2.5,1.0,FULL_2012_2026,173,0.4508670520231214,0.8072904932885783,-0.0941594934731691,-0.1078846823875458,-0.11474727684473413,-16.289592370858255,18.794800853072474,8,15
ADX25_SUPPORT,3.0,0.2,TRAIN_2012_2021,124,0.8225806451612904,0.927272727272727,-0.01290322580645162,-0.024106122011721083,-0.029707570114355805,-1.6000000000000008,5.199999999999999,7,10
ADX25_SUPPORT,3.0,0.2,OOS_2022_2026,49,0.7959183673469388,0.7800000000000001,-0.04489795918367347,-0.056929706238827676,-0.06294557976640477,-2.2,3.6,2,5
ADX25_SUPPORT,3.0,0.2,YTD_2026,9,0.7777777777777778,0.7,-0.06666666666666667,-0.07901016587237712,-0.08518191547523235,-0.6,1.0,0,1
ADX25_SUPPORT,3.0,0.2,FULL_2012_2026,173,0.815028901734104,0.8812499999999999,-0.02196531791907515,-0.033402975347722366,-0.03912180406204597,-3.800000000000001,6.799999999999995,9,15
ADX25_SUPPORT,3.0,0.25,TRAIN_2012_2021,124,0.75,0.8341802385229808,-0.03727156775134341,-0.04847446395661288,-0.0540759120592476,-4.621674401166583,7.621674401166582,5,10
ADX25_SUPPORT,3.0,0.25,OOS_2022_2026,49,0.7755102040816326,0.8636363636363636,-0.030612244897959183,-0.04264399195311339,-0.04865986548069049,-1.5,4.0,2,5
ADX25_SUPPORT,3.0,0.25,YTD_2026,9,0.7777777777777778,0.875,-0.027777777777777776,-0.04012127698348825,-0.04629302658634346,-0.25,1.0,0,1
ADX25_SUPPORT,3.0,0.25,FULL_2012_2026,173,0.7572254335260116,0.8425158037189449,-0.035385401162812614,-0.04682305859145985,-0.05254188730578344,-6.121674401166582,9.121674401166583,7,15
ADX25_SUPPORT,3.0,0.3,TRAIN_2012_2021,124,0.7096774193548387,0.8624132510576908,-0.03396592369390722,-0.04516881989917669,-0.05077026800181142,-4.211774538044495,8.494571094217044,6,10
ADX25_SUPPORT,3.0,0.3,OOS_2022_2026,49,0.7551020408163265,0.9250000000000003,-0.018367346938775505,-0.03039909399392973,-0.03641496752150684,-0.8999999999999998,4.500000000000001,3,5
ADX25_SUPPORT,3.0,0.3,YTD_2026,9,0.7777777777777778,1.05,0.01111111111111112,-0.0012323880945993447,-0.00740413769745459,0.10000000000000009,1.0,1,1
ADX25_SUPPORT,3.0,0.3,FULL_2012_2026,173,0.7225433526011561,0.8800384496195848,-0.02954782969967916,-0.040985487128326406,-0.04670431584265,-5.111774538044495,9.59457109421705,9,15
ADX25_SUPPORT,3.0,0.4,TRAIN_2012_2021,124,0.6693548387096774,0.920888039510173,-0.022720300808277413,-0.03392319701354687,-0.039524645116181575,-2.8173173002263994,6.794571094217042,5,10
ADX25_SUPPORT,3.0,0.4,OOS_2022_2026,49,0.673469387755102,0.8990678687267093,-0.030242300061155015,-0.042274047116309214,-0.04828992064388631,-1.4818727029965957,3.8000000000000003,3,5
ADX25_SUPPORT,3.0,0.4,YTD_2026,9,0.5555555555555556,0.5738397589980856,-0.16503261458138024,-0.1773761137870907,-0.18354786338994591,-1.4852935312324222,1.8852935312324224,0,1
ADX25_SUPPORT,3.0,0.4,FULL_2012_2026,173,0.6705202312138728,0.914518229655957,-0.02485080926718493,-0.036288466695832154,-0.04200729541015575,-4.299190003222993,8.99457109421704,8,15
ADX25_SUPPORT,3.0,0.5,TRAIN_2012_2021,124,0.6290322580645161,0.9614736076210451,-0.01240702974727835,-0.023609925952547805,-0.02921137405518255,-1.5384716886625154,7.152728019767889,4,10
ADX25_SUPPORT,3.0,0.5,OOS_2022_2026,49,0.6122448979591837,0.8017418271361406,-0.07154236275321338,-0.08357410980836757,-0.0895899833359447,-3.505575774907456,5.471332931932951,2,5
ADX25_SUPPORT,3.0,0.5,YTD_2026,9,0.5555555555555556,0.717299698747607,-0.1094770590258247,-0.12182055823153516,-0.12799230783439042,-0.9852935312324224,1.4852935312324225,0,1
ADX25_SUPPORT,3.0,0.5,FULL_2012_2026,173,0.6242774566473989,0.9124522289253305,-0.029156343720057636,-0.04059400114870486,-0.046312829863028475,-5.044047463569971,9.62406095170084,6,15
ADX25_SUPPORT,3.0,0.6,TRAIN_2012_2021,124,0.5483870967741935,0.8561854344164499,-0.05417677645255299,-0.06537967265782248,-0.0709811207604572,-6.717920280116571,10.332832068625656,4,10
ADX25_SUPPORT,3.0,0.6,OOS_2022_2026,49,0.5714285714285714,0.8243191577608076,-0.06861799171481893,-0.08064973876997314,-0.08666561229755025,-3.3622815940261273,4.990948662093176,1,5
ADX25_SUPPORT,3.0,0.6,YTD_2026,9,0.5555555555555556,0.8607596384971283,-0.053921503470269166,-0.06626500267597958,-0.07243675227883482,-0.48529353123242247,1.4852935312324225,0,1
ADX25_SUPPORT,3.0,0.6,FULL_2012_2026,173,0.5549132947976878,0.8469239859173491,-0.05826706285631618,-0.06970472028496343,-0.07542354899928702,-10.080201874142698,10.71792028011658,5,15
ADX25_SUPPORT,3.0,0.75,TRAIN_2012_2021,124,0.5161290322580645,0.8635558959714051,-0.05429437918079757,-0.065497275386067,-0.07109872348870178,-6.732503018418899,10.921180588329173,6,10
ADX25_SUPPORT,3.0,0.75,OOS_2022_2026,49,0.4897959183673469,0.7778432887628698,-0.0972010302016974,-0.1092327772568516,-0.1152486507844287,-4.762850479883173,6.541517547950221,2,5
ADX25_SUPPORT,3.0,0.75,YTD_2026,9,0.3333333333333333,0.5943163676111023,-0.17065137967660748,-0.1829948788823179,-0.18916662848517315,-1.5358624170894672,2.0358624170894672,0,1
ADX25_SUPPORT,3.0,0.75,FULL_2012_2026,173,0.5086705202312138,0.8375943166587044,-0.06644713004798884,-0.07788478747663607,-0.08360361619095968,-11.49535349830207,12.495353498302071,8,15
ADX25_SUPPORT,3.0,1.0,TRAIN_2012_2021,124,0.45161290322580644,0.8702341539856138,-0.05576794808203404,-0.06697084428730349,-0.07257229238993823,-6.91522556217222,15.332889427888551,6,10
ADX25_SUPPORT,3.0,1.0,OOS_2022_2026,49,0.4489795918367347,0.8005901316897175,-0.09538769995773594,-0.1074194470128901,-0.11343532054046725,-4.673997297929061,6.673997297929059,2,5
ADX25_SUPPORT,3.0,1.0,YTD_2026,9,0.3333333333333333,0.7924218234814697,-0.08731804634327414,-0.09966154554898458,-0.10583329515183983,-0.7858624170894672,1.7858624170894672,0,1
ADX25_SUPPORT,3.0,1.0,FULL_2012_2026,173,0.4508670520231214,0.8489593716504739,-0.06698972751503629,-0.07842738494368352,-0.08414621365800713,-11.589222860101279,15.332889427888551,8,15
ADX30_SUPPORT,0.75,0.2,TRAIN_2012_2021,94,0.1702127659574468,0.041025641025641026,-0.795744680851064,-0.8415002405779233,-0.8643780204413528,-74.80000000000001,74.79999999999998,0,10
ADX30_SUPPORT,0.75,0.2,OOS_2022_2026,37,0.10810810810810811,0.024242424242424242,-0.8702702702702704,-0.9176441730321404,-0.9413311244130755,-32.2,32.2,0,5
ADX30_SUPPORT,0.75,0.2,YTD_2026,7,0.2857142857142857,0.08,-0.6571428571428571,-0.7052616657394877,-0.7293210700378029,-4.6,5.0,0,1
ADX30_SUPPORT,0.75,0.2,FULL_2012_2026,131,0.15267175572519084,0.03603603603603604,-0.816793893129771,-0.8630065421107936,-0.8861128666013051,-107.0,106.99999999999997,0,15
ADX30_SUPPORT,0.75,0.25,TRAIN_2012_2021,94,0.1702127659574468,0.05128205128205128,-0.7872340425531915,-0.832989602280051,-0.8558673821434803,-74.0,74.0,0,10
ADX30_SUPPORT,0.75,0.25,OOS_2022_2026,37,0.10810810810810811,0.030303030303030304,-0.8648648648648649,-0.912238767626735,-0.9359257190076701,-32.0,32.0,0,5
ADX30_SUPPORT,0.75,0.25,YTD_2026,7,0.2857142857142857,0.1,-0.6428571428571429,-0.6909759514537734,-0.7150353557520887,-4.5,5.0,0,1
ADX30_SUPPORT,0.75,0.25,FULL_2012_2026,131,0.15267175572519084,0.04504504504504504,-0.8091603053435115,-0.8553729543245342,-0.8784792788150456,-106.0,106.0,0,15
ADX30_SUPPORT,0.75,0.3,TRAIN_2012_2021,94,0.1702127659574468,0.061538461538461535,-0.778723404255319,-0.8244789639821787,-0.8473567438456082,-73.19999999999999,73.20000000000002,0,10
ADX30_SUPPORT,0.75,0.3,OOS_2022_2026,37,0.10810810810810811,0.03636363636363636,-0.8594594594594593,-0.9068333622213295,-0.9305203136022647,-31.799999999999997,31.799999999999997,0,5
ADX30_SUPPORT,0.75,0.3,YTD_2026,7,0.2857142857142857,0.12,-0.6285714285714287,-0.6766902371680592,-0.7007496414663744,-4.4,5.0,0,1
ADX30_SUPPORT,0.75,0.3,FULL_2012_2026,131,0.15267175572519084,0.05405405405405404,-0.8015267175572519,-0.8477393665382746,-0.870845691028786,-105.0,105.00000000000003,0,15
ADX30_SUPPORT,0.75,0.4,TRAIN_2012_2021,94,0.1702127659574468,0.08205128205128205,-0.7617021276595745,-0.8074576873864339,-0.8303354672498634,-71.6,71.60000000000001,0,10
ADX30_SUPPORT,0.75,0.4,OOS_2022_2026,37,0.10810810810810811,0.048484848484848485,-0.8486486486486486,-0.8960225514105187,-0.9197095027914538,-31.4,31.400000000000002,0,5
ADX30_SUPPORT,0.75,0.4,YTD_2026,7,0.2857142857142857,0.16,-0.6,-0.6481188085966306,-0.6721782128949457,-4.2,5.0,0,1
ADX30_SUPPORT,0.75,0.4,FULL_2012_2026,131,0.15267175572519084,0.07207207207207209,-0.7862595419847328,-0.8324721909657556,-0.8555785154562668,-103.0,102.99999999999999,0,15
ADX30_SUPPORT,0.75,0.5,TRAIN_2012_2021,94,0.1595744680851064,0.0949367088607595,-0.7606382978723404,-0.8063938575991999,-0.8292716374626293,-71.5,71.5,0,10
ADX30_SUPPORT,0.75,0.5,OOS_2022_2026,37,0.10810810810810811,0.06060606060606061,-0.8378378378378378,-0.885211740599708,-0.908898691980643,-31.0,31.0,0,5
ADX30_SUPPORT,0.75,0.5,YTD_2026,7,0.2857142857142857,0.2,-0.5714285714285714,-0.619547380025202,-0.6436067843235173,-4.0,5.0,0,1
ADX30_SUPPORT,0.75,0.5,FULL_2012_2026,131,0.1450381679389313,0.08482142857142858,-0.7824427480916031,-0.8286553970726257,-0.8517617215631372,-102.5,102.5,0,15
ADX30_SUPPORT,0.75,0.6,TRAIN_2012_2021,94,0.1595744680851064,0.11392405063291138,-0.7446808510638298,-0.7904364107906895,-0.8133141906541188,-70.0,70.0,0,10
ADX30_SUPPORT,0.75,0.6,OOS_2022_2026,37,0.10810810810810811,0.07272727272727272,-0.827027027027027,-0.8744009297888972,-0.8980878811698322,-30.6,30.599999999999998,0,5
ADX30_SUPPORT,0.75,0.6,YTD_2026,7,0.2857142857142857,0.24,-0.5428571428571428,-0.5909759514537735,-0.6150353557520888,-3.8,5.0,0,1
ADX30_SUPPORT,0.75,0.6,FULL_2012_2026,131,0.1450381679389313,0.10178571428571427,-0.7679389312977098,-0.8141515802787327,-0.837257904769244,-100.6,100.60000000000002,0,15
ADX30_SUPPORT,0.75,0.75,TRAIN_2012_2021,94,0.1595744680851064,0.14240506329113925,-0.7207446808510638,-0.7665002405779233,-0.7893780204413527,-67.75,67.75,0,10
ADX30_SUPPORT,0.75,0.75,OOS_2022_2026,37,0.10810810810810811,0.09090909090909091,-0.8108108108108109,-0.8581847135726808,-0.881871664953616,-30.0,30.0,0,5
ADX30_SUPPORT,0.75,0.75,YTD_2026,7,0.2857142857142857,0.3,-0.5,-0.5481188085966305,-0.5721782128949459,-3.5,5.0,0,1
ADX30_SUPPORT,0.75,0.75,FULL_2012_2026,131,0.1450381679389313,0.12723214285714285,-0.7461832061068703,-0.7923958550878929,-0.8155021795784044,-97.75,97.75,0,15
ADX30_SUPPORT,0.75,1.0,TRAIN_2012_2021,94,0.13829787234042554,0.16049382716049382,-0.723404255319149,-0.7691598150460084,-0.7920375949094378,-68.0,68.0,0,10
ADX30_SUPPORT,0.75,1.0,OOS_2022_2026,37,0.10810810810810811,0.12121212121212122,-0.7837837837837838,-0.8311576865456538,-0.8548446379265888,-29.0,29.0,0,5
ADX30_SUPPORT,0.75,1.0,YTD_2026,7,0.2857142857142857,0.4,-0.42857142857142855,-0.47669023716805914,-0.5007496414663744,-3.0,5.0,0,1
ADX30_SUPPORT,0.75,1.0,FULL_2012_2026,131,0.1297709923664122,0.14912280701754385,-0.7404580152671756,-0.7866706642481983,-0.8097769887387097,-97.0,97.0,0,15
ADX30_SUPPORT,1.0,0.2,TRAIN_2012_2021,94,0.3829787234042553,0.12413793103448277,-0.5404255319148936,-0.5747422017100382,-0.5919005366076104,-50.8,51.0,0,10
ADX30_SUPPORT,1.0,0.2,OOS_2022_2026,37,0.3783783783783784,0.12173913043478264,-0.545945945945946,-0.5814763730173486,-0.5992415865530498,-20.200000000000003,20.200000000000006,0,5
ADX30_SUPPORT,1.0,0.2,YTD_2026,7,0.7142857142857143,0.5,-0.14285714285714285,-0.17894624930461575,-0.1969908025283522,-0.9999999999999999,1.6,0,1
ADX30_SUPPORT,1.0,0.2,FULL_2012_2026,131,0.3816793893129771,0.12345679012345677,-0.5419847328244274,-0.5766442195601944,-0.593973962928078,-70.99999999999999,71.19999999999996,0,15
ADX30_SUPPORT,1.0,0.25,TRAIN_2012_2021,94,0.3829787234042553,0.15517241379310345,-0.5212765957446809,-0.5555932655398252,-0.5727516004373976,-49.0,49.25,0,10
ADX30_SUPPORT,1.0,0.25,OOS_2022_2026,37,0.35135135135135137,0.13541666666666666,-0.5608108108108109,-0.5963412378822134,-0.6141064514179146,-20.75,20.75,0,5
ADX30_SUPPORT,1.0,0.25,YTD_2026,7,0.7142857142857143,0.625,-0.10714285714285714,-0.14323196359033005,-0.16127651681406646,-0.75,1.5,0,1
ADX30_SUPPORT,1.0,0.25,FULL_2012_2026,131,0.37404580152671757,0.14939024390243902,-0.5324427480916031,-0.5671022348273701,-0.5844319781952536,-69.75,70.0,0,15
ADX30_SUPPORT,1.0,0.3,TRAIN_2012_2021,94,0.3829787234042553,0.18620689655172418,-0.5021276595744681,-0.5364443293696125,-0.5536026642671849,-47.2,47.49999999999999,0,10
ADX30_SUPPORT,1.0,0.3,OOS_2022_2026,37,0.35135135135135137,0.16249999999999995,-0.5432432432432431,-0.5787736703146458,-0.5965388838503471,-20.099999999999998,20.099999999999994,0,5
ADX30_SUPPORT,1.0,0.3,YTD_2026,7,0.7142857142857143,0.75,-0.07142857142857144,-0.10751767787604434,-0.12556223109978076,-0.5000000000000001,1.4,0,1
ADX30_SUPPORT,1.0,0.3,FULL_2012_2026,131,0.37404580152671757,0.17926829268292685,-0.5137404580152672,-0.5483999447510342,-0.5657296881189178,-67.30000000000001,67.60000000000002,0,15
ADX30_SUPPORT,1.0,0.4,TRAIN_2012_2021,94,0.3723404255319149,0.23728813559322037,-0.4787234042553192,-0.5130400740504637,-0.5301984089480358,-45.0,45.400000000000006,0,10
ADX30_SUPPORT,1.0,0.4,OOS_2022_2026,37,0.35135135135135137,0.2166666666666667,-0.5081081081081082,-0.5436385351795107,-0.5614037487152118,-18.800000000000004,18.800000000000004,1,5
ADX30_SUPPORT,1.0,0.4,YTD_2026,7,0.7142857142857143,1.0,3.172065784643304e-17,-0.036089106447472874,-0.054133659671209325,2.220446049250313e-16,1.2,1,1
ADX30_SUPPORT,1.0,0.4,FULL_2012_2026,131,0.366412213740458,0.23132530120481926,-0.48702290076335875,-0.5216823874991258,-0.5390121308670094,-63.8,64.20000000000003,1,15
ADX30_SUPPORT,1.0,0.5,TRAIN_2012_2021,94,0.3723404255319149,0.2966101694915254,-0.44148936170212766,-0.4758060314972721,-0.4929643663948444,-41.5,42.0,1,10
ADX30_SUPPORT,1.0,0.5,OOS_2022_2026,37,0.35135135135135137,0.2708333333333333,-0.47297297297297297,-0.5085034000443756,-0.5262686135800768,-17.5,18.0,1,5
ADX30_SUPPORT,1.0,0.5,YTD_2026,7,0.7142857142857143,1.25,0.07142857142857142,0.03533946498109856,0.017294911757362103,0.5,1.0,1,1
ADX30_SUPPORT,1.0,0.5,FULL_2012_2026,131,0.366412213740458,0.2891566265060241,-0.45038167938931295,-0.48504116612508,-0.5023709094929636,-59.0,60.0,2,15
ADX30_SUPPORT,1.0,0.6,TRAIN_2012_2021,94,0.35106382978723405,0.32459016393442625,-0.43829787234042555,-0.47261454213557,-0.48977287703314226,-41.2,41.800000000000004,1,10
ADX30_SUPPORT,1.0,0.6,OOS_2022_2026,37,0.32432432432432434,0.2879999999999999,-0.481081081081081,-0.5166115081524836,-0.5343767216881848,-17.799999999999997,18.799999999999997,1,5
ADX30_SUPPORT,1.0,0.6,YTD_2026,7,0.7142857142857143,1.5,0.14285714285714285,0.10676803640966992,0.0887234831859335,1.0,1.0,1,1
ADX30_SUPPORT,1.0,0.6,FULL_2012_2026,131,0.3435114503816794,0.3139534883720931,-0.45038167938931295,-0.48504116612508,-0.5023709094929636,-59.0,60.599999999999994,2,15
ADX30_SUPPORT,1.0,0.75,TRAIN_2012_2021,94,0.30851063829787234,0.3346153846153846,-0.4601063829787234,-0.49442305277386794,-0.5115813876714401,-43.25,44.0,1,10
ADX30_SUPPORT,1.0,0.75,OOS_2022_2026,37,0.2972972972972973,0.3173076923076923,-0.4797297297297297,-0.5152601568011324,-0.5330253703368336,-17.75,19.5,1,5
ADX30_SUPPORT,1.0,0.75,YTD_2026,7,0.7142857142857143,1.875,0.25,0.21391089355252718,0.19586634032879066,1.75,1.0,1,1
ADX30_SUPPORT,1.0,0.75,FULL_2012_2026,131,0.3053435114503817,0.32967032967032966,-0.46564885496183206,-0.5003083416975991,-0.5176380850654827,-61.0,63.5,2,15
ADX30_SUPPORT,1.0,1.0,TRAIN_2012_2021,94,0.2872340425531915,0.40298507462686567,-0.425531914893617,-0.45984858468876144,-0.4770069195863338,-40.0,41.0,2,10
ADX30_SUPPORT,1.0,1.0,OOS_2022_2026,37,0.1891891891891892,0.23333333333333334,-0.6216216216216216,-0.6571520486930242,-0.6749172622287255,-23.0,23.0,0,5
ADX30_SUPPORT,1.0,1.0,YTD_2026,7,0.42857142857142855,0.75,-0.14285714285714285,-0.17894624930461572,-0.19699080252835216,-1.0,2.0,0,1
ADX30_SUPPORT,1.0,1.0,FULL_2012_2026,131,0.2595419847328244,0.35051546391752575,-0.48091603053435117,-0.5155755172701182,-0.5329052606380017,-63.0,64.0,2,15
ADX30_SUPPORT,1.25,0.2,TRAIN_2012_2021,94,0.6063829787234043,0.30810810810810807,-0.2723404255319149,-0.2997937613680305,-0.3135204292860883,-25.599999999999998,26.600000000000012,1,10
ADX30_SUPPORT,1.25,0.2,OOS_2022_2026,37,0.5135135135135135,0.21111111111111114,-0.38378378378378386,-0.41220812544090585,-0.42642029626946687,-14.200000000000003,14.200000000000006,0,5
ADX30_SUPPORT,1.25,0.2,YTD_2026,7,0.7142857142857143,0.5,-0.14285714285714285,-0.17172842801512114,-0.18616407059411033,-0.9999999999999999,1.6,0,1
ADX30_SUPPORT,1.25,0.2,FULL_2012_2026,131,0.5801526717557252,0.2763636363636363,-0.30381679389312977,-0.3315443832817434,-0.3454081779760503,-39.8,40.399999999999984,1,15
ADX30_SUPPORT,1.25,0.25,TRAIN_2012_2021,94,0.5957446808510638,0.3684210526315789,-0.2553191489361702,-0.28277248477228584,-0.29649915269034366,-24.0,24.75,1,10
ADX30_SUPPORT,1.25,0.25,OOS_2022_2026,37,0.5135135135135135,0.2638888888888889,-0.3581081081081081,-0.3865324497652301,-0.4007446205937912,-13.25,13.25,0,5
ADX30_SUPPORT,1.25,0.25,YTD_2026,7,0.7142857142857143,0.625,-0.10714285714285714,-0.13601414230083544,-0.15044978487982466,-0.75,1.5,0,1
ADX30_SUPPORT,1.25,0.25,FULL_2012_2026,131,0.5725190839694656,0.33482142857142855,-0.28435114503816794,-0.3120787344267816,-0.32594252912108834,-37.25,37.5,1,15
ADX30_SUPPORT,1.25,0.3,TRAIN_2012_2021,94,0.5851063829787234,0.4230769230769232,-0.23936170212765953,-0.2668150379637752,-0.28054170588183297,-22.499999999999996,23.699999999999992,3,10
ADX30_SUPPORT,1.25,0.3,OOS_2022_2026,37,0.5135135135135135,0.31666666666666665,-0.33243243243243237,-0.36085677408955436,-0.37506894491811554,-12.299999999999997,12.299999999999994,0,5
ADX30_SUPPORT,1.25,0.3,YTD_2026,7,0.7142857142857143,0.75,-0.07142857142857144,-0.10029985658654973,-0.11473549916553892,-0.5000000000000001,1.4,0,1
ADX30_SUPPORT,1.25,0.3,FULL_2012_2026,131,0.5648854961832062,0.3894736842105263,-0.26564885496183205,-0.29337644435044574,-0.30724023904475245,-34.8,35.400000000000006,3,15
ADX30_SUPPORT,1.25,0.4,TRAIN_2012_2021,94,0.5638297872340425,0.5170731707317071,-0.21063829787234048,-0.23809163370845604,-0.2518183016265138,-19.800000000000004,23.199999999999996,3,10
ADX30_SUPPORT,1.25,0.4,OOS_2022_2026,37,0.4864864864864865,0.3789473684210527,-0.3189189189189189,-0.34734326057604087,-0.36155543140460206,-11.799999999999999,11.799999999999997,1,5
ADX30_SUPPORT,1.25,0.4,YTD_2026,7,0.7142857142857143,1.0,3.172065784643304e-17,-0.028871285157978273,-0.0433069277369675,2.220446049250313e-16,1.2,1,1
ADX30_SUPPORT,1.25,0.4,FULL_2012_2026,131,0.5419847328244275,0.4733333333333331,-0.24122137404580155,-0.2689489634344151,-0.2828127581287219,-31.6,34.200000000000024,4,15
ADX30_SUPPORT,1.25,0.5,TRAIN_2012_2021,94,0.5319148936170213,0.5681818181818182,-0.20212765957446807,-0.2295809954105837,-0.24330766332864154,-19.0,24.0,2,10
ADX30_SUPPORT,1.25,0.5,OOS_2022_2026,37,0.4594594594594595,0.425,-0.3108108108108108,-0.33923515246793284,-0.35344732329649375,-11.5,12.0,1,5
ADX30_SUPPORT,1.25,0.5,YTD_2026,7,0.7142857142857143,1.25,0.07142857142857142,0.042557286270593124,0.02812164369160392,0.5,1.0,1,1
ADX30_SUPPORT,1.25,0.5,FULL_2012_2026,131,0.5114503816793893,0.5234375,-0.23282442748091603,-0.26055201686952967,-0.27441581156383643,-30.5,35.0,3,15
ADX30_SUPPORT,1.25,0.6,TRAIN_2012_2021,94,0.46808510638297873,0.5280000000000001,-0.251063829787234,-0.27851716562334966,-0.2922438335414074,-23.599999999999998,29.399999999999995,3,10
ADX30_SUPPORT,1.25,0.6,OOS_2022_2026,37,0.43243243243243246,0.45714285714285713,-0.3081081081081082,-0.33653244976523017,-0.35074462059379113,-11.400000000000002,12.600000000000001,1,5
ADX30_SUPPORT,1.25,0.6,YTD_2026,7,0.7142857142857143,1.5,0.14285714285714285,0.11398585769916451,0.09955021512017535,1.0,1.0,1,1
ADX30_SUPPORT,1.25,0.6,FULL_2012_2026,131,0.4580152671755725,0.5070422535211269,-0.26717557251908397,-0.2949031619076976,-0.3087669566020044,-35.0,41.399999999999984,4,15
ADX30_SUPPORT,1.25,0.75,TRAIN_2012_2021,94,0.44680851063829785,0.6057692307692307,-0.21808510638297873,-0.24553844221909432,-0.2592651101371521,-20.5,28.75,3,10
ADX30_SUPPORT,1.25,0.75,OOS_2022_2026,37,0.35135135135135137,0.40625,-0.38513513513513514,-0.41355947679225713,-0.42777164762081804,-14.25,14.75,0,5
ADX30_SUPPORT,1.25,0.75,YTD_2026,7,0.5714285714285714,1.0,0.0,-0.02887128515797832,-0.043306927736967475,0.0,1.25,0,1
ADX30_SUPPORT,1.25,0.75,FULL_2012_2026,131,0.4198473282442748,0.5427631578947368,-0.2652671755725191,-0.29299476496113275,-0.30685855965543946,-34.75,42.75,3,15
ADX30_SUPPORT,1.25,1.0,TRAIN_2012_2021,94,0.425531914893617,0.7212351364956191,-0.16014151733230386,-0.18759485316841945,-0.2013215210864773,-15.053302629236562,27.0,5,10
ADX30_SUPPORT,1.25,1.0,OOS_2022_2026,37,0.2972972972972973,0.4230769230769231,-0.40540540540540543,-0.43382974706252747,-0.4480419178910884,-15.0,15.0,0,5
ADX30_SUPPORT,1.25,1.0,YTD_2026,7,0.42857142857142855,0.75,-0.14285714285714285,-0.1717284280151212,-0.18616407059411033,-1.0,2.0,0,1
ADX30_SUPPORT,1.25,1.0,FULL_2012_2026,131,0.3893129770992366,0.6243337171345429,-0.229414523887302,-0.25714211327591563,-0.2710059079702224,-30.053302629236562,41.0,5,15
ADX30_SUPPORT,1.5,0.2,TRAIN_2012_2021,94,0.723404255319149,0.5230769230769229,-0.1319148936170213,-0.15479267348045098,-0.1662315634121658,-12.400000000000002,13.799999999999995,3,10
ADX30_SUPPORT,1.5,0.2,OOS_2022_2026,37,0.5675675675675675,0.26250000000000007,-0.31891891891891894,-0.3426058702998539,-0.35444934599032146,-11.8,11.800000000000008,0,5
ADX30_SUPPORT,1.5,0.2,YTD_2026,7,0.7142857142857143,0.5,-0.14285714285714285,-0.16691654715545812,-0.17894624930461572,-0.9999999999999999,1.6,0,1
ADX30_SUPPORT,1.5,0.2,FULL_2012_2026,131,0.6793893129770993,0.42380952380952375,-0.1847328244274809,-0.20783914891799232,-0.21939231116324795,-24.2,24.800000000000015,3,15
ADX30_SUPPORT,1.5,0.25,TRAIN_2012_2021,94,0.6808510638297872,0.5333333333333333,-0.14893617021276595,-0.17181395007619563,-0.1832528400079105,-14.0,15.25,2,10
ADX30_SUPPORT,1.5,0.25,OOS_2022_2026,37,0.5675675675675675,0.328125,-0.2905405405405405,-0.3142274919214755,-0.3260709676119431,-10.75,10.75,0,5
ADX30_SUPPORT,1.5,0.25,YTD_2026,7,0.7142857142857143,0.625,-0.10714285714285714,-0.1312022614411724,-0.14323196359033005,-0.75,1.5,0,1
ADX30_SUPPORT,1.5,0.25,FULL_2012_2026,131,0.648854961832061,0.46195652173913043,-0.18893129770992367,-0.212037622200435,-0.2235907844456907,-24.75,25.0,2,15
ADX30_SUPPORT,1.5,0.3,TRAIN_2012_2021,94,0.6808510638297872,0.64,-0.11489361702127657,-0.1377713968847063,-0.14921028681642115,-10.799999999999997,13.300000000000004,4,10
ADX30_SUPPORT,1.5,0.3,OOS_2022_2026,37,0.5675675675675675,0.39374999999999993,-0.26216216216216215,-0.2858491135430972,-0.2976925892335648,-9.7,9.699999999999994,0,5
ADX30_SUPPORT,1.5,0.3,YTD_2026,7,0.7142857142857143,0.75,-0.07142857142857144,-0.09548797572688669,-0.10751767787604434,-0.5000000000000001,1.4,0,1
ADX30_SUPPORT,1.5,0.3,FULL_2012_2026,131,0.648854961832061,0.5543478260869565,-0.15648854961832062,-0.179594874108832,-0.19114803635408764,-20.5,21.799999999999986,4,15
ADX30_SUPPORT,1.5,0.4,TRAIN_2012_2021,94,0.6063829787234043,0.6162162162162161,-0.15106382978723404,-0.1739416096506637,-0.1853804995823785,-14.2,18.4,2,10
ADX30_SUPPORT,1.5,0.4,OOS_2022_2026,37,0.5135135135135135,0.4222222222222223,-0.281081081081081,-0.30476803246201617,-0.31661150815248357,-10.399999999999997,10.6,2,5
ADX30_SUPPORT,1.5,0.4,YTD_2026,7,0.7142857142857143,1.0,3.172065784643304e-17,-0.024059404298315244,-0.036089106447472874,2.220446049250313e-16,1.2,1,1
ADX30_SUPPORT,1.5,0.4,FULL_2012_2026,131,0.5801526717557252,0.5527272727272726,-0.18778625954198475,-0.21089258403249608,-0.2224457462777517,-24.6,27.400000000000006,4,15
ADX30_SUPPORT,1.5,0.5,TRAIN_2012_2021,94,0.5319148936170213,0.5803964585349675,-0.19227664972584532,-0.215154429589275,-0.22659331952098988,-18.07400507422946,22.57400507422946,2,10
ADX30_SUPPORT,1.5,0.5,OOS_2022_2026,37,0.4864864864864865,0.47368421052631576,-0.2702702702702703,-0.2939572216512053,-0.30580069734167287,-10.0,11.0,2,5
ADX30_SUPPORT,1.5,0.5,YTD_2026,7,0.7142857142857143,1.25,0.07142857142857142,0.04736916713025617,0.03533946498109856,0.5,1.0,1,1
ADX30_SUPPORT,1.5,0.5,FULL_2012_2026,131,0.5190839694656488,0.5477333057427509,-0.2143053822460264,-0.2374117067365378,-0.24896486898179346,-28.07400507422946,31.57400507422946,4,15
ADX30_SUPPORT,1.5,0.6,TRAIN_2012_2021,94,0.5,0.6120587944236064,-0.19014899015137718,-0.21302677001480697,-0.22446565994652182,-17.874005074229455,23.874005074229466,4,10
ADX30_SUPPORT,1.5,0.6,OOS_2022_2026,37,0.43243243243243246,0.45714285714285713,-0.3081081081081081,-0.3317950594890432,-0.34363853517951076,-11.4,13.200000000000001,2,5
ADX30_SUPPORT,1.5,0.6,YTD_2026,7,0.7142857142857143,1.5,0.14285714285714285,0.1187977385588276,0.10676803640966992,1.0,1.0,1,1
ADX30_SUPPORT,1.5,0.6,FULL_2012_2026,131,0.48091603053435117,0.5635566261201714,-0.22346568758953786,-0.24657201208004925,-0.2581251743253049,-29.27400507422946,34.67400507422945,6,15
ADX30_SUPPORT,1.5,0.75,TRAIN_2012_2021,94,0.46808510638297873,0.6724537756819342,-0.1710000539811645,-0.19387783384459417,-0.205316723776309,-16.07400507422946,23.32400507422946,3,10
ADX30_SUPPORT,1.5,0.75,OOS_2022_2026,37,0.3783783783783784,0.45652173913043476,-0.33783783783783783,-0.36152478921877285,-0.3733682649092404,-12.5,12.5,1,5
ADX30_SUPPORT,1.5,0.75,YTD_2026,7,0.42857142857142855,0.5625,-0.25,-0.27405940429831527,-0.28608910644747293,-1.75,2.5,0,1
ADX30_SUPPORT,1.5,0.75,FULL_2012_2026,131,0.44274809160305345,0.6035463126434986,-0.2181221761391562,-0.24122850062966758,-0.25278166287492326,-28.57400507422946,34.32400507422946,4,15
ADX30_SUPPORT,1.5,1.0,TRAIN_2012_2021,94,0.425531914893617,0.7308458146579649,-0.15196904892120494,-0.17484682878463464,-0.1862857187163495,-14.285090598593264,25.07400507422946,4,10
ADX30_SUPPORT,1.5,1.0,OOS_2022_2026,37,0.35135135135135137,0.5123024883351742,-0.31634433189069777,-0.3400312832716328,-0.35187475896210035,-11.704740279955818,12.0,1,5
ADX30_SUPPORT,1.5,1.0,YTD_2026,7,0.42857142857142855,0.75,-0.14285714285714285,-0.16691654715545812,-0.17894624930461572,-1.0,2.0,0,1
ADX30_SUPPORT,1.5,1.0,FULL_2012_2026,131,0.40458015267175573,0.662793819349099,-0.19839565556144337,-0.2215019800519548,-0.23305514229721044,-25.989830878549082,35.07400507422946,5,15
ADX30_SUPPORT,1.75,0.2,TRAIN_2012_2021,94,0.7553191489361702,0.6173913043478259,-0.0936170212765958,-0.11322654687382117,-0.1230313096724339,-8.800000000000004,11.199999999999998,3,10
ADX30_SUPPORT,1.75,0.2,OOS_2022_2026,37,0.6486486486486487,0.3692307692307693,-0.2216216216216216,-0.24192472280528018,-0.25207627339710953,-8.2,8.399999999999999,1,5
ADX30_SUPPORT,1.75,0.2,YTD_2026,7,0.8571428571428571,1.2,0.028571428571428564,0.007949082030015495,-0.0023620912406910094,0.19999999999999996,1.0,1,1
ADX30_SUPPORT,1.75,0.2,FULL_2012_2026,131,0.7251908396946565,0.5277777777777776,-0.1297709923664122,-0.1495764133582791,-0.1594791238542125,-17.0,18.80000000000001,4,15
ADX30_SUPPORT,1.75,0.25,TRAIN_2012_2021,94,0.7446808510638298,0.7291666666666666,-0.06914893617021277,-0.08875846176743822,-0.09856322456605092,-6.5,9.5,3,10
ADX30_SUPPORT,1.75,0.25,OOS_2022_2026,37,0.6486486486486487,0.46153846153846156,-0.1891891891891892,-0.20949229037284778,-0.21964384096467712,-7.0,8.0,1,5
ADX30_SUPPORT,1.75,0.25,YTD_2026,7,0.8571428571428571,1.5,0.07142857142857142,0.05080622488715836,0.04049505161645179,0.5,1.0,1,1
ADX30_SUPPORT,1.75,0.25,FULL_2012_2026,131,0.7175572519083969,0.6351351351351351,-0.10305343511450382,-0.12285885610637069,-0.13276156660230412,-13.5,16.0,4,15
ADX30_SUPPORT,1.75,0.3,TRAIN_2012_2021,94,0.7021276595744681,0.7071428571428572,-0.08723404255319146,-0.10684356815041696,-0.11664833094902961,-8.199999999999998,13.000000000000004,6,10
ADX30_SUPPORT,1.75,0.3,OOS_2022_2026,37,0.6216216216216216,0.49285714285714277,-0.19189189189189193,-0.2121949930755505,-0.22234654366737983,-7.100000000000001,8.100000000000001,1,5
ADX30_SUPPORT,1.75,0.3,YTD_2026,7,0.8571428571428571,1.8,0.1142857142857143,0.09366336774430116,0.08335219447359465,0.8,1.0,1,1
ADX30_SUPPORT,1.75,0.3,FULL_2012_2026,131,0.6793893129770993,0.6357142857142856,-0.11679389312977098,-0.1365993141216379,-0.1465020246175713,-15.299999999999999,19.899999999999988,7,15
ADX30_SUPPORT,1.75,0.4,TRAIN_2012_2021,94,0.6170212765957447,0.6624514019010355,-0.12575996748708904,-0.1453694930843145,-0.15517425588292721,-11.821436943786368,16.063432920768108,3,10
ADX30_SUPPORT,1.75,0.4,OOS_2022_2026,37,0.5945945945945946,0.5866666666666668,-0.16756756756756755,-0.18787066875122613,-0.19802221934305544,-6.199999999999999,8.2,2,5
ADX30_SUPPORT,1.75,0.4,YTD_2026,7,0.8571428571428571,2.4,0.19999999999999998,0.17937765345858692,0.16906648018788037,1.4,1.0,1,1
ADX30_SUPPORT,1.75,0.4,FULL_2012_2026,131,0.6106870229007634,0.639725724712013,-0.13756822094493412,-0.15737364193680095,-0.16727635243273442,-18.02143694378637,22.66343292076811,5,15
ADX30_SUPPORT,1.75,0.5,TRAIN_2012_2021,94,0.5638297872340425,0.6621451407959584,-0.14384507387006779,-0.1634545994672932,-0.1732593622659059,-13.521436943786373,19.56343292076811,3,10
ADX30_SUPPORT,1.75,0.5,OOS_2022_2026,37,0.5945945945945946,0.7333333333333333,-0.10810810810810811,-0.12841120929176675,-0.13856275988359606,-4.0,7.5,2,5
ADX30_SUPPORT,1.75,0.5,YTD_2026,7,0.8571428571428571,3.0,0.2857142857142857,0.26509193917287266,0.2547807659021661,2.0,1.0,1,1
ADX30_SUPPORT,1.75,0.5,FULL_2012_2026,131,0.5725190839694656,0.6815525381191433,-0.13375142705180437,-0.15355684804367126,-0.16345955853960464,-17.521436943786373,24.56343292076811,5,15
ADX30_SUPPORT,1.75,0.6,TRAIN_2012_2021,94,0.5212765957446809,0.6678564363435623,-0.15554720152964227,-0.17515672712686772,-0.18496148992548045,-14.621436943786373,22.663432920768116,4,10
ADX30_SUPPORT,1.75,0.6,OOS_2022_2026,37,0.4864864864864865,0.5684210526315789,-0.22162162162162166,-0.24192472280528027,-0.2520762733971095,-8.200000000000001,8.4,1,5
ADX30_SUPPORT,1.75,0.6,YTD_2026,7,0.5714285714285714,0.7999999999999999,-0.08571428571428573,-0.10633663225569881,-0.11664780552640534,-0.6000000000000001,1.4,0,1
ADX30_SUPPORT,1.75,0.6,FULL_2012_2026,131,0.5114503816793893,0.6378781879546391,-0.1742094423189799,-0.19401486331084686,-0.20391757380678024,-22.821436943786367,29.86343292076811,5,15
ADX30_SUPPORT,1.75,0.75,TRAIN_2012_2021,94,0.48936170212765956,0.7161885003205607,-0.14197047378827876,-0.1615799993855042,-0.17138476218411686,-13.345224536098204,21.56343292076811,3,10
ADX30_SUPPORT,1.75,0.75,OOS_2022_2026,37,0.4594594594594595,0.6024571772628899,-0.21488801229032975,-0.23519111347398836,-0.24534266406581767,-7.950856454742201,9.200856454742201,1,5
ADX30_SUPPORT,1.75,0.75,YTD_2026,7,0.5714285714285714,1.0,0.0,-0.020622346541413088,-0.03093351981211962,0.0,1.25,0,1
ADX30_SUPPORT,1.75,0.75,FULL_2012_2026,131,0.48091603053435117,0.6822497105112458,-0.1625655037468733,-0.1823709247387402,-0.19227363523467364,-21.296080990840405,29.264289375510312,4,15
ADX30_SUPPORT,1.75,1.0,TRAIN_2012_2021,94,0.4574468085106383,0.842016448420941,-0.08318627677183901,-0.10279580236906447,-0.11260056516767712,-7.819510016552867,21.06343292076811,4,10
ADX30_SUPPORT,1.75,1.0,OOS_2022_2026,37,0.4594594594594595,0.7651111652647835,-0.12696693769471165,-0.14727003887837026,-0.15742158947019957,-4.697776694704331,8.0,2,5
ADX30_SUPPORT,1.75,1.0,YTD_2026,7,0.5714285714285714,1.3333333333333333,0.14285714285714285,0.12223479631572978,0.11192362304502325,1.0,1.0,1,1
ADX30_SUPPORT,1.75,1.0,FULL_2012_2026,131,0.4580152671755725,0.8198840694849586,-0.09555180695616182,-0.11535722794802873,-0.12525993844396216,-12.517286711257197,26.014289375510312,6,15
ADX30_SUPPORT,2.0,0.2,TRAIN_2012_2021,94,0.8085106382978723,0.8444444444444442,-0.02978723404255318,-0.04694556894012546,-0.05552473638891158,-2.799999999999999,6.6,6,10
ADX30_SUPPORT,2.0,0.2,OOS_2022_2026,37,0.7297297297297297,0.5400000000000001,-0.12432432432432432,-0.1420895378600256,-0.15097214462787623,-4.6,5.199999999999999,1,5
ADX30_SUPPORT,2.0,0.2,YTD_2026,7,0.8571428571428571,1.2,0.028571428571428564,0.010526875347692144,0.0015045987358239174,0.19999999999999996,1.0,1,1
ADX30_SUPPORT,2.0,0.2,FULL_2012_2026,131,0.7862595419847328,0.7357142857142855,-0.05648854961832061,-0.0738182929862041,-0.08248316467014588,-7.3999999999999995,10.399999999999995,7,15
ADX30_SUPPORT,2.0,0.25,TRAIN_2012_2021,94,0.7872340425531915,0.925,-0.015957446808510637,-0.0331157817060829,-0.04169494915486903,-1.5,7.5,5,10
ADX30_SUPPORT,2.0,0.25,OOS_2022_2026,37,0.7027027027027027,0.5909090909090909,-0.12162162162162163,-0.1393868351573229,-0.14826944192517352,-4.5,5.25,1,5
ADX30_SUPPORT,2.0,0.25,YTD_2026,7,0.8571428571428571,1.5,0.07142857142857142,0.05338401820483501,0.04436174159296675,0.5,1.0,1,1
ADX30_SUPPORT,2.0,0.25,FULL_2012_2026,131,0.7633587786259542,0.8064516129032258,-0.04580152671755725,-0.06313127008544077,-0.07179614176938252,-6.0,11.5,6,15
ADX30_SUPPORT,2.0,0.3,TRAIN_2012_2021,94,0.7446808510638298,0.8750000000000001,-0.03191489361702129,-0.04907322851459353,-0.057652395963379684,-3.000000000000001,9.900000000000002,5,10
ADX30_SUPPORT,2.0,0.3,OOS_2022_2026,37,0.7027027027027027,0.709090909090909,-0.08648648648648652,-0.10425170002218775,-0.11313430679003843,-3.200000000000001,4.800000000000001,1,5
ADX30_SUPPORT,2.0,0.3,YTD_2026,7,0.8571428571428571,1.8,0.1142857142857143,0.0962411610619778,0.08721888445010959,0.8,1.0,1,1
ADX30_SUPPORT,2.0,0.3,FULL_2012_2026,131,0.732824427480916,0.8228571428571426,-0.04732824427480917,-0.06465798764269269,-0.07332285932663443,-6.200000000000001,12.900000000000006,6,15
ADX30_SUPPORT,2.0,0.4,TRAIN_2012_2021,94,0.6170212765957447,0.6648753753680037,-0.12440167367886247,-0.14156000857643478,-0.15013917602522087,-11.693757325813072,16.455503805672095,3,10
ADX30_SUPPORT,2.0,0.4,OOS_2022_2026,37,0.6756756756756757,0.8333333333333335,-0.05405405405405406,-0.07181926758975529,-0.08070187435760594,-2.0,4.400000000000001,2,5
ADX30_SUPPORT,2.0,0.4,YTD_2026,7,0.8571428571428571,2.4,0.19999999999999998,0.1819554467762636,0.17293317016439538,1.4,1.0,1,1
ADX30_SUPPORT,2.0,0.4,FULL_2012_2026,131,0.6335877862595419,0.707983362675116,-0.10453249867032881,-0.12186224203821232,-0.1305271137221541,-13.693757325813074,18.855503805672086,5,15
ADX30_SUPPORT,2.0,0.5,TRAIN_2012_2021,94,0.5957446808510638,0.7589359834708277,-0.09461443963630933,-0.11177277453388157,-0.12035194198266773,-8.893757325813077,16.055503805672096,3,10
ADX30_SUPPORT,2.0,0.5,OOS_2022_2026,37,0.5675675675675675,0.65625,-0.14864864864864866,-0.16641386218434992,-0.17529646895220055,-5.5,5.5,1,5
ADX30_SUPPORT,2.0,0.5,YTD_2026,7,0.5714285714285714,0.6666666666666666,-0.14285714285714285,-0.1609016960808793,-0.16992397269274753,-1.0,1.5,0,1
ADX30_SUPPORT,2.0,0.5,FULL_2012_2026,131,0.5877862595419847,0.7278741754504048,-0.10987601012071051,-0.127205753488594,-0.13587062517253579,-14.393757325813077,20.055503805672096,4,15
ADX30_SUPPORT,2.0,0.6,TRAIN_2012_2021,94,0.5638297872340425,0.7818688423350065,-0.09257522839453114,-0.10973356329210342,-0.11831273074088956,-8.702071469085928,16.255503805672102,3,10
ADX30_SUPPORT,2.0,0.6,OOS_2022_2026,37,0.5675675675675675,0.7874999999999999,-0.09189189189189188,-0.10965710542759317,-0.11853971219544379,-3.4,3.9999999999999996,2,5
ADX30_SUPPORT,2.0,0.6,YTD_2026,7,0.5714285714285714,0.7999999999999999,-0.08571428571428573,-0.10375883893802215,-0.11278111554989043,-0.6000000000000001,1.4,0,1
ADX30_SUPPORT,2.0,0.6,FULL_2012_2026,131,0.5648854961832062,0.7834808027211134,-0.09238222495485442,-0.10971196832273793,-0.11837684000667968,-12.102071469085928,18.655503805672108,5,15
ADX30_SUPPORT,2.0,0.75,TRAIN_2012_2021,94,0.5212765957446809,0.8165554292990392,-0.08566033477750987,-0.10281866967508216,-0.11139783712386829,-8.052071469085927,18.305503805672096,3,10
ADX30_SUPPORT,2.0,0.75,OOS_2022_2026,37,0.5405405405405406,0.8096732583608064,-0.08744742183422406,-0.10521263536992528,-0.11409524213777593,-3.2355546078662902,5.0,2,5
ADX30_SUPPORT,2.0,0.75,YTD_2026,7,0.5714285714285714,1.0,0.0,-0.01804455322373642,-0.027066829835604694,0.0,1.25,0,1
ADX30_SUPPORT,2.0,0.75,FULL_2012_2026,131,0.5267175572519084,0.8146341008889042,-0.08616508455688716,-0.10349482792477067,-0.11215969960871242,-11.287626076952218,20.762503203571523,5,15
ADX30_SUPPORT,2.0,1.0,TRAIN_2012_2021,94,0.48936170212765956,0.9345917557184029,-0.03222313295916288,-0.04938146785673515,-0.05796063530552125,-3.028974498161311,14.055503805672096,2,10
ADX30_SUPPORT,2.0,1.0,OOS_2022_2026,37,0.4864864864864865,0.8560234416912479,-0.07393390832071055,-0.09169912185641177,-0.10058172862426239,-2.7355546078662902,4.956999397899426,2,5
ADX30_SUPPORT,2.0,1.0,YTD_2026,7,0.5714285714285714,1.3333333333333333,0.14285714285714285,0.12481258963340644,0.11579031302153818,1.0,1.0,1,1
ADX30_SUPPORT,2.0,1.0,FULL_2012_2026,131,0.48854961832061067,0.9117342090077014,-0.044004038977309916,-0.06133378234519344,-0.06999865402913516,-5.764529106027599,17.012503203571523,4,15
ADX30_SUPPORT,2.25,0.2,TRAIN_2012_2021,94,0.8404255319148937,1.053333333333333,0.00851063829787234,-0.006741214944414111,-0.014367141565557335,0.8,4.999999999999998,6,10
ADX30_SUPPORT,2.25,0.2,OOS_2022_2026,37,0.8108108108108109,0.8571428571428574,-0.027027027027027032,-0.04281832794765039,-0.05071397840796206,-1.0000000000000002,3.6,2,5
ADX30_SUPPORT,2.25,0.2,YTD_2026,7,1.0,,0.19999999999999998,0.1839603971344565,0.17594059570168472,1.4,0.0,1,1
ADX30_SUPPORT,2.25,0.2,FULL_2012_2026,131,0.8320610687022901,0.9909090909090907,-0.001526717557251903,-0.01693093388425946,-0.024633042047763256,-0.1999999999999993,6.199999999999998,8,15
ADX30_SUPPORT,2.25,0.25,TRAIN_2012_2021,94,0.776595744680851,0.8690476190476191,-0.02925531914893617,-0.044507172391222614,-0.05213309901236587,-2.75,8.75,5,10
ADX30_SUPPORT,2.25,0.25,OOS_2022_2026,37,0.7837837837837838,0.90625,-0.02027027027027027,-0.03606157119089363,-0.04395722165120532,-0.75,3.5,2,5
ADX30_SUPPORT,2.25,0.25,YTD_2026,7,1.0,,0.25,0.23396039713445652,0.22594059570168473,1.75,0.0,1,1
ADX30_SUPPORT,2.25,0.25,FULL_2012_2026,131,0.7786259541984732,0.8793103448275862,-0.026717557251908396,-0.042121773578915965,-0.049823881742419744,-3.5,11.0,7,15
ADX30_SUPPORT,2.25,0.3,TRAIN_2012_2021,94,0.723404255319149,0.8227647402224265,-0.046749478258279686,-0.06200133150056615,-0.06962725812170936,-4.39445095627829,9.049336716152979,5,10
ADX30_SUPPORT,2.25,0.3,OOS_2022_2026,37,0.7567567567567568,0.9333333333333333,-0.0162162162162162,-0.032007517136839594,-0.03990316759715125,-0.5999999999999994,4.1,1,5
ADX30_SUPPORT,2.25,0.3,YTD_2026,7,1.0,,0.3,0.2839603971344565,0.2759405957016847,2.1,0.0,1,1
ADX30_SUPPORT,2.25,0.3,FULL_2012_2026,131,0.732824427480916,0.852210915847105,-0.038125579818918245,-0.053529796145925825,-0.06123190430942961,-4.99445095627829,11.64933671615298,6,15
ADX30_SUPPORT,2.25,0.4,TRAIN_2012_2021,94,0.6276595744680851,0.6983395004858222,-0.10845160591785412,-0.12370345916014057,-0.13132938578128384,-10.194450956278287,15.249336716152973,3,10
ADX30_SUPPORT,2.25,0.4,OOS_2022_2026,37,0.7297297297297297,1.0800000000000003,0.021621621621621633,0.0058303207009982845,-0.0020653297593134006,0.8000000000000004,4.200000000000001,4,5
ADX30_SUPPORT,2.25,0.4,YTD_2026,7,1.0,,0.39999999999999997,0.3839603971344565,0.37594059570168475,2.8,0.0,1,1
ADX30_SUPPORT,2.25,0.4,FULL_2012_2026,131,0.6564885496183206,0.7854876416727511,-0.0717133660784602,-0.08711758240546778,-0.09481969056897156,-9.394450956278286,17.249336716152968,7,15
ADX30_SUPPORT,2.25,0.5,TRAIN_2012_2021,94,0.5851063829787234,0.7276200422070634,-0.10951543570508819,-0.12476728894737465,-0.13239321556851785,-10.29445095627829,16.0,2,10
ADX30_SUPPORT,2.25,0.5,OOS_2022_2026,37,0.6486486486486487,0.948837267962822,-0.017488055179546755,-0.033279356100170104,-0.04117500656048179,-0.6470580416432299,3.5,3,5
ADX30_SUPPORT,2.25,0.5,YTD_2026,7,0.7142857142857143,1.5178578634094828,0.1218488511938243,0.10580924832828076,0.09778944689550904,0.8529419583567701,1.0,1,1
ADX30_SUPPORT,2.25,0.5,FULL_2012_2026,131,0.6030534351145038,0.7830852166145075,-0.0835229694497826,-0.09892718577679017,-0.10662929394029391,-10.94150899792152,18.5,5,15
ADX30_SUPPORT,2.25,0.6,TRAIN_2012_2021,94,0.5531914893617021,0.7589240842500853,-0.10315653004009556,-0.118408383282382,-0.12603430990352527,-9.696713823768983,16.000000000000004,3,10
ADX30_SUPPORT,2.25,0.6,OOS_2022_2026,37,0.6216216216216216,0.9700422403881508,-0.01104960227622967,-0.026840903196853047,-0.03473655365716472,-0.40883528422049775,3.4,3,5
ADX30_SUPPORT,2.25,0.6,YTD_2026,7,0.7142857142857143,1.8214294360913794,0.19327742262239572,0.1772378197568522,0.1692180183240804,1.3529419583567701,1.0,1,1
ADX30_SUPPORT,2.25,0.6,FULL_2012_2026,131,0.5725190839694656,0.8124075997750481,-0.07714159624419449,-0.09254581257120208,-0.10024792073470584,-10.105549107989479,18.200000000000003,6,15
ADX30_SUPPORT,2.25,0.75,TRAIN_2012_2021,94,0.5212765957446809,0.8399775718760553,-0.07250640990201355,-0.08775826314430003,-0.09538418976544324,-6.815602530789274,15.97754256740113,4,10
ADX30_SUPPORT,2.25,0.75,OOS_2022_2026,37,0.5945945945945946,1.040144889674809,0.015892014301142978,0.00010071338051960684,-0.007794937079792061,0.5880045291422902,4.0,3,5
ADX30_SUPPORT,2.25,0.75,YTD_2026,7,0.7142857142857143,2.276786795114224,0.30042027976525293,0.28438067689970936,0.2763608754669376,2.1029419583567703,1.0,1,1
ADX30_SUPPORT,2.25,0.75,FULL_2012_2026,131,0.5419847328244275,0.891199337252638,-0.04753891604310675,-0.06294313237011433,-0.07064524053361809,-6.227598001646984,17.72754256740113,7,15
ADX30_SUPPORT,2.25,1.0,TRAIN_2012_2021,94,0.48936170212765956,0.9134871726696727,-0.04196014366832706,-0.05721199691061352,-0.06483792353175676,-3.9442535048227434,12.0,3,10
ADX30_SUPPORT,2.25,1.0,OOS_2022_2026,37,0.4594594594594595,0.8441499016466854,-0.07602037798199376,-0.09181167890261714,-0.09970732936292878,-2.812753985333769,5.0,3,5
ADX30_SUPPORT,2.25,1.0,YTD_2026,7,0.42857142857142855,1.46497497104191,0.13602620626867296,0.11998660340312939,0.11196680197035767,0.9521834438807106,1.0478165561192894,1,1
ADX30_SUPPORT,2.25,1.0,FULL_2012_2026,131,0.48091603053435117,0.8938234565793819,-0.051580209848523004,-0.06698442617553059,-0.07468653433903434,-6.757007490156513,15.121878787140572,6,15
ADX30_SUPPORT,2.5,0.2,TRAIN_2012_2021,94,0.8297872340425532,0.9749999999999996,-0.004255319148936174,-0.017981987066993967,-0.024845321026022882,-0.4000000000000003,6.399999999999999,5,10
ADX30_SUPPORT,2.5,0.2,OOS_2022_2026,37,0.7837837837837838,0.7250000000000002,-0.05945945945945944,-0.07367163028802046,-0.08077771570230097,-2.1999999999999993,4.199999999999999,2,5
ADX30_SUPPORT,2.5,0.2,YTD_2026,7,1.0,,0.19999999999999998,0.18556435742101085,0.17834653613151627,1.4,0.0,1,1
ADX30_SUPPORT,2.5,0.2,FULL_2012_2026,131,0.816793893129771,0.8916666666666666,-0.019847328244274803,-0.0337111229385816,-0.040643020285735014,-2.599999999999999,8.199999999999998,7,15
ADX30_SUPPORT,2.5,0.25,TRAIN_2012_2021,94,0.8085106382978723,1.0555555555555556,0.010638297872340425,-0.0030883700457173743,-0.009951704004746294,1.0,7.5,5,10
ADX30_SUPPORT,2.5,0.25,OOS_2022_2026,37,0.7837837837837838,0.90625,-0.02027027027027027,-0.034482441098831286,-0.041588526513111804,-0.75,3.5,2,5
ADX30_SUPPORT,2.5,0.25,YTD_2026,7,1.0,,0.25,0.23556435742101084,0.22834653613151623,1.75,0.0,1,1
ADX30_SUPPORT,2.5,0.25,FULL_2012_2026,131,0.8015267175572519,1.0096153846153846,0.0019083969465648854,-0.01195539774774192,-0.018887295094895343,0.25,8.5,7,15
ADX30_SUPPORT,2.5,0.3,TRAIN_2012_2021,94,0.7127659574468085,0.8057742678516664,-0.05154203681805802,-0.06526870473611583,-0.07213203869514472,-4.8449514608974535,11.029945600246993,7,10
ADX30_SUPPORT,2.5,0.3,OOS_2022_2026,37,0.7567567567567568,0.9333333333333333,-0.0162162162162162,-0.030428387044777228,-0.03753447245905778,-0.5999999999999994,4.1,1,5
ADX30_SUPPORT,2.5,0.3,YTD_2026,7,1.0,,0.3,0.28556435742101083,0.2783465361315162,2.1,0.0,1,1
ADX30_SUPPORT,2.5,0.3,FULL_2012_2026,131,0.7251908396946565,0.8395946605736139,-0.04156451496868284,-0.05542830966298967,-0.06236020701014307,-5.444951460897452,12.129945600246996,8,15
ADX30_SUPPORT,2.5,0.4,TRAIN_2012_2021,94,0.6595744680851063,0.8281863482859267,-0.05473352617976009,-0.06846019409781791,-0.07532352805684682,-5.144951460897449,13.02994560024699,6,10
ADX30_SUPPORT,2.5,0.4,OOS_2022_2026,37,0.6486486486486487,0.8123031953999829,-0.059952628205295,-0.074164799033856,-0.08127088444813653,-2.218247243595915,4.200000000000001,3,5
ADX30_SUPPORT,2.5,0.4,YTD_2026,7,0.7142857142857143,1.2639410825408337,0.059663966074441896,0.045228323495452714,0.038010502205958176,0.41764776252109326,1.0,1,1
ADX30_SUPPORT,2.5,0.4,FULL_2012_2026,131,0.6564885496183206,0.8236916966874676,-0.05620762369842265,-0.07007141839272944,-0.07700331573988285,-7.363198704493367,14.62994560024698,9,15
ADX30_SUPPORT,2.5,0.5,TRAIN_2012_2021,94,0.6276595744680851,0.8794473022602671,-0.04225109335655036,-0.05597776127460818,-0.06284109523363708,-3.971602775515734,12.229945600246992,4,10
ADX30_SUPPORT,2.5,0.5,OOS_2022_2026,37,0.6486486486486487,0.975982330030431,-0.007671534105823138,-0.02188370493438415,-0.02898979034866466,-0.2838467619154561,3.5,4,5
ADX30_SUPPORT,2.5,0.5,YTD_2026,7,0.7142857142857143,1.5799263531760421,0.1310925375030133,0.11665689492402416,0.10943907363452958,0.9176477625210931,1.0,1,1
ADX30_SUPPORT,2.5,0.5,FULL_2012_2026,131,0.6335877862595419,0.9049341945931129,-0.032484347613978545,-0.046348142308285344,-0.05328003965543878,-4.25544953743119,14.729945600246992,8,15
ADX30_SUPPORT,2.5,0.6,TRAIN_2012_2021,94,0.5957446808510638,0.9304567046551822,-0.026138170655734833,-0.03986483857379266,-0.04672817253282158,-2.4569880416390744,12.429945600246992,6,10
ADX30_SUPPORT,2.5,0.6,OOS_2022_2026,37,0.6216216216216216,0.9994780152261229,-0.00018083594294451458,-0.014393006771505519,-0.021499092185786054,-0.006690929888947039,3.4,3,5
ADX30_SUPPORT,2.5,0.6,YTD_2026,7,0.7142857142857143,1.8959116238112506,0.20252110893158473,0.18808546635259557,0.180867645063101,1.417647762521093,1.0,1,1
ADX30_SUPPORT,2.5,0.6,FULL_2012_2026,131,0.6030534351145038,0.9488317460585859,-0.018806709706320767,-0.03267050440062758,-0.039602401747781,-2.4636789715280205,14.229945600246992,9,15
ADX30_SUPPORT,2.5,0.75,TRAIN_2012_2021,94,0.5531914893617021,0.964746544653315,-0.014499797400363628,-0.02822646531842145,-0.03508979927745036,-1.362980955634181,11.479945600246992,6,10
ADX30_SUPPORT,2.5,0.75,OOS_2022_2026,37,0.5675675675675675,0.9759289392311159,-0.009640295402403964,-0.02385246623096498,-0.0309585516452455,-0.3566909298889467,3.75,3,5
ADX30_SUPPORT,2.5,0.75,YTD_2026,7,0.7142857142857143,2.369889529764063,0.30966396607444185,0.29522832349545275,0.2880105022059581,2.167647762521093,1.0,1,1
ADX30_SUPPORT,2.5,0.75,FULL_2012_2026,131,0.5572519083969466,0.9678449305689866,-0.013127266301703272,-0.026991060996010077,-0.03392295834316348,-1.7196718855231286,13.445545118566532,9,15
ADX30_SUPPORT,2.5,1.0,TRAIN_2012_2021,94,0.5319148936170213,1.1206449202531836,0.050159775641458765,0.03643310772340095,0.02956977376437206,4.715018910297124,9.315872932874125,5,10
ADX30_SUPPORT,2.5,1.0,OOS_2022_2026,37,0.43243243243243246,0.7542893210131435,-0.12072316785435526,-0.13493533868291627,-0.14204142409719678,-4.466757210611145,6.700878142130294,2,5
ADX30_SUPPORT,2.5,1.0,YTD_2026,7,0.42857142857142855,1.5439763841692433,0.1509950142132342,0.13655937163424503,0.1293415503447505,1.0569650994926394,1.0,1,1
ADX30_SUPPORT,2.5,1.0,FULL_2012_2026,131,0.5038167938931297,1.0043356373977037,0.0018951274785189288,-0.011968667215787892,-0.018900564562941275,0.24826169968597966,13.260842465111391,7,15
ADX30_SUPPORT,3.0,0.2,TRAIN_2012_2021,94,0.8404255319148937,1.053333333333333,0.008510638297872335,-0.0029282516338424974,-0.008647696599699904,0.7999999999999996,6.8,6,10
ADX30_SUPPORT,3.0,0.2,OOS_2022_2026,37,0.8108108108108109,0.8571428571428574,-0.027027027027027032,-0.03887050271749453,-0.0447922405627283,-1.0000000000000002,3.1999999999999997,3,5
ADX30_SUPPORT,3.0,0.2,YTD_2026,7,1.0,,0.19999999999999998,0.18797029785084238,0.18195544677626357,1.4,0.0,1,1
ADX30_SUPPORT,3.0,0.2,FULL_2012_2026,131,0.8320610687022901,0.9909090909090907,-0.0015267175572519181,-0.01307987980250757,-0.0188564609251354,-0.2000000000000013,7.2,9,15
ADX30_SUPPORT,3.0,0.25,TRAIN_2012_2021,94,0.7553191489361702,0.8538801942905718,-0.032313399476041234,-0.04375228940775608,-0.049471734373613484,-3.037459550747876,8.478623870653891,5,10
ADX30_SUPPORT,3.0,0.25,OOS_2022_2026,37,0.7837837837837838,0.90625,-0.02027027027027027,-0.03211374596073778,-0.03803548380597153,-0.75,3.75,2,5
ADX30_SUPPORT,3.0,0.25,YTD_2026,7,1.0,,0.25,0.23797029785084237,0.23195544677626354,1.75,0.0,1,1
ADX30_SUPPORT,3.0,0.25,FULL_2012_2026,131,0.7633587786259542,0.8684336996089854,-0.02891190496754104,-0.04046506721279672,-0.046241648335424546,-3.7874595507478763,9.228623870653891,7,15
ADX30_SUPPORT,3.0,0.3,TRAIN_2012_2021,94,0.7127659574468085,0.8922404503067757,-0.025825103059848847,-0.03726399299156367,-0.04298343795742109,-2.4275596876257914,9.631573631331776,5,10
ADX30_SUPPORT,3.0,0.3,OOS_2022_2026,37,0.7567567567567568,0.9333333333333333,-0.016216216216216214,-0.02805969190668374,-0.033981429751917494,-0.5999999999999999,4.400000000000002,2,5
ADX30_SUPPORT,3.0,0.3,YTD_2026,7,1.0,,0.3,0.2879702978508423,0.2819554467762635,2.1,0.0,1,1
ADX30_SUPPORT,3.0,0.3,FULL_2012_2026,131,0.7251908396946565,0.9039710108355112,-0.02311114265363198,-0.03466430489888766,-0.04044088602151552,-3.0275596876257893,10.43157363133178,7,15
ADX30_SUPPORT,3.0,0.4,TRAIN_2012_2021,94,0.6702127659574468,0.9346678522180034,-0.01843726010433714,-0.02987615003605196,-0.03559559500190941,-1.7331024498076912,8.394571094217042,6,10
ADX30_SUPPORT,3.0,0.4,OOS_2022_2026,37,0.6756756756756757,0.9361654344743028,-0.018428991972880955,-0.030272467663348467,-0.0361942055085822,-0.6818727029965953,3.6,4,5
ADX30_SUPPORT,3.0,0.4,YTD_2026,7,0.7142857142857143,1.3465351850960394,0.0735294955382254,0.06149979338906777,0.05548494231448894,0.5147064687675778,1.0,1,1
ADX30_SUPPORT,3.0,0.4,FULL_2012_2026,131,0.6717557251908397,0.9350977696339995,-0.018434924830567075,-0.029988087075822747,-0.03576466819845057,-2.4149751528042867,11.194571094217041,10,15
ADX30_SUPPORT,3.0,0.5,TRAIN_2012_2021,94,0.6382978723404256,1.0189174172657158,0.005805778316555233,-0.005633111615159615,-0.011352556581017043,0.5457431617561919,8.652728019767888,5,10
ADX30_SUPPORT,3.0,0.5,OOS_2022_2026,37,0.6756756756756757,1.0930945586735534,0.02687633040790661,0.015032854717439089,0.009111116872205347,0.9944242250925446,3.5,4,5
ADX30_SUPPORT,3.0,0.5,YTD_2026,7,0.7142857142857143,1.6831689813700492,0.14495806696679678,0.13292836481763917,0.12691351374306034,1.0147064687675775,1.0,1,1
ADX30_SUPPORT,3.0,0.5,FULL_2012_2026,131,0.648854961832061,1.0389614096916124,0.011757002953043787,0.00020384070778810897,-0.005572740414839721,1.540167386848736,10.652728019767888,9,15
ADX30_SUPPORT,3.0,0.6,TRAIN_2012_2021,94,0.6063829787234043,1.0729011689909977,0.024139113100967793,0.012700223169252917,0.006980778203395495,2.2690766314909725,6.994571094217042,7,10
ADX30_SUPPORT,3.0,0.6,OOS_2022_2026,37,0.6486486486486487,1.2008980231661481,0.06047887583713167,0.04863540014666415,0.042713662301430415,2.237718405973872,3.4,4,5
ADX30_SUPPORT,3.0,0.6,YTD_2026,7,0.7142857142857143,2.0198027776440592,0.21638663839536823,0.2043569362462106,0.19834208517163177,1.5147064687675775,1.0,1,1
ADX30_SUPPORT,3.0,0.6,FULL_2012_2026,131,0.6183206106870229,1.1066344736840308,0.034403015553166744,0.022849853307911047,0.017073272185283223,4.506795037464843,7.994571094217042,11,15
ADX30_SUPPORT,3.0,0.75,TRAIN_2012_2021,94,0.5851063829787234,1.1306892481201107,0.045189733364124476,0.03375084343240962,0.028031398466552223,4.247834936227701,6.422514191487217,7,10
ADX30_SUPPORT,3.0,0.75,OOS_2022_2026,37,0.5405405405405406,1.0176461729987534,0.006409446489643996,-0.005434029200823515,-0.011355767046057254,0.23714952011682788,3.25,4,5
ADX30_SUPPORT,3.0,0.75,YTD_2026,7,0.42857142857142855,1.2598954871713843,0.06630536898721899,0.054275666838061364,0.048260815763482526,0.464137582910533,1.035862417089467,1,1
ADX30_SUPPORT,3.0,0.75,FULL_2012_2026,131,0.5725190839694656,1.0976217505900567,0.03423652256751549,0.02268336032225981,0.016906779199631985,4.484984456344529,7.542590349909694,11,15
ADX30_SUPPORT,3.0,1.0,TRAIN_2012_2021,94,0.5,1.0635133846226283,0.02462885523908917,0.013189965307374317,0.007470520341516902,2.315112392474382,11.05816602354088,7,10
ADX30_SUPPORT,3.0,1.0,OOS_2022_2026,37,0.5135135135135135,1.1275822509289257,0.049788619670369474,0.03794514397990196,0.03202340613466822,1.8421789278036704,3.0,4,5
ADX30_SUPPORT,3.0,1.0,YTD_2026,7,0.42857142857142855,1.6798606495618458,0.17344822613007613,0.16141852398091852,0.1554036729063397,1.214137582910533,1.0,1,1
ADX30_SUPPORT,3.0,1.0,FULL_2012_2026,131,0.5038167938931297,1.0816918308687669,0.03173504824639734,0.020181886001141656,0.014405304878513839,4.157291320278052,11.05816602354088,11,15
DROP0P5_SUPPORT,0.75,0.2,TRAIN_2012_2021,154,0.16883116883116883,0.04062500000000001,-0.7974025974025973,-0.843463750026198,-0.8664943263379983,-122.79999999999998,122.99999999999996,0,10
DROP0P5_SUPPORT,0.75,0.2,OOS_2022_2026,73,0.1506849315068493,0.035483870967741936,-0.8191780821917808,-0.8676264998223735,-0.8918507086376699,-59.8,59.79999999999998,0,5
DROP0P5_SUPPORT,0.75,0.2,YTD_2026,13,0.23076923076923078,0.06000000000000001,-0.7230769230769231,-0.7740983657695354,-0.7996090871158413,-9.4,9.4,0,1
DROP0P5_SUPPORT,0.75,0.2,FULL_2012_2026,227,0.16299559471365638,0.03894736842105264,-0.8044052863436124,-0.8512341497403867,-0.8746485814387738,-182.60000000000002,182.60000000000008,0,15
DROP0P5_SUPPORT,0.75,0.25,TRAIN_2012_2021,154,0.16883116883116883,0.05078125,-0.788961038961039,-0.8350221915846396,-0.8580527678964396,-121.5,121.75,0,10
DROP0P5_SUPPORT,0.75,0.25,OOS_2022_2026,73,0.1506849315068493,0.04435483870967742,-0.8116438356164384,-0.860092253247031,-0.8843164620623273,-59.25,59.25,0,5
DROP0P5_SUPPORT,0.75,0.25,YTD_2026,13,0.23076923076923078,0.075,-0.7115384615384616,-0.7625599042310737,-0.7880706255773797,-9.25,9.25,0,1
DROP0P5_SUPPORT,0.75,0.25,FULL_2012_2026,227,0.16299559471365638,0.04868421052631579,-0.7962555066079295,-0.8430843700047038,-0.866498801703091,-180.75,180.75,0,15
DROP0P5_SUPPORT,0.75,0.3,TRAIN_2012_2021,154,0.16883116883116883,0.06093749999999999,-0.7805194805194806,-0.826580633143081,-0.8496112094548814,-120.20000000000002,120.50000000000004,0,10
DROP0P5_SUPPORT,0.75,0.3,OOS_2022_2026,73,0.1506849315068493,0.05322580645161289,-0.804109589041096,-0.8525580066716885,-0.8767822154869849,-58.7,58.70000000000002,0,5
DROP0P5_SUPPORT,0.75,0.3,YTD_2026,13,0.23076923076923078,0.09,-0.7,-0.7510214426926123,-0.7765321640389182,-9.1,9.1,0,1
DROP0P5_SUPPORT,0.75,0.3,FULL_2012_2026,227,0.16299559471365638,0.058421052631578964,-0.7881057268722466,-0.834934590269021,-0.858349021967408,-178.89999999999998,178.89999999999992,0,15
DROP0P5_SUPPORT,0.75,0.4,TRAIN_2012_2021,154,0.16233766233766234,0.07751937984496125,-0.7727272727272726,-0.8187884253508733,-0.8418190016626735,-118.99999999999999,119.39999999999996,0,10
DROP0P5_SUPPORT,0.75,0.4,OOS_2022_2026,73,0.1506849315068493,0.07096774193548387,-0.7890410958904108,-0.8374895135210035,-0.8617137223363,-57.599999999999994,57.600000000000016,0,5
DROP0P5_SUPPORT,0.75,0.4,YTD_2026,13,0.23076923076923078,0.12000000000000002,-0.676923076923077,-0.7279445196156892,-0.7534552409619952,-8.8,8.8,0,1
DROP0P5_SUPPORT,0.75,0.4,FULL_2012_2026,227,0.15859030837004406,0.07539267015706808,-0.7779735682819382,-0.8248024316787127,-0.8482168633770997,-176.59999999999997,176.59999999999988,0,15
DROP0P5_SUPPORT,0.75,0.5,TRAIN_2012_2021,154,0.16233766233766234,0.09689922480620156,-0.7564935064935064,-0.8025546591171072,-0.8255852354289073,-116.5,117.0,0,10
DROP0P5_SUPPORT,0.75,0.5,OOS_2022_2026,73,0.136986301369863,0.07936507936507936,-0.7945205479452054,-0.842968965575798,-0.8671931743910946,-58.0,58.0,0,5
DROP0P5_SUPPORT,0.75,0.5,YTD_2026,13,0.15384615384615385,0.09090909090909091,-0.7692307692307693,-0.8202522119233817,-0.8457629332696874,-10.0,10.0,0,1
DROP0P5_SUPPORT,0.75,0.5,FULL_2012_2026,227,0.15418502202643172,0.09114583333333333,-0.7687224669603524,-0.8155513303571267,-0.8389657620555139,-174.5,174.5,0,15
DROP0P5_SUPPORT,0.75,0.6,TRAIN_2012_2021,154,0.16233766233766234,0.11627906976744184,-0.7402597402597403,-0.7863208928833407,-0.8093514691951411,-114.0,114.60000000000004,0,10
DROP0P5_SUPPORT,0.75,0.6,OOS_2022_2026,73,0.136986301369863,0.09523809523809522,-0.7808219178082192,-0.8292703354388118,-0.8534945442541082,-57.0,56.999999999999986,0,5
DROP0P5_SUPPORT,0.75,0.6,YTD_2026,13,0.15384615384615385,0.10909090909090909,-0.7538461538461539,-0.8048675965387664,-0.8303783178850721,-9.8,10.0,0,1
DROP0P5_SUPPORT,0.75,0.6,FULL_2012_2026,227,0.15418502202643172,0.10937500000000001,-0.7533039647577092,-0.8001328281544835,-0.8235472598528707,-171.0,171.0000000000001,0,15
DROP0P5_SUPPORT,0.75,0.75,TRAIN_2012_2021,154,0.16233766233766234,0.14534883720930233,-0.7159090909090909,-0.7619702435326916,-0.7850008198444918,-110.25,111.0,0,10
DROP0P5_SUPPORT,0.75,0.75,OOS_2022_2026,73,0.136986301369863,0.11904761904761904,-0.7602739726027398,-0.8087223902333324,-0.8329465990486288,-55.5,55.5,0,5
DROP0P5_SUPPORT,0.75,0.75,YTD_2026,13,0.15384615384615385,0.13636363636363635,-0.7307692307692307,-0.7817906734618432,-0.807301394808149,-9.5,10.0,0,1
DROP0P5_SUPPORT,0.75,0.75,FULL_2012_2026,227,0.15418502202643172,0.13671875,-0.7301762114537445,-0.7770050748505187,-0.8004195065489059,-165.75,165.75,0,15
DROP0P5_SUPPORT,0.75,1.0,TRAIN_2012_2021,154,0.15584415584415584,0.18461538461538463,-0.6883116883116883,-0.7343728409352889,-0.7574034172470892,-106.0,107.0,0,10
DROP0P5_SUPPORT,0.75,1.0,OOS_2022_2026,73,0.1095890410958904,0.12307692307692308,-0.7808219178082192,-0.8292703354388118,-0.8534945442541082,-57.0,57.0,0,5
DROP0P5_SUPPORT,0.75,1.0,YTD_2026,13,0.15384615384615385,0.18181818181818182,-0.6923076923076923,-0.7433291350003045,-0.7688398563466106,-9.0,10.0,0,1
DROP0P5_SUPPORT,0.75,1.0,FULL_2012_2026,227,0.14096916299559473,0.1641025641025641,-0.7180616740088106,-0.7648905374055848,-0.7883049691039721,-163.0,163.0,0,15
DROP0P5_SUPPORT,1.0,0.2,TRAIN_2012_2021,154,0.4155844155844156,0.14222222222222222,-0.5012987012987014,-0.5358445657664017,-0.553117498000252,-77.2,77.59999999999995,0,10
DROP0P5_SUPPORT,1.0,0.2,OOS_2022_2026,73,0.3424657534246575,0.10416666666666669,-0.589041095890411,-0.6253774091133555,-0.6435455657248277,-43.0,42.999999999999986,0,5
DROP0P5_SUPPORT,1.0,0.2,YTD_2026,13,0.38461538461538464,0.125,-0.5384615384615384,-0.5767276204809976,-0.5958606614907271,-7.0,7.0,0,1
DROP0P5_SUPPORT,1.0,0.2,FULL_2012_2026,227,0.3920704845814978,0.12898550724637678,-0.5295154185022026,-0.5646370660497835,-0.5821978898235737,-120.2,120.39999999999988,0,15
DROP0P5_SUPPORT,1.0,0.25,TRAIN_2012_2021,154,0.4090909090909091,0.17307692307692307,-0.48863636363636365,-0.523182228104064,-0.5404551603379142,-75.25,75.75,0,10
DROP0P5_SUPPORT,1.0,0.25,OOS_2022_2026,73,0.3287671232876712,0.12244897959183673,-0.589041095890411,-0.6253774091133555,-0.6435455657248277,-43.0,43.0,0,5
DROP0P5_SUPPORT,1.0,0.25,YTD_2026,13,0.38461538461538464,0.15625,-0.5192307692307693,-0.5574968512502283,-0.5766298922599579,-6.75,6.75,0,1
DROP0P5_SUPPORT,1.0,0.25,FULL_2012_2026,227,0.3832599118942731,0.15535714285714286,-0.5209251101321586,-0.5560467576797392,-0.5736075814535296,-118.25,118.5,0,15
DROP0P5_SUPPORT,1.0,0.3,TRAIN_2012_2021,154,0.4025974025974026,0.20217391304347831,-0.47662337662337667,-0.5111692410910771,-0.5284421733249273,-73.4,74.00000000000003,0,10
DROP0P5_SUPPORT,1.0,0.3,OOS_2022_2026,73,0.3287671232876712,0.14693877551020407,-0.5726027397260274,-0.608939052948972,-0.6271072095604441,-41.8,41.80000000000001,0,5
DROP0P5_SUPPORT,1.0,0.3,YTD_2026,13,0.38461538461538464,0.1875,-0.5,-0.5382660820194591,-0.5573991230291887,-6.5,6.5,0,1
DROP0P5_SUPPORT,1.0,0.3,FULL_2012_2026,227,0.3788546255506608,0.18297872340425533,-0.507488986784141,-0.5426106343317217,-0.560171458105512,-115.2,115.5000000000001,0,15
DROP0P5_SUPPORT,1.0,0.4,TRAIN_2012_2021,154,0.3961038961038961,0.2623655913978494,-0.44545454545454544,-0.48000040992224585,-0.497273342156096,-68.6,69.40000000000006,0,10
DROP0P5_SUPPORT,1.0,0.4,OOS_2022_2026,73,0.3150684931506849,0.18400000000000005,-0.558904109589041,-0.5952404228119856,-0.6134085794234577,-40.8,40.80000000000002,0,5
DROP0P5_SUPPORT,1.0,0.4,YTD_2026,13,0.3076923076923077,0.17777777777777778,-0.5692307692307692,-0.6074968512502283,-0.6266298922599579,-7.4,7.4,0,1
DROP0P5_SUPPORT,1.0,0.4,FULL_2012_2026,227,0.3700440528634361,0.23496503496503493,-0.4819383259911894,-0.5170599735387701,-0.5346207973125605,-109.39999999999999,109.79999999999993,0,15
DROP0P5_SUPPORT,1.0,0.5,TRAIN_2012_2021,154,0.37662337662337664,0.3020833333333333,-0.43506493506493504,-0.46961079953263546,-0.48688373176648564,-67.0,68.0,0,10
DROP0P5_SUPPORT,1.0,0.5,OOS_2022_2026,73,0.3150684931506849,0.23,-0.5273972602739726,-0.5637335734969172,-0.5819017301083893,-38.5,38.5,0,5
DROP0P5_SUPPORT,1.0,0.5,YTD_2026,13,0.3076923076923077,0.2222222222222222,-0.5384615384615384,-0.5767276204809976,-0.5958606614907271,-7.0,7.0,0,1
DROP0P5_SUPPORT,1.0,0.5,FULL_2012_2026,227,0.3568281938325991,0.2773972602739726,-0.4647577092511013,-0.49987935679868195,-0.5174401805724724,-105.5,106.0,0,15
DROP0P5_SUPPORT,1.0,0.6,TRAIN_2012_2021,154,0.36363636363636365,0.34285714285714286,-0.4181818181818181,-0.4527276826495186,-0.4700006148833688,-64.39999999999999,65.59999999999994,0,10
DROP0P5_SUPPORT,1.0,0.6,OOS_2022_2026,73,0.3013698630136986,0.2588235294117647,-0.5178082191780823,-0.5541445324010267,-0.572312689012499,-37.800000000000004,37.79999999999998,0,5
DROP0P5_SUPPORT,1.0,0.6,YTD_2026,13,0.3076923076923077,0.26666666666666666,-0.5076923076923077,-0.5459583897117669,-0.5650914307214964,-6.6,6.8,0,1
DROP0P5_SUPPORT,1.0,0.6,FULL_2012_2026,227,0.3436123348017621,0.31409395973154364,-0.45022026431718065,-0.4853419118647613,-0.5029027356385516,-102.2,102.80000000000007,0,15
DROP0P5_SUPPORT,1.0,0.75,TRAIN_2012_2021,154,0.3116883116883117,0.33962264150943394,-0.45454545454545453,-0.48909131901315495,-0.5063642512470052,-70.0,71.5,0,10
DROP0P5_SUPPORT,1.0,0.75,OOS_2022_2026,73,0.2602739726027397,0.2638888888888889,-0.5445205479452054,-0.58085686116815,-0.5990250177796221,-39.75,39.75,0,5
DROP0P5_SUPPORT,1.0,0.75,YTD_2026,13,0.3076923076923077,0.3333333333333333,-0.46153846153846156,-0.49980454355792064,-0.5189375845676504,-6.0,6.5,0,1
DROP0P5_SUPPORT,1.0,0.75,FULL_2012_2026,227,0.29515418502202645,0.3140625,-0.4834801762114537,-0.5186018237590345,-0.5361626475328247,-109.75,110.5,0,15
DROP0P5_SUPPORT,1.0,1.0,TRAIN_2012_2021,154,0.2792207792207792,0.38738738738738737,-0.44155844155844154,-0.47610430602614195,-0.49337723825999213,-68.0,70.0,0,10
DROP0P5_SUPPORT,1.0,1.0,OOS_2022_2026,73,0.1506849315068493,0.1774193548387097,-0.6986301369863014,-0.7349664502092459,-0.7531346068207181,-51.0,51.0,0,5
DROP0P5_SUPPORT,1.0,1.0,YTD_2026,13,0.15384615384615385,0.18181818181818182,-0.6923076923076923,-0.7305737743271515,-0.749706815336881,-9.0,9.0,0,1
DROP0P5_SUPPORT,1.0,1.0,FULL_2012_2026,227,0.23788546255506607,0.31213872832369943,-0.5242290748898678,-0.5593507224374485,-0.576911546211239,-119.0,120.0,0,15
DROP0P5_SUPPORT,1.25,0.2,TRAIN_2012_2021,154,0.5974025974025974,0.296774193548387,-0.2831168831168831,-0.3107535746910434,-0.3245719204781236,-43.599999999999994,43.99999999999996,1,10
DROP0P5_SUPPORT,1.25,0.2,OOS_2022_2026,73,0.5753424657534246,0.27096774193548384,-0.30958904109589036,-0.33865809167424604,-0.3531926169634239,-22.599999999999998,23.000000000000018,0,5
DROP0P5_SUPPORT,1.25,0.2,YTD_2026,13,0.5384615384615384,0.2333333333333333,-0.3538461538461538,-0.3844590194617211,-0.39976545226950494,-4.6,5.0,0,1
DROP0P5_SUPPORT,1.25,0.2,FULL_2012_2026,227,0.5903083700440529,0.2881720430107526,-0.29162995594713653,-0.3197272739852011,-0.3337759330042334,-66.19999999999999,66.79999999999984,1,15
DROP0P5_SUPPORT,1.25,0.25,TRAIN_2012_2021,154,0.577922077922078,0.3423076923076923,-0.2775974025974026,-0.30523409417156294,-0.3190524399586431,-42.75,43.25,1,10
DROP0P5_SUPPORT,1.25,0.25,OOS_2022_2026,73,0.5616438356164384,0.3203125,-0.2979452054794521,-0.32701425605780765,-0.34154878134698546,-21.75,22.25,0,5
DROP0P5_SUPPORT,1.25,0.25,YTD_2026,13,0.46153846153846156,0.21428571428571427,-0.4230769230769231,-0.4536897886924904,-0.46899622150027415,-5.5,6.0,0,1
DROP0P5_SUPPORT,1.25,0.25,FULL_2012_2026,227,0.5726872246696035,0.33505154639175255,-0.2841409691629956,-0.31223828720106017,-0.3262869462200924,-64.5,65.25,1,15
DROP0P5_SUPPORT,1.25,0.3,TRAIN_2012_2021,154,0.577922077922078,0.4107692307692307,-0.24870129870129867,-0.2763379902754591,-0.2901563360625392,-38.3,38.89999999999998,1,10
DROP0P5_SUPPORT,1.25,0.3,OOS_2022_2026,73,0.5616438356164384,0.384375,-0.26986301369863014,-0.29893206427698576,-0.3134665895661635,-19.7,20.299999999999983,1,5
DROP0P5_SUPPORT,1.25,0.3,YTD_2026,13,0.46153846153846156,0.2571428571428572,-0.4,-0.43061286561556733,-0.44591929842335093,-5.2,5.800000000000001,0,1
DROP0P5_SUPPORT,1.25,0.3,FULL_2012_2026,227,0.5726872246696035,0.4020618556701031,-0.2555066079295154,-0.28360392596758,-0.2976525849866123,-58.0,58.90000000000009,2,15
DROP0P5_SUPPORT,1.25,0.4,TRAIN_2012_2021,154,0.5454545454545454,0.4799999999999999,-0.2363636363636363,-0.2640003279377967,-0.27781867372487684,-36.39999999999999,37.20000000000004,0,10
DROP0P5_SUPPORT,1.25,0.4,OOS_2022_2026,73,0.547945205479452,0.48484848484848486,-0.23287671232876717,-0.26194576290712274,-0.27648028819630055,-17.000000000000004,17.79999999999999,1,5
DROP0P5_SUPPORT,1.25,0.4,YTD_2026,13,0.46153846153846156,0.34285714285714286,-0.3538461538461538,-0.3844590194617213,-0.3997654522695049,-4.6,5.4,0,1
DROP0P5_SUPPORT,1.25,0.4,FULL_2012_2026,227,0.5462555066079295,0.4815533980582524,-0.23524229074889863,-0.2633396087869632,-0.27738826780599546,-53.39999999999999,54.600000000000094,1,15
DROP0P5_SUPPORT,1.25,0.5,TRAIN_2012_2021,154,0.512987012987013,0.5266666666666666,-0.2305194805194805,-0.25815617209364083,-0.271974517880721,-35.5,36.5,0,10
DROP0P5_SUPPORT,1.25,0.5,OOS_2022_2026,73,0.5342465753424658,0.5735294117647058,-0.19863013698630136,-0.22769918756465696,-0.24223371285383477,-14.5,15.5,1,5
DROP0P5_SUPPORT,1.25,0.5,YTD_2026,13,0.46153846153846156,0.42857142857142855,-0.3076923076923077,-0.338305173307875,-0.3536116061156588,-4.0,5.0,0,1
DROP0P5_SUPPORT,1.25,0.5,FULL_2012_2026,227,0.5198237885462555,0.5412844036697247,-0.22026431718061673,-0.2483616352186813,-0.2624102942377136,-50.0,51.5,1,15
DROP0P5_SUPPORT,1.25,0.6,TRAIN_2012_2021,154,0.44155844155844154,0.47886134860675156,-0.28832542624029156,-0.3159621178144519,-0.32978046360153207,-44.4021156410049,45.60211564100485,0,10
DROP0P5_SUPPORT,1.25,0.6,OOS_2022_2026,73,0.4931506849315068,0.5837837837837839,-0.21095890410958903,-0.24002795468794466,-0.2545624799771225,-15.4,16.60000000000001,0,5
DROP0P5_SUPPORT,1.25,0.6,YTD_2026,13,0.46153846153846156,0.5142857142857143,-0.2615384615384615,-0.29215132715402886,-0.30745775996181257,-3.3999999999999995,4.8,0,1
DROP0P5_SUPPORT,1.25,0.6,FULL_2012_2026,227,0.4581497797356828,0.510629457376282,-0.2634454433524445,-0.29154276139050905,-0.3055914204095413,-59.8021156410049,61.6021156410048,0,15
DROP0P5_SUPPORT,1.25,0.75,TRAIN_2012_2021,154,0.4155844155844156,0.5381038292093502,-0.2675462054610707,-0.2951828970352311,-0.30900124282231123,-41.202115641004895,42.702115641004895,0,10
DROP0P5_SUPPORT,1.25,0.75,OOS_2022_2026,73,0.4246575342465753,0.5535714285714286,-0.2568493150684932,-0.2859183656468488,-0.30045289093602656,-18.75,20.25,0,5
DROP0P5_SUPPORT,1.25,0.75,YTD_2026,13,0.38461538461538464,0.46875,-0.3269230769230769,-0.35753594253864424,-0.37284237534642795,-4.25,5.75,0,1
DROP0P5_SUPPORT,1.25,0.75,FULL_2012_2026,227,0.4185022026431718,0.5430552674543312,-0.26410623630398633,-0.2922035543420509,-0.3062522133610832,-59.952115641004895,62.202115641004895,0,15
DROP0P5_SUPPORT,1.25,1.0,TRAIN_2012_2021,154,0.38311688311688313,0.6151315920715907,-0.23542479396260685,-0.2630614855367672,-0.2768798313238474,-36.25541827024146,38.255418270241464,0,10
DROP0P5_SUPPORT,1.25,1.0,OOS_2022_2026,73,0.3561643835616438,0.5531914893617021,-0.2876712328767123,-0.31674028345506794,-0.33127480874424575,-21.0,23.0,0,5
DROP0P5_SUPPORT,1.25,1.0,YTD_2026,13,0.3076923076923077,0.4444444444444444,-0.38461538461538464,-0.41522825023095183,-0.4305346830387356,-5.0,7.0,0,1
DROP0P5_SUPPORT,1.25,1.0,FULL_2012_2026,227,0.3744493392070485,0.5945144446999026,-0.2522265122037069,-0.28032383024177143,-0.2943724892608037,-57.255418270241464,60.255418270241464,0,15
DROP0P5_SUPPORT,1.5,0.2,TRAIN_2012_2021,154,0.7532467532467533,0.6105263157894737,-0.09610389610389611,-0.11913447241569639,-0.13064976057159652,-14.8,19.000000000000007,3,10
DROP0P5_SUPPORT,1.5,0.2,OOS_2022_2026,73,0.6986301369863014,0.4636363636363635,-0.16164383561643836,-0.18586804443173469,-0.19798014883938286,-11.8,13.000000000000016,1,5
DROP0P5_SUPPORT,1.5,0.2,YTD_2026,13,0.6153846153846154,0.32,-0.2615384615384615,-0.2870491828847676,-0.29980454355792074,-3.3999999999999995,3.8,0,1
DROP0P5_SUPPORT,1.5,0.2,FULL_2012_2026,227,0.73568281938326,0.5566666666666665,-0.1171806167400881,-0.14059504843847523,-0.15230226428766877,-26.599999999999998,30.600000000000048,4,15
DROP0P5_SUPPORT,1.5,0.25,TRAIN_2012_2021,154,0.7337662337662337,0.6890243902439024,-0.08279220779220779,-0.10582278410400807,-0.11733807225990821,-12.75,17.5,3,10
DROP0P5_SUPPORT,1.5,0.25,OOS_2022_2026,73,0.684931506849315,0.5434782608695652,-0.14383561643835616,-0.1680598252536525,-0.1801719296613007,-10.5,12.25,1,5
DROP0P5_SUPPORT,1.5,0.25,YTD_2026,13,0.5384615384615384,0.2916666666666667,-0.3269230769230769,-0.35243379826938315,-0.36518915894253606,-4.25,4.75,0,1
DROP0P5_SUPPORT,1.5,0.25,FULL_2012_2026,227,0.7180616740088106,0.63671875,-0.10242290748898679,-0.12583733918737386,-0.13754455503656746,-23.25,27.5,4,15
DROP0P5_SUPPORT,1.5,0.3,TRAIN_2012_2021,154,0.7207792207792207,0.7744186046511624,-0.06298701298701298,-0.08601758929881329,-0.09753287745471341,-9.7,14.900000000000011,2,10
DROP0P5_SUPPORT,1.5,0.3,OOS_2022_2026,73,0.6712328767123288,0.6125,-0.1273972602739726,-0.15162146908926896,-0.16373357349691717,-9.3,11.600000000000001,1,5
DROP0P5_SUPPORT,1.5,0.3,YTD_2026,13,0.5384615384615384,0.35000000000000003,-0.30000000000000004,-0.3255107213463061,-0.3382660820194591,-3.9000000000000004,4.5,0,1
DROP0P5_SUPPORT,1.5,0.3,FULL_2012_2026,227,0.7048458149779736,0.716417910447761,-0.08370044052863436,-0.1071148722270215,-0.11882208807621504,-19.0,23.39999999999997,3,15
DROP0P5_SUPPORT,1.5,0.4,TRAIN_2012_2021,154,0.6558441558441559,0.7622641509433961,-0.08181818181818183,-0.10484875812998208,-0.11636404628588225,-12.600000000000001,15.599999999999982,1,10
DROP0P5_SUPPORT,1.5,0.4,OOS_2022_2026,73,0.6301369863013698,0.6814814814814811,-0.1178082191780822,-0.14203242799337853,-0.1541445324010267,-8.6,10.59999999999999,1,5
DROP0P5_SUPPORT,1.5,0.4,YTD_2026,13,0.5384615384615384,0.4666666666666666,-0.24615384615384617,-0.27166456750015233,-0.2844199281733053,-3.2,4.2,0,1
DROP0P5_SUPPORT,1.5,0.4,FULL_2012_2026,227,0.6475770925110133,0.7349999999999999,-0.0933920704845815,-0.11680650218296862,-0.12851371803216216,-21.2,22.800000000000015,2,15
DROP0P5_SUPPORT,1.5,0.5,TRAIN_2012_2021,154,0.5714285714285714,0.6849055480860579,-0.13144438165627842,-0.1544749579680787,-0.1659902461239788,-20.242434775066876,23.742434775066876,2,10
DROP0P5_SUPPORT,1.5,0.5,OOS_2022_2026,73,0.589041095890411,0.7166666666666667,-0.11643835616438356,-0.1406625649796799,-0.1527746693873281,-8.5,11.5,1,5
DROP0P5_SUPPORT,1.5,0.5,YTD_2026,13,0.5384615384615384,0.5833333333333334,-0.19230769230769232,-0.21781841365399843,-0.23057377432715148,-2.5,4.0,0,1
DROP0P5_SUPPORT,1.5,0.5,FULL_2012_2026,227,0.5770925110132159,0.6950159994946239,-0.1266186553967704,-0.15003308709515753,-0.16174030294435107,-28.742434775066876,30.242434775066876,3,15
DROP0P5_SUPPORT,1.5,0.6,TRAIN_2012_2021,154,0.538961038961039,0.7192121444281189,-0.1262495764614732,-0.1492801527732735,-0.16079544092917367,-19.44243477506687,24.442434775066854,1,10
DROP0P5_SUPPORT,1.5,0.6,OOS_2022_2026,73,0.5205479452054794,0.6514285714285717,-0.16712328767123288,-0.19134749648652924,-0.20345960089417742,-12.200000000000001,14.80000000000001,1,5
DROP0P5_SUPPORT,1.5,0.6,YTD_2026,13,0.46153846153846156,0.5142857142857143,-0.2615384615384615,-0.28704918288476766,-0.29980454355792074,-3.3999999999999995,4.8,0,1
DROP0P5_SUPPORT,1.5,0.6,FULL_2012_2026,227,0.5330396475770925,0.6964534180025191,-0.13939398579324613,-0.16280841749163327,-0.17451563334082681,-31.642434775066874,34.042434775066795,2,15
DROP0P5_SUPPORT,1.5,0.75,TRAIN_2012_2021,154,0.4935064935064935,0.7413647754940583,-0.12804531970733146,-0.1510758960191317,-0.16259118417503188,-19.718979234929044,22.218979234929044,0,10
DROP0P5_SUPPORT,1.5,0.75,OOS_2022_2026,73,0.4657534246575342,0.6538461538461539,-0.18493150684931506,-0.20915571566461144,-0.2212678200722596,-13.5,17.25,2,5
DROP0P5_SUPPORT,1.5,0.75,YTD_2026,13,0.3076923076923077,0.3333333333333333,-0.46153846153846156,-0.48704918288476773,-0.4998045435579207,-6.0,7.5,0,1
DROP0P5_SUPPORT,1.5,0.75,FULL_2012_2026,227,0.4845814977973568,0.711746985389829,-0.14633911557237464,-0.16975354727076175,-0.1814607631199553,-33.218979234929044,35.468979234929044,2,15
DROP0P5_SUPPORT,1.5,1.0,TRAIN_2012_2021,154,0.461038961038961,0.850077551306588,-0.07909132960579769,-0.10212190591759797,-0.11363719407349814,-12.180064759292845,15.180064759292845,3,10
DROP0P5_SUPPORT,1.5,1.0,OOS_2022_2026,73,0.4246575342465753,0.7213157076200996,-0.16033890794460023,-0.1845631167598966,-0.19667522116754477,-11.704740279955818,14.704740279955818,1,5
DROP0P5_SUPPORT,1.5,1.0,YTD_2026,13,0.23076923076923078,0.3,-0.5384615384615384,-0.5639722598078447,-0.5767276204809977,-7.0,7.0,0,1
DROP0P5_SUPPORT,1.5,1.0,FULL_2012_2026,227,0.44933920704845814,0.8061965825095759,-0.1052194054592452,-0.12863383715763232,-0.1403410530068259,-23.88480503924866,25.884805039248665,4,15
DROP0P5_SUPPORT,1.75,0.2,TRAIN_2012_2021,154,0.7922077922077922,0.7625000000000001,-0.04935064935064935,-0.06909114333219246,-0.07896139032296398,-7.6000000000000005,11.79999999999999,3,10
DROP0P5_SUPPORT,1.75,0.2,OOS_2022_2026,73,0.726027397260274,0.5299999999999998,-0.1287671232876712,-0.14953073084363952,-0.15991253462162366,-9.399999999999999,11.799999999999994,2,5
DROP0P5_SUPPORT,1.75,0.2,YTD_2026,13,0.6153846153846154,0.32,-0.2615384615384615,-0.28340479412100966,-0.29433796041228366,-3.3999999999999995,3.8000000000000003,0,1
DROP0P5_SUPPORT,1.75,0.2,FULL_2012_2026,227,0.7709251101321586,0.6730769230769229,-0.07488986784140969,-0.0949593807257415,-0.10499413716790741,-17.0,21.00000000000001,5,15
DROP0P5_SUPPORT,1.75,0.25,TRAIN_2012_2021,154,0.7857142857142857,0.9166666666666666,-0.017857142857142856,-0.03759763683868596,-0.047467883829457505,-2.75,8.75,3,10
DROP0P5_SUPPORT,1.75,0.25,OOS_2022_2026,73,0.7123287671232876,0.6190476190476191,-0.1095890410958904,-0.1303526486518587,-0.14073445242984284,-8.0,11.0,2,5
DROP0P5_SUPPORT,1.75,0.25,YTD_2026,13,0.6153846153846154,0.4,-0.23076923076923078,-0.25263556335177884,-0.2635687296430529,-3.0,3.5,0,1
DROP0P5_SUPPORT,1.75,0.25,FULL_2012_2026,227,0.762114537444934,0.8009259259259259,-0.0473568281938326,-0.06742634107816442,-0.07746109752033031,-10.75,16.25,5,15
DROP0P5_SUPPORT,1.75,0.3,TRAIN_2012_2021,154,0.7532467532467533,0.91578947368421,-0.020779220779220776,-0.04051971476076388,-0.050389961751535435,-3.1999999999999993,8.400000000000004,1,10
DROP0P5_SUPPORT,1.75,0.3,OOS_2022_2026,73,0.684931506849315,0.6521739130434784,-0.1095890410958904,-0.1303526486518587,-0.14073445242984284,-8.0,10.300000000000004,1,5
DROP0P5_SUPPORT,1.75,0.3,YTD_2026,13,0.6153846153846154,0.48,-0.20000000000000004,-0.22186633258254806,-0.23279949887382217,-2.6000000000000005,3.2,0,1
DROP0P5_SUPPORT,1.75,0.3,FULL_2012_2026,227,0.7312775330396476,0.8163934426229508,-0.04933920704845816,-0.06940871993278998,-0.07944347637495587,-11.200000000000001,15.599999999999989,2,15
DROP0P5_SUPPORT,1.75,0.4,TRAIN_2012_2021,154,0.6623376623376623,0.8133030017065491,-0.06081691726486929,-0.08055741124641236,-0.0904276582371839,-9.365805258789871,11.965805258789846,2,10
DROP0P5_SUPPORT,1.75,0.4,OOS_2022_2026,73,0.6438356164383562,0.7230769230769227,-0.09863013698630138,-0.11939374454226966,-0.1297755483202538,-7.200000000000001,10.599999999999993,2,5
DROP0P5_SUPPORT,1.75,0.4,YTD_2026,13,0.6153846153846154,0.64,-0.13846153846153844,-0.16032787104408655,-0.17126103733536058,-1.7999999999999998,3.0,0,1
DROP0P5_SUPPORT,1.75,0.4,FULL_2012_2026,227,0.6563876651982379,0.7825033792723131,-0.07297711567748841,-0.09304662856182021,-0.1030813850039861,-16.56580525878987,17.765805258789825,4,15
DROP0P5_SUPPORT,1.75,0.5,TRAIN_2012_2021,154,0.6168831168831169,0.830916310633031,-0.06276496921292123,-0.0825054631944643,-0.09237571018523584,-9.665805258789868,15.06343292076811,3,10
DROP0P5_SUPPORT,1.75,0.5,OOS_2022_2026,73,0.589041095890411,0.7359861730459377,-0.10565075789102862,-0.1264143654469969,-0.13679616922498108,-7.71250532604509,11.5,2,5
DROP0P5_SUPPORT,1.75,0.5,YTD_2026,13,0.5384615384615384,0.5833333333333334,-0.19230769230769232,-0.21417402489024037,-0.22510719118151443,-2.5,3.5,0,1
DROP0P5_SUPPORT,1.75,0.5,FULL_2012_2026,227,0.6079295154185022,0.7988116407096529,-0.07655643429442711,-0.09662594717875893,-0.10666070362092485,-17.378310584834956,20.775938246813197,5,15
DROP0P5_SUPPORT,1.75,0.6,TRAIN_2012_2021,154,0.564935064935065,0.8010336063937309,-0.08419354064149266,-0.10393403462303574,-0.11380428161380732,-12.96580525878987,15.263432920768123,1,10
DROP0P5_SUPPORT,1.75,0.6,OOS_2022_2026,73,0.5205479452054794,0.6664229872298466,-0.15633568939787792,-0.17709929695384627,-0.1874811007318304,-11.412505326045089,14.800000000000008,1,5
DROP0P5_SUPPORT,1.75,0.6,YTD_2026,13,0.38461538461538464,0.375,-0.3846153846153847,-0.40648171719793275,-0.4174148834892068,-5.000000000000001,6.199999999999999,0,1
DROP0P5_SUPPORT,1.75,0.6,FULL_2012_2026,227,0.5506607929515418,0.7546918392819296,-0.10739343869971348,-0.1274629515840453,-0.1374977080262112,-24.37831058483496,26.875938246813188,2,15
DROP0P5_SUPPORT,1.75,0.75,TRAIN_2012_2021,154,0.5324675324675324,0.8574062914089761,-0.06496884667614554,-0.08470934065768863,-0.09457958764846018,-10.005202388126413,14.902830050104658,2,10
DROP0P5_SUPPORT,1.75,0.75,OOS_2022_2026,73,0.4794520547945205,0.6865741320398526,-0.159772079188867,-0.1805356867448353,-0.19091749052281945,-11.663361780787291,15.950856454742201,1,5
DROP0P5_SUPPORT,1.75,0.75,YTD_2026,13,0.38461538461538464,0.46875,-0.3269230769230769,-0.348789409505625,-0.35972257579689904,-4.25,5.75,0,1
DROP0P5_SUPPORT,1.75,0.75,FULL_2012_2026,227,0.5154185022026432,0.7982035287117474,-0.0954562298190031,-0.11552574270333492,-0.12556049914550083,-21.668564168913704,26.316191830891945,3,15
DROP0P5_SUPPORT,1.75,1.0,TRAIN_2012_2021,154,0.474025974025974,0.9018765445462162,-0.05009751665112771,-0.0698380106326708,-0.07970825762344232,-7.715017564273667,18.124630296618232,3,10
DROP0P5_SUPPORT,1.75,1.0,OOS_2022_2026,73,0.4383561643835616,0.7720919556756725,-0.12252995133620266,-0.14329355889217094,-0.1536753626701551,-8.944686447542795,12.732181121497703,2,5
DROP0P5_SUPPORT,1.75,1.0,YTD_2026,13,0.3076923076923077,0.4444444444444444,-0.38461538461538464,-0.4064817171979327,-0.41741488348920675,-5.0,5.0,0,1
DROP0P5_SUPPORT,1.75,1.0,FULL_2012_2026,227,0.46255506607929514,0.8586633884478692,-0.0733907665718787,-0.09346027945621048,-0.10349503589837641,-16.659704011816462,23.069316744161025,5,15
DROP0P5_SUPPORT,2.0,0.2,TRAIN_2012_2021,154,0.8246753246753247,0.9407407407407407,-0.010389610389610393,-0.027662542623460587,-0.036299008740385705,-1.6000000000000005,7.200000000000001,5,10
DROP0P5_SUPPORT,2.0,0.2,OOS_2022_2026,73,0.7945205479452054,0.7733333333333332,-0.04657534246575342,-0.06474349907722568,-0.07382757738296179,-3.4,6.199999999999999,2,5
DROP0P5_SUPPORT,2.0,0.2,YTD_2026,13,0.6923076923076923,0.45,-0.1692307692307692,-0.18836381024049884,-0.19793033074536362,-2.1999999999999997,2.6000000000000005,0,1
DROP0P5_SUPPORT,2.0,0.2,FULL_2012_2026,227,0.8149779735682819,0.8809523809523809,-0.02202643171806168,-0.039587255491852,-0.048367667378747176,-5.000000000000001,10.199999999999996,7,15
DROP0P5_SUPPORT,2.0,0.25,TRAIN_2012_2021,154,0.7922077922077922,0.953125,-0.00974025974025974,-0.027013191974109944,-0.03564965809103506,-1.5,7.5,3,10
DROP0P5_SUPPORT,2.0,0.25,OOS_2022_2026,73,0.7534246575342466,0.7638888888888888,-0.05821917808219178,-0.07638733469366404,-0.08547141299940016,-4.25,6.0,2,5
DROP0P5_SUPPORT,2.0,0.25,YTD_2026,13,0.6153846153846154,0.4,-0.23076923076923078,-0.2499022717789603,-0.25946879228382513,-3.0,3.5,0,1
DROP0P5_SUPPORT,2.0,0.25,FULL_2012_2026,227,0.7797356828193832,0.885,-0.025330396475770924,-0.04289122024956126,-0.05167163213645643,-5.75,10.0,5,15
DROP0P5_SUPPORT,2.0,0.3,TRAIN_2012_2021,154,0.7597402597402597,0.9486486486486481,-0.012337662337662328,-0.02961059457151255,-0.03824706068843766,-1.8999999999999986,7.100000000000002,3,10
DROP0P5_SUPPORT,2.0,0.3,OOS_2022_2026,73,0.7534246575342466,0.9166666666666669,-0.020547945205479465,-0.03871610181695171,-0.047800180122687844,-1.5000000000000009,4.8,2,5
DROP0P5_SUPPORT,2.0,0.3,YTD_2026,13,0.6153846153846154,0.48,-0.20000000000000004,-0.21913304100972958,-0.2286995615145944,-2.6000000000000005,3.2,0,1
DROP0P5_SUPPORT,2.0,0.3,FULL_2012_2026,227,0.7577092511013216,0.9381818181818181,-0.014977973568281937,-0.03253879734207228,-0.04131920922896746,-3.4,7.500000000000008,5,15
DROP0P5_SUPPORT,2.0,0.4,TRAIN_2012_2021,154,0.6558441558441559,0.7918450993333777,-0.06896155585351388,-0.08623448808736406,-0.09487095420428918,-10.620079601441137,16.455503805672084,4,10
DROP0P5_SUPPORT,2.0,0.4,OOS_2022_2026,73,0.684931506849315,0.9014717452837289,-0.02994441315465005,-0.048112569766122305,-0.057196648071858425,-2.1859421602894535,5.4,2,5
DROP0P5_SUPPORT,2.0,0.4,YTD_2026,13,0.6153846153846154,0.64,-0.13846153846153844,-0.15759457947126804,-0.16716109997613285,-1.7999999999999998,3.0,0,1
DROP0P5_SUPPORT,2.0,0.4,FULL_2012_2026,227,0.6651982378854625,0.8250687381509217,-0.056414192782954155,-0.07397501655674446,-0.08275542844363964,-12.806021761730593,16.455503805672084,6,15
DROP0P5_SUPPORT,2.0,0.5,TRAIN_2012_2021,154,0.6103896103896104,0.8100643832765887,-0.07155895845091645,-0.08883189068476668,-0.09746835680169177,-11.020079601441134,17.18182608130016,3,10
DROP0P5_SUPPORT,2.0,0.5,OOS_2022_2026,73,0.589041095890411,0.7366560202827035,-0.1052868789080747,-0.12345503551954697,-0.13253911382528308,-7.6859421602894535,10.5,2,5
DROP0P5_SUPPORT,2.0,0.5,YTD_2026,13,0.38461538461538464,0.3125,-0.4230769230769231,-0.44220996408665264,-0.4517764845915174,-5.5,6.5,0,1
DROP0P5_SUPPORT,2.0,0.5,FULL_2012_2026,227,0.6035242290748899,0.785496214781586,-0.08240538221026691,-0.09996620598405724,-0.1087466178709524,-18.70602176173059,22.367768241589612,5,15
DROP0P5_SUPPORT,2.0,0.6,TRAIN_2012_2021,154,0.577922077922078,0.8314298846209695,-0.06898248110136763,-0.08625541333521786,-0.09489187945214296,-10.623302089610615,15.058726293841584,1,10
DROP0P5_SUPPORT,2.0,0.6,OOS_2022_2026,73,0.589041095890411,0.8839872243392444,-0.0463827693190336,-0.06455092593050588,-0.07363500423624199,-3.385942160289453,6.999999999999999,2,5
DROP0P5_SUPPORT,2.0,0.6,YTD_2026,13,0.38461538461538464,0.375,-0.3846153846153847,-0.40374842562511415,-0.41331494612997904,-5.000000000000001,6.199999999999999,0,1
DROP0P5_SUPPORT,2.0,0.6,FULL_2012_2026,227,0.5814977973568282,0.848065842314493,-0.061714732378414384,-0.07927555615220475,-0.08805596803909992,-14.009244249900066,18.24466845413106,3,15
DROP0P5_SUPPORT,2.0,0.75,TRAIN_2012_2021,154,0.538961038961039,0.8808563806779657,-0.05339806551695203,-0.07067099775080224,-0.07930746386772734,-8.223302089610613,14.008726293841574,3,10
DROP0P5_SUPPORT,2.0,0.75,OOS_2022_2026,73,0.5342465753424658,0.8384673221345088,-0.07343306992658707,-0.09160122653805933,-0.10068530484379545,-5.360614104640857,8.174671944351402,2,5
DROP0P5_SUPPORT,2.0,0.75,YTD_2026,13,0.3076923076923077,0.3333333333333333,-0.46153846153846156,-0.4806715025481911,-0.49023802305305586,-6.0,6.0,0,1
DROP0P5_SUPPORT,2.0,0.75,FULL_2012_2026,227,0.5374449339207048,0.8670927998164413,-0.05984104050331043,-0.07740186427710079,-0.08618227616399597,-13.583916194251469,17.86934039848243,5,15
DROP0P5_SUPPORT,2.0,1.0,TRAIN_2012_2021,154,0.487012987012987,0.9314824243389509,-0.03359855565032882,-0.05087148788417902,-0.059507954001104126,-5.174177570150638,17.811018698197852,3,10
DROP0P5_SUPPORT,2.0,1.0,OOS_2022_2026,73,0.4794520547945205,0.9063752576709575,-0.046448191480617226,-0.06461634809208949,-0.07370042639782562,-3.3907179780850574,7.204775817795605,3,5
DROP0P5_SUPPORT,2.0,1.0,YTD_2026,13,0.3076923076923077,0.4444444444444444,-0.38461538461538464,-0.40374842562511415,-0.41331494612997893,-5.0,5.0,0,1
DROP0P5_SUPPORT,2.0,1.0,FULL_2012_2026,227,0.4845814977973568,0.9233443670650879,-0.037730817393108795,-0.055291641166899136,-0.06407205305379429,-8.564895548235697,17.811018698197852,6,15
DROP0P5_SUPPORT,2.25,0.2,TRAIN_2012_2021,154,0.8246753246753247,0.9407407407407407,-0.010389610389610397,-0.025743327930810564,-0.03342018670141066,-1.600000000000001,6.6,6,10
DROP0P5_SUPPORT,2.25,0.2,OOS_2022_2026,73,0.7945205479452054,0.7733333333333332,-0.04657534246575343,-0.06272481500928434,-0.07079955128104977,-3.4000000000000004,6.000000000000001,2,5
DROP0P5_SUPPORT,2.25,0.2,YTD_2026,13,0.6153846153846154,0.32,-0.2615384615384615,-0.2785456091026657,-0.2870491828847676,-3.3999999999999995,3.8000000000000003,0,1
DROP0P5_SUPPORT,2.25,0.2,FULL_2012_2026,227,0.8149779735682819,0.8809523809523809,-0.02202643171806168,-0.03763605285031975,-0.04544086341644878,-5.000000000000001,9.0,8,15
DROP0P5_SUPPORT,2.25,0.25,TRAIN_2012_2021,154,0.7922077922077922,0.953125,-0.00974025974025974,-0.025093977281459928,-0.032770836052060014,-1.5,6.5,4,10
DROP0P5_SUPPORT,2.25,0.25,OOS_2022_2026,73,0.7808219178082192,0.890625,-0.023972602739726026,-0.04012207528325693,-0.048196811555022374,-1.75,4.25,2,5
DROP0P5_SUPPORT,2.25,0.25,YTD_2026,13,0.6153846153846154,0.4,-0.23076923076923078,-0.2477763783334348,-0.2562799521155369,-3.0,3.5,0,1
DROP0P5_SUPPORT,2.25,0.25,FULL_2012_2026,227,0.788546255506608,0.9322916666666666,-0.014317180616740088,-0.029926801748998172,-0.03773161231512721,-3.25,7.5,6,15
DROP0P5_SUPPORT,2.25,0.3,TRAIN_2012_2021,154,0.7272727272727273,0.8419630911799656,-0.04095284041235863,-0.05630655795355884,-0.06398341672415893,-6.306737423503229,9.406737423503243,3,10
DROP0P5_SUPPORT,2.25,0.3,OOS_2022_2026,73,0.7534246575342466,0.9166666666666669,-0.020547945205479444,-0.036697417749010364,-0.04477215402077581,-1.4999999999999993,3.9000000000000004,2,5
DROP0P5_SUPPORT,2.25,0.3,YTD_2026,13,0.6153846153846154,0.48,-0.20000000000000004,-0.21700714756420408,-0.22551072134630615,-2.6000000000000005,3.2,0,1
DROP0P5_SUPPORT,2.25,0.3,FULL_2012_2026,227,0.73568281938326,0.865184298566014,-0.03439091375992612,-0.05000053489218422,-0.05780534545831326,-7.806737423503229,9.606737423503255,5,15
DROP0P5_SUPPORT,2.25,0.4,TRAIN_2012_2021,154,0.6428571428571429,0.7484869022070549,-0.08640738586690411,-0.10176110340810428,-0.10943796217870438,-13.306737423503233,18.449336716152956,2,10
DROP0P5_SUPPORT,2.25,0.4,OOS_2022_2026,73,0.6712328767123288,0.8460937392201745,-0.04883947835968893,-0.06498895090321982,-0.07306368717498526,-3.565281920257292,6.0,2,5
DROP0P5_SUPPORT,2.25,0.4,YTD_2026,13,0.5384615384615384,0.4666666666666666,-0.24615384615384617,-0.2631609937180502,-0.27166456750015233,-3.2,4.0,0,1
DROP0P5_SUPPORT,2.25,0.4,FULL_2012_2026,227,0.6519823788546255,0.7782099188465359,-0.0743260764042314,-0.08993569753648945,-0.09774050810261847,-16.872019343760527,19.614618636410228,4,15
DROP0P5_SUPPORT,2.25,0.5,TRAIN_2012_2021,154,0.5909090909090909,0.741827679576051,-0.10210671253297408,-0.11746043007417428,-0.12513728884477437,-15.724433730078008,17.724433730078008,1,10
DROP0P5_SUPPORT,2.25,0.5,OOS_2022_2026,73,0.6164383561643836,0.839165847962982,-0.059073150163020845,-0.07522262270655175,-0.08329735897831718,-4.312339961900522,8.64705804164323,3,5
DROP0P5_SUPPORT,2.25,0.5,YTD_2026,13,0.38461538461538464,0.32692311034987126,-0.3959275416648638,-0.412934689229068,-0.4214382630111701,-5.14705804164323,6.14705804164323,0,1
DROP0P5_SUPPORT,2.25,0.5,FULL_2012_2026,227,0.5991189427312775,0.7715802047946232,-0.08826772551532393,-0.10387734664758203,-0.11168215721371105,-20.03677369197853,22.53677369197853,4,15
DROP0P5_SUPPORT,2.25,0.6,TRAIN_2012_2021,154,0.564935064935065,0.7944088247489044,-0.08588764024395261,-0.10124135778515282,-0.10891821655575293,-13.226696597568703,17.081582357443395,2,10
DROP0P5_SUPPORT,2.25,0.6,OOS_2022_2026,73,0.5753424657534246,0.8230412358221114,-0.07226787447820551,-0.08841734702173643,-0.09649208329350185,-5.275554836909002,9.247058041643228,2,5
DROP0P5_SUPPORT,2.25,0.6,YTD_2026,13,0.38461538461538464,0.3923077324198455,-0.35746600320332544,-0.3744731507675295,-0.3829767245496315,-4.6470580416432306,5.84705804164323,0,1
DROP0P5_SUPPORT,2.25,0.6,FULL_2012_2026,227,0.5682819383259912,0.803475461018139,-0.08150771557038634,-0.09711733670264444,-0.10492214726877351,-18.5022514344777,22.15713719435241,4,15
DROP0P5_SUPPORT,2.25,0.75,TRAIN_2012_2021,154,0.5194805194805194,0.829543807635546,-0.07800070390414797,-0.09335442144534814,-0.10103128021594822,-12.012108401238788,17.90470769388853,3,10
DROP0P5_SUPPORT,2.25,0.75,OOS_2022_2026,73,0.547945205479452,0.8953640308278867,-0.04559883593898923,-0.06174830848252014,-0.0698230447542856,-3.3287150235462137,8.200218228280441,3,5
DROP0P5_SUPPORT,2.25,0.75,YTD_2026,13,0.3076923076923077,0.34693880688117823,-0.43438908012640226,-0.45139622769060644,-0.4598998014727084,-5.64705804164323,5.64705804164323,0,1
DROP0P5_SUPPORT,2.25,0.75,FULL_2012_2026,227,0.5286343612334802,0.8500154555104622,-0.06758071993297358,-0.08319034106523168,-0.09099515163136071,-15.340823424785002,19.733422717434745,6,15
DROP0P5_SUPPORT,2.25,1.0,TRAIN_2012_2021,154,0.474025974025974,0.8540894901002415,-0.07200877091643658,-0.08736248845763675,-0.09503934722823683,-11.089350721131233,20.418321662144955,4,10
DROP0P5_SUPPORT,2.25,1.0,OOS_2022_2026,73,0.4794520547945205,0.9560093806541285,-0.02063332241971701,-0.03678279496324791,-0.04485753123501337,-1.5062325366393416,8.87773574137357,3,5
DROP0P5_SUPPORT,2.25,1.0,YTD_2026,13,0.15384615384615385,0.2210478061303469,-0.5421397350860991,-0.5591468826503033,-0.5676504564324054,-7.047816556119289,7.047816556119289,0,1
DROP0P5_SUPPORT,2.25,1.0,FULL_2012_2026,227,0.47577092511013214,0.8857449152486055,-0.055487150915288865,-0.07109677204754694,-0.078901582613676,-12.595583257770572,20.418321662144955,7,15
DROP0P5_SUPPORT,2.5,0.2,TRAIN_2012_2021,154,0.8116883116883117,0.8620689655172413,-0.02597402597402598,-0.03979237176110612,-0.046701544654646224,-4.000000000000001,7.79999999999999,4,10
DROP0P5_SUPPORT,2.5,0.2,OOS_2022_2026,73,0.7945205479452054,0.7733333333333332,-0.04657534246575342,-0.06110986775493121,-0.0683771303995201,-3.3999999999999995,4.799999999999999,2,5
DROP0P5_SUPPORT,2.5,0.2,YTD_2026,13,0.6923076923076923,0.45,-0.1692307692307692,-0.1845372020385529,-0.19219041844244475,-2.1999999999999997,2.6000000000000005,0,1
DROP0P5_SUPPORT,2.5,0.2,FULL_2012_2026,227,0.8061674008810573,0.8318181818181817,-0.03259911894273128,-0.04664777796176354,-0.05367210747127968,-7.4,10.199999999999974,6,15
DROP0P5_SUPPORT,2.5,0.25,TRAIN_2012_2021,154,0.7857142857142857,0.9166666666666666,-0.017857142857142856,-0.031675488644223024,-0.038584661537763104,-2.75,7.5,5,10
DROP0P5_SUPPORT,2.5,0.25,OOS_2022_2026,73,0.7945205479452054,0.9666666666666667,-0.00684931506849315,-0.021383840357670957,-0.028651103002259867,-0.5,3.75,2,5
DROP0P5_SUPPORT,2.5,0.25,YTD_2026,13,0.6923076923076923,0.5625,-0.1346153846153846,-0.14992181742316826,-0.15757503382706012,-1.75,2.25,0,1
DROP0P5_SUPPORT,2.5,0.25,FULL_2012_2026,227,0.788546255506608,0.9322916666666666,-0.014317180616740088,-0.028365839635772366,-0.0353901691452885,-3.25,7.5,7,15
DROP0P5_SUPPORT,2.5,0.3,TRAIN_2012_2021,154,0.7077922077922078,0.7897708502168164,-0.05652217501815933,-0.07034052080523952,-0.0772496936987796,-8.704414952796537,12.70441495279654,4,10
DROP0P5_SUPPORT,2.5,0.3,OOS_2022_2026,73,0.7534246575342466,0.9166666666666669,-0.020547945205479447,-0.035082470494657264,-0.042349733139246164,-1.4999999999999998,3.799999999999999,2,5
DROP0P5_SUPPORT,2.5,0.3,YTD_2026,13,0.6923076923076923,0.6749999999999999,-0.09999999999999999,-0.11530643280778372,-0.12295964921167551,-1.2999999999999998,1.9,0,1
DROP0P5_SUPPORT,2.5,0.3,FULL_2012_2026,227,0.7224669603524229,0.8282212700704973,-0.044953369836108106,-0.05900202885514038,-0.0660263583646565,-10.20441495279654,12.70441495279654,6,15
DROP0P5_SUPPORT,2.5,0.4,TRAIN_2012_2021,154,0.6428571428571429,0.7703618460858612,-0.07665204514802947,-0.09047039093510963,-0.0973795638286497,-11.804414952796538,16.404414952796525,3,10
DROP0P5_SUPPORT,2.5,0.4,OOS_2022_2026,73,0.6301369863013698,0.7363573098231551,-0.09024478091394018,-0.10477930620311796,-0.11204656884770688,-6.587869006717633,9.039115278486072,2,5
DROP0P5_SUPPORT,2.5,0.4,YTD_2026,13,0.46153846153846156,0.3646112990330063,-0.3217194028829927,-0.3370258356907765,-0.3446790520946683,-4.182352237478906,4.982352237478906,0,1
DROP0P5_SUPPORT,2.5,0.4,FULL_2012_2026,227,0.6387665198237885,0.7592389832294897,-0.08102327735468799,-0.09507193637372023,-0.10209626588323639,-18.392283959514174,20.792283959514144,5,15
DROP0P5_SUPPORT,2.5,0.5,TRAIN_2012_2021,154,0.6103896103896104,0.8179753667877893,-0.06666878534631247,-0.08048713113339263,-0.08739630402693271,-10.26699294333212,13.76699294333212,3,10
DROP0P5_SUPPORT,2.5,0.5,OOS_2022_2026,73,0.6164383561643836,0.8478725391445047,-0.05415710308270103,-0.06869162837187882,-0.07595889101646774,-3.9534685250371755,7.839115278486071,3,5
DROP0P5_SUPPORT,2.5,0.5,YTD_2026,13,0.46153846153846156,0.4557641237912579,-0.2755655567291467,-0.29087198953693033,-0.2985252059408222,-3.582352237478907,4.582352237478907,0,1
DROP0P5_SUPPORT,2.5,0.5,FULL_2012_2026,227,0.6123348017621145,0.8274054221466061,-0.06264520470647265,-0.07669386372550493,-0.08371819323502107,-14.220461468369294,16.720461468369294,6,15
DROP0P5_SUPPORT,2.5,0.6,TRAIN_2012_2021,154,0.5844155844155844,0.883719661480731,-0.0451453130484121,-0.058963658835492275,-0.06587283172903238,-6.952378209455463,10.88177539334268,4,10
DROP0P5_SUPPORT,2.5,0.6,OOS_2022_2026,73,0.5753424657534246,0.8300114243976735,-0.06750145975614734,-0.08203598504532517,-0.08930324768991409,-4.927606562198756,7.661959446459561,2,5
DROP0P5_SUPPORT,2.5,0.6,YTD_2026,13,0.38461538461538464,0.3956555836553281,-0.35248863365222366,-0.36779506646000726,-0.3754482828638992,-4.582352237478908,4.582352237478906,0,1
DROP0P5_SUPPORT,2.5,0.6,FULL_2012_2026,227,0.5814977973568282,0.8661827363200983,-0.05233473467689084,-0.06638339369592311,-0.07340772320543926,-11.879984771654222,14.409381955541454,6,15
DROP0P5_SUPPORT,2.5,0.75,TRAIN_2012_2021,154,0.5194805194805194,0.8434532035723628,-0.06911092469672034,-0.08292927048380051,-0.08983844337734058,-10.643082403294931,16.102555305732704,3,10
DROP0P5_SUPPORT,2.5,0.75,OOS_2022_2026,73,0.5205479452054794,0.8577996083335044,-0.061109681770915435,-0.07564420706009323,-0.08291146970468215,-4.4610067692768265,7.545359653537632,3,5
DROP0P5_SUPPORT,2.5,0.75,YTD_2026,13,0.3076923076923077,0.3777543321651836,-0.3801284112155089,-0.39543484402329254,-0.4030880604271844,-4.941669345801616,4.941669345801616,0,1
DROP0P5_SUPPORT,2.5,0.75,FULL_2012_2026,227,0.5198237885462555,0.8479829402526758,-0.06653783776463329,-0.08058649678366557,-0.08761082629318172,-15.104089172571758,17.31356207500953,6,15
DROP0P5_SUPPORT,2.5,1.0,TRAIN_2012_2021,154,0.4805194805194805,0.8793165523553728,-0.05619517982000682,-0.07001352560708698,-0.07692269850062707,-8.65405769228105,19.747777394223355,3,10
DROP0P5_SUPPORT,2.5,1.0,OOS_2022_2026,73,0.4794520547945205,0.9806981080034873,-0.008654638355637123,-0.02318916364481492,-0.03045642628940384,-0.63178859996151,6.709378443215151,3,5
DROP0P5_SUPPORT,2.5,1.0,YTD_2026,13,0.15384615384615385,0.24089559173989192,-0.48479630837154375,-0.5001027411793275,-0.5077559575832192,-6.302352008830069,6.302352008830069,0,1
DROP0P5_SUPPORT,2.5,1.0,FULL_2012_2026,227,0.4801762114537445,0.9110897646351058,-0.0409068118600994,-0.05495547087913166,-0.061979800388647796,-9.285846292242564,19.747777394223355,6,15
DROP0P5_SUPPORT,3.0,0.2,TRAIN_2012_2021,154,0.8246753246753247,0.9407407407407407,-0.0103896103896104,-0.02190489854551052,-0.027662542623460587,-1.6000000000000016,5.799999999999999,5,10
DROP0P5_SUPPORT,3.0,0.2,OOS_2022_2026,73,0.821917808219178,0.9230769230769228,-0.0136986301369863,-0.025810734544634468,-0.03186678674845855,-1.0,4.0,2,5
DROP0P5_SUPPORT,3.0,0.2,YTD_2026,13,0.7692307692307693,0.6666666666666666,-0.07692307692307694,-0.08967843759622998,-0.0960561179328065,-1.0000000000000002,1.4000000000000004,0,1
DROP0P5_SUPPORT,3.0,0.2,FULL_2012_2026,227,0.8237885462555066,0.9349999999999998,-0.011453744493392077,-0.023160960342585624,-0.029014568267182402,-2.6000000000000014,5.799999999999999,7,15
DROP0P5_SUPPORT,3.0,0.25,TRAIN_2012_2021,154,0.7532467532467533,0.8486890994557796,-0.03357367398699425,-0.0450889621428944,-0.05084660622084446,-5.1703457939971145,8.920345793997114,4,10
DROP0P5_SUPPORT,3.0,0.25,OOS_2022_2026,73,0.7808219178082192,0.9064886669377904,-0.020136958431342538,-0.03224906283899072,-0.0383051150428148,-1.4699979654880053,4.25,3,5
DROP0P5_SUPPORT,3.0,0.25,YTD_2026,13,0.7692307692307693,0.8333333333333334,-0.038461538461538464,-0.05121689913469153,-0.057594579471268066,-0.5,1.25,0,1
DROP0P5_SUPPORT,3.0,0.25,FULL_2012_2026,227,0.762114537444934,0.866901222579316,-0.02925261568055119,-0.04095983152974476,-0.04681343945434152,-6.640343759485121,9.170345793997114,7,15
DROP0P5_SUPPORT,3.0,0.3,TRAIN_2012_2021,154,0.7077922077922078,0.8403912938466964,-0.040327570979707975,-0.05184285913560813,-0.05760050321355819,-6.210445930875028,10.210445930875037,5,10
DROP0P5_SUPPORT,3.0,0.3,OOS_2022_2026,73,0.726027397260274,0.8804996600916287,-0.029560665842743528,-0.04167277025039172,-0.0477288224542158,-2.1579286065202776,4.6,2,5
DROP0P5_SUPPORT,3.0,0.3,YTD_2026,13,0.6923076923076923,0.6749999999999999,-0.09999999999999999,-0.11275536067315306,-0.11913304100972957,-1.2999999999999998,2.4,0,1
DROP0P5_SUPPORT,3.0,0.3,FULL_2012_2026,227,0.7136563876651982,0.8531049094282631,-0.03686508606782074,-0.048572301917014296,-0.05442590984161109,-8.368374537395308,10.934407371068009,7,15
DROP0P5_SUPPORT,3.0,0.4,TRAIN_2012_2021,154,0.6623376623376623,0.8741188240321265,-0.03752766833109099,-0.049042956486991134,-0.054800600564941196,-5.779260922988012,8.179260922988004,4,10
DROP0P5_SUPPORT,3.0,0.4,OOS_2022_2026,73,0.684931506849315,0.9735571112403826,-0.007441399147297249,-0.01955350355494542,-0.025609555758769515,-0.5432221377526991,4.085293531232423,3,5
DROP0P5_SUPPORT,3.0,0.4,YTD_2026,13,0.5384615384615384,0.5104558186462088,-0.20656104086403254,-0.2193164015371855,-0.22569408187376208,-2.685293531232423,3.485293531232423,0,1
DROP0P5_SUPPORT,3.0,0.4,FULL_2012_2026,227,0.6696035242290749,0.9048587798914067,-0.027852348285201382,-0.03955956413439493,-0.045413172058991716,-6.322483060740714,8.717191564020263,7,15
DROP0P5_SUPPORT,3.0,0.5,TRAIN_2012_2021,154,0.6363636363636364,0.981845174848839,-0.005767022437378261,-0.0172823105932784,-0.023039954671228473,-0.8881214553562522,5.701342042286313,5,10
DROP0P5_SUPPORT,3.0,0.5,OOS_2022_2026,73,0.6438356164383562,0.9578221099823613,-0.013602786766944779,-0.02571489117459296,-0.031770943378417044,-0.9930034339869689,3.9852935312324225,3,5
DROP0P5_SUPPORT,3.0,0.5,YTD_2026,13,0.46153846153846156,0.46258507584157105,-0.268099502402494,-0.28085486307564717,-0.28723254341222365,-3.4852935312324225,3.4852935312324225,0,1
DROP0P5_SUPPORT,3.0,0.5,FULL_2012_2026,227,0.6387665198237885,0.9740400324738687,-0.008286893785652958,-0.019994109634846515,-0.025847717559443293,-1.8811248893432215,5.701342042286313,8,15
DROP0P5_SUPPORT,3.0,0.6,TRAIN_2012_2021,154,0.577922077922078,0.9405423946177677,-0.02120654412920207,-0.03272183228510222,-0.03847947636305229,-3.2658077958971186,8.558636492023274,4,10
DROP0P5_SUPPORT,3.0,0.6,OOS_2022_2026,73,0.589041095890411,0.9827195115314635,-0.005913695257922982,-0.01802579966557117,-0.02408185186939525,-0.43169975382837766,5.303920602111031,3,5
DROP0P5_SUPPORT,3.0,0.6,YTD_2026,13,0.3076923076923077,0.34762856329288394,-0.34645543093161774,-0.35921079160477076,-0.3655884719413472,-4.50392060211103,4.50392060211103,0,1
DROP0P5_SUPPORT,3.0,0.6,FULL_2012_2026,227,0.5814977973568282,0.9537282789007216,-0.01628857951420924,-0.027995795363402805,-0.033849403287999597,-3.6975075497254974,8.558636492023274,7,15
DROP0P5_SUPPORT,3.0,0.75,TRAIN_2012_2021,154,0.5454545454545454,0.9667039306334962,-0.012382081241072011,-0.023897369396972137,-0.02965501347492221,-1.9068405111250897,9.524642963877008,5,10
DROP0P5_SUPPORT,3.0,0.75,OOS_2022_2026,73,0.547945205479452,1.076770943858833,0.02764015562074764,0.015528051213099464,0.009471999009275379,2.0177313603145777,6.204489487968075,4,5
DROP0P5_SUPPORT,3.0,0.75,YTD_2026,13,0.15384615384615385,0.20820351011755783,-0.4388068836898519,-0.451562244363005,-0.45793992469958145,-5.7044894879680745,5.7044894879680745,0,1
DROP0P5_SUPPORT,3.0,0.75,FULL_2012_2026,227,0.5462555066079295,1.0013272119651373,0.0004885059435660264,-0.011218709905627533,-0.017072317830224306,0.110890849189488,9.524642963877008,9,15
DROP0P5_SUPPORT,3.0,1.0,TRAIN_2012_2021,154,0.4675324675324675,0.884614600604495,-0.048526160652225724,-0.06004144880812587,-0.06579909288607592,-7.4730287404427616,20.386501687506385,3,10
DROP0P5_SUPPORT,3.0,1.0,OOS_2022_2026,73,0.5068493150684932,1.1506706088997036,0.057143841803501856,0.04503173739585369,0.03897568519202961,4.1715004516556355,6.110201370845295,4,5
DROP0P5_SUPPORT,3.0,1.0,YTD_2026,13,0.15384615384615385,0.2668634962918738,-0.4062980180162202,-0.4190533786893733,-0.42543105902594974,-5.281874234210862,5.281874234210862,0,1
DROP0P5_SUPPORT,3.0,1.0,FULL_2012_2026,227,0.4801762114537445,0.9642892846361725,-0.014544177483643731,-0.026251393332837287,-0.03210500125743408,-3.301528288787127,20.386501687506385,7,15
DROP1_SUPPORT,0.75,0.2,TRAIN_2012_2021,100,0.18,0.04390243902439025,-0.7839999999999999,-0.8310905583745014,-0.8546358375617521,-78.39999999999999,78.59999999999997,0,10
DROP1_SUPPORT,0.75,0.2,OOS_2022_2026,39,0.23076923076923078,0.060000000000000005,-0.7230769230769232,-0.767593555083134,-0.7898518710862393,-28.200000000000003,28.200000000000003,0,5
DROP1_SUPPORT,0.75,0.2,YTD_2026,9,0.3333333333333333,0.10000000000000002,-0.6000000000000001,-0.6459149182649369,-0.6688723773974053,-5.4,5.4,0,1
DROP1_SUPPORT,0.75,0.2,FULL_2012_2026,139,0.19424460431654678,0.04821428571428572,-0.7669064748201438,-0.813274852415053,-0.8364590412125075,-106.6,106.59999999999994,0,15
DROP1_SUPPORT,0.75,0.25,TRAIN_2012_2021,100,0.18,0.054878048780487805,-0.775,-0.8220905583745015,-0.8456358375617521,-77.5,77.75,0,10
DROP1_SUPPORT,0.75,0.25,OOS_2022_2026,39,0.23076923076923078,0.075,-0.7115384615384616,-0.7560550935446724,-0.7783134095477778,-27.75,27.75,0,5
DROP1_SUPPORT,0.75,0.25,YTD_2026,9,0.3333333333333333,0.125,-0.5833333333333334,-0.6292482515982702,-0.6522057107307386,-5.25,5.25,0,1
DROP1_SUPPORT,0.75,0.25,FULL_2012_2026,139,0.19424460431654678,0.060267857142857144,-0.7571942446043165,-0.8035626221992257,-0.8267468109966802,-105.25,105.25,0,15
DROP1_SUPPORT,0.75,0.3,TRAIN_2012_2021,100,0.18,0.06585365853658535,-0.7660000000000001,-0.8130905583745013,-0.836635837561752,-76.60000000000001,76.90000000000003,0,10
DROP1_SUPPORT,0.75,0.3,OOS_2022_2026,39,0.23076923076923078,0.09,-0.7,-0.744516632006211,-0.7667749480093163,-27.299999999999997,27.299999999999997,0,5
DROP1_SUPPORT,0.75,0.3,YTD_2026,9,0.3333333333333333,0.15,-0.5666666666666667,-0.6125815849316036,-0.6355390440640719,-5.1,5.1,0,1
DROP1_SUPPORT,0.75,0.3,FULL_2012_2026,139,0.19424460431654678,0.07232142857142856,-0.7474820143884893,-0.7938503919833984,-0.8170345807808527,-103.9,103.90000000000006,0,15
DROP1_SUPPORT,0.75,0.4,TRAIN_2012_2021,100,0.17,0.0819277108433735,-0.7619999999999999,-0.8090905583745014,-0.8326358375617521,-76.19999999999999,76.60000000000002,0,10
DROP1_SUPPORT,0.75,0.4,OOS_2022_2026,39,0.23076923076923078,0.12000000000000001,-0.676923076923077,-0.7214397089292879,-0.7436980249323932,-26.400000000000002,26.400000000000006,0,5
DROP1_SUPPORT,0.75,0.4,YTD_2026,9,0.3333333333333333,0.20000000000000004,-0.5333333333333333,-0.5792482515982703,-0.6022057107307387,-4.8,4.8,0,1
DROP1_SUPPORT,0.75,0.4,FULL_2012_2026,139,0.18705035971223022,0.09203539823008851,-0.7381294964028776,-0.7844978739977869,-0.8076820627952414,-102.6,102.59999999999997,0,15
DROP1_SUPPORT,0.75,0.5,TRAIN_2012_2021,100,0.17,0.10240963855421686,-0.745,-0.7920905583745015,-0.8156358375617521,-74.5,75.0,0,10
DROP1_SUPPORT,0.75,0.5,OOS_2022_2026,39,0.20512820512820512,0.12903225806451613,-0.6923076923076923,-0.7368243243139031,-0.7590826403170086,-27.0,27.0,0,5
DROP1_SUPPORT,0.75,0.5,YTD_2026,9,0.2222222222222222,0.14285714285714285,-0.6666666666666666,-0.7125815849316036,-0.735539044064072,-6.0,6.0,0,1
DROP1_SUPPORT,0.75,0.5,FULL_2012_2026,139,0.17985611510791366,0.10964912280701754,-0.7302158273381295,-0.7765842049330386,-0.7997683937304931,-101.5,101.5,0,15
DROP1_SUPPORT,0.75,0.6,TRAIN_2012_2021,100,0.17,0.12289156626506023,-0.7280000000000001,-0.7750905583745014,-0.7986358375617522,-72.80000000000001,73.39999999999998,0,10
DROP1_SUPPORT,0.75,0.6,OOS_2022_2026,39,0.20512820512820512,0.15483870967741936,-0.6717948717948717,-0.7163115038010827,-0.7385698198041881,-26.2,26.199999999999996,0,5
DROP1_SUPPORT,0.75,0.6,YTD_2026,9,0.2222222222222222,0.17142857142857143,-0.6444444444444444,-0.6903593627093814,-0.7133168218418499,-5.8,6.0,0,1
DROP1_SUPPORT,0.75,0.6,FULL_2012_2026,139,0.17985611510791366,0.13157894736842105,-0.7122302158273381,-0.7585985934222472,-0.7817827822197017,-99.0,99.00000000000003,0,15
DROP1_SUPPORT,0.75,0.75,TRAIN_2012_2021,100,0.17,0.1536144578313253,-0.7025,-0.7495905583745015,-0.7731358375617521,-70.25,71.0,0,10
DROP1_SUPPORT,0.75,0.75,OOS_2022_2026,39,0.20512820512820512,0.1935483870967742,-0.6410256410256411,-0.6855422730318518,-0.7078005890349574,-25.0,25.0,0,5
DROP1_SUPPORT,0.75,0.75,YTD_2026,9,0.2222222222222222,0.21428571428571427,-0.6111111111111112,-0.657026029376048,-0.6799834885085164,-5.5,6.0,0,1
DROP1_SUPPORT,0.75,0.75,FULL_2012_2026,139,0.17985611510791366,0.16447368421052633,-0.685251798561151,-0.7316201761560601,-0.7548043649535148,-95.25,95.25,0,15
DROP1_SUPPORT,0.75,1.0,TRAIN_2012_2021,100,0.17,0.20481927710843373,-0.66,-0.7070905583745015,-0.7306358375617521,-66.0,67.0,0,10
DROP1_SUPPORT,0.75,1.0,OOS_2022_2026,39,0.1794871794871795,0.21875,-0.6410256410256411,-0.6855422730318518,-0.7078005890349574,-25.0,25.0,0,5
DROP1_SUPPORT,0.75,1.0,YTD_2026,9,0.2222222222222222,0.2857142857142857,-0.5555555555555556,-0.6014704738204926,-0.6244279329529608,-5.0,6.0,0,1
DROP1_SUPPORT,0.75,1.0,FULL_2012_2026,139,0.17266187050359713,0.20869565217391303,-0.6546762589928058,-0.7010446365877149,-0.7242288253851694,-91.0,91.0,0,15
DROP1_SUPPORT,1.0,0.2,TRAIN_2012_2021,100,0.4,0.13333333333333333,-0.5199999999999999,-0.5553179187808761,-0.5729768781713142,-51.99999999999999,52.39999999999999,0,10
DROP1_SUPPORT,1.0,0.2,OOS_2022_2026,39,0.4358974358974359,0.15454545454545457,-0.47692307692307695,-0.510310550927735,-0.5270042879300642,-18.6,18.60000000000001,0,5
DROP1_SUPPORT,1.0,0.2,YTD_2026,9,0.4444444444444444,0.16,-0.4666666666666667,-0.5011028553653694,-0.5183209497147208,-4.2,4.2,0,1
DROP1_SUPPORT,1.0,0.2,FULL_2012_2026,139,0.41007194244604317,0.13902439024390242,-0.5079136690647481,-0.54268995226093,-0.560078093859021,-70.6,70.79999999999994,0,15
DROP1_SUPPORT,1.0,0.25,TRAIN_2012_2021,100,0.39,0.1598360655737705,-0.5125,-0.547817918780876,-0.5654768781713142,-51.25,51.75,0,10
DROP1_SUPPORT,1.0,0.25,OOS_2022_2026,39,0.41025641025641024,0.17391304347826086,-0.48717948717948717,-0.5205669611841452,-0.5372606981864745,-19.0,19.0,0,5
DROP1_SUPPORT,1.0,0.25,YTD_2026,9,0.4444444444444444,0.2,-0.4444444444444444,-0.4788806331431471,-0.49609872749249856,-4.0,4.0,0,1
DROP1_SUPPORT,1.0,0.25,FULL_2012_2026,139,0.39568345323741005,0.1636904761904762,-0.5053956834532374,-0.5401719666494191,-0.55756010824751,-70.25,70.5,0,15
DROP1_SUPPORT,1.0,0.3,TRAIN_2012_2021,100,0.38,0.18387096774193554,-0.5060000000000001,-0.5413179187808761,-0.558976878171314,-50.60000000000001,51.2,0,10
DROP1_SUPPORT,1.0,0.3,OOS_2022_2026,39,0.41025641025641024,0.20869565217391303,-0.46666666666666656,-0.5000541406713247,-0.5167478776736539,-18.199999999999996,18.199999999999992,0,5
DROP1_SUPPORT,1.0,0.3,YTD_2026,9,0.4444444444444444,0.24,-0.4222222222222222,-0.45665841092092485,-0.47387650527027625,-3.8,3.8,0,1
DROP1_SUPPORT,1.0,0.3,FULL_2012_2026,139,0.38848920863309355,0.19058823529411767,-0.49496402877697837,-0.5297403119731602,-0.5471284535712512,-68.8,69.10000000000005,0,15
DROP1_SUPPORT,1.0,0.4,TRAIN_2012_2021,100,0.37,0.23492063492063495,-0.482,-0.5173179187808761,-0.5349768781713141,-48.199999999999996,49.00000000000003,0,10
DROP1_SUPPORT,1.0,0.4,OOS_2022_2026,39,0.38461538461538464,0.25000000000000006,-0.46153846153846156,-0.49492593554311964,-0.5116196725454487,-18.0,18.0,0,5
DROP1_SUPPORT,1.0,0.4,YTD_2026,9,0.3333333333333333,0.20000000000000004,-0.5333333333333333,-0.567769522032036,-0.5849876163813873,-4.8,4.800000000000001,0,1
DROP1_SUPPORT,1.0,0.4,FULL_2012_2026,139,0.37410071942446044,0.23908045977011486,-0.4762589928057554,-0.5110352760019371,-0.5284234176000282,-66.2,66.60000000000005,0,15
DROP1_SUPPORT,1.0,0.5,TRAIN_2012_2021,100,0.36,0.28125,-0.46,-0.49531791878087605,-0.5129768781713142,-46.0,47.0,0,10
DROP1_SUPPORT,1.0,0.5,OOS_2022_2026,39,0.38461538461538464,0.3125,-0.4230769230769231,-0.45646439708158115,-0.47315813408391033,-16.5,16.5,0,5
DROP1_SUPPORT,1.0,0.5,YTD_2026,9,0.3333333333333333,0.25,-0.5,-0.5344361886987027,-0.5516542830480541,-4.5,4.5,0,1
DROP1_SUPPORT,1.0,0.5,FULL_2012_2026,139,0.3669064748201439,0.2897727272727273,-0.44964028776978415,-0.484416570965966,-0.501804712564057,-62.5,63.0,0,15
DROP1_SUPPORT,1.0,0.6,TRAIN_2012_2021,100,0.35,0.32307692307692315,-0.43999999999999995,-0.4753179187808761,-0.49297687817131414,-43.99999999999999,45.19999999999998,0,10
DROP1_SUPPORT,1.0,0.6,OOS_2022_2026,39,0.38461538461538464,0.37499999999999994,-0.38461538461538464,-0.41800285862004277,-0.43469659562237184,-15.0,15.000000000000004,0,5
DROP1_SUPPORT,1.0,0.6,YTD_2026,9,0.3333333333333333,0.3,-0.4666666666666667,-0.5011028553653694,-0.5183209497147208,-4.2,4.4,0,1
DROP1_SUPPORT,1.0,0.6,FULL_2012_2026,139,0.3597122302158273,0.3370786516853933,-0.42446043165467623,-0.4592367148508581,-0.47662485644894903,-58.99999999999999,59.59999999999996,0,15
DROP1_SUPPORT,1.0,0.75,TRAIN_2012_2021,100,0.31,0.33695652173913043,-0.4575,-0.49281791878087605,-0.5104768781713142,-45.75,47.25,0,10
DROP1_SUPPORT,1.0,0.75,OOS_2022_2026,39,0.358974358974359,0.42,-0.3717948717948718,-0.40518234579952994,-0.421876082801859,-14.5,15.25,0,5
DROP1_SUPPORT,1.0,0.75,YTD_2026,9,0.3333333333333333,0.375,-0.4166666666666667,-0.4511028553653693,-0.4683209497147207,-3.75,4.25,0,1
DROP1_SUPPORT,1.0,0.75,FULL_2012_2026,139,0.3237410071942446,0.35904255319148937,-0.43345323741007197,-0.4682295206062538,-0.4856176622043446,-60.25,61.0,0,15
DROP1_SUPPORT,1.0,1.0,TRAIN_2012_2021,100,0.27,0.3698630136986301,-0.46,-0.4953179187808761,-0.5129768781713141,-46.0,48.0,0,10
DROP1_SUPPORT,1.0,1.0,OOS_2022_2026,39,0.20512820512820512,0.25806451612903225,-0.5897435897435898,-0.6231310637482478,-0.639824800750577,-23.0,23.0,0,5
DROP1_SUPPORT,1.0,1.0,YTD_2026,9,0.2222222222222222,0.2857142857142857,-0.5555555555555556,-0.5899917442542583,-0.6072098386036094,-5.0,5.0,0,1
DROP1_SUPPORT,1.0,1.0,FULL_2012_2026,139,0.2517985611510791,0.33653846153846156,-0.49640287769784175,-0.5311791608940236,-0.5485673024921144,-69.0,70.0,0,15
DROP1_SUPPORT,1.25,0.2,TRAIN_2012_2021,100,0.57,0.2651162790697674,-0.316,-0.3442543350247009,-0.35838150253705126,-31.599999999999998,32.200000000000024,0,10
DROP1_SUPPORT,1.25,0.2,OOS_2022_2026,39,0.5897435897435898,0.2875000000000001,-0.2923076923076924,-0.31901767151141885,-0.33237266111328195,-11.400000000000002,11.4,0,5
DROP1_SUPPORT,1.25,0.2,YTD_2026,9,0.4444444444444444,0.16,-0.4666666666666667,-0.49421561762562877,-0.5079900931051099,-4.2,4.2,0,1
DROP1_SUPPORT,1.25,0.2,FULL_2012_2026,139,0.5755395683453237,0.27118644067796605,-0.30935251798561153,-0.3371735445425569,-0.35108405782102975,-43.0,43.399999999999956,0,15
DROP1_SUPPORT,1.25,0.25,TRAIN_2012_2021,100,0.55,0.3055555555555556,-0.3125,-0.34075433502470076,-0.3548815025370512,-31.25,32.0,0,10
DROP1_SUPPORT,1.25,0.25,OOS_2022_2026,39,0.5641025641025641,0.3235294117647059,-0.2948717948717949,-0.3215817740755214,-0.33493676367738456,-11.5,11.5,0,5
DROP1_SUPPORT,1.25,0.25,YTD_2026,9,0.3333333333333333,0.125,-0.5833333333333334,-0.6108822842922955,-0.6246567597717765,-5.25,5.25,0,1
DROP1_SUPPORT,1.25,0.25,FULL_2012_2026,139,0.5539568345323741,0.31048387096774194,-0.30755395683453235,-0.3353749833914778,-0.3492854966699506,-42.75,43.25,0,15
DROP1_SUPPORT,1.25,0.3,TRAIN_2012_2021,100,0.55,0.36666666666666675,-0.285,-0.31325433502470085,-0.32738150253705134,-28.5,29.39999999999998,0,10
DROP1_SUPPORT,1.25,0.3,OOS_2022_2026,39,0.5641025641025641,0.388235294117647,-0.26666666666666666,-0.2933766458703932,-0.3067316354722564,-10.4,10.600000000000001,2,5
DROP1_SUPPORT,1.25,0.3,YTD_2026,9,0.3333333333333333,0.15,-0.5666666666666667,-0.5942156176256288,-0.6079900931051099,-5.1,5.1,0,1
DROP1_SUPPORT,1.25,0.3,FULL_2012_2026,139,0.5539568345323741,0.37258064516129036,-0.2798561151079137,-0.3076771416648591,-0.32158765494333186,-38.900000000000006,39.500000000000014,2,15
DROP1_SUPPORT,1.25,0.4,TRAIN_2012_2021,100,0.52,0.4333333333333332,-0.272,-0.3002543350247008,-0.3143815025370512,-27.200000000000003,28.400000000000013,0,10
DROP1_SUPPORT,1.25,0.4,OOS_2022_2026,39,0.5384615384615384,0.4666666666666668,-0.24615384615384614,-0.2728638253575727,-0.2862188149594359,-9.6,9.599999999999996,2,5
DROP1_SUPPORT,1.25,0.4,YTD_2026,9,0.3333333333333333,0.20000000000000004,-0.5333333333333333,-0.5608822842922954,-0.5746567597717767,-4.8,4.800000000000001,0,1
DROP1_SUPPORT,1.25,0.4,FULL_2012_2026,139,0.5251798561151079,0.4424242424242424,-0.2647482014388489,-0.2925692279957943,-0.30647974127426714,-36.8,37.60000000000004,2,15
DROP1_SUPPORT,1.25,0.5,TRAIN_2012_2021,100,0.49,0.4803921568627451,-0.265,-0.2932543350247008,-0.3073815025370513,-26.5,28.0,0,10
DROP1_SUPPORT,1.25,0.5,OOS_2022_2026,39,0.5384615384615384,0.5833333333333334,-0.19230769230769232,-0.21901767151141882,-0.2323726611132821,-7.5,7.5,2,5
DROP1_SUPPORT,1.25,0.5,YTD_2026,9,0.3333333333333333,0.25,-0.5,-0.5275489509589621,-0.5413234264384432,-4.5,4.5,0,1
DROP1_SUPPORT,1.25,0.5,FULL_2012_2026,139,0.5035971223021583,0.5072463768115942,-0.2446043165467626,-0.27242534310370803,-0.28633585638218084,-34.0,35.0,2,15
DROP1_SUPPORT,1.25,0.6,TRAIN_2012_2021,100,0.42,0.4344827586206897,-0.32799999999999996,-0.3562543350247007,-0.37038150253705127,-32.8,34.599999999999994,0,10
DROP1_SUPPORT,1.25,0.6,OOS_2022_2026,39,0.5128205128205128,0.6315789473684209,-0.1794871794871795,-0.206197158690906,-0.21955214829276926,-7.0,6.999999999999998,2,5
DROP1_SUPPORT,1.25,0.6,YTD_2026,9,0.3333333333333333,0.3,-0.4666666666666667,-0.49421561762562877,-0.5079900931051099,-4.2,4.4,0,1
DROP1_SUPPORT,1.25,0.6,FULL_2012_2026,139,0.4460431654676259,0.4831168831168832,-0.28633093525179854,-0.314151961808744,-0.32806247508721675,-39.8,40.999999999999964,2,15
DROP1_SUPPORT,1.25,0.75,TRAIN_2012_2021,100,0.39,0.47950819672131145,-0.3175,-0.34575433502470077,-0.3598815025370513,-31.75,34.75,0,10
DROP1_SUPPORT,1.25,0.75,OOS_2022_2026,39,0.4358974358974359,0.5795454545454546,-0.23717948717948717,-0.2638894663832137,-0.27724445598507697,-9.25,9.25,2,5
DROP1_SUPPORT,1.25,0.75,YTD_2026,9,0.2222222222222222,0.21428571428571427,-0.6111111111111112,-0.6386600620700733,-0.6524345375495543,-5.5,5.5,0,1
DROP1_SUPPORT,1.25,0.75,FULL_2012_2026,139,0.4028776978417266,0.5060240963855421,-0.2949640287769784,-0.3227850553339239,-0.33669556861239663,-41.0,43.25,2,15
DROP1_SUPPORT,1.25,1.0,TRAIN_2012_2021,100,0.35,0.5341042938232745,-0.3028322090148715,-0.3310865440395723,-0.34521371155192276,-30.28322090148715,34.283220901487155,1,10
DROP1_SUPPORT,1.25,1.0,OOS_2022_2026,39,0.358974358974359,0.56,-0.28205128205128205,-0.3087612612550086,-0.3221162508568718,-11.0,11.0,1,5
DROP1_SUPPORT,1.25,1.0,YTD_2026,9,0.2222222222222222,0.2857142857142857,-0.5555555555555556,-0.5831045065145177,-0.5968789819939988,-5.0,5.0,0,1
DROP1_SUPPORT,1.25,1.0,FULL_2012_2026,139,0.35251798561151076,0.5412975455390316,-0.29700158921933206,-0.3248226157762774,-0.3387331290547502,-41.283220901487155,44.283220901487155,2,15
DROP1_SUPPORT,1.5,0.2,TRAIN_2012_2021,100,0.74,0.5692307692307691,-0.11200000000000002,-0.1355452791872507,-0.14731791878087605,-11.200000000000001,13.599999999999998,2,10
DROP1_SUPPORT,1.5,0.2,OOS_2022_2026,39,0.6923076923076923,0.4500000000000001,-0.1692307692307692,-0.19148908523387467,-0.20261824323542735,-6.6,7.599999999999996,2,5
DROP1_SUPPORT,1.5,0.2,YTD_2026,9,0.5555555555555556,0.25,-0.3333333333333333,-0.35629079246580175,-0.367769522032036,-3.0,3.0,0,1
DROP1_SUPPORT,1.5,0.2,FULL_2012_2026,139,0.7266187050359713,0.5315789473684209,-0.12805755395683452,-0.1512417427542891,-0.16283383715301636,-17.799999999999997,20.000000000000018,4,15
DROP1_SUPPORT,1.5,0.25,TRAIN_2012_2021,100,0.71,0.6120689655172413,-0.1125,-0.13604527918725068,-0.14781791878087605,-11.25,13.5,0,10
DROP1_SUPPORT,1.5,0.25,OOS_2022_2026,39,0.6666666666666666,0.5,-0.16666666666666666,-0.18892498266977212,-0.2000541406713248,-6.5,7.75,3,5
DROP1_SUPPORT,1.5,0.25,YTD_2026,9,0.4444444444444444,0.2,-0.4444444444444444,-0.46740190357691286,-0.4788806331431471,-4.0,4.0,0,1
DROP1_SUPPORT,1.5,0.25,FULL_2012_2026,139,0.697841726618705,0.5773809523809523,-0.12769784172661872,-0.15088203052407329,-0.16247412492280056,-17.75,19.5,3,15
DROP1_SUPPORT,1.5,0.3,TRAIN_2012_2021,100,0.7,0.7000000000000001,-0.08999999999999998,-0.1135452791872507,-0.12531791878087606,-8.999999999999998,11.000000000000007,2,10
DROP1_SUPPORT,1.5,0.3,OOS_2022_2026,39,0.6666666666666666,0.5999999999999999,-0.1333333333333333,-0.1555916493364388,-0.16672080733799147,-5.199999999999999,6.700000000000001,3,5
DROP1_SUPPORT,1.5,0.3,YTD_2026,9,0.4444444444444444,0.24,-0.4222222222222223,-0.4451796813546907,-0.45665841092092496,-3.8000000000000003,3.8,0,1
DROP1_SUPPORT,1.5,0.3,FULL_2012_2026,139,0.6906474820143885,0.669767441860465,-0.10215827338129499,-0.12534246217874953,-0.1369345565774768,-14.200000000000003,15.399999999999988,5,15
DROP1_SUPPORT,1.5,0.4,TRAIN_2012_2021,100,0.64,0.711111111111111,-0.10400000000000001,-0.12754527918725067,-0.13931791878087604,-10.4,12.999999999999982,0,10
DROP1_SUPPORT,1.5,0.4,OOS_2022_2026,39,0.6153846153846154,0.6400000000000001,-0.13846153846153847,-0.16071985446464387,-0.17184901246619658,-5.4,6.0,2,5
DROP1_SUPPORT,1.5,0.4,YTD_2026,9,0.4444444444444444,0.32,-0.37777777777777777,-0.4007352369102462,-0.41221396647648045,-3.4,3.6,0,1
DROP1_SUPPORT,1.5,0.4,FULL_2012_2026,139,0.6330935251798561,0.6901960784313724,-0.11366906474820145,-0.136853253545656,-0.14844534794438324,-15.8,16.99999999999997,2,15
DROP1_SUPPORT,1.5,0.5,TRAIN_2012_2021,100,0.56,0.6500440335591636,-0.1507400507422946,-0.17428532992954535,-0.18605796952317064,-15.074005074229461,18.57400507422946,1,10
DROP1_SUPPORT,1.5,0.5,OOS_2022_2026,39,0.5897435897435898,0.71875,-0.11538461538461539,-0.13764293138772082,-0.14877208938927355,-4.5,5.5,2,5
DROP1_SUPPORT,1.5,0.5,YTD_2026,9,0.4444444444444444,0.4,-0.3333333333333333,-0.3562907924658018,-0.367769522032036,-3.0,3.5,0,1
DROP1_SUPPORT,1.5,0.5,FULL_2012_2026,139,0.5683453237410072,0.6686528186190569,-0.14082018039014002,-0.1640043691875946,-0.17559646358632183,-19.57400507422946,21.07400507422946,3,15
DROP1_SUPPORT,1.5,0.6,TRAIN_2012_2021,100,0.52,0.6627861799904585,-0.1587400507422946,-0.18228532992954535,-0.19405796952317067,-15.87400507422946,20.67400507422946,3,10
DROP1_SUPPORT,1.5,0.6,OOS_2022_2026,39,0.5128205128205128,0.6315789473684209,-0.1794871794871795,-0.20174549549028498,-0.21287465349183762,-7.0,7.600000000000002,2,5
DROP1_SUPPORT,1.5,0.6,YTD_2026,9,0.3333333333333333,0.3,-0.4666666666666667,-0.4896241257991351,-0.5011028553653694,-4.2,4.4,0,1
DROP1_SUPPORT,1.5,0.6,FULL_2012_2026,139,0.5179856115107914,0.6538123419560817,-0.16456118758438465,-0.18774537638183916,-0.19933747078056646,-22.874005074229466,25.074005074229426,5,15
DROP1_SUPPORT,1.5,0.75,TRAIN_2012_2021,100,0.46,0.6500357369252273,-0.1857400507422946,-0.20928532992954532,-0.22105796952317067,-18.57400507422946,22.07400507422946,2,10
DROP1_SUPPORT,1.5,0.75,OOS_2022_2026,39,0.4358974358974359,0.5795454545454546,-0.23717948717948717,-0.2594378031825927,-0.27056696118414536,-9.25,10.0,2,5
DROP1_SUPPORT,1.5,0.75,YTD_2026,9,0.2222222222222222,0.21428571428571427,-0.6111111111111112,-0.6340685702435795,-0.6455472998098138,-5.5,5.5,0,1
DROP1_SUPPORT,1.5,0.75,FULL_2012_2026,139,0.45323741007194246,0.6293789701679234,-0.20017269837575152,-0.2233568871732061,-0.2349489815719333,-27.82400507422946,30.07400507422946,4,15
DROP1_SUPPORT,1.5,1.0,TRAIN_2012_2021,100,0.42,0.7288312054029961,-0.15476689158802087,-0.17831217077527156,-0.1900848103688969,-15.476689158802087,18.47668915880209,4,10
DROP1_SUPPORT,1.5,1.0,OOS_2022_2026,39,0.38461538461538464,0.5956358216685076,-0.24883949435784147,-0.271097810360947,-0.28222696836249966,-9.704740279955818,10.704740279955818,1,5
DROP1_SUPPORT,1.5,1.0,YTD_2026,9,0.2222222222222222,0.2857142857142857,-0.5555555555555556,-0.578513014688024,-0.5899917442542583,-5.0,5.0,0,1
DROP1_SUPPORT,1.5,1.0,FULL_2012_2026,139,0.41007194244604317,0.6894019307951744,-0.18116136286876192,-0.20434555166621646,-0.21593764606494373,-25.181429438757906,28.181429438757906,5,15
DROP1_SUPPORT,1.75,0.2,TRAIN_2012_2021,100,0.78,0.7090909090909089,-0.064,-0.08418166787478629,-0.09427250181217946,-6.3999999999999995,8.79999999999999,3,10
DROP1_SUPPORT,1.75,0.2,OOS_2022_2026,39,0.717948717948718,0.5090909090909093,-0.13846153846153844,-0.15754009503562882,-0.167079373322674,-5.3999999999999995,6.399999999999998,2,5
DROP1_SUPPORT,1.75,0.2,YTD_2026,9,0.5555555555555556,0.25,-0.3333333333333333,-0.3530111554468777,-0.36285006650365,-3.0,3.0,0,1
DROP1_SUPPORT,1.75,0.2,FULL_2012_2026,139,0.762589928057554,0.6424242424242425,-0.08489208633093524,-0.10476424815732487,-0.11470032907051965,-11.799999999999999,14.0,5,15
DROP1_SUPPORT,1.75,0.25,TRAIN_2012_2021,100,0.78,0.8863636363636364,-0.025,-0.045181667874786335,-0.05527250181217947,-2.5,6.5,3,10
DROP1_SUPPORT,1.75,0.25,OOS_2022_2026,39,0.717948717948718,0.6363636363636364,-0.10256410256410256,-0.12164265913819293,-0.13118193742523812,-4.0,5.25,3,5
DROP1_SUPPORT,1.75,0.25,YTD_2026,9,0.5555555555555556,0.3125,-0.3055555555555556,-0.32523337766909993,-0.33507228872587214,-2.75,2.75,0,1
DROP1_SUPPORT,1.75,0.25,FULL_2012_2026,139,0.762589928057554,0.803030303030303,-0.046762589928057555,-0.06663475175444716,-0.07657083266764199,-6.5,9.5,6,15
DROP1_SUPPORT,1.75,0.3,TRAIN_2012_2021,100,0.75,0.9,-0.025,-0.045181667874786315,-0.055272501812179485,-2.5,7.600000000000003,4,10
DROP1_SUPPORT,1.75,0.3,OOS_2022_2026,39,0.6923076923076923,0.6749999999999999,-0.09999999999999999,-0.1190785565740904,-0.12861783486113557,-3.8999999999999995,4.7,2,5
DROP1_SUPPORT,1.75,0.3,YTD_2026,9,0.5555555555555556,0.375,-0.2777777777777778,-0.29745559989132214,-0.3072945109480944,-2.5,2.5,0,1
DROP1_SUPPORT,1.75,0.3,FULL_2012_2026,139,0.7338129496402878,0.827027027027027,-0.0460431654676259,-0.06591532729401553,-0.07585140820721031,-6.4,9.300000000000011,6,15
DROP1_SUPPORT,1.75,0.4,TRAIN_2012_2021,100,0.67,0.8358431259131056,-0.0526343292076811,-0.07281599708246739,-0.08290683101986059,-5.2634329207681105,10.463432920768108,4,10
DROP1_SUPPORT,1.75,0.4,OOS_2022_2026,39,0.6666666666666666,0.8000000000000002,-0.06666666666666665,-0.08574522324075702,-0.09528450152780223,-2.5999999999999996,4.6,2,5
DROP1_SUPPORT,1.75,0.4,YTD_2026,9,0.5555555555555556,0.5,-0.2222222222222222,-0.2419000443357666,-0.2517389553925388,-2.0,2.2,0,1
DROP1_SUPPORT,1.75,0.4,FULL_2012_2026,139,0.6690647482014388,0.8255030207176216,-0.05657145986164108,-0.07644362168803068,-0.08637970260122549,-7.86343292076811,11.263432920768091,6,15
DROP1_SUPPORT,1.75,0.5,TRAIN_2012_2021,100,0.61,0.8012939889969473,-0.07563432920768111,-0.09581599708246741,-0.10590683101986055,-7.563432920768111,14.563432920768111,4,10
DROP1_SUPPORT,1.75,0.5,OOS_2022_2026,39,0.6410256410256411,0.8928571428571429,-0.038461538461538464,-0.05754009503562883,-0.06707937332267401,-1.5,4.5,2,5
DROP1_SUPPORT,1.75,0.5,YTD_2026,9,0.4444444444444444,0.4,-0.3333333333333333,-0.3530111554468777,-0.36285006650365,-3.0,3.0,0,1
DROP1_SUPPORT,1.75,0.5,FULL_2012_2026,139,0.6187050359712231,0.8259155723641746,-0.06520455338682095,-0.08507671521321056,-0.09501279612640535,-9.063432920768111,14.563432920768111,6,15
DROP1_SUPPORT,1.75,0.6,TRAIN_2012_2021,100,0.54,0.7189865019153482,-0.12663432920768108,-0.14681599708246737,-0.15690683101986058,-12.66343292076811,17.26343292076812,2,10
DROP1_SUPPORT,1.75,0.6,OOS_2022_2026,39,0.5384615384615384,0.6999999999999998,-0.13846153846153844,-0.15754009503562885,-0.16707937332267403,-5.3999999999999995,6.6,2,5
DROP1_SUPPORT,1.75,0.6,YTD_2026,9,0.3333333333333333,0.3,-0.4666666666666667,-0.4863444887802111,-0.49618339983698323,-4.2,4.199999999999999,0,1
DROP1_SUPPORT,1.75,0.6,FULL_2012_2026,139,0.539568345323741,0.7135672435805593,-0.12995275482566984,-0.14982491665205946,-0.1597609975652543,-18.063432920768108,21.86343292076813,4,15
DROP1_SUPPORT,1.75,0.75,TRAIN_2012_2021,100,0.5,0.759465509283466,-0.11801447850401789,-0.13819614637880417,-0.14828698031619736,-11.80144785040179,17.05144785040179,4,10
DROP1_SUPPORT,1.75,0.75,OOS_2022_2026,39,0.46153846153846156,0.6094830259646571,-0.2102783706344154,-0.22935692720850584,-0.23889620549555096,-8.200856454742201,8.950856454742201,1,5
DROP1_SUPPORT,1.75,0.75,YTD_2026,9,0.3333333333333333,0.375,-0.4166666666666667,-0.43634448878021104,-0.44618339983698324,-3.75,3.75,0,1
DROP1_SUPPORT,1.75,0.75,FULL_2012_2026,139,0.4892086330935252,0.714511500917122,-0.1439014698211798,-0.1637736316475694,-0.17370971256076423,-20.00230430514399,24.00230430514399,5,15
DROP1_SUPPORT,1.75,1.0,TRAIN_2012_2021,100,0.42,0.7276553887482715,-0.15536977546094377,-0.17555144333573008,-0.18564227727312324,-15.536977546094377,21.536977546094377,4,10
DROP1_SUPPORT,1.75,1.0,OOS_2022_2026,39,0.41025641025641024,0.649085994260161,-0.19826105439737704,-0.21733961097146748,-0.2268788892585126,-7.732181121497705,8.781324666755502,0,5
DROP1_SUPPORT,1.75,1.0,YTD_2026,9,0.3333333333333333,0.5,-0.3333333333333333,-0.3530111554468777,-0.36285006650364987,-3.0,3.0,0,1
DROP1_SUPPORT,1.75,1.0,FULL_2012_2026,139,0.4172661870503597,0.7057641886331777,-0.16740401919130993,-0.18727618101769955,-0.1972122619308944,-23.26915866759208,28.26915866759208,4,15
DROP1_SUPPORT,2.0,0.2,TRAIN_2012_2021,100,0.81,0.8526315789473684,-0.028000000000000004,-0.04565895939043799,-0.05448843908565703,-2.8000000000000003,6.999999999999998,4,10
DROP1_SUPPORT,2.0,0.2,OOS_2022_2026,39,0.717948717948718,0.5090909090909093,-0.13846153846153844,-0.1551552754638675,-0.16350214396503204,-5.3999999999999995,6.399999999999998,2,5
DROP1_SUPPORT,2.0,0.2,YTD_2026,9,0.5555555555555556,0.25,-0.3333333333333333,-0.3505514276826847,-0.3591604748573604,-3.0,3.0,0,1
DROP1_SUPPORT,2.0,0.2,FULL_2012_2026,139,0.7841726618705036,0.7266666666666666,-0.05899280575539569,-0.07638094735348658,-0.08507501815253206,-8.200000000000001,10.399999999999988,6,15
DROP1_SUPPORT,2.0,0.25,TRAIN_2012_2021,100,0.79,0.9404761904761905,-0.0125,-0.03015895939043801,-0.03898843908565702,-1.25,7.5,3,10
DROP1_SUPPORT,2.0,0.25,OOS_2022_2026,39,0.6923076923076923,0.5625,-0.1346153846153846,-0.15130912161771368,-0.1596559901188782,-5.25,5.5,2,5
DROP1_SUPPORT,2.0,0.25,YTD_2026,9,0.5555555555555556,0.3125,-0.3055555555555556,-0.3227736499049069,-0.3313826970795826,-2.75,2.75,0,1
DROP1_SUPPORT,2.0,0.25,FULL_2012_2026,139,0.762589928057554,0.803030303030303,-0.046762589928057555,-0.06415073152614846,-0.07284480232519391,-6.5,8.25,5,15
DROP1_SUPPORT,2.0,0.3,TRAIN_2012_2021,100,0.76,0.9500000000000001,-0.01199999999999999,-0.029658959390438035,-0.03848843908565706,-1.199999999999999,7.000000000000002,6,10
DROP1_SUPPORT,2.0,0.3,OOS_2022_2026,39,0.6923076923076923,0.6749999999999999,-0.09999999999999999,-0.1166937370023291,-0.12504060550349363,-3.8999999999999995,4.7,2,5
DROP1_SUPPORT,2.0,0.3,YTD_2026,9,0.5555555555555556,0.375,-0.2777777777777778,-0.29499587212712913,-0.30360491930180483,-2.5,2.5,0,1
DROP1_SUPPORT,2.0,0.3,FULL_2012_2026,139,0.7410071942446043,0.8583333333333333,-0.03669064748201439,-0.0540787890801053,-0.06277285987915078,-5.1,7.000000000000002,8,15
DROP1_SUPPORT,2.0,0.4,TRAIN_2012_2021,100,0.64,0.7302704916726324,-0.09455503805672097,-0.11221399744715896,-0.12104347714237798,-9.455503805672096,15.255503805672085,4,10
DROP1_SUPPORT,2.0,0.4,OOS_2022_2026,39,0.6666666666666666,0.8000000000000002,-0.06666666666666665,-0.08336040366899575,-0.09170727217016025,-2.5999999999999996,4.6,2,5
DROP1_SUPPORT,2.0,0.4,YTD_2026,9,0.5555555555555556,0.5,-0.2222222222222222,-0.23944031657157355,-0.24804936374624922,-2.0,2.2,0,1
DROP1_SUPPORT,2.0,0.4,FULL_2012_2026,139,0.6474820143884892,0.7491337547011803,-0.08673024320627407,-0.10411838480436497,-0.11281245560341042,-12.055503805672096,15.455503805672077,6,15
DROP1_SUPPORT,2.0,0.5,TRAIN_2012_2021,100,0.59,0.7364780666127242,-0.10555503805672097,-0.12321399744715897,-0.132043477142378,-10.555503805672096,17.555503805672096,3,10
DROP1_SUPPORT,2.0,0.5,OOS_2022_2026,39,0.5384615384615384,0.5833333333333334,-0.19230769230769232,-0.20900142931002139,-0.21734829781118592,-7.5,8.0,1,5
DROP1_SUPPORT,2.0,0.5,YTD_2026,9,0.3333333333333333,0.25,-0.5,-0.5172180943493514,-0.5258271415240271,-4.5,4.5,0,1
DROP1_SUPPORT,2.0,0.5,FULL_2012_2026,139,0.5755395683453237,0.6889958294719328,-0.12989571083217336,-0.14728385243026423,-0.15597792322930973,-18.055503805672096,22.055503805672096,4,15
DROP1_SUPPORT,2.0,0.6,TRAIN_2012_2021,100,0.54,0.7157391264707332,-0.12807516869101568,-0.1457341280814537,-0.15456360777667266,-12.807516869101567,17.407516869101578,2,10
DROP1_SUPPORT,2.0,0.6,OOS_2022_2026,39,0.5384615384615384,0.6999999999999998,-0.13846153846153844,-0.1551552754638675,-0.16350214396503207,-5.3999999999999995,6.6,2,5
DROP1_SUPPORT,2.0,0.6,YTD_2026,9,0.3333333333333333,0.3,-0.4666666666666667,-0.48388476101601796,-0.49249380819069366,-4.2,4.199999999999999,0,1
DROP1_SUPPORT,2.0,0.6,FULL_2012_2026,139,0.539568345323741,0.7112461915265241,-0.13098932999353644,-0.14837747159162737,-0.15707154239067284,-18.207516869101564,22.007516869101586,4,15
DROP1_SUPPORT,2.0,0.75,TRAIN_2012_2021,100,0.49,0.7281514352162086,-0.13607516869101566,-0.15373412808145365,-0.16256360777667267,-13.607516869101566,16.357516869101566,4,10
DROP1_SUPPORT,2.0,0.75,OOS_2022_2026,39,0.46153846153846156,0.5840212091492243,-0.22398857968887925,-0.24068231669120826,-0.24902918519237283,-8.735554607866291,9.485554607866291,1,5
DROP1_SUPPORT,2.0,0.75,YTD_2026,9,0.3333333333333333,0.375,-0.4166666666666667,-0.43388476101601803,-0.4424938081906937,-3.75,3.75,0,1
DROP1_SUPPORT,2.0,0.75,FULL_2012_2026,139,0.48201438848920863,0.6855546681074368,-0.16074152141703493,-0.1781296630151258,-0.18682373381417133,-22.343071476967857,25.093071476967857,5,15
DROP1_SUPPORT,2.0,1.0,TRAIN_2012_2021,100,0.43,0.7365572264927698,-0.14525309202584574,-0.16291205141628373,-0.17174153111150278,-14.525309202584573,19.095412503676712,4,10
DROP1_SUPPORT,2.0,1.0,OOS_2022_2026,39,0.41025641025641024,0.6474978726418323,-0.19911944823873054,-0.21581318524105966,-0.22416005374222414,-7.765658481310491,8.808659083411065,0,5
DROP1_SUPPORT,2.0,1.0,YTD_2026,9,0.3333333333333333,0.5,-0.3333333333333333,-0.3505514276826847,-0.3591604748573604,-3.0,3.0,0,1
DROP1_SUPPORT,2.0,1.0,FULL_2012_2026,139,0.4244604316546763,0.7111318865891507,-0.16036667398485657,-0.17775481558294748,-0.18644888638199295,-22.29096768389506,23.861070984987204,4,15
DROP1_SUPPORT,2.25,0.2,TRAIN_2012_2021,100,0.81,0.8526315789473684,-0.028000000000000008,-0.04369685279150045,-0.05154527918725069,-2.8000000000000007,6.799999999999999,3,10
DROP1_SUPPORT,2.25,0.2,OOS_2022_2026,39,0.7692307692307693,0.6666666666666669,-0.07692307692307693,-0.09176195425848054,-0.09918139292618233,-3.0,4.4,2,5
DROP1_SUPPORT,2.25,0.2,YTD_2026,9,0.5555555555555556,0.25,-0.3333333333333333,-0.34863830608831237,-0.35629079246580175,-3.0,3.0,0,1
DROP1_SUPPORT,2.25,0.2,FULL_2012_2026,139,0.7985611510791367,0.7928571428571427,-0.04172661870503598,-0.057182744570005654,-0.0649108075024905,-5.800000000000002,6.799999999999999,5,15
DROP1_SUPPORT,2.25,0.25,TRAIN_2012_2021,100,0.78,0.8863636363636364,-0.025,-0.04069685279150047,-0.04854527918725071,-2.5,6.5,3,10
DROP1_SUPPORT,2.25,0.25,OOS_2022_2026,39,0.7435897435897436,0.725,-0.07051282051282051,-0.08535169784822415,-0.09277113651592596,-2.75,3.5,2,5
DROP1_SUPPORT,2.25,0.25,YTD_2026,9,0.5555555555555556,0.3125,-0.3055555555555556,-0.32086052831053447,-0.328513014688024,-2.75,2.75,0,1
DROP1_SUPPORT,2.25,0.25,FULL_2012_2026,139,0.7697841726618705,0.8359375,-0.03776978417266187,-0.05322591003763158,-0.06095397297011642,-5.25,7.0,5,15
DROP1_SUPPORT,2.25,0.3,TRAIN_2012_2021,100,0.74,0.8862510114163785,-0.028493367161529753,-0.04419021995303021,-0.05203864634878044,-2.8493367161529752,7.000000000000002,6,10
DROP1_SUPPORT,2.25,0.3,OOS_2022_2026,39,0.717948717948718,0.7636363636363637,-0.06666666666666668,-0.08150554400207032,-0.08892498266977214,-2.6000000000000005,3.8999999999999995,2,5
DROP1_SUPPORT,2.25,0.3,YTD_2026,9,0.5555555555555556,0.375,-0.2777777777777778,-0.2930827505327568,-0.3007352369102463,-2.5,2.5,0,1
DROP1_SUPPORT,2.25,0.3,FULL_2012_2026,139,0.7338129496402878,0.8488366995748012,-0.03920386126728758,-0.05465998713225728,-0.06238805006474214,-5.449336716152974,7.000000000000002,8,15
DROP1_SUPPORT,2.25,0.4,TRAIN_2012_2021,100,0.62,0.6693777054634165,-0.12249336716152975,-0.1381902199530302,-0.1460386463487804,-12.249336716152975,18.049336716152965,3,10
DROP1_SUPPORT,2.25,0.4,OOS_2022_2026,39,0.6666666666666666,0.8000000000000002,-0.06666666666666665,-0.08150554400207027,-0.08892498266977211,-2.5999999999999996,4.0,2,5
DROP1_SUPPORT,2.25,0.4,YTD_2026,9,0.4444444444444444,0.32,-0.37777777777777777,-0.39308275053275676,-0.4007352369102462,-3.4,3.4000000000000004,0,1
DROP1_SUPPORT,2.25,0.4,FULL_2012_2026,139,0.6330935251798561,0.7033060238066953,-0.10682976054786314,-0.12228588641283282,-0.13001394934531765,-14.849336716152976,18.049336716152965,5,15
DROP1_SUPPORT,2.25,0.5,TRAIN_2012_2021,100,0.55,0.624299979298342,-0.16549336716152976,-0.18119021995303022,-0.1890386463487804,-16.549336716152975,19.549336716152975,0,10
DROP1_SUPPORT,2.25,0.5,OOS_2022_2026,39,0.5897435897435898,0.7349624427412355,-0.10633482158059564,-0.12117369891599927,-0.12859313758370106,-4.14705804164323,6.14705804164323,2,5
DROP1_SUPPORT,2.25,0.5,YTD_2026,9,0.3333333333333333,0.26562503677818,-0.46078422684924775,-0.47608919960422674,-0.4837416859817163,-4.14705804164323,4.14705804164323,0,1
DROP1_SUPPORT,2.25,0.5,FULL_2012_2026,139,0.5611510791366906,0.6533057843481694,-0.1488949263150806,-0.1643510521800503,-0.17207911511253518,-20.696394757796206,23.196394757796206,2,15
DROP1_SUPPORT,2.25,0.6,TRAIN_2012_2021,100,0.52,0.6669502925059284,-0.15479331957116213,-0.1704901723626626,-0.17833859875841285,-15.479331957116214,17.679331957116226,2,10
DROP1_SUPPORT,2.25,0.6,OOS_2022_2026,39,0.5128205128205128,0.6134062934688416,-0.18484193036462818,-0.19968080770003177,-0.2071002463677336,-7.208835284220499,8.047058041643233,2,5
DROP1_SUPPORT,2.25,0.6,YTD_2026,9,0.3333333333333333,0.31875004413381597,-0.4274508935159144,-0.4427558662708935,-0.45040835264838286,-3.84705804164323,3.84705804164323,0,1
DROP1_SUPPORT,2.25,0.6,FULL_2012_2026,139,0.5179856115107914,0.6516190958691909,-0.1632242247578181,-0.17868035062278778,-0.18640841355527263,-22.688167241336714,24.088167241336702,4,15
DROP1_SUPPORT,2.25,0.75,TRAIN_2012_2021,100,0.46,0.6536285064388139,-0.18095855053766008,-0.1966554033291605,-0.2045038297249107,-18.09585505376601,20.845855053766005,4,10
DROP1_SUPPORT,2.25,0.75,OOS_2022_2026,39,0.48717948717948717,0.6609163846955013,-0.17082039668865923,-0.18565927402406288,-0.19307871269176466,-6.66199547085771,8.700218228280443,1,5
DROP1_SUPPORT,2.25,0.75,YTD_2026,9,0.3333333333333333,0.39843755516727,-0.37745089351591443,-0.39275586627089343,-0.40040835264838287,-3.3970580416432297,3.3970580416432297,0,1
DROP1_SUPPORT,2.25,0.75,FULL_2012_2026,139,0.4676258992805755,0.6556202038797347,-0.17811403255124977,-0.19357015841621944,-0.2012982213487043,-24.75785052462372,27.507850524623713,5,15
DROP1_SUPPORT,2.25,1.0,TRAIN_2012_2021,100,0.42,0.6985352766802047,-0.16712727045225825,-0.18282412324375868,-0.19067254963950894,-16.712727045225826,19.552625500662526,3,10
DROP1_SUPPORT,2.25,1.0,OOS_2022_2026,39,0.41025641025641024,0.7091090186176775,-0.1497311021525856,-0.1645699794879892,-0.17198941815569105,-5.839512983950838,9.87773574137357,1,5
DROP1_SUPPORT,2.25,1.0,YTD_2026,9,0.1111111111111111,0.16534893059680886,-0.5608685062354766,-0.5761734789904556,-0.5838259653679452,-5.047816556119289,5.047816556119289,0,1
DROP1_SUPPORT,2.25,1.0,FULL_2012_2026,139,0.4172661870503597,0.70134622846758,-0.16224633114515585,-0.17770245701012552,-0.18543051994261042,-22.552240029176662,22.552240029176662,4,15
DROP1_SUPPORT,2.5,0.2,TRAIN_2012_2021,100,0.8,0.7999999999999999,-0.04,-0.0541271675123504,-0.06119075126852563,-4.0,6.799999999999999,3,10
DROP1_SUPPORT,2.5,0.2,OOS_2022_2026,39,0.7692307692307693,0.6666666666666669,-0.07692307692307693,-0.09027806652494018,-0.09695556132587181,-3.0,3.2,2,5
DROP1_SUPPORT,2.5,0.2,YTD_2026,9,0.6666666666666666,0.39999999999999997,-0.2,-0.21377447547948109,-0.2206617132192216,-1.8,1.8000000000000003,0,1
DROP1_SUPPORT,2.5,0.2,FULL_2012_2026,139,0.7913669064748201,0.7586206896551723,-0.05035971223021583,-0.06427022550868852,-0.07122548214792492,-7.000000000000001,7.999999999999983,5,15
DROP1_SUPPORT,2.5,0.25,TRAIN_2012_2021,100,0.78,0.8863636363636364,-0.025,-0.03912716751235041,-0.04619075126852562,-2.5,6.75,4,10
DROP1_SUPPORT,2.5,0.25,OOS_2022_2026,39,0.7692307692307693,0.8333333333333334,-0.038461538461538464,-0.051816528063401715,-0.058494022864333355,-1.5,3.0,2,5
DROP1_SUPPORT,2.5,0.25,YTD_2026,9,0.6666666666666666,0.5,-0.16666666666666666,-0.18044114214614773,-0.1873283798858883,-1.5,1.5,0,1
DROP1_SUPPORT,2.5,0.25,FULL_2012_2026,139,0.7769784172661871,0.8709677419354839,-0.02877697841726619,-0.04268749169573891,-0.04964274833497528,-4.0,6.75,6,15
DROP1_SUPPORT,2.5,0.3,TRAIN_2012_2021,100,0.69,0.7229482630772183,-0.07932754316181309,-0.0934547106741635,-0.10051829443033869,-7.932754316181309,11.032754316181308,5,10
DROP1_SUPPORT,2.5,0.3,OOS_2022_2026,39,0.7435897435897436,0.8700000000000001,-0.03333333333333335,-0.04668832293519661,-0.05336581773612821,-1.3000000000000005,3.0,2,5
DROP1_SUPPORT,2.5,0.3,YTD_2026,9,0.6666666666666666,0.6,-0.13333333333333333,-0.14710780881281443,-0.15399504655255494,-1.2,1.2,0,1
DROP1_SUPPORT,2.5,0.3,FULL_2012_2026,139,0.7050359712230215,0.7610122684854966,-0.06642269292216768,-0.08033320620064043,-0.08728846283987679,-9.232754316181309,11.032754316181308,7,15
DROP1_SUPPORT,2.5,0.4,TRAIN_2012_2021,100,0.62,0.6959888584514496,-0.10832754316181306,-0.12245471067416348,-0.1295182944303387,-10.832754316181306,15.232754316181298,4,10
DROP1_SUPPORT,2.5,0.4,OOS_2022_2026,39,0.6153846153846154,0.6583300035317013,-0.1277526214738181,-0.14110761107568137,-0.14778510587661303,-4.982352237478906,6.182352237478908,1,5
DROP1_SUPPORT,2.5,0.4,YTD_2026,9,0.4444444444444444,0.3491656505394005,-0.33137247083098964,-0.3451469463104707,-0.35203418405021125,-2.982352237478907,3.1823522374789066,0,1
DROP1_SUPPORT,2.5,0.4,FULL_2012_2026,139,0.6187050359712231,0.6850528130063791,-0.11377774499036125,-0.12768825826883398,-0.1346435149080703,-15.815106553660215,18.615106553660194,5,15
DROP1_SUPPORT,2.5,0.5,TRAIN_2012_2021,100,0.58,0.7281449408999083,-0.10774364766924883,-0.12187081518159924,-0.12893439893777447,-10.774364766924883,13.774364766924883,2,10
DROP1_SUPPORT,2.5,0.5,OOS_2022_2026,39,0.5897435897435898,0.7081344532271805,-0.1166141475845756,-0.12996913718643885,-0.13664663198737045,-4.547951755798448,6.582352237478907,1,5
DROP1_SUPPORT,2.5,0.5,YTD_2026,9,0.4444444444444444,0.43645706317425065,-0.28692802638654524,-0.3007025018660263,-0.30758973960576685,-2.582352237478907,3.082352237478907,0,1
DROP1_SUPPORT,2.5,0.5,FULL_2012_2026,139,0.5827338129496403,0.7224977460139009,-0.1102324929692326,-0.12414300624770529,-0.13109826288694168,-15.322316522723332,18.32231652272333,3,15
DROP1_SUPPORT,2.5,0.6,TRAIN_2012_2021,100,0.54,0.7475541681138779,-0.10859750033048224,-0.12272466784283269,-0.1297882515990079,-10.859750033048224,13.059750033048234,4,10
DROP1_SUPPORT,2.5,0.6,OOS_2022_2026,39,0.5384615384615384,0.6604097197504399,-0.15309733137876771,-0.16645232098063092,-0.17312981578156256,-5.970795923771941,7.605196405452398,2,5
DROP1_SUPPORT,2.5,0.6,YTD_2026,9,0.4444444444444444,0.5237484758091008,-0.2424835819421008,-0.25625805742158186,-0.2631452951613224,-2.182352237478907,2.982352237478907,0,1
DROP1_SUPPORT,2.5,0.6,FULL_2012_2026,139,0.539568345323741,0.7222704725421768,-0.12108306443755516,-0.13499357771602788,-0.14194883435526423,-16.830545956820167,19.830545956820174,6,15
DROP1_SUPPORT,2.5,0.75,TRAIN_2012_2021,100,0.46,0.6628414661405064,-0.1681845439056943,-0.1823117114180447,-0.18937529517421992,-16.81845439056943,18.024537031443145,3,10
DROP1_SUPPORT,2.5,0.75,OOS_2022_2026,39,0.46153846153846156,0.6438740750943202,-0.17318451617564126,-0.1865395057775045,-0.1932170005784361,-6.754196130850009,8.92927950420776,1,5
DROP1_SUPPORT,2.5,0.75,YTD_2026,9,0.3333333333333333,0.4553117261703423,-0.2990743717557351,-0.31284884723521617,-0.3197360849749567,-2.691669345801616,2.832352237478907,0,1
DROP1_SUPPORT,2.5,0.75,FULL_2012_2026,139,0.460431654676259,0.6576165170464344,-0.16958741382316142,-0.18349792710163415,-0.19045318374087053,-23.572650521419437,24.919416053970444,4,15
DROP1_SUPPORT,2.5,1.0,TRAIN_2012_2021,100,0.44,0.7723800104625507,-0.11449826217832322,-0.12862542969067367,-0.13568901344684886,-11.449826217832323,14.854051732373751,4,10
DROP1_SUPPORT,2.5,1.0,OOS_2022_2026,39,0.41025641025641024,0.7353428728368574,-0.131150738304576,-0.14450572790643923,-0.15118322270737083,-5.1148787938784634,9.149279275558921,1,5
DROP1_SUPPORT,2.5,1.0,YTD_2026,9,0.1111111111111111,0.18859555124493585,-0.47803911209223,-0.491813587571711,-0.49870082531145155,-4.30235200883007,4.302352008830069,0,1
DROP1_SUPPORT,2.5,1.0,FULL_2012_2026,139,0.4316546762589928,0.762099842969158,-0.11917053965259558,-0.1330810529310683,-0.1400363095703047,-16.564705011710785,18.58125711244788,5,15
DROP1_SUPPORT,3.0,0.2,TRAIN_2012_2021,100,0.81,0.8526315789473684,-0.027999999999999997,-0.03977263959362534,-0.04565895939043799,-2.8,6.799999999999999,5,10
DROP1_SUPPORT,3.0,0.2,OOS_2022_2026,39,0.7692307692307693,0.6666666666666669,-0.07692307692307693,-0.08805223492462964,-0.09361681392540601,-3.0,3.2,2,5
DROP1_SUPPORT,3.0,0.2,YTD_2026,9,0.6666666666666666,0.39999999999999997,-0.2,-0.21147872956623426,-0.21721809434935135,-1.8,1.8000000000000003,0,1
DROP1_SUPPORT,3.0,0.2,FULL_2012_2026,139,0.7985611510791367,0.7928571428571427,-0.041726618705035974,-0.05331871310376324,-0.05911476030312686,-5.800000000000001,6.799999999999999,7,15
DROP1_SUPPORT,3.0,0.25,TRAIN_2012_2021,100,0.73,0.7440689975779803,-0.06277295263484423,-0.07454559222846957,-0.08043191202528224,-6.277295263484423,9.027295263484422,3,10
DROP1_SUPPORT,3.0,0.25,OOS_2022_2026,39,0.7435897435897436,0.7458849297851683,-0.06333328116635911,-0.07446243916791183,-0.08002701816868821,-2.4699979654880053,3.2199979654880053,2,5
DROP1_SUPPORT,3.0,0.25,YTD_2026,9,0.6666666666666666,0.5,-0.16666666666666666,-0.1781453962329009,-0.18388476101601803,-1.5,1.5,0,1
DROP1_SUPPORT,3.0,0.25,FULL_2012_2026,139,0.7338129496402878,0.7445843918090315,-0.06293016711490955,-0.07452226151363682,-0.08031830871300046,-8.747293228972428,9.497293228972428,5,15
DROP1_SUPPORT,3.0,0.3,TRAIN_2012_2021,100,0.68,0.7251980913240373,-0.07730245024162306,-0.08907508983524842,-0.0949614096320611,-7.730245024162307,11.730245024162304,4,10
DROP1_SUPPORT,3.0,0.3,OOS_2022_2026,39,0.6923076923076923,0.6911263998383063,-0.0928204606535386,-0.10394961865509131,-0.10951419765586766,-3.6199979654880057,3.919997965488005,2,5
DROP1_SUPPORT,3.0,0.3,YTD_2026,9,0.5555555555555556,0.375,-0.2777777777777778,-0.289256507344012,-0.29499587212712913,-2.5,2.5,0,1
DROP1_SUPPORT,3.0,0.3,FULL_2012_2026,139,0.6834532374100719,0.7151775713739529,-0.08165642438597347,-0.09324851878470074,-0.09904456598406437,-11.350242989650312,12.550242989650286,6,15
DROP1_SUPPORT,3.0,0.4,TRAIN_2012_2021,100,0.62,0.7236589699320474,-0.09431587066448617,-0.10608851025811149,-0.11197483005492419,-9.431587066448618,11.031587066448603,3,10
DROP1_SUPPORT,3.0,0.4,OOS_2022_2026,39,0.6410256410256411,0.7572721891435362,-0.08218696145436993,-0.09331611945592268,-0.098880698456699,-3.2052914967204273,4.405291496720428,2,5
DROP1_SUPPORT,3.0,0.4,YTD_2026,9,0.4444444444444444,0.3567213581137395,-0.3205881701369358,-0.33206689970317005,-0.3378062644862871,-2.8852935312324224,3.0852935312324226,0,1
DROP1_SUPPORT,3.0,0.4,FULL_2012_2026,139,0.6258992805755396,0.7330361184858626,-0.09091279541848234,-0.10250488981720961,-0.10830093701657323,-12.636878563169045,14.036878563169022,5,15
DROP1_SUPPORT,3.0,0.5,TRAIN_2012_2021,100,0.59,0.810718956834261,-0.06840447598816855,-0.0801771155817939,-0.08606343537860658,-6.840447598816856,8.340447598816855,3,10
DROP1_SUPPORT,3.0,0.5,OOS_2022_2026,39,0.5897435897435898,0.7021435222331562,-0.11612806586234069,-0.12725722386389343,-0.13282180286466977,-4.528994568631287,5.528994568631287,2,5
DROP1_SUPPORT,3.0,0.5,YTD_2026,9,0.4444444444444444,0.44590169764217435,-0.2761437256924914,-0.28762245525872565,-0.2933618200418427,-2.4852935312324225,2.9852935312324225,0,1
DROP1_SUPPORT,3.0,0.5,FULL_2012_2026,139,0.5899280575539568,0.7785650855797076,-0.08179454796725281,-0.09338664236598011,-0.09918268956534373,-11.369442167448142,12.869442167448142,5,15
DROP1_SUPPORT,3.0,0.6,TRAIN_2012_2021,100,0.52,0.749095708178024,-0.10254406869078324,-0.1143167082844086,-0.12020302808122127,-10.254406869078323,11.927436471917213,3,10
DROP1_SUPPORT,3.0,0.6,OOS_2022_2026,39,0.5128205128205128,0.6642320912578102,-0.14226909592811146,-0.15339825392966416,-0.15896283293044047,-5.548494741196347,6.377161809263395,1,5
DROP1_SUPPORT,3.0,0.6,YTD_2026,9,0.3333333333333333,0.37619721197972156,-0.33163605053718664,-0.3431147801034209,-0.34885414488653793,-2.9847244548346796,2.9847244548346796,0,1
DROP1_SUPPORT,3.0,0.6,FULL_2012_2026,139,0.5179856115107914,0.7246621564921849,-0.11368993964226382,-0.1252820340409911,-0.13107808124035472,-15.80290161027467,16.119631375733487,4,15
DROP1_SUPPORT,3.0,0.75,TRAIN_2012_2021,100,0.5,0.800278522713546,-0.08437780583361729,-0.09615044542724263,-0.10203676522405532,-8.437780583361729,10.804464346266917,3,10
DROP1_SUPPORT,3.0,0.75,OOS_2022_2026,39,0.46153846153846156,0.7236871321825883,-0.11920675966803565,-0.1303359176695884,-0.13590049667036472,-4.6490636270533905,6.67773069512044,3,5
DROP1_SUPPORT,3.0,0.75,YTD_2026,9,0.1111111111111111,0.14748411738583828,-0.4816992600768583,-0.4931779896430925,-0.49891735442620955,-4.335293340691725,4.335293340691725,0,1
DROP1_SUPPORT,3.0,0.75,FULL_2012_2026,139,0.4892086330935252,0.7784635544895031,-0.0941499583483102,-0.1057420527470375,-0.11153809994640113,-13.08684421041512,13.267304294362699,6,15
DROP1_SUPPORT,3.0,1.0,TRAIN_2012_2021,100,0.43,0.7880115899887593,-0.09593823345947586,-0.1077108730531012,-0.11359719284991383,-9.593823345947586,12.84603003847516,2,10
DROP1_SUPPORT,3.0,1.0,OOS_2022_2026,39,0.4358974358974359,0.8359498280928712,-0.07219752729800587,-0.08332668529955861,-0.08889126430033492,-2.815703564622229,6.844370632689278,2,5
DROP1_SUPPORT,3.0,1.0,YTD_2026,9,0.1111111111111111,0.19664548984778438,-0.4539214822990805,-0.4654002118653147,-0.4711395766484318,-4.085293340691725,4.085293340691725,0,1
DROP1_SUPPORT,3.0,1.0,FULL_2012_2026,139,0.4316546762589928,0.8011931960218853,-0.08927717201848787,-0.10086926641721515,-0.10666531361657877,-12.409526910569813,12.84603003847516,4,15
RANGE_EXPAND_SUPPORT,0.75,0.2,TRAIN_2012_2021,180,0.15555555555555556,0.036842105263157905,-0.8133333333333334,-0.8600728713776261,-0.8834426403997728,-146.4,146.39999999999995,0,10
RANGE_EXPAND_SUPPORT,0.75,0.2,OOS_2022_2026,80,0.1125,0.02535211267605634,-0.865,-0.9157883067999542,-0.9411824601999317,-69.2,69.19999999999999,0,5
RANGE_EXPAND_SUPPORT,0.75,0.2,YTD_2026,13,0.07692307692307693,0.016666666666666666,-0.9076923076923078,-0.9621424102992093,-0.98936746160266,-11.8,11.8,0,1
RANGE_EXPAND_SUPPORT,0.75,0.2,FULL_2012_2026,260,0.1423076923076923,0.033183856502242155,-0.8292307692307693,-0.8772160822768041,-0.9012087387998216,-215.60000000000002,215.60000000000005,0,15
RANGE_EXPAND_SUPPORT,0.75,0.25,TRAIN_2012_2021,180,0.15555555555555556,0.046052631578947366,-0.8055555555555556,-0.8522950935998485,-0.8756648626219948,-145.0,145.0,0,10
RANGE_EXPAND_SUPPORT,0.75,0.25,OOS_2022_2026,80,0.1125,0.03169014084507042,-0.859375,-0.9101633067999544,-0.9355574601999315,-68.75,68.75,0,5
RANGE_EXPAND_SUPPORT,0.75,0.25,YTD_2026,13,0.07692307692307693,0.020833333333333332,-0.9038461538461539,-0.9582962564530555,-0.9855213077565063,-11.75,11.75,0,1
RANGE_EXPAND_SUPPORT,0.75,0.25,FULL_2012_2026,260,0.1423076923076923,0.04147982062780269,-0.8221153846153846,-0.8701006976614195,-0.8940933541844371,-213.75,213.75,0,15
RANGE_EXPAND_SUPPORT,0.75,0.3,TRAIN_2012_2021,180,0.15555555555555556,0.05526315789473685,-0.7977777777777777,-0.8445173158220707,-0.8678870848442173,-143.6,143.60000000000005,0,10
RANGE_EXPAND_SUPPORT,0.75,0.3,OOS_2022_2026,80,0.1125,0.038028169014084505,-0.85375,-0.9045383067999543,-0.9299324601999315,-68.3,68.30000000000001,0,5
RANGE_EXPAND_SUPPORT,0.75,0.3,YTD_2026,13,0.07692307692307693,0.024999999999999998,-0.8999999999999999,-0.9544501026069016,-0.9816751539103523,-11.7,11.7,0,1
RANGE_EXPAND_SUPPORT,0.75,0.3,FULL_2012_2026,260,0.1423076923076923,0.04977578475336324,-0.815,-0.862985313046035,-0.8869779695690524,-211.89999999999998,211.89999999999995,0,15
RANGE_EXPAND_SUPPORT,0.75,0.4,TRAIN_2012_2021,180,0.15,0.07058823529411766,-0.7899999999999999,-0.836739538044293,-0.8601093070664395,-142.2,142.19999999999993,0,10
RANGE_EXPAND_SUPPORT,0.75,0.4,OOS_2022_2026,80,0.1125,0.05070422535211268,-0.8425,-0.8932883067999544,-0.9186824601999316,-67.4,67.4,0,5
RANGE_EXPAND_SUPPORT,0.75,0.4,YTD_2026,13,0.07692307692307693,0.03333333333333333,-0.8923076923076922,-0.946757794914594,-0.9739828462180445,-11.6,11.6,0,1
RANGE_EXPAND_SUPPORT,0.75,0.4,FULL_2012_2026,260,0.13846153846153847,0.0642857142857143,-0.8061538461538461,-0.8541391591998811,-0.8781318157228986,-209.6,209.59999999999988,0,15
RANGE_EXPAND_SUPPORT,0.75,0.5,TRAIN_2012_2021,180,0.15,0.08823529411764706,-0.775,-0.8217395380442929,-0.8451093070664393,-139.5,139.5,0,10
RANGE_EXPAND_SUPPORT,0.75,0.5,OOS_2022_2026,80,0.1125,0.06338028169014084,-0.83125,-0.8820383067999543,-0.9074324601999315,-66.5,66.5,0,5
RANGE_EXPAND_SUPPORT,0.75,0.5,YTD_2026,13,0.07692307692307693,0.041666666666666664,-0.8846153846153846,-0.9390654872222862,-0.966290538525737,-11.5,11.5,0,1
RANGE_EXPAND_SUPPORT,0.75,0.5,FULL_2012_2026,260,0.13846153846153847,0.08035714285714286,-0.7923076923076923,-0.8402930053537272,-0.8642856618767448,-206.0,206.0,0,15
RANGE_EXPAND_SUPPORT,0.75,0.6,TRAIN_2012_2021,180,0.15,0.10588235294117647,-0.76,-0.806739538044293,-0.8301093070664394,-136.8,136.80000000000007,0,10
RANGE_EXPAND_SUPPORT,0.75,0.6,OOS_2022_2026,80,0.1125,0.07605633802816901,-0.82,-0.8707883067999542,-0.8961824601999314,-65.6,65.6,0,5
RANGE_EXPAND_SUPPORT,0.75,0.6,YTD_2026,13,0.07692307692307693,0.049999999999999996,-0.8769230769230769,-0.9313731795299787,-0.9585982308334292,-11.4,11.4,0,1
RANGE_EXPAND_SUPPORT,0.75,0.6,FULL_2012_2026,260,0.13846153846153847,0.09642857142857145,-0.7784615384615385,-0.8264468515075734,-0.8504395080305909,-202.4,202.40000000000012,0,15
RANGE_EXPAND_SUPPORT,0.75,0.75,TRAIN_2012_2021,180,0.15,0.1323529411764706,-0.7375,-0.7842395380442929,-0.8076093070664394,-132.75,132.75,0,10
RANGE_EXPAND_SUPPORT,0.75,0.75,OOS_2022_2026,80,0.1125,0.09507042253521127,-0.803125,-0.8539133067999544,-0.8793074601999316,-64.25,64.25,0,5
RANGE_EXPAND_SUPPORT,0.75,0.75,YTD_2026,13,0.07692307692307693,0.0625,-0.8653846153846154,-0.919834717991517,-0.9470597692949678,-11.25,11.25,0,1
RANGE_EXPAND_SUPPORT,0.75,0.75,FULL_2012_2026,260,0.13846153846153847,0.12053571428571429,-0.7576923076923077,-0.8056776207383426,-0.8296702772613602,-197.0,197.0,0,15
RANGE_EXPAND_SUPPORT,0.75,1.0,TRAIN_2012_2021,180,0.1388888888888889,0.16129032258064516,-0.7222222222222222,-0.7689617602665152,-0.7923315292886617,-130.0,130.0,0,10
RANGE_EXPAND_SUPPORT,0.75,1.0,OOS_2022_2026,80,0.1,0.1111111111111111,-0.8,-0.8507883067999543,-0.8761824601999315,-64.0,64.0,0,5
RANGE_EXPAND_SUPPORT,0.75,1.0,YTD_2026,13,0.07692307692307693,0.08333333333333333,-0.8461538461538461,-0.9006039487607478,-0.9278290000641986,-11.0,11.0,0,1
RANGE_EXPAND_SUPPORT,0.75,1.0,FULL_2012_2026,260,0.12692307692307692,0.14537444933920704,-0.7461538461538462,-0.7941391591998811,-0.8181318157228986,-194.0,194.0,0,15
RANGE_EXPAND_SUPPORT,1.0,0.2,TRAIN_2012_2021,180,0.37222222222222223,0.11858407079646015,-0.5533333333333333,-0.5883879868665531,-0.6059153136331628,-99.6,99.79999999999994,0,10
RANGE_EXPAND_SUPPORT,1.0,0.2,OOS_2022_2026,80,0.3125,0.09090909090909093,-0.625,-0.6630912300999657,-0.6821368451499487,-50.0,49.99999999999997,0,5
RANGE_EXPAND_SUPPORT,1.0,0.2,YTD_2026,13,0.3076923076923077,0.08888888888888889,-0.6307692307692307,-0.6716068077244071,-0.692025596201995,-8.2,8.2,0,1
RANGE_EXPAND_SUPPORT,1.0,0.2,FULL_2012_2026,260,0.35384615384615387,0.1095238095238095,-0.5753846153846153,-0.6113736001691414,-0.6293680925614047,-149.59999999999997,149.8,0,15
RANGE_EXPAND_SUPPORT,1.0,0.25,TRAIN_2012_2021,180,0.37222222222222223,0.14823008849557523,-0.5347222222222222,-0.5697768757554419,-0.5873042025220517,-96.25,96.5,0,10
RANGE_EXPAND_SUPPORT,1.0,0.25,OOS_2022_2026,80,0.3,0.10714285714285714,-0.625,-0.6630912300999657,-0.6821368451499485,-50.0,50.0,0,5
RANGE_EXPAND_SUPPORT,1.0,0.25,YTD_2026,13,0.3076923076923077,0.1111111111111111,-0.6153846153846154,-0.6562221923397916,-0.6766409808173797,-8.0,8.0,0,1
RANGE_EXPAND_SUPPORT,1.0,0.25,FULL_2012_2026,260,0.35,0.1346153846153846,-0.5625,-0.5984889847845263,-0.6164834771767893,-146.25,146.5,0,15
RANGE_EXPAND_SUPPORT,1.0,0.3,TRAIN_2012_2021,180,0.36666666666666664,0.1736842105263158,-0.5233333333333333,-0.5583879868665531,-0.5759153136331628,-94.2,94.50000000000004,0,10
RANGE_EXPAND_SUPPORT,1.0,0.3,OOS_2022_2026,80,0.3,0.12857142857142856,-0.6100000000000001,-0.6480912300999657,-0.6671368451499486,-48.800000000000004,48.800000000000026,0,5
RANGE_EXPAND_SUPPORT,1.0,0.3,YTD_2026,13,0.3076923076923077,0.13333333333333333,-0.6,-0.6408375769551763,-0.6612563654327642,-7.8,7.8,0,1
RANGE_EXPAND_SUPPORT,1.0,0.3,FULL_2012_2026,260,0.34615384615384615,0.1588235294117647,-0.55,-0.5859889847845262,-0.6039834771767892,-143.0,143.3,0,15
RANGE_EXPAND_SUPPORT,1.0,0.4,TRAIN_2012_2021,180,0.3611111111111111,0.2260869565217391,-0.49444444444444446,-0.5294990979776641,-0.5470264247442741,-89.0,89.39999999999998,0,10
RANGE_EXPAND_SUPPORT,1.0,0.4,OOS_2022_2026,80,0.3,0.17142857142857146,-0.58,-0.6180912300999657,-0.6371368451499485,-46.4,46.40000000000002,0,5
RANGE_EXPAND_SUPPORT,1.0,0.4,YTD_2026,13,0.3076923076923077,0.17777777777777778,-0.5692307692307692,-0.6100683461859454,-0.6304871346635336,-7.4,7.4,0,1
RANGE_EXPAND_SUPPORT,1.0,0.4,FULL_2012_2026,260,0.3423076923076923,0.20818713450292395,-0.5207692307692307,-0.556758215553757,-0.5747527079460201,-135.39999999999998,135.79999999999984,0,15
RANGE_EXPAND_SUPPORT,1.0,0.5,TRAIN_2012_2021,180,0.3388888888888889,0.25630252100840334,-0.49166666666666664,-0.5267213201998865,-0.5442486469664962,-88.5,89.0,0,10
RANGE_EXPAND_SUPPORT,1.0,0.5,OOS_2022_2026,80,0.3,0.21428571428571427,-0.55,-0.5880912300999658,-0.6071368451499486,-44.0,44.0,0,5
RANGE_EXPAND_SUPPORT,1.0,0.5,YTD_2026,13,0.3076923076923077,0.2222222222222222,-0.5384615384615384,-0.5792991154167146,-0.5997179038943028,-7.0,7.0,0,1
RANGE_EXPAND_SUPPORT,1.0,0.5,FULL_2012_2026,260,0.3269230769230769,0.24285714285714285,-0.5096153846153846,-0.5456043693999109,-0.5635988617921739,-132.5,133.0,0,15
RANGE_EXPAND_SUPPORT,1.0,0.6,TRAIN_2012_2021,180,0.32222222222222224,0.2852459016393443,-0.48444444444444446,-0.5194990979776641,-0.537026424744274,-87.2,87.79999999999995,0,10
RANGE_EXPAND_SUPPORT,1.0,0.6,OOS_2022_2026,80,0.2625,0.21355932203389827,-0.5800000000000001,-0.6180912300999657,-0.6371368451499486,-46.400000000000006,46.399999999999984,0,5
RANGE_EXPAND_SUPPORT,1.0,0.6,YTD_2026,13,0.3076923076923077,0.26666666666666666,-0.5076923076923077,-0.5485298846474839,-0.568948673125072,-6.6,6.6,0,1
RANGE_EXPAND_SUPPORT,1.0,0.6,FULL_2012_2026,260,0.3038461538461538,0.2618784530386741,-0.513846153846154,-0.54983513863068,-0.567829631022943,-133.60000000000002,134.20000000000007,0,15
RANGE_EXPAND_SUPPORT,1.0,0.75,TRAIN_2012_2021,180,0.29444444444444445,0.31299212598425197,-0.4847222222222222,-0.519776875755442,-0.5373042025220518,-87.25,88.0,0,10
RANGE_EXPAND_SUPPORT,1.0,0.75,OOS_2022_2026,80,0.2375,0.2336065573770492,-0.584375,-0.6224662300999657,-0.6415118451499485,-46.75,46.75,0,5
RANGE_EXPAND_SUPPORT,1.0,0.75,YTD_2026,13,0.3076923076923077,0.3333333333333333,-0.46153846153846156,-0.5023760384936378,-0.5227948269712259,-6.0,6.0,0,1
RANGE_EXPAND_SUPPORT,1.0,0.75,FULL_2012_2026,260,0.27692307692307694,0.2872340425531915,-0.5153846153846153,-0.5513736001691416,-0.5693680925614046,-134.0,134.75,0,15
RANGE_EXPAND_SUPPORT,1.0,1.0,TRAIN_2012_2021,180,0.2722222222222222,0.37404580152671757,-0.45555555555555555,-0.4906102090887753,-0.5081375358553851,-82.0,83.0,0,10
RANGE_EXPAND_SUPPORT,1.0,1.0,OOS_2022_2026,80,0.1875,0.23076923076923078,-0.625,-0.6630912300999657,-0.6821368451499485,-50.0,50.0,0,5
RANGE_EXPAND_SUPPORT,1.0,1.0,YTD_2026,13,0.23076923076923078,0.3,-0.5384615384615384,-0.5792991154167146,-0.5997179038943028,-7.0,7.0,0,1
RANGE_EXPAND_SUPPORT,1.0,1.0,FULL_2012_2026,260,0.24615384615384617,0.32653061224489793,-0.5076923076923077,-0.5436812924768339,-0.561675784869097,-132.0,133.0,0,15
RANGE_EXPAND_SUPPORT,1.25,0.2,TRAIN_2012_2021,180,0.5611111111111111,0.2556962025316455,-0.32666666666666666,-0.35471038949324246,-0.3687322509065303,-58.8,58.99999999999994,0,10
RANGE_EXPAND_SUPPORT,1.25,0.2,OOS_2022_2026,80,0.5375,0.23243243243243236,-0.355,-0.38547298407997255,-0.4007094761199589,-28.4,28.40000000000002,0,5
RANGE_EXPAND_SUPPORT,1.25,0.2,YTD_2026,13,0.46153846153846156,0.17142857142857143,-0.4461538461538461,-0.4788239077179871,-0.4951589385000577,-5.8,5.8,0,1
RANGE_EXPAND_SUPPORT,1.25,0.2,FULL_2012_2026,260,0.5538461538461539,0.24827586206896549,-0.33538461538461534,-0.36417580321223636,-0.37857139712604676,-87.19999999999999,87.39999999999982,0,15
RANGE_EXPAND_SUPPORT,1.25,0.25,TRAIN_2012_2021,180,0.5444444444444444,0.29878048780487804,-0.3194444444444444,-0.3474881672710202,-0.3615100286843081,-57.5,57.75,0,10
RANGE_EXPAND_SUPPORT,1.25,0.25,OOS_2022_2026,80,0.5375,0.2905405405405405,-0.328125,-0.35859798407997256,-0.3738344761199589,-26.25,26.25,0,5
RANGE_EXPAND_SUPPORT,1.25,0.25,YTD_2026,13,0.46153846153846156,0.21428571428571427,-0.4230769230769231,-0.455746984641064,-0.47208201542313455,-5.5,5.5,0,1
RANGE_EXPAND_SUPPORT,1.25,0.25,FULL_2012_2026,260,0.5423076923076923,0.296218487394958,-0.32211538461538464,-0.35090657244300555,-0.36530216635681606,-83.75,84.0,0,15
RANGE_EXPAND_SUPPORT,1.25,0.3,TRAIN_2012_2021,180,0.5444444444444444,0.3585365853658536,-0.29222222222222227,-0.320265945048798,-0.3342878064620859,-52.60000000000001,52.90000000000006,0,10
RANGE_EXPAND_SUPPORT,1.25,0.3,OOS_2022_2026,80,0.5375,0.3486486486486487,-0.30125,-0.3317229840799726,-0.3469594761199589,-24.1,24.09999999999998,0,5
RANGE_EXPAND_SUPPORT,1.25,0.3,YTD_2026,13,0.46153846153846156,0.2571428571428572,-0.4,-0.43267006156414095,-0.4490050923462115,-5.2,5.2,0,1
RANGE_EXPAND_SUPPORT,1.25,0.3,FULL_2012_2026,260,0.5423076923076923,0.35546218487394954,-0.295,-0.32379118782762095,-0.33818678174143146,-76.7,77.00000000000018,0,15
RANGE_EXPAND_SUPPORT,1.25,0.4,TRAIN_2012_2021,180,0.5111111111111111,0.41818181818181804,-0.28444444444444444,-0.3124881672710202,-0.3265100286843081,-51.199999999999996,51.800000000000054,0,10
RANGE_EXPAND_SUPPORT,1.25,0.4,OOS_2022_2026,80,0.525,0.44210526315789467,-0.26499999999999996,-0.2954729840799725,-0.31070947611995886,-21.199999999999996,21.200000000000017,1,5
RANGE_EXPAND_SUPPORT,1.25,0.4,YTD_2026,13,0.46153846153846156,0.34285714285714286,-0.3538461538461538,-0.38651621541029474,-0.40285124619236534,-4.6,4.6,0,1
RANGE_EXPAND_SUPPORT,1.25,0.4,FULL_2012_2026,260,0.5153846153846153,0.4253968253968253,-0.2784615384615385,-0.3072527262891594,-0.3216483202029699,-72.4,72.99999999999996,1,15
RANGE_EXPAND_SUPPORT,1.25,0.5,TRAIN_2012_2021,180,0.48333333333333334,0.46774193548387094,-0.275,-0.30304372282657577,-0.31706558423986364,-49.5,50.0,0,10
RANGE_EXPAND_SUPPORT,1.25,0.5,OOS_2022_2026,80,0.4875,0.47560975609756095,-0.26875,-0.2992229840799726,-0.31445947611995895,-21.5,21.5,0,5
RANGE_EXPAND_SUPPORT,1.25,0.5,YTD_2026,13,0.46153846153846156,0.42857142857142855,-0.3076923076923077,-0.34036236925644864,-0.35669740003851924,-4.0,4.0,0,1
RANGE_EXPAND_SUPPORT,1.25,0.5,FULL_2012_2026,260,0.4846153846153846,0.4701492537313433,-0.27307692307692305,-0.301868110904544,-0.31626370481835453,-71.0,71.5,0,15
RANGE_EXPAND_SUPPORT,1.25,0.6,TRAIN_2012_2021,180,0.4444444444444444,0.48386064843318055,-0.28445619800558275,-0.31249992083215855,-0.3265217822454465,-51.202115641004895,51.80211564100485,0,10
RANGE_EXPAND_SUPPORT,1.25,0.6,OOS_2022_2026,80,0.4625,0.516279069767442,-0.26,-0.2904729840799726,-0.3057094761199589,-20.8,20.79999999999999,0,5
RANGE_EXPAND_SUPPORT,1.25,0.6,YTD_2026,13,0.46153846153846156,0.5142857142857143,-0.26153846153846155,-0.2942085231026025,-0.31054355388467303,-3.4,3.3999999999999995,0,1
RANGE_EXPAND_SUPPORT,1.25,0.6,FULL_2012_2026,260,0.45,0.49366354138656243,-0.27693121400386495,-0.30572240183148597,-0.3201179957452965,-72.00211564100489,72.6021156410049,0,15
RANGE_EXPAND_SUPPORT,1.25,0.75,TRAIN_2012_2021,180,0.4222222222222222,0.5523142587335914,-0.25667842022780496,-0.28472214305438076,-0.29874400446766863,-46.202115641004895,46.952115641004895,1,10
RANGE_EXPAND_SUPPORT,1.25,0.75,OOS_2022_2026,80,0.425,0.5543478260869565,-0.25625,-0.2867229840799726,-0.3019594761199588,-20.5,20.75,0,5
RANGE_EXPAND_SUPPORT,1.25,0.75,YTD_2026,13,0.46153846153846156,0.6428571428571429,-0.19230769230769232,-0.22497775387183325,-0.2413127846539038,-2.5,2.75,0,1
RANGE_EXPAND_SUPPORT,1.25,0.75,FULL_2012_2026,260,0.4230769230769231,0.5529412210112569,-0.2565465986192496,-0.2853377864468705,-0.29973338036068103,-66.7021156410049,67.7021156410049,1,15
RANGE_EXPAND_SUPPORT,1.25,1.0,TRAIN_2012_2021,180,0.39444444444444443,0.6464448218631321,-0.2125301015013414,-0.2405738243279172,-0.2545956857412051,-38.25541827024146,40.05330262923656,2,10
RANGE_EXPAND_SUPPORT,1.25,1.0,OOS_2022_2026,80,0.3875,0.6326530612244898,-0.225,-0.25547298407997265,-0.2707094761199588,-18.0,19.0,1,5
RANGE_EXPAND_SUPPORT,1.25,1.0,YTD_2026,13,0.38461538461538464,0.625,-0.23076923076923078,-0.2634392923333717,-0.27977432311544226,-3.0,4.0,0,1
RANGE_EXPAND_SUPPORT,1.25,1.0,FULL_2012_2026,260,0.3923076923076923,0.6421459212501356,-0.21636699334708256,-0.24515818117470348,-0.25955377508851396,-56.255418270241464,59.05330262923656,3,15
RANGE_EXPAND_SUPPORT,1.5,0.2,TRAIN_2012_2021,180,0.6944444444444444,0.45454545454545453,-0.16666666666666669,-0.19003643568881315,-0.20172132019988637,-30.000000000000004,33.40000000000005,2,10
RANGE_EXPAND_SUPPORT,1.5,0.2,OOS_2022_2026,80,0.6875,0.4399999999999998,-0.175,-0.20039415339997718,-0.21309123009996575,-14.0,14.800000000000015,2,5
RANGE_EXPAND_SUPPORT,1.5,0.2,YTD_2026,13,0.5384615384615384,0.2333333333333333,-0.3538461538461538,-0.38107120514960463,-0.39468373080132996,-4.6,4.6,0,1
RANGE_EXPAND_SUPPORT,1.5,0.2,FULL_2012_2026,260,0.6923076923076923,0.4499999999999999,-0.16923076923076924,-0.19322342575378668,-0.2052197540152954,-44.0,47.399999999999956,4,15
RANGE_EXPAND_SUPPORT,1.5,0.25,TRAIN_2012_2021,180,0.6888888888888889,0.5535714285714286,-0.1388888888888889,-0.16225865791103536,-0.1739435424221086,-25.0,30.0,2,10
RANGE_EXPAND_SUPPORT,1.5,0.25,OOS_2022_2026,80,0.6875,0.55,-0.140625,-0.16601915339997717,-0.17871623009996576,-11.25,12.75,2,5
RANGE_EXPAND_SUPPORT,1.5,0.25,YTD_2026,13,0.5384615384615384,0.2916666666666667,-0.3269230769230769,-0.35414812822652775,-0.36776065387825313,-4.25,4.25,0,1
RANGE_EXPAND_SUPPORT,1.5,0.25,FULL_2012_2026,260,0.6884615384615385,0.5524691358024691,-0.13942307692307693,-0.1634157334460944,-0.17541206170760312,-36.25,41.0,4,15
RANGE_EXPAND_SUPPORT,1.5,0.3,TRAIN_2012_2021,180,0.6777777777777778,0.6310344827586205,-0.11888888888888888,-0.14225865791103537,-0.15394354242210864,-21.4,26.899999999999977,2,10
RANGE_EXPAND_SUPPORT,1.5,0.3,OOS_2022_2026,80,0.675,0.6230769230769232,-0.12250000000000001,-0.14789415339997716,-0.16059123009996576,-9.8,11.100000000000001,2,5
RANGE_EXPAND_SUPPORT,1.5,0.3,YTD_2026,13,0.5384615384615384,0.35000000000000003,-0.30000000000000004,-0.3272250513034508,-0.3408375769551762,-3.900000000000001,3.9000000000000004,0,1
RANGE_EXPAND_SUPPORT,1.5,0.3,FULL_2012_2026,260,0.676923076923077,0.6285714285714284,-0.12,-0.14399265652301743,-0.1559889847845262,-31.2,35.99999999999995,4,15
RANGE_EXPAND_SUPPORT,1.5,0.4,TRAIN_2012_2021,180,0.6055555555555555,0.6140845070422535,-0.15222222222222226,-0.1755919912443687,-0.1872768757554419,-27.400000000000006,30.800000000000036,2,10
RANGE_EXPAND_SUPPORT,1.5,0.4,OOS_2022_2026,80,0.6125,0.632258064516129,-0.14250000000000002,-0.16789415339997715,-0.18059123009996575,-11.400000000000002,12.59999999999999,2,5
RANGE_EXPAND_SUPPORT,1.5,0.4,YTD_2026,13,0.5384615384615384,0.4666666666666666,-0.24615384615384617,-0.273378897457297,-0.28699142310902237,-3.2,3.4000000000000004,0,1
RANGE_EXPAND_SUPPORT,1.5,0.4,FULL_2012_2026,260,0.6076923076923076,0.6196078431372548,-0.14923076923076925,-0.1732234257537867,-0.18521975401529545,-38.800000000000004,40.600000000000115,4,15
RANGE_EXPAND_SUPPORT,1.5,0.5,TRAIN_2012_2021,180,0.5611111111111111,0.6460408657724258,-0.15371349833798564,-0.17708326736013208,-0.1887681518712053,-27.668429700837414,30.668429700837414,0,10
RANGE_EXPAND_SUPPORT,1.5,0.5,OOS_2022_2026,80,0.5875,0.7121212121212122,-0.11875,-0.14414415339997716,-0.15684123009996573,-9.5,12.5,2,5
RANGE_EXPAND_SUPPORT,1.5,0.5,YTD_2026,13,0.5384615384615384,0.5833333333333334,-0.19230769230769232,-0.21953274361114308,-0.2331452692628685,-2.5,3.0,0,1
RANGE_EXPAND_SUPPORT,1.5,0.5,FULL_2012_2026,260,0.5692307692307692,0.6656566095171045,-0.14295549884937467,-0.1669481553723921,-0.17894448363390086,-37.168429700837414,38.668429700837414,2,15
RANGE_EXPAND_SUPPORT,1.5,0.6,TRAIN_2012_2021,180,0.5333333333333333,0.6925704886720979,-0.14204683167131893,-0.16541660069346545,-0.17710148520453867,-25.568429700837406,31.599999999999973,2,10
RANGE_EXPAND_SUPPORT,1.5,0.6,OOS_2022_2026,80,0.5375,0.6972972972972974,-0.14,-0.16539415339997718,-0.17809123009996575,-11.200000000000001,14.400000000000002,2,5
RANGE_EXPAND_SUPPORT,1.5,0.6,YTD_2026,13,0.46153846153846156,0.5142857142857143,-0.26153846153846155,-0.2887635128419124,-0.30237603849363776,-3.4,3.3999999999999995,0,1
RANGE_EXPAND_SUPPORT,1.5,0.6,FULL_2012_2026,260,0.5346153846153846,0.6940258785741529,-0.14141703731091315,-0.1654096938339306,-0.17740602209543935,-36.768429700837416,40.199999999999925,4,15
RANGE_EXPAND_SUPPORT,1.5,0.75,TRAIN_2012_2021,180,0.49444444444444446,0.7349962260629491,-0.132749856448331,-0.1561196254704775,-0.16780450998155072,-23.894974160699583,28.726544459862172,2,10
RANGE_EXPAND_SUPPORT,1.5,0.75,OOS_2022_2026,80,0.525,0.8289473684210527,-0.08125,-0.10664415339997717,-0.11934123009996575,-6.5,11.25,2,5
RANGE_EXPAND_SUPPORT,1.5,0.75,YTD_2026,13,0.38461538461538464,0.46875,-0.3269230769230769,-0.35414812822652775,-0.3677606538782532,-4.25,4.5,0,1
RANGE_EXPAND_SUPPORT,1.5,0.75,FULL_2012_2026,260,0.5038461538461538,0.7628513181315743,-0.11690374677192147,-0.1408964032949389,-0.1528927315564477,-30.394974160699583,34.72654445986217,4,15
RANGE_EXPAND_SUPPORT,1.5,1.0,TRAIN_2012_2021,180,0.4666666666666667,0.8622856368833408,-0.07281144269479657,-0.09618121171694306,-0.10786609622801628,-13.106059685063384,21.534945899653344,4,10
RANGE_EXPAND_SUPPORT,1.5,1.0,OOS_2022_2026,80,0.475,0.8879823742867663,-0.058809253499447725,-0.08420340689942489,-0.09690048359941347,-4.704740279955818,11.0,2,5
RANGE_EXPAND_SUPPORT,1.5,1.0,YTD_2026,13,0.3076923076923077,0.4444444444444444,-0.38461538461538464,-0.4118404359188354,-0.42545296157056084,-5.0,5.0,0,1
RANGE_EXPAND_SUPPORT,1.5,1.0,FULL_2012_2026,260,0.46923076923076923,0.8701537955645894,-0.06850307678853539,-0.09249573331155284,-0.1044920615730616,-17.8107999650192,26.534945899653348,6,15
RANGE_EXPAND_SUPPORT,1.75,0.2,TRAIN_2012_2021,180,0.7666666666666667,0.657142857142857,-0.08000000000000002,-0.10003123059041127,-0.1100468458856169,-14.400000000000002,19.000000000000004,3,10
RANGE_EXPAND_SUPPORT,1.75,0.2,OOS_2022_2026,80,0.725,0.5272727272727272,-0.13,-0.15176641719998046,-0.16264962579997064,-10.4,12.400000000000006,2,5
RANGE_EXPAND_SUPPORT,1.75,0.2,YTD_2026,13,0.6153846153846154,0.32,-0.26153846153846155,-0.28487421979856226,-0.2965420989286126,-3.4,3.4,0,1
RANGE_EXPAND_SUPPORT,1.75,0.2,FULL_2012_2026,260,0.7538461538461538,0.6124999999999999,-0.0953846153846154,-0.11594974954720179,-0.12623231662849493,-24.800000000000004,29.400000000000045,5,15
RANGE_EXPAND_SUPPORT,1.75,0.25,TRAIN_2012_2021,180,0.7611111111111111,0.7965116279069767,-0.04861111111111111,-0.0686423417015224,-0.07865795699672799,-8.75,15.0,3,10
RANGE_EXPAND_SUPPORT,1.75,0.25,OOS_2022_2026,80,0.7125,0.6195652173913043,-0.109375,-0.13114141719998043,-0.14202462579997066,-8.75,10.75,2,5
RANGE_EXPAND_SUPPORT,1.75,0.25,YTD_2026,13,0.6153846153846154,0.4,-0.23076923076923078,-0.25410498902933143,-0.2657728681593818,-3.0,3.25,0,1
RANGE_EXPAND_SUPPORT,1.75,0.25,FULL_2012_2026,260,0.7461538461538462,0.7348484848484849,-0.0673076923076923,-0.0878728264702787,-0.0981553935515719,-17.5,23.75,5,15
RANGE_EXPAND_SUPPORT,1.75,0.3,TRAIN_2012_2021,180,0.7166666666666667,0.7588235294117648,-0.06833333333333332,-0.08836456392374462,-0.09838017921895024,-12.299999999999997,17.799999999999997,2,10
RANGE_EXPAND_SUPPORT,1.75,0.3,OOS_2022_2026,80,0.6875,0.6600000000000001,-0.10625,-0.12801641719998041,-0.13889962579997067,-8.5,9.900000000000004,1,5
RANGE_EXPAND_SUPPORT,1.75,0.3,YTD_2026,13,0.6153846153846154,0.48,-0.19999999999999998,-0.2233357582601007,-0.23500363739015104,-2.5999999999999996,3.0999999999999996,0,1
RANGE_EXPAND_SUPPORT,1.75,0.3,FULL_2012_2026,260,0.7076923076923077,0.726315789473684,-0.07999999999999999,-0.10056513416258639,-0.11084770124387959,-20.799999999999997,25.599999999999966,3,15
RANGE_EXPAND_SUPPORT,1.75,0.4,TRAIN_2012_2021,180,0.6444444444444445,0.7353130838163766,-0.09279095743345421,-0.11282218802386548,-0.1228378033190711,-16.702372338021757,19.599999999999984,3,10
RANGE_EXPAND_SUPPORT,1.75,0.4,OOS_2022_2026,80,0.65,0.7428571428571427,-0.09000000000000002,-0.1117664171999804,-0.12264962579997063,-7.200000000000002,10.2,2,5
RANGE_EXPAND_SUPPORT,1.75,0.4,YTD_2026,13,0.6153846153846154,0.64,-0.13846153846153844,-0.16179729672163917,-0.17346517585168947,-1.7999999999999998,2.8,0,1
RANGE_EXPAND_SUPPORT,1.75,0.4,FULL_2012_2026,260,0.6461538461538462,0.7376317243492235,-0.09193220130008369,-0.11249733546267005,-0.12277990254396325,-23.90237233802176,26.200000000000024,5,15
RANGE_EXPAND_SUPPORT,1.75,0.5,TRAIN_2012_2021,180,0.6222222222222222,0.8345457552216691,-0.06167984632234309,-0.08171107691275438,-0.09172669220796,-11.102372338021757,17.0,4,10
RANGE_EXPAND_SUPPORT,1.75,0.5,OOS_2022_2026,80,0.6125,0.7903225806451613,-0.08125,-0.10301641719998042,-0.11389962579997064,-6.5,11.0,2,5
RANGE_EXPAND_SUPPORT,1.75,0.5,YTD_2026,13,0.5384615384615384,0.5833333333333334,-0.19230769230769232,-0.215643450567793,-0.22731132969784332,-2.5,2.5,0,1
RANGE_EXPAND_SUPPORT,1.75,0.5,FULL_2012_2026,260,0.6192307692307693,0.820571389676786,-0.06770143206931446,-0.08826656623190086,-0.09854913331319404,-17.60237233802176,22.0,6,15
RANGE_EXPAND_SUPPORT,1.75,0.6,TRAIN_2012_2021,180,0.5666666666666667,0.7937498956801908,-0.08834651298900977,-0.10837774357942105,-0.11839335887462668,-15.902372338021758,21.200000000000006,3,10
RANGE_EXPAND_SUPPORT,1.75,0.6,OOS_2022_2026,80,0.5875,0.8545454545454548,-0.05999999999999996,-0.08176641719998043,-0.09264962579997066,-4.799999999999997,10.8,2,5
RANGE_EXPAND_SUPPORT,1.75,0.6,YTD_2026,13,0.46153846153846156,0.5142857142857143,-0.26153846153846155,-0.2848742197985622,-0.2965420989286126,-3.4,3.4,0,1
RANGE_EXPAND_SUPPORT,1.75,0.6,FULL_2012_2026,260,0.573076923076923,0.8119716051670162,-0.07962450899239137,-0.10018964315497779,-0.110472210236271,-20.702372338021757,26.200000000000014,5,15
RANGE_EXPAND_SUPPORT,1.75,0.75,TRAIN_2012_2021,180,0.5388888888888889,0.8697751457979866,-0.059398719263101696,-0.07942994985351297,-0.08944556514871861,-10.691769467358306,18.015609537024716,2,10
RANGE_EXPAND_SUPPORT,1.75,0.75,OOS_2022_2026,80,0.55,0.8971984318127166,-0.04626070568427752,-0.06802712288425795,-0.07891033148424817,-3.7008564547422016,11.75,3,5
RANGE_EXPAND_SUPPORT,1.75,0.75,YTD_2026,13,0.46153846153846156,0.6428571428571429,-0.19230769230769232,-0.21564345056779294,-0.22731132969784332,-2.5,3.0,0,1
RANGE_EXPAND_SUPPORT,1.75,0.75,FULL_2012_2026,260,0.5423076923076923,0.8781343199363747,-0.05535625354654041,-0.07592138770912679,-0.08620395479042,-14.392625922100507,22.966465991766917,5,15
RANGE_EXPAND_SUPPORT,1.75,1.0,TRAIN_2012_2021,180,0.4888888888888889,0.9484850174405401,-0.025922527487849824,-0.0459537580782611,-0.05596937337346671,-4.6660549478129685,18.765609537024716,5,10
RANGE_EXPAND_SUPPORT,1.75,1.0,OOS_2022_2026,80,0.5,0.9812426721439835,-0.0091522640187213,-0.030918681218701748,-0.04180188981869195,-0.7321811214977041,11.0,3,5
RANGE_EXPAND_SUPPORT,1.75,1.0,YTD_2026,13,0.38461538461538464,0.625,-0.23076923076923078,-0.2541049890293315,-0.2657728681593817,-3.0,4.0,0,1
RANGE_EXPAND_SUPPORT,1.75,1.0,FULL_2012_2026,260,0.49230769230769234,0.9583504989790508,-0.020762446420425663,-0.041327580583012065,-0.05161014766430525,-5.398236069310673,18.765609537024716,8,15
RANGE_EXPAND_SUPPORT,2.0,0.2,TRAIN_2012_2021,180,0.8111111111111111,0.8588235294117645,-0.026666666666666665,-0.04419399343327651,-0.052957656816581454,-4.8,10.599999999999996,4,10
RANGE_EXPAND_SUPPORT,2.0,0.2,OOS_2022_2026,80,0.8,0.7999999999999999,-0.04,-0.05904561504998287,-0.06856842257497431,-3.2,5.6,2,5
RANGE_EXPAND_SUPPORT,2.0,0.2,YTD_2026,13,0.6923076923076923,0.45,-0.16923076923076924,-0.1896495577083573,-0.1998589519471514,-2.2,2.4000000000000004,0,1
RANGE_EXPAND_SUPPORT,2.0,0.2,FULL_2012_2026,260,0.8076923076923077,0.84,-0.030769230769230767,-0.04876372316149385,-0.057760969357625404,-7.999999999999999,14.199999999999987,6,15
RANGE_EXPAND_SUPPORT,2.0,0.25,TRAIN_2012_2021,180,0.7722222222222223,0.8475609756097561,-0.034722222222222224,-0.05224954898883208,-0.06101321237213701,-6.25,11.5,1,10
RANGE_EXPAND_SUPPORT,2.0,0.25,OOS_2022_2026,80,0.7625,0.8026315789473685,-0.046875,-0.06592061504998285,-0.0754434225749743,-3.75,4.75,1,5
RANGE_EXPAND_SUPPORT,2.0,0.25,YTD_2026,13,0.6153846153846154,0.4,-0.23076923076923078,-0.25118801924681883,-0.2613974134856129,-3.0,3.25,0,1
RANGE_EXPAND_SUPPORT,2.0,0.25,FULL_2012_2026,260,0.7692307692307693,0.8333333333333334,-0.038461538461538464,-0.056456030853801555,-0.0654532770499331,-10.0,15.0,2,15
RANGE_EXPAND_SUPPORT,2.0,0.3,TRAIN_2012_2021,180,0.7333333333333333,0.8250000000000001,-0.046666666666666676,-0.06419399343327654,-0.07295765681658146,-8.400000000000002,11.600000000000005,2,10
RANGE_EXPAND_SUPPORT,2.0,0.3,OOS_2022_2026,80,0.75,0.9000000000000001,-0.024999999999999994,-0.04404561504998287,-0.053568422574974316,-1.9999999999999996,3.799999999999999,1,5
RANGE_EXPAND_SUPPORT,2.0,0.3,YTD_2026,13,0.6153846153846154,0.48,-0.19999999999999998,-0.22041878847758808,-0.23062818271638214,-2.5999999999999996,3.0999999999999996,0,1
RANGE_EXPAND_SUPPORT,2.0,0.3,FULL_2012_2026,260,0.7384615384615385,0.8470588235294115,-0.039999999999999994,-0.0579944923922631,-0.06699173858839465,-10.399999999999999,12.999999999999982,3,15
RANGE_EXPAND_SUPPORT,2.0,0.4,TRAIN_2012_2021,180,0.6722222222222223,0.8349927405754055,-0.053136532198716876,-0.07066385896532672,-0.07942752234863168,-9.564575795769038,14.39999999999998,3,10
RANGE_EXPAND_SUPPORT,2.0,0.4,OOS_2022_2026,80,0.7125,0.9913043478260868,-0.0025000000000000135,-0.021545615049982862,-0.031068422574974285,-0.20000000000000107,4.0,2,5
RANGE_EXPAND_SUPPORT,2.0,0.4,YTD_2026,13,0.6153846153846154,0.64,-0.13846153846153844,-0.15888032693912654,-0.1690897211779206,-1.7999999999999998,2.8,0,1
RANGE_EXPAND_SUPPORT,2.0,0.4,FULL_2012_2026,260,0.6846153846153846,0.8793969374902929,-0.037556060752957844,-0.055550553145220914,-0.06454779934135248,-9.764575795769039,14.39999999999998,5,15
RANGE_EXPAND_SUPPORT,2.0,0.5,TRAIN_2012_2021,180,0.6222222222222222,0.8362630440725976,-0.060914309976494656,-0.07844163674310452,-0.08720530012640944,-10.964575795769038,16.12632227562806,4,10
RANGE_EXPAND_SUPPORT,2.0,0.5,OOS_2022_2026,80,0.6625,0.9814814814814815,-0.00625,-0.02529561504998288,-0.03481842257497431,-0.5,4.5,3,5
RANGE_EXPAND_SUPPORT,2.0,0.5,YTD_2026,13,0.46153846153846156,0.42857142857142855,-0.3076923076923077,-0.32811109616989576,-0.33832049040868983,-4.0,4.0,0,1
RANGE_EXPAND_SUPPORT,2.0,0.5,FULL_2012_2026,260,0.6346153846153846,0.8779904480100335,-0.04409452229141938,-0.06208901468368248,-0.07108626087981403,-11.464575795769038,16.12632227562806,7,15
RANGE_EXPAND_SUPPORT,2.0,0.6,TRAIN_2012_2021,180,0.5944444444444444,0.8781650807083059,-0.04870999046632508,-0.06623731723293497,-0.0750009806162399,-8.767798283938514,13.651209424740015,3,10
RANGE_EXPAND_SUPPORT,2.0,0.6,OOS_2022_2026,80,0.6625,1.177777777777778,0.06000000000000001,0.04095438495001712,0.031431577425025684,4.800000000000001,3.400000000000002,3,5
RANGE_EXPAND_SUPPORT,2.0,0.6,YTD_2026,13,0.46153846153846156,0.5142857142857143,-0.26153846153846155,-0.28195725001604965,-0.29216664425484373,-3.4,3.4,0,1
RANGE_EXPAND_SUPPORT,2.0,0.6,FULL_2012_2026,260,0.6153846153846154,0.9599068833263452,-0.015260762630532745,-0.03325525502279587,-0.04225250121892741,-3.9677982839385137,13.651209424740015,6,15
RANGE_EXPAND_SUPPORT,2.0,0.75,TRAIN_2012_2021,180,0.5666666666666667,0.975082065169468,-0.010654434910769537,-0.028181761677379392,-0.03694542506068432,-1.9177982839385166,11.044908344896626,4,10
RANGE_EXPAND_SUPPORT,2.0,0.75,OOS_2022_2026,80,0.5875,1.0307407694585973,0.012680567401671372,-0.006365047648311512,-0.01588785517330291,1.0144453921337098,7.75,3,5
RANGE_EXPAND_SUPPORT,2.0,0.75,YTD_2026,13,0.38461538461538464,0.46875,-0.3269230769230769,-0.34734186540066503,-0.3575512596394591,-4.25,4.5,0,1
RANGE_EXPAND_SUPPORT,2.0,0.75,FULL_2012_2026,260,0.573076923076923,0.9917850554574724,-0.003474434199249252,-0.021468926591512335,-0.03046617278764389,-0.9033528918048055,11.044908344896626,7,15
RANGE_EXPAND_SUPPORT,2.0,1.0,TRAIN_2012_2021,180,0.5111111111111111,1.0203703383297817,0.009687026218069302,-0.007840300548540563,-0.016603963931845492,1.7436647192524743,14.01355360915926,4,10
RANGE_EXPAND_SUPPORT,2.0,1.0,OOS_2022_2026,80,0.525,1.0873435713208728,0.04042926898361886,0.02138365393363596,0.011860846408644554,3.234341518689509,8.0,3,5
RANGE_EXPAND_SUPPORT,2.0,1.0,YTD_2026,13,0.38461538461538464,0.625,-0.23076923076923078,-0.25118801924681883,-0.2613974134856129,-3.0,4.0,0,1
RANGE_EXPAND_SUPPORT,2.0,1.0,FULL_2012_2026,260,0.5153846153846153,1.0405942611460128,0.019146177838238392,0.001151685445975293,-0.007845560750156253,4.978006237941982,14.01355360915926,7,15
RANGE_EXPAND_SUPPORT,2.25,0.2,TRAIN_2012_2021,180,0.8277777777777777,0.961290322580645,-0.006666666666666671,-0.02224651268143098,-0.03003643568881314,-1.2000000000000008,5.999999999999995,5,10
RANGE_EXPAND_SUPPORT,2.25,0.2,OOS_2022_2026,80,0.825,0.9428571428571427,-0.010000000000000005,-0.026929435599984775,-0.03539415339997716,-0.8000000000000005,3.0,2,5
RANGE_EXPAND_SUPPORT,2.25,0.2,YTD_2026,13,0.6923076923076923,0.45,-0.16923076923076924,-0.1873808034330698,-0.19645582053422,-2.2,2.2,0,1
RANGE_EXPAND_SUPPORT,2.25,0.2,FULL_2012_2026,260,0.8269230769230769,0.9555555555555556,-0.007692307692307699,-0.023687412040985994,-0.03168496421532514,-2.0000000000000018,6.999999999999996,7,15
RANGE_EXPAND_SUPPORT,2.25,0.25,TRAIN_2012_2021,180,0.7777777777777778,0.875,-0.027777777777777776,-0.043357623792542106,-0.051147546799924254,-5.0,10.25,2,10
RANGE_EXPAND_SUPPORT,2.25,0.25,OOS_2022_2026,80,0.8125,1.0833333333333333,0.015625,-0.001304435599984785,-0.009769153399977162,1.25,2.75,2,5
RANGE_EXPAND_SUPPORT,2.25,0.25,YTD_2026,13,0.6923076923076923,0.5625,-0.1346153846153846,-0.15276541881768518,-0.16184043591883543,-1.75,2.0,0,1
RANGE_EXPAND_SUPPORT,2.25,0.25,FULL_2012_2026,260,0.7884615384615384,0.9318181818181818,-0.014423076923076924,-0.030418181271755235,-0.038415733446094384,-3.75,11.5,4,15
RANGE_EXPAND_SUPPORT,2.25,0.3,TRAIN_2012_2021,180,0.7166666666666667,0.7762137506357133,-0.06198555948527921,-0.07756540550004354,-0.08535532850742568,-11.157400707350257,13.357400707350244,3,10
RANGE_EXPAND_SUPPORT,2.25,0.3,OOS_2022_2026,80,0.7875,1.1117647058823532,0.023749999999999993,0.006820564400015203,-0.00164415339997718,1.8999999999999995,2.5,3,5
RANGE_EXPAND_SUPPORT,2.25,0.3,YTD_2026,13,0.6923076923076923,0.6749999999999999,-0.09999999999999999,-0.11815003420230055,-0.1272250513034508,-1.2999999999999998,2.0,0,1
RANGE_EXPAND_SUPPORT,2.25,0.3,FULL_2012_2026,260,0.7384615384615385,0.8615351388267102,-0.035605387335962524,-0.05160049168464085,-0.059598043858979995,-9.257400707350257,13.857400707350234,6,15
RANGE_EXPAND_SUPPORT,2.25,0.4,TRAIN_2012_2021,180,0.6611111111111111,0.7952233046790972,-0.0680966705963903,-0.08367651661115463,-0.09146643961853675,-12.257400707350254,17.199999999999985,4,10
RANGE_EXPAND_SUPPORT,2.25,0.4,OOS_2022_2026,80,0.7375,1.1238095238095236,0.03249999999999999,0.015570564400015228,0.0071058466000228655,2.5999999999999988,3.2000000000000015,3,5
RANGE_EXPAND_SUPPORT,2.25,0.4,YTD_2026,13,0.6153846153846154,0.64,-0.13846153846153847,-0.156611572663839,-0.1656865897649893,-1.8000000000000003,2.4000000000000004,0,1
RANGE_EXPAND_SUPPORT,2.25,0.4,FULL_2012_2026,260,0.6846153846153846,0.8805625629458014,-0.03714384887442406,-0.05313895322310236,-0.061136505397441504,-9.657400707350256,17.199999999999985,7,15
RANGE_EXPAND_SUPPORT,2.25,0.5,TRAIN_2012_2021,180,0.6166666666666667,0.8132098064205387,-0.07041720563291685,-0.08599705164768118,-0.09378697465506335,-12.675097013925033,15.817696306574778,2,10
RANGE_EXPAND_SUPPORT,2.25,0.5,OOS_2022_2026,80,0.7125,1.2391304347826086,0.06875,0.051820564400015215,0.04335584660002284,5.5,3.5,3,5
RANGE_EXPAND_SUPPORT,2.25,0.5,YTD_2026,13,0.5384615384615384,0.5833333333333334,-0.19230769230769232,-0.21045772650999284,-0.2195327436111431,-2.5,3.5,0,1
RANGE_EXPAND_SUPPORT,2.25,0.5,FULL_2012_2026,260,0.6461538461538462,0.9210290305680672,-0.02759652697663475,-0.04359163132531306,-0.05158918349965221,-7.1750970139250345,16.317696306574778,5,15
RANGE_EXPAND_SUPPORT,2.25,0.6,TRAIN_2012_2021,180,0.5944444444444444,0.8782428261523154,-0.048606411278708725,-0.06418625729347306,-0.07197618030085523,-8.74915403016757,13.617696306574786,2,10
RANGE_EXPAND_SUPPORT,2.25,0.6,OOS_2022_2026,80,0.6625,1.1569712132378793,0.05297778446778416,0.036048348867799354,0.02758363106780697,4.238222757422733,6.200000000000001,3,5
RANGE_EXPAND_SUPPORT,2.25,0.6,YTD_2026,13,0.5384615384615384,0.7000000000000001,-0.13846153846153844,-0.15661157266383902,-0.1656865897649893,-1.7999999999999998,3.2,0,1
RANGE_EXPAND_SUPPORT,2.25,0.6,FULL_2012_2026,260,0.6153846153846154,0.9543693113467684,-0.01734973566440321,-0.03334484001308156,-0.04134239218742071,-4.510931272744835,13.617696306574786,5,15
RANGE_EXPAND_SUPPORT,2.25,0.75,TRAIN_2012_2021,180,0.55,0.9177287894540019,-0.036211348539932575,-0.0517911945546969,-0.05958111756207906,-6.518042737187863,14.567696306574778,3,10
RANGE_EXPAND_SUPPORT,2.25,0.75,OOS_2022_2026,80,0.6125,1.1446794377672747,0.056063282134819,0.0391338465348342,0.030669128734841827,4.48506257078552,7.75,3,5
RANGE_EXPAND_SUPPORT,2.25,0.75,YTD_2026,13,0.46153846153846156,0.6428571428571429,-0.19230769230769232,-0.21045772650999292,-0.2195327436111431,-2.5,3.0,0,1
RANGE_EXPAND_SUPPORT,2.25,0.75,FULL_2012_2026,260,0.5692307692307692,0.9815563040613676,-0.00781915448616286,-0.023814258834841166,-0.03181181100918031,-2.0329801664023437,14.567696306574778,6,15
RANGE_EXPAND_SUPPORT,2.25,1.0,TRAIN_2012_2021,180,0.5111111111111111,0.9708607708761271,-0.013828286794582182,-0.02940813280934649,-0.037198055816728665,-2.489091623024793,13.795871627225825,4,10
RANGE_EXPAND_SUPPORT,2.25,1.0,OOS_2022_2026,80,0.525,1.135700873083067,0.0600943132211549,0.04316487762117009,0.03470015982117773,4.807545057692392,10.0,3,5
RANGE_EXPAND_SUPPORT,2.25,1.0,YTD_2026,13,0.3076923076923077,0.5404851397564053,-0.26159680880585073,-0.2797468430081513,-0.28882186010930155,-3.4007585144760597,4.40075851447606,0,1
RANGE_EXPAND_SUPPORT,2.25,1.0,FULL_2012_2026,260,0.5153846153846153,1.019184847065861,0.00891712859487538,-0.007077975753802926,-0.015075527928142065,2.3184534346675987,13.795871627225825,7,15
RANGE_EXPAND_SUPPORT,2.5,0.2,TRAIN_2012_2021,180,0.8111111111111111,0.8588235294117645,-0.026666666666666672,-0.04068852807995455,-0.04769945878659849,-4.800000000000001,10.199999999999998,4,10
RANGE_EXPAND_SUPPORT,2.5,0.2,OOS_2022_2026,80,0.8125,0.8666666666666666,-0.025,-0.04023649203998629,-0.04785473805997945,-2.0,3.0000000000000004,1,5
RANGE_EXPAND_SUPPORT,2.5,0.2,YTD_2026,13,0.6923076923076923,0.45,-0.16923076923076924,-0.1855658000128397,-0.19373331540387492,-2.2,2.2,0,1
RANGE_EXPAND_SUPPORT,2.5,0.2,FULL_2012_2026,260,0.8115384615384615,0.8612244897959185,-0.026153846153846156,-0.04054944006765662,-0.04774723702456186,-6.800000000000001,10.599999999999985,5,15
RANGE_EXPAND_SUPPORT,2.5,0.25,TRAIN_2012_2021,180,0.7777777777777778,0.875,-0.027777777777777776,-0.04179963919106567,-0.04881056989770961,-5.0,10.25,3,10
RANGE_EXPAND_SUPPORT,2.5,0.25,OOS_2022_2026,80,0.8,1.0,0.0,-0.015236492039986293,-0.022854738059979448,0.0,2.75,2,5
RANGE_EXPAND_SUPPORT,2.5,0.25,YTD_2026,13,0.6923076923076923,0.5625,-0.1346153846153846,-0.15095041539745505,-0.15911793078849035,-1.75,2.0,0,1
RANGE_EXPAND_SUPPORT,2.5,0.25,FULL_2012_2026,260,0.7846153846153846,0.9107142857142857,-0.019230769230769232,-0.03362636314457971,-0.04082416010148494,-5.0,10.25,5,15
RANGE_EXPAND_SUPPORT,2.5,0.3,TRAIN_2012_2021,180,0.7333333333333333,0.8466665382626828,-0.03984255909230683,-0.05386442050559472,-0.060875351212238665,-7.171660636615229,12.900000000000004,4,10
RANGE_EXPAND_SUPPORT,2.5,0.3,OOS_2022_2026,80,0.775,1.0333333333333337,0.007499999999999995,-0.0077364920399863035,-0.015354738059979459,0.5999999999999996,3.4,3,5
RANGE_EXPAND_SUPPORT,2.5,0.3,YTD_2026,13,0.6923076923076923,0.6749999999999999,-0.09999999999999999,-0.11633503078207046,-0.12450254617310574,-1.2999999999999998,2.0,0,1
RANGE_EXPAND_SUPPORT,2.5,0.3,FULL_2012_2026,260,0.7461538461538462,0.8985411123935226,-0.0252756178331355,-0.03967121174694598,-0.04686900870385123,-6.5716606366152295,12.900000000000004,7,15
RANGE_EXPAND_SUPPORT,2.5,0.4,TRAIN_2012_2021,180,0.6611111111111111,0.809755453730051,-0.06212877371211091,-0.0761506351253988,-0.08316156583204275,-11.183179268179964,17.10105782050244,5,10
RANGE_EXPAND_SUPPORT,2.5,0.4,OOS_2022_2026,80,0.7125,1.060827374167001,0.016341774410947835,0.0011052823709615744,-0.006512963649031586,1.3073419528758268,3.8000000000000003,3,5
RANGE_EXPAND_SUPPORT,2.5,0.4,YTD_2026,13,0.5384615384615384,0.4666666666666666,-0.24615384615384617,-0.2624888769359166,-0.2706563923269518,-3.2,3.8000000000000003,0,1
RANGE_EXPAND_SUPPORT,2.5,0.4,FULL_2012_2026,260,0.676923076923077,0.8769762154393451,-0.03798398967424669,-0.05237958358805715,-0.05957738054496239,-9.875837315304139,17.10105782050244,8,15
RANGE_EXPAND_SUPPORT,2.5,0.5,TRAIN_2012_2021,180,0.6222222222222222,0.8381690064672047,-0.05914309588175304,-0.07316495729504092,-0.08017588800168489,-10.645757258715546,14.96363581103803,3,10
RANGE_EXPAND_SUPPORT,2.5,0.5,OOS_2022_2026,80,0.7,1.2241505838924582,0.06302178043195358,0.04778528839196729,0.040167042371974146,5.041742434556287,3.5,3,5
RANGE_EXPAND_SUPPORT,2.5,0.5,YTD_2026,13,0.5384615384615384,0.5833333333333334,-0.19230769230769232,-0.20864272308976278,-0.21681023848079806,-2.5,3.5,0,1
RANGE_EXPAND_SUPPORT,2.5,0.5,FULL_2012_2026,260,0.6461538461538462,0.93651700176864,-0.02155390316984332,-0.03594949708365379,-0.04314729404055904,-5.604014824159263,14.96363581103803,6,15
RANGE_EXPAND_SUPPORT,2.5,0.6,TRAIN_2012_2021,180,0.6055555555555555,0.9339117890873869,-0.02525420699286415,-0.03927606840615206,-0.046286999112796004,-4.545757258715547,11.835926675917301,3,10
RANGE_EXPAND_SUPPORT,2.5,0.6,OOS_2022_2026,80,0.6375,1.0770714225940201,0.026486228332284943,0.01124973629229865,0.0036314902723054766,2.1188982665827956,6.292658047124174,3,5
RANGE_EXPAND_SUPPORT,2.5,0.6,YTD_2026,13,0.46153846153846156,0.5142857142857143,-0.26153846153846155,-0.277873492320532,-0.2860410077115673,-3.4,3.4,0,1
RANGE_EXPAND_SUPPORT,2.5,0.6,FULL_2012_2026,260,0.6153846153846154,0.9747926472539026,-0.00933407304666443,-0.023729666960474922,-0.03092746391738016,-2.4268589921327517,11.835926675917301,6,15
RANGE_EXPAND_SUPPORT,2.5,0.75,TRAIN_2012_2021,180,0.5444444444444444,0.9048846391676689,-0.041369948142056696,-0.05539180955534461,-0.06240274026198854,-7.446590665570206,15.869494038263955,4,10
RANGE_EXPAND_SUPPORT,2.5,0.75,OOS_2022_2026,80,0.5875,1.1128827993579047,0.04306018959784293,0.02782369755785664,0.020205451537863496,3.4448151678274344,6.7358950061170075,3,5
RANGE_EXPAND_SUPPORT,2.5,0.75,YTD_2026,13,0.46153846153846156,0.6428571428571429,-0.19230769230769232,-0.20864272308976278,-0.21681023848079806,-2.5,3.0,0,1
RANGE_EXPAND_SUPPORT,2.5,0.75,FULL_2012_2026,260,0.5576923076923077,0.9632212861997126,-0.01539144422208759,-0.029787038135898072,-0.0369848350928033,-4.0017754977427735,15.869494038263955,7,15
RANGE_EXPAND_SUPPORT,2.5,1.0,TRAIN_2012_2021,180,0.5111111111111111,0.9733845654845314,-0.01222972479018498,-0.026251586203472874,-0.03326251691011682,-2.2013504622332967,18.45733863403747,5,10
RANGE_EXPAND_SUPPORT,2.5,1.0,OOS_2022_2026,80,0.525,1.155698076370909,0.06593312149311256,0.05069662945312629,0.04307838343313311,5.274649719449005,7.795994173773237,3,5
RANGE_EXPAND_SUPPORT,2.5,1.0,YTD_2026,13,0.3076923076923077,0.5434278562355864,-0.2585140510021887,-0.27484908178425915,-0.28301659717529454,-3.360682663028453,4.360682663028454,0,1
RANGE_EXPAND_SUPPORT,2.5,1.0,FULL_2012_2026,260,0.5153846153846153,1.0263605727550325,0.01182038175852197,-0.0025752121552885137,-0.009773009112193747,3.0732992572157123,18.45733863403747,8,15
RANGE_EXPAND_SUPPORT,3.0,0.2,TRAIN_2012_2021,180,0.8111111111111111,0.8588235294117645,-0.026666666666666665,-0.03835155117773989,-0.04419399343327652,-4.8,8.199999999999996,6,10
RANGE_EXPAND_SUPPORT,3.0,0.2,OOS_2022_2026,80,0.85,1.133333333333333,0.019999999999999997,0.007302923300011435,0.000954384950017137,1.5999999999999999,3.0,3,5
RANGE_EXPAND_SUPPORT,3.0,0.2,YTD_2026,13,0.7692307692307693,0.6666666666666666,-0.07692307692307693,-0.09053560257480232,-0.09734186540066503,-1.0,1.2,0,1
RANGE_EXPAND_SUPPORT,3.0,0.2,FULL_2012_2026,260,0.823076923076923,0.9304347826086956,-0.012307692307692308,-0.024304020569201026,-0.030302184699955388,-3.2,8.199999999999996,9,15
RANGE_EXPAND_SUPPORT,3.0,0.25,TRAIN_2012_2021,180,0.7666666666666667,0.848853605959011,-0.03412805850284829,-0.04581294301392154,-0.051655385269458134,-6.143050530512692,10.5,4,10
RANGE_EXPAND_SUPPORT,3.0,0.25,OOS_2022_2026,80,0.825,1.1785714285714286,0.03125,0.018552923300011428,0.012204384950017128,2.5,2.75,3,5
RANGE_EXPAND_SUPPORT,3.0,0.25,YTD_2026,13,0.7692307692307693,0.8333333333333334,-0.038461538461538464,-0.05207406411326387,-0.058880326939126565,-0.5,1.0,0,1
RANGE_EXPAND_SUPPORT,3.0,0.25,FULL_2012_2026,260,0.7846153846153846,0.9333300301658961,-0.014011732809664197,-0.026008061071172928,-0.032006225201927294,-3.6430505305126912,10.5,7,15
RANGE_EXPAND_SUPPORT,3.0,0.3,TRAIN_2012_2021,180,0.7111111111111111,0.8273276654424171,-0.04452500048565282,-0.05620988499672608,-0.062052327252262715,-8.014500087417508,13.124700321067506,6,10
RANGE_EXPAND_SUPPORT,3.0,0.3,OOS_2022_2026,80,0.8,1.2619980852163681,0.04982538498950869,0.037128308289520115,0.03077976993952583,3.9860307991606954,2.5000000000000004,4,5
RANGE_EXPAND_SUPPORT,3.0,0.3,YTD_2026,13,0.6923076923076923,0.6749999999999999,-0.09999999999999999,-0.1136125256517254,-0.12041878847758812,-1.2999999999999998,1.7,0,1
RANGE_EXPAND_SUPPORT,3.0,0.3,FULL_2012_2026,260,0.7384615384615385,0.9346329815622333,-0.015494112647141593,-0.027490440908650327,-0.033488605039404706,-4.028469288256814,13.124700321067506,10,15
RANGE_EXPAND_SUPPORT,3.0,0.4,TRAIN_2012_2021,180,0.6666666666666666,0.8698266993512563,-0.03935175044183608,-0.05103663495290931,-0.05687907720844593,-7.083315079530495,11.224700321067505,5,10
RANGE_EXPAND_SUPPORT,3.0,0.4,OOS_2022_2026,80,0.7625,1.4014492523621385,0.08736814534245652,0.07467106864246799,0.06832253029247368,6.989451627396521,2.3999999999999986,4,5
RANGE_EXPAND_SUPPORT,3.0,0.4,YTD_2026,13,0.6153846153846154,0.64,-0.13846153846153847,-0.15207406411326385,-0.15888032693912654,-1.8000000000000003,2.4000000000000004,0,1
RANGE_EXPAND_SUPPORT,3.0,0.4,FULL_2012_2026,260,0.6961538461538461,0.9986931654882737,-0.0003610132774383601,-0.012357341538947074,-0.01835550566970145,-0.09386345213397362,11.434299180704777,9,15
RANGE_EXPAND_SUPPORT,3.0,0.5,TRAIN_2012_2021,180,0.6444444444444445,0.9815665997398093,-0.005950117908125662,-0.017635002419198884,-0.023477444674735528,-1.071021223462619,8.624700321067508,5,10
RANGE_EXPAND_SUPPORT,3.0,0.5,OOS_2022_2026,80,0.7,1.2126564899818209,0.05957185694357079,0.04687478024358223,0.040526241893587917,4.765748555485663,2.5,3,5
RANGE_EXPAND_SUPPORT,3.0,0.5,YTD_2026,13,0.5384615384615384,0.5833333333333334,-0.19230769230769232,-0.20592021795941776,-0.21272648078528045,-2.5,2.5,0,1
RANGE_EXPAND_SUPPORT,3.0,0.5,FULL_2012_2026,260,0.6615384615384615,1.0458899630275678,0.014210489738550179,0.0022141614770414507,-0.003784002653712917,3.6947273320230467,8.624700321067508,8,15
RANGE_EXPAND_SUPPORT,3.0,0.6,TRAIN_2012_2021,180,0.5944444444444444,0.962095554644108,-0.013671222530521068,-0.02535610704159434,-0.031198549297130965,-2.4608200554937922,9.992889625989763,4,10
RANGE_EXPAND_SUPPORT,3.0,0.6,OOS_2022_2026,80,0.65,1.2570042407655726,0.07712221675159799,0.0644251400516094,0.05807660170161512,6.169777340127839,2.519196147276352,4,5
RANGE_EXPAND_SUPPORT,3.0,0.6,YTD_2026,13,0.46153846153846156,0.5883125680817336,-0.19378431902125776,-0.2073968446729831,-0.2142031074988458,-2.5191961472763507,2.51919614727635,0,1
RANGE_EXPAND_SUPPORT,3.0,0.6,FULL_2012_2026,260,0.6115384615384616,1.0417073272597095,0.014265220325515561,0.0022688920640067983,-0.0037292720667475594,3.708957284634046,9.992889625989763,8,15
RANGE_EXPAND_SUPPORT,3.0,0.75,TRAIN_2012_2021,180,0.5722222222222222,1.0158325019329126,0.006008039063913804,-0.005676845447159439,-0.01151928770269607,1.0814470315044846,9.964587785279281,4,10
RANGE_EXPAND_SUPPORT,3.0,0.75,OOS_2022_2026,80,0.6,1.3181351088167776,0.10461510567838495,0.09191802897839636,0.08556949062840205,8.369208454270796,3.6697650331333946,4,5
RANGE_EXPAND_SUPPORT,3.0,0.75,YTD_2026,13,0.3076923076923077,0.4673068226822225,-0.2630588487025689,-0.27667137435429423,-0.28347763718015695,-3.4197650331333955,3.6697650331333955,0,1
RANGE_EXPAND_SUPPORT,3.0,0.75,FULL_2012_2026,260,0.5807692307692308,1.0998879239222765,0.03634867494528953,0.02435234668378082,0.01835418255302646,9.450655485775279,9.964587785279281,8,15
RANGE_EXPAND_SUPPORT,3.0,1.0,TRAIN_2012_2021,180,0.5111111111111111,1.024940109722645,0.010397157529980055,-0.0012877269810931673,-0.0071301692366298,1.87148835539641,16.33189183713433,4,10
RANGE_EXPAND_SUPPORT,3.0,1.0,OOS_2022_2026,80,0.5625,1.3826561561237174,0.1357114634378292,0.1230143867378406,0.1166658483878463,10.856917075026335,3.4197650331333946,4,5
RANGE_EXPAND_SUPPORT,3.0,1.0,YTD_2026,13,0.3076923076923077,0.611021623612701,-0.19208844456739874,-0.2057009702191241,-0.21250723304498684,-2.4971497793761834,3.4197650331333955,0,1
RANGE_EXPAND_SUPPORT,3.0,1.0,FULL_2012_2026,260,0.5269230769230769,1.1230846366622915,0.048955405501625956,0.03695907724011722,0.030960913109362862,12.728405430422749,16.33189183713433,8,15
BODY50_SUPPORT,0.75,0.2,TRAIN_2012_2021,61,0.01639344262295082,0.0033333333333333335,-0.9803278688524589,-1.025480170415581,-1.0480563211971419,-59.8,59.8,0,10
BODY50_SUPPORT,0.75,0.2,OOS_2022_2026,29,0.034482758620689655,0.0071428571428571435,-0.9586206896551724,-1.0022844013719607,-1.024116257230355,-27.8,27.8,0,5
BODY50_SUPPORT,0.75,0.2,YTD_2026,7,0.0,0.0,-1.0,-1.0547833814324428,-1.0821750721486645,-7.0,7.0,0,1
BODY50_SUPPORT,0.75,0.2,FULL_2012_2026,90,0.022222222222222223,0.004545454545454546,-0.9733333333333333,-1.018005978168192,-1.0403423005856216,-87.6,87.6,0,15
BODY50_SUPPORT,0.75,0.25,TRAIN_2012_2021,61,0.01639344262295082,0.004166666666666667,-0.9795081967213115,-1.0246604982844334,-1.0472366490659941,-59.75,59.75,0,10
BODY50_SUPPORT,0.75,0.25,OOS_2022_2026,29,0.034482758620689655,0.008928571428571428,-0.9568965517241379,-1.0005602634409263,-1.0223921192993204,-27.75,27.75,0,5
BODY50_SUPPORT,0.75,0.25,YTD_2026,7,0.0,0.0,-1.0,-1.0547833814324428,-1.0821750721486645,-7.0,7.0,0,1
BODY50_SUPPORT,0.75,0.25,FULL_2012_2026,90,0.022222222222222223,0.005681818181818182,-0.9722222222222222,-1.0168948670570808,-1.0392311894745105,-87.5,87.5,0,15
BODY50_SUPPORT,0.75,0.3,TRAIN_2012_2021,61,0.01639344262295082,0.005,-0.978688524590164,-1.0238408261532859,-1.0464169769348466,-59.7,59.7,0,10
BODY50_SUPPORT,0.75,0.3,OOS_2022_2026,29,0.034482758620689655,0.010714285714285714,-0.9551724137931035,-0.9988361255098918,-1.020667981368286,-27.7,27.7,0,5
BODY50_SUPPORT,0.75,0.3,YTD_2026,7,0.0,0.0,-1.0,-1.0547833814324428,-1.0821750721486645,-7.0,7.0,0,1
BODY50_SUPPORT,0.75,0.3,FULL_2012_2026,90,0.022222222222222223,0.006818181818181818,-0.9711111111111111,-1.01578375594597,-1.0381200783633995,-87.4,87.4,0,15
BODY50_SUPPORT,0.75,0.4,TRAIN_2012_2021,61,0.01639344262295082,0.006666666666666667,-0.9770491803278689,-1.0222014818909908,-1.0447776326725517,-59.6,59.6,0,10
BODY50_SUPPORT,0.75,0.4,OOS_2022_2026,29,0.034482758620689655,0.014285714285714287,-0.9517241379310345,-0.9953878496478228,-1.017219705506217,-27.6,27.6,0,5
BODY50_SUPPORT,0.75,0.4,YTD_2026,7,0.0,0.0,-1.0,-1.0547833814324428,-1.0821750721486645,-7.0,7.0,0,1
BODY50_SUPPORT,0.75,0.4,FULL_2012_2026,90,0.022222222222222223,0.009090909090909092,-0.9688888888888889,-1.0135615337237476,-1.0358978561411771,-87.2,87.19999999999999,0,15
BODY50_SUPPORT,0.75,0.5,TRAIN_2012_2021,61,0.01639344262295082,0.008333333333333333,-0.9754098360655737,-1.0205621376286957,-1.0431382884102565,-59.5,59.5,0,10
BODY50_SUPPORT,0.75,0.5,OOS_2022_2026,29,0.034482758620689655,0.017857142857142856,-0.9482758620689655,-0.9919395737857539,-1.013771429644148,-27.5,27.5,0,5
BODY50_SUPPORT,0.75,0.5,YTD_2026,7,0.0,0.0,-1.0,-1.0547833814324428,-1.0821750721486645,-7.0,7.0,0,1
BODY50_SUPPORT,0.75,0.5,FULL_2012_2026,90,0.022222222222222223,0.011363636363636364,-0.9666666666666667,-1.0113393115015252,-1.033675633918955,-87.0,87.0,0,15
BODY50_SUPPORT,0.75,0.6,TRAIN_2012_2021,61,0.01639344262295082,0.01,-0.9737704918032787,-1.0189227933664007,-1.0414989441479614,-59.4,59.4,0,10
BODY50_SUPPORT,0.75,0.6,OOS_2022_2026,29,0.034482758620689655,0.02142857142857143,-0.9448275862068966,-0.988491297923685,-1.0103231537820792,-27.4,27.4,0,5
BODY50_SUPPORT,0.75,0.6,YTD_2026,7,0.0,0.0,-1.0,-1.0547833814324428,-1.0821750721486645,-7.0,7.0,0,1
BODY50_SUPPORT,0.75,0.6,FULL_2012_2026,90,0.022222222222222223,0.013636363636363636,-0.9644444444444444,-1.0091170892793033,-1.0314534116967329,-86.8,86.80000000000001,0,15
BODY50_SUPPORT,0.75,0.75,TRAIN_2012_2021,61,0.01639344262295082,0.0125,-0.9713114754098361,-1.016463776972958,-1.0390399277545188,-59.25,59.25,0,10
BODY50_SUPPORT,0.75,0.75,OOS_2022_2026,29,0.034482758620689655,0.026785714285714284,-0.9396551724137931,-0.9833188841305815,-1.0051507399889756,-27.25,27.25,0,5
BODY50_SUPPORT,0.75,0.75,YTD_2026,7,0.0,0.0,-1.0,-1.0547833814324428,-1.0821750721486645,-7.0,7.0,0,1
BODY50_SUPPORT,0.75,0.75,FULL_2012_2026,90,0.022222222222222223,0.017045454545454544,-0.9611111111111111,-1.0057837559459697,-1.0281200783633995,-86.5,86.5,0,15
BODY50_SUPPORT,0.75,1.0,TRAIN_2012_2021,61,0.01639344262295082,0.016666666666666666,-0.9672131147540983,-1.0123654163172202,-1.034941567098781,-59.0,59.0,0,10
BODY50_SUPPORT,0.75,1.0,OOS_2022_2026,29,0.0,0.0,-1.0,-1.0436637117167884,-1.0654955675751825,-29.0,29.0,0,5
BODY50_SUPPORT,0.75,1.0,YTD_2026,7,0.0,0.0,-1.0,-1.0547833814324428,-1.0821750721486645,-7.0,7.0,0,1
BODY50_SUPPORT,0.75,1.0,FULL_2012_2026,90,0.011111111111111112,0.011235955056179775,-0.9777777777777777,-1.0224504226126365,-1.044786745030066,-88.0,88.0,0,15
BODY50_SUPPORT,1.0,0.2,TRAIN_2012_2021,61,0.21311475409836064,0.054166666666666675,-0.7442622950819673,-0.7781265212543087,-0.7950586343404795,-45.400000000000006,45.39999999999999,0,10
BODY50_SUPPORT,1.0,0.2,OOS_2022_2026,29,0.20689655172413793,0.05217391304347826,-0.7517241379310345,-0.7844719217186256,-0.8008458136124215,-21.8,21.8,0,5
BODY50_SUPPORT,1.0,0.2,YTD_2026,7,0.14285714285714285,0.03333333333333333,-0.8285714285714285,-0.8696589646457608,-0.8902027326829268,-5.8,5.8,0,1
BODY50_SUPPORT,1.0,0.2,FULL_2012_2026,90,0.2111111111111111,0.05352112676056339,-0.7466666666666667,-0.7801711502928108,-0.7969233921058828,-67.2,67.19999999999997,0,15
BODY50_SUPPORT,1.0,0.25,TRAIN_2012_2021,61,0.21311475409836064,0.06770833333333333,-0.7336065573770492,-0.7674707835493906,-0.7844028966355615,-44.75,44.75,0,10
BODY50_SUPPORT,1.0,0.25,OOS_2022_2026,29,0.20689655172413793,0.06521739130434782,-0.7413793103448276,-0.7741270941324188,-0.7905009860262144,-21.5,21.5,0,5
BODY50_SUPPORT,1.0,0.25,YTD_2026,7,0.14285714285714285,0.041666666666666664,-0.8214285714285714,-0.8625161075029036,-0.8830598755400697,-5.75,5.75,0,1
BODY50_SUPPORT,1.0,0.25,FULL_2012_2026,90,0.2111111111111111,0.06690140845070422,-0.7361111111111112,-0.7696155947372554,-0.7863678365503273,-66.25,66.25,0,15
BODY50_SUPPORT,1.0,0.3,TRAIN_2012_2021,61,0.21311475409836064,0.08124999999999998,-0.722950819672131,-0.7568150458444726,-0.7737471589306434,-44.099999999999994,44.10000000000001,0,10
BODY50_SUPPORT,1.0,0.3,OOS_2022_2026,29,0.20689655172413793,0.0782608695652174,-0.7310344827586207,-0.7637822665462118,-0.7801561584400076,-21.2,21.2,0,5
BODY50_SUPPORT,1.0,0.3,YTD_2026,7,0.14285714285714285,0.049999999999999996,-0.8142857142857143,-0.8553732503600464,-0.8759170183972124,-5.7,5.7,0,1
BODY50_SUPPORT,1.0,0.3,FULL_2012_2026,90,0.2111111111111111,0.08028169014084506,-0.7255555555555555,-0.7590600391816996,-0.7758122809947718,-65.3,65.30000000000003,0,15
BODY50_SUPPORT,1.0,0.4,TRAIN_2012_2021,61,0.21311475409836064,0.10833333333333335,-0.701639344262295,-0.7355035704346364,-0.7524356835208074,-42.8,42.800000000000004,0,10
BODY50_SUPPORT,1.0,0.4,OOS_2022_2026,29,0.20689655172413793,0.10434782608695652,-0.710344827586207,-0.743092611373798,-0.7594665032675938,-20.6,20.6,0,5
BODY50_SUPPORT,1.0,0.4,YTD_2026,7,0.14285714285714285,0.06666666666666667,-0.7999999999999999,-0.8410875360743322,-0.8616313041114981,-5.6,5.6,0,1
BODY50_SUPPORT,1.0,0.4,FULL_2012_2026,90,0.2111111111111111,0.10704225352112678,-0.7044444444444445,-0.7379489280705888,-0.7547011698836606,-63.400000000000006,63.40000000000001,0,15
BODY50_SUPPORT,1.0,0.5,TRAIN_2012_2021,61,0.18032786885245902,0.11,-0.7295081967213115,-0.7633724228936529,-0.7803045359798237,-44.5,44.5,0,10
BODY50_SUPPORT,1.0,0.5,OOS_2022_2026,29,0.20689655172413793,0.13043478260869565,-0.6896551724137931,-0.7224029562013843,-0.73877684809518,-20.0,20.0,0,5
BODY50_SUPPORT,1.0,0.5,YTD_2026,7,0.14285714285714285,0.08333333333333333,-0.7857142857142857,-0.8268018217886179,-0.8473455898257839,-5.5,5.5,0,1
BODY50_SUPPORT,1.0,0.5,FULL_2012_2026,90,0.18888888888888888,0.11643835616438356,-0.7166666666666667,-0.7501711502928109,-0.7669233921058828,-64.5,64.5,0,15
BODY50_SUPPORT,1.0,0.6,TRAIN_2012_2021,61,0.13114754098360656,0.09056603773584905,-0.7901639344262296,-0.824028160598571,-0.8409602736847417,-48.2,48.199999999999996,0,10
BODY50_SUPPORT,1.0,0.6,OOS_2022_2026,29,0.20689655172413793,0.1565217391304348,-0.6689655172413793,-0.7017133010289706,-0.7180871929227663,-19.4,19.4,0,5
BODY50_SUPPORT,1.0,0.6,YTD_2026,7,0.14285714285714285,0.09999999999999999,-0.7714285714285715,-0.8125161075029037,-0.8330598755400695,-5.4,5.4,0,1
BODY50_SUPPORT,1.0,0.6,FULL_2012_2026,90,0.15555555555555556,0.11052631578947367,-0.7511111111111111,-0.7846155947372553,-0.8013678365503272,-67.6,67.6,0,15
BODY50_SUPPORT,1.0,0.75,TRAIN_2012_2021,61,0.11475409836065574,0.09722222222222222,-0.7991803278688525,-0.8330445540411939,-0.8499766671273647,-48.75,48.75,0,10
BODY50_SUPPORT,1.0,0.75,OOS_2022_2026,29,0.13793103448275862,0.12,-0.7586206896551724,-0.7913684734427636,-0.8077423653365593,-22.0,22.0,0,5
BODY50_SUPPORT,1.0,0.75,YTD_2026,7,0.14285714285714285,0.125,-0.75,-0.7910875360743322,-0.8116313041114982,-5.25,5.25,0,1
BODY50_SUPPORT,1.0,0.75,FULL_2012_2026,90,0.12222222222222222,0.10443037974683544,-0.7861111111111111,-0.8196155947372554,-0.8363678365503273,-70.75,70.75,0,15
BODY50_SUPPORT,1.0,1.0,TRAIN_2012_2021,61,0.08196721311475409,0.08928571428571429,-0.8360655737704918,-0.8699297999428333,-0.8868619130290041,-51.0,51.0,0,10
BODY50_SUPPORT,1.0,1.0,OOS_2022_2026,29,0.13793103448275862,0.16,-0.7241379310344828,-0.7568857148220739,-0.7732596067158696,-21.0,21.0,0,5
BODY50_SUPPORT,1.0,1.0,YTD_2026,7,0.14285714285714285,0.16666666666666666,-0.7142857142857143,-0.7553732503600464,-0.7759170183972125,-5.0,5.0,0,1
BODY50_SUPPORT,1.0,1.0,FULL_2012_2026,90,0.1,0.1111111111111111,-0.8,-0.8335044836261443,-0.8502567254392162,-72.0,72.0,0,15
BODY50_SUPPORT,1.25,0.2,TRAIN_2012_2021,61,0.4098360655737705,0.13888888888888892,-0.5081967213114754,-0.5352881022493485,-0.5488337927182851,-31.0,31.00000000000001,0,10
BODY50_SUPPORT,1.25,0.2,OOS_2022_2026,29,0.3793103448275862,0.12222222222222223,-0.5448275862068965,-0.5710258132369695,-0.5841249267520061,-15.8,15.800000000000004,0,5
BODY50_SUPPORT,1.25,0.2,YTD_2026,7,0.2857142857142857,0.08,-0.6571428571428571,-0.6900128860023228,-0.7064479004320557,-4.6,4.6,0,1
BODY50_SUPPORT,1.25,0.2,FULL_2012_2026,90,0.4,0.13333333333333336,-0.52,-0.5468035869009154,-0.5602053803513729,-46.8,46.79999999999998,0,15
BODY50_SUPPORT,1.25,0.25,TRAIN_2012_2021,61,0.39344262295081966,0.16216216216216217,-0.5081967213114754,-0.5352881022493485,-0.548833792718285,-31.0,31.0,0,10
BODY50_SUPPORT,1.25,0.25,OOS_2022_2026,29,0.3793103448275862,0.1527777777777778,-0.5258620689655172,-0.5520602959955903,-0.5651594095106267,-15.25,15.25,0,5
BODY50_SUPPORT,1.25,0.25,YTD_2026,7,0.2857142857142857,0.1,-0.6428571428571429,-0.6757271717166086,-0.6921621861463415,-4.5,4.5,0,1
BODY50_SUPPORT,1.25,0.25,FULL_2012_2026,90,0.3888888888888889,0.1590909090909091,-0.5138888888888888,-0.5406924757898041,-0.5540942692402618,-46.25,46.25,0,15
BODY50_SUPPORT,1.25,0.3,TRAIN_2012_2021,61,0.39344262295081966,0.19459459459459458,-0.48852459016393446,-0.5156159711018075,-0.5291616615707441,-29.8,29.79999999999999,0,10
BODY50_SUPPORT,1.25,0.3,OOS_2022_2026,29,0.3793103448275862,0.1833333333333333,-0.506896551724138,-0.5330947787542109,-0.5461938922692474,-14.7,14.699999999999996,0,5
BODY50_SUPPORT,1.25,0.3,YTD_2026,7,0.2857142857142857,0.12,-0.6285714285714287,-0.6614414574308943,-0.6778764718606273,-4.4,4.4,0,1
BODY50_SUPPORT,1.25,0.3,FULL_2012_2026,90,0.3888888888888889,0.19090909090909094,-0.4944444444444445,-0.5212480313453598,-0.5346498247958175,-44.50000000000001,44.500000000000014,0,15
BODY50_SUPPORT,1.25,0.4,TRAIN_2012_2021,61,0.3442622950819672,0.21000000000000005,-0.5180327868852459,-0.5451241678231191,-0.5586698582920556,-31.6,31.600000000000012,0,10
BODY50_SUPPORT,1.25,0.4,OOS_2022_2026,29,0.3793103448275862,0.24444444444444446,-0.46896551724137925,-0.4951637442714522,-0.5082628577864888,-13.599999999999998,13.599999999999998,0,5
BODY50_SUPPORT,1.25,0.4,YTD_2026,7,0.2857142857142857,0.16,-0.6,-0.6328700288594657,-0.6493050432891987,-4.2,4.2,0,1
BODY50_SUPPORT,1.25,0.4,FULL_2012_2026,90,0.35555555555555557,0.22068965517241382,-0.5022222222222221,-0.5290258091231375,-0.5424276025735951,-45.199999999999996,45.200000000000024,0,15
BODY50_SUPPORT,1.25,0.5,TRAIN_2012_2021,61,0.29508196721311475,0.20930232558139536,-0.5573770491803278,-0.5844684301182009,-0.5980141205871378,-34.0,34.0,0,10
BODY50_SUPPORT,1.25,0.5,OOS_2022_2026,29,0.3793103448275862,0.3055555555555556,-0.43103448275862066,-0.4572327097886937,-0.47033182330373013,-12.5,12.5,0,5
BODY50_SUPPORT,1.25,0.5,YTD_2026,7,0.2857142857142857,0.2,-0.5714285714285714,-0.6042986002880372,-0.6207336147177701,-4.0,4.0,0,1
BODY50_SUPPORT,1.25,0.5,FULL_2012_2026,90,0.32222222222222224,0.23770491803278687,-0.5166666666666667,-0.5434702535675819,-0.5568720470180396,-46.5,46.5,0,15
BODY50_SUPPORT,1.25,0.6,TRAIN_2012_2021,61,0.26229508196721313,0.21333333333333332,-0.5803278688524589,-0.607419249790332,-0.6209649402592687,-35.39999999999999,35.399999999999984,1,10
BODY50_SUPPORT,1.25,0.6,OOS_2022_2026,29,0.3103448275862069,0.26999999999999996,-0.503448275862069,-0.529646502892142,-0.5427456164071784,-14.600000000000001,14.8,0,5
BODY50_SUPPORT,1.25,0.6,YTD_2026,7,0.2857142857142857,0.24,-0.5428571428571428,-0.5757271717166086,-0.5921621861463414,-3.8,4.0,0,1
BODY50_SUPPORT,1.25,0.6,FULL_2012_2026,90,0.2777777777777778,0.23076923076923075,-0.5555555555555556,-0.5823591424564708,-0.5957609359069285,-50.0,50.199999999999974,1,15
BODY50_SUPPORT,1.25,0.75,TRAIN_2012_2021,61,0.22950819672131148,0.22340425531914893,-0.5983606557377049,-0.625452036675578,-0.6389977271445149,-36.5,36.5,1,10
BODY50_SUPPORT,1.25,0.75,OOS_2022_2026,29,0.3103448275862069,0.3375,-0.45689655172413796,-0.4830947787542109,-0.49619389226924737,-13.25,13.75,0,5
BODY50_SUPPORT,1.25,0.75,YTD_2026,7,0.2857142857142857,0.3,-0.5,-0.5328700288594658,-0.5493050432891986,-3.5,4.0,0,1
BODY50_SUPPORT,1.25,0.75,FULL_2012_2026,90,0.25555555555555554,0.2574626865671642,-0.5527777777777778,-0.5795813646786931,-0.5929831581291507,-49.75,50.25,1,15
BODY50_SUPPORT,1.25,1.0,TRAIN_2012_2021,61,0.22950819672131148,0.2754616461864561,-0.55825086277437,-0.5853422437122429,-0.5988879341811797,-34.05330262923657,34.05330262923657,1,10
BODY50_SUPPORT,1.25,1.0,OOS_2022_2026,29,0.27586206896551724,0.38095238095238093,-0.4482758620689655,-0.47447408909903854,-0.48757320261407494,-13.0,14.0,0,5
BODY50_SUPPORT,1.25,1.0,YTD_2026,7,0.2857142857142857,0.4,-0.42857142857142855,-0.4614414574308943,-0.4778764718606272,-3.0,4.0,0,1
BODY50_SUPPORT,1.25,1.0,FULL_2012_2026,90,0.24444444444444444,0.3080396672171094,-0.5228144736581841,-0.5496180605590993,-0.5630198540095569,-47.05330262923657,48.05330262923657,1,15
BODY50_SUPPORT,1.5,0.2,TRAIN_2012_2021,61,0.639344262295082,0.3545454545454546,-0.2327868852459017,-0.2553630360274626,-0.266651111418243,-14.200000000000003,15.200000000000006,1,10
BODY50_SUPPORT,1.5,0.2,OOS_2022_2026,29,0.6206896551724138,0.3272727272727273,-0.25517241379310346,-0.27700426965149755,-0.2879201975806947,-7.4,7.399999999999998,1,5
BODY50_SUPPORT,1.5,0.2,YTD_2026,7,0.42857142857142855,0.15000000000000002,-0.48571428571428565,-0.5131059764305071,-0.5268018217886178,-3.3999999999999995,3.5999999999999996,0,1
BODY50_SUPPORT,1.5,0.2,FULL_2012_2026,90,0.6333333333333333,0.3454545454545454,-0.23999999999999996,-0.26233632241742944,-0.27350448362614416,-21.599999999999998,21.600000000000023,2,15
BODY50_SUPPORT,1.5,0.25,TRAIN_2012_2021,61,0.6229508196721312,0.41304347826086957,-0.22131147540983606,-0.243887626191397,-0.25517570158217745,-13.5,15.0,2,10
BODY50_SUPPORT,1.5,0.25,OOS_2022_2026,29,0.6206896551724138,0.4090909090909091,-0.22413793103448276,-0.24596978689287696,-0.25688571482207395,-6.5,6.75,1,5
BODY50_SUPPORT,1.5,0.25,YTD_2026,7,0.42857142857142855,0.1875,-0.4642857142857143,-0.4916774050019357,-0.5053732503600464,-3.25,3.5,0,1
BODY50_SUPPORT,1.5,0.25,FULL_2012_2026,90,0.6222222222222222,0.4117647058823529,-0.2222222222222222,-0.24455854463965163,-0.2557267058483664,-20.0,20.25,3,15
BODY50_SUPPORT,1.5,0.3,TRAIN_2012_2021,61,0.5901639344262295,0.4320000000000001,-0.2327868852459016,-0.25536303602746263,-0.266651111418243,-14.199999999999998,15.699999999999996,2,10
BODY50_SUPPORT,1.5,0.3,OOS_2022_2026,29,0.6206896551724138,0.49090909090909085,-0.19310344827586207,-0.2149353041342562,-0.2258512320634533,-5.6,6.100000000000002,1,5
BODY50_SUPPORT,1.5,0.3,YTD_2026,7,0.42857142857142855,0.22499999999999998,-0.44285714285714295,-0.47024883357336433,-0.483944678931475,-3.1000000000000005,3.4000000000000004,0,1
BODY50_SUPPORT,1.5,0.3,FULL_2012_2026,90,0.6,0.45000000000000007,-0.22,-0.24233632241742945,-0.25350448362614414,-19.8,19.79999999999998,3,15
BODY50_SUPPORT,1.5,0.4,TRAIN_2012_2021,61,0.5081967213114754,0.41333333333333344,-0.28852459016393456,-0.3111007409454953,-0.3223888163362759,-17.60000000000001,19.600000000000005,2,10
BODY50_SUPPORT,1.5,0.4,OOS_2022_2026,29,0.6206896551724138,0.6545454545454547,-0.13103448275862067,-0.15286633861701482,-0.1637822665462119,-3.8,5.2,2,5
BODY50_SUPPORT,1.5,0.4,YTD_2026,7,0.42857142857142855,0.30000000000000004,-0.4,-0.4273916907162215,-0.44108753607433215,-2.8000000000000003,3.2,0,1
BODY50_SUPPORT,1.5,0.4,FULL_2012_2026,90,0.5444444444444444,0.4780487804878048,-0.23777777777777775,-0.26011410019520714,-0.2712822614039219,-21.4,21.800000000000022,4,15
BODY50_SUPPORT,1.5,0.5,TRAIN_2012_2021,61,0.45901639344262296,0.43649054639729407,-0.29629516515130266,-0.31887131593286366,-0.3301593913236441,-18.07400507422946,20.57400507422946,1,10
BODY50_SUPPORT,1.5,0.5,OOS_2022_2026,29,0.5517241379310345,0.6153846153846154,-0.1724137931034483,-0.19424564896184243,-0.20516157689103948,-5.0,7.5,2,5
BODY50_SUPPORT,1.5,0.5,YTD_2026,7,0.42857142857142855,0.375,-0.35714285714285715,-0.38453454785907853,-0.39823039321718934,-2.5,3.0,0,1
BODY50_SUPPORT,1.5,0.5,FULL_2012_2026,90,0.4888888888888889,0.4880862032066958,-0.2563778341581051,-0.27871415657553456,-0.2898823177842493,-23.07400507422946,24.07400507422946,3,15
BODY50_SUPPORT,1.5,0.6,TRAIN_2012_2021,61,0.4098360655737705,0.42766715601068356,-0.3290820503972042,-0.35165820117876523,-0.3629462765695458,-20.074005074229454,23.074005074229454,2,10
BODY50_SUPPORT,1.5,0.6,OOS_2022_2026,29,0.5172413793103449,0.6428571428571427,-0.17241379310344832,-0.19424564896184243,-0.20516157689103953,-5.000000000000001,7.4,2,5
BODY50_SUPPORT,1.5,0.6,YTD_2026,7,0.2857142857142857,0.24,-0.5428571428571428,-0.5702488335733643,-0.5839446789314751,-3.8,4.0,0,1
BODY50_SUPPORT,1.5,0.6,FULL_2012_2026,90,0.4444444444444444,0.48905729140504306,-0.27860005638032737,-0.3009363787977568,-0.3121045400064715,-25.07400507422946,25.47400507422944,4,15
BODY50_SUPPORT,1.5,0.75,TRAIN_2012_2021,61,0.3770491803278688,0.46528558124384195,-0.3249836897414666,-0.34755984052302763,-0.358847915913808,-19.82400507422946,23.57400507422946,2,10
BODY50_SUPPORT,1.5,0.75,OOS_2022_2026,29,0.5172413793103449,0.8035714285714286,-0.09482758620689655,-0.11665944206529073,-0.12757536999448776,-2.75,7.25,2,5
BODY50_SUPPORT,1.5,0.75,YTD_2026,7,0.2857142857142857,0.3,-0.5,-0.5273916907162214,-0.5410875360743322,-3.5,4.0,0,1
BODY50_SUPPORT,1.5,0.75,FULL_2012_2026,90,0.4222222222222222,0.5580138068001312,-0.2508222786025496,-0.27315860101997896,-0.2843267622286937,-22.57400507422946,24.32400507422946,4,15
BODY50_SUPPORT,1.5,1.0,TRAIN_2012_2021,61,0.36065573770491804,0.5460133346913707,-0.2833621409605453,-0.3059382917421063,-0.3172263671328867,-17.285090598593264,20.285090598593264,2,10
BODY50_SUPPORT,1.5,1.0,OOS_2022_2026,29,0.5172413793103449,1.0210899800031559,0.010181369656695938,-0.01165048620169824,-0.022566414130895298,0.2952597200441822,7.0,2,5
BODY50_SUPPORT,1.5,1.0,YTD_2026,7,0.2857142857142857,0.4,-0.42857142857142855,-0.45596311928765,-0.4696589646457608,-3.0,4.0,0,1
BODY50_SUPPORT,1.5,1.0,FULL_2012_2026,90,0.4111111111111111,0.6737368125549256,-0.18877589865054537,-0.2111122210679748,-0.2222803822766895,-16.989830878549082,20.285090598593264,4,15
BODY50_SUPPORT,1.75,0.2,TRAIN_2012_2021,61,0.7213114754098361,0.5176470588235292,-0.1344262295081968,-0.15377721589239182,-0.16345270908448936,-8.200000000000005,10.199999999999996,2,10
BODY50_SUPPORT,1.75,0.2,OOS_2022_2026,29,0.7241379310344828,0.5250000000000001,-0.13103448275862067,-0.1497475020658157,-0.15910401171941316,-3.8,4.999999999999999,2,5
BODY50_SUPPORT,1.75,0.2,YTD_2026,7,0.5714285714285714,0.26666666666666666,-0.31428571428571433,-0.33776430632818977,-0.34950360234942757,-2.2,2.6,0,1
BODY50_SUPPORT,1.75,0.2,FULL_2012_2026,90,0.7222222222222222,0.5199999999999999,-0.13333333333333333,-0.1524787525482728,-0.16205146215574256,-12.0,13.000000000000007,4,15
BODY50_SUPPORT,1.75,0.25,TRAIN_2012_2021,61,0.7049180327868853,0.5972222222222222,-0.11885245901639344,-0.1382034454005885,-0.14787893859268605,-7.25,10.0,3,10
BODY50_SUPPORT,1.75,0.25,OOS_2022_2026,29,0.7241379310344828,0.65625,-0.09482758620689655,-0.11354060551409155,-0.12289711516768902,-2.75,4.25,2,5
BODY50_SUPPORT,1.75,0.25,YTD_2026,7,0.5714285714285714,0.3333333333333333,-0.2857142857142857,-0.30919287775676124,-0.32093217377799904,-2.0,2.5,0,1
BODY50_SUPPORT,1.75,0.25,FULL_2012_2026,90,0.7111111111111111,0.6153846153846154,-0.1111111111111111,-0.13025653032605056,-0.13982923993352034,-10.0,11.5,5,15
BODY50_SUPPORT,1.75,0.3,TRAIN_2012_2021,61,0.6557377049180327,0.5714285714285714,-0.14754098360655732,-0.1668919699907525,-0.17656746318285002,-8.999999999999996,10.499999999999998,2,10
BODY50_SUPPORT,1.75,0.3,OOS_2022_2026,29,0.7241379310344828,0.7874999999999999,-0.05862068965517241,-0.07733370896236738,-0.08669021861596492,-1.7,4.1,2,5
BODY50_SUPPORT,1.75,0.3,YTD_2026,7,0.5714285714285714,0.39999999999999997,-0.2571428571428571,-0.28062144918533266,-0.2923607452065705,-1.7999999999999998,2.4,0,1
BODY50_SUPPORT,1.75,0.3,FULL_2012_2026,90,0.6777777777777778,0.6310344827586208,-0.1188888888888889,-0.13803430810382838,-0.14760701771129814,-10.700000000000001,11.299999999999994,4,15
BODY50_SUPPORT,1.75,0.4,TRAIN_2012_2021,61,0.5901639344262295,0.5984183573230727,-0.15841693312734603,-0.1777679195115412,-0.18744341270363868,-9.663432920768107,11.663432920768102,2,10
BODY50_SUPPORT,1.75,0.4,OOS_2022_2026,29,0.6551724137931034,0.7600000000000001,-0.08275862068965516,-0.10147163999685015,-0.1108281496504476,-2.3999999999999995,6.2,2,5
BODY50_SUPPORT,1.75,0.4,YTD_2026,7,0.5714285714285714,0.5333333333333333,-0.19999999999999998,-0.2234785920424755,-0.23521788806371327,-1.4,2.2,0,1
BODY50_SUPPORT,1.75,0.4,FULL_2012_2026,90,0.6111111111111112,0.6458538706645397,-0.1340381435640901,-0.15318356277902961,-0.16275627238649934,-12.06343292076811,13.463432920768097,4,15
BODY50_SUPPORT,1.75,0.5,TRAIN_2012_2021,61,0.5409836065573771,0.6096787517055209,-0.17317103148800184,-0.1925220178721969,-0.2021975110642944,-10.563432920768111,13.063432920768111,2,10
BODY50_SUPPORT,1.75,0.5,OOS_2022_2026,29,0.5862068965517241,0.7580821371166426,-0.09353466641534793,-0.11224768572254291,-0.12160419537614037,-2.7125053260450898,6.0,2,5
BODY50_SUPPORT,1.75,0.5,YTD_2026,7,0.42857142857142855,0.375,-0.35714285714285715,-0.38062144918533264,-0.3923607452065704,-2.5,2.5,0,1
BODY50_SUPPORT,1.75,0.5,FULL_2012_2026,90,0.5555555555555556,0.6531518532293971,-0.14751042496459113,-0.16665584417953058,-0.17622855378700036,-13.275938246813201,14.275938246813201,4,15
BODY50_SUPPORT,1.75,0.6,TRAIN_2012_2021,61,0.4918032786885246,0.5987340184149571,-0.1977611954224281,-0.21711218180662312,-0.2267876749987207,-12.063432920768113,15.063432920768115,2,10
BODY50_SUPPORT,1.75,0.6,OOS_2022_2026,29,0.5862068965517241,0.9096985645399711,-0.034913976760175526,-0.053626996067370515,-0.06298350572096799,-1.0125053260450902,5.8,2,5
BODY50_SUPPORT,1.75,0.6,YTD_2026,7,0.42857142857142855,0.44999999999999996,-0.3142857142857142,-0.3377643063281898,-0.3495036023494276,-2.1999999999999997,2.4,0,1
BODY50_SUPPORT,1.75,0.6,FULL_2012_2026,90,0.5222222222222223,0.6832067591383524,-0.1452882027423689,-0.16443362195730837,-0.17400633156477813,-13.0759382468132,15.075938246813209,4,15
BODY50_SUPPORT,1.75,0.75,TRAIN_2012_2021,61,0.4918032786885246,0.7210158754928494,-0.13749541824721215,-0.15684640463140723,-0.16652189782350482,-8.38722051307994,12.137220513079942,2,10
BODY50_SUPPORT,1.75,0.75,OOS_2022_2026,29,0.5862068965517241,1.137123205674964,0.05301705772258311,0.03430403841538814,0.02494752876179068,1.5374946739549102,5.5,2,5
BODY50_SUPPORT,1.75,0.75,YTD_2026,7,0.42857142857142855,0.5625,-0.25,-0.2734785920424755,-0.28521788806371323,-1.75,2.25,0,1
BODY50_SUPPORT,1.75,0.75,FULL_2012_2026,90,0.5222222222222223,0.834050390371105,-0.07610806487916702,-0.09525348409410651,-0.10482619370157625,-6.849725839125032,12.137220513079942,4,15
BODY50_SUPPORT,1.75,1.0,TRAIN_2012_2021,61,0.4426229508196721,0.7765743039816108,-0.12110197562426135,-0.14045296200845644,-0.15012845520055396,-7.387220513079942,8.387220513079942,4,10
BODY50_SUPPORT,1.75,1.0,OOS_2022_2026,29,0.5517241379310345,1.3562018452391638,0.1381437933517037,0.1194307740445087,0.11007426439091124,4.006170007199407,5.0,2,5
BODY50_SUPPORT,1.75,1.0,YTD_2026,7,0.42857142857142855,0.75,-0.14285714285714285,-0.16633573489961836,-0.1780750309208561,-1.0,2.0,0,1
BODY50_SUPPORT,1.75,1.0,FULL_2012_2026,90,0.4777777777777778,0.9236961327339396,-0.03756722784311706,-0.056712647058056544,-0.06628535666552629,-3.381050505880535,8.387220513079942,6,15
BODY50_SUPPORT,2.0,0.2,TRAIN_2012_2021,61,0.819672131147541,0.909090909090909,-0.016393442622950824,-0.03332555570912152,-0.04179161225220688,-1.0000000000000002,4.4,3,10
BODY50_SUPPORT,2.0,0.2,OOS_2022_2026,29,0.8620689655172413,1.2500000000000002,0.03448275862068967,0.01810886672689406,0.009921920779996258,1.0000000000000004,1.6,2,5
BODY50_SUPPORT,2.0,0.2,YTD_2026,7,0.7142857142857143,0.5,-0.14285714285714285,-0.16340091089430892,-0.17367279491289198,-0.9999999999999999,1.6,0,1
BODY50_SUPPORT,2.0,0.2,FULL_2012_2026,90,0.8333333333333334,0.9999999999999998,-7.401486830834377e-18,-0.016752241813072062,-0.025128362719608093,-6.661338147750939e-16,4.4,5,15
BODY50_SUPPORT,2.0,0.25,TRAIN_2012_2021,61,0.7540983606557377,0.7666666666666667,-0.05737704918032787,-0.07430916226649856,-0.08277521880958394,-3.5,5.5,2,10
BODY50_SUPPORT,2.0,0.25,OOS_2022_2026,29,0.8275862068965517,1.2,0.034482758620689655,0.01810886672689404,0.009921920779996233,1.0,2.5,2,5
BODY50_SUPPORT,2.0,0.25,YTD_2026,7,0.5714285714285714,0.3333333333333333,-0.2857142857142857,-0.30625805375145176,-0.31652993777003485,-2.0,2.5,0,1
BODY50_SUPPORT,2.0,0.25,FULL_2012_2026,90,0.7777777777777778,0.875,-0.027777777777777776,-0.04453001959084984,-0.05290614049738587,-2.5,5.5,4,15
BODY50_SUPPORT,2.0,0.3,TRAIN_2012_2021,61,0.7213114754098361,0.7764705882352942,-0.062295081967213124,-0.07922719505338384,-0.08769325159646917,-3.8000000000000007,6.600000000000004,4,10
BODY50_SUPPORT,2.0,0.3,OOS_2022_2026,29,0.8275862068965517,1.44,0.07586206896551721,0.059488177071721625,0.05130123112482382,2.1999999999999993,2.4000000000000004,3,5
BODY50_SUPPORT,2.0,0.3,YTD_2026,7,0.5714285714285714,0.39999999999999997,-0.2571428571428571,-0.27768662518002324,-0.2879585091986062,-1.7999999999999998,2.4,0,1
BODY50_SUPPORT,2.0,0.3,FULL_2012_2026,90,0.7555555555555555,0.9272727272727274,-0.017777777777777785,-0.03453001959084985,-0.04290614049738588,-1.6000000000000005,6.600000000000004,7,15
BODY50_SUPPORT,2.0,0.4,TRAIN_2012_2021,61,0.639344262295082,0.7408989185904711,-0.08943448861757532,-0.10636660170374604,-0.1148326582468314,-5.455503805672095,8.855503805672095,4,10
BODY50_SUPPORT,2.0,0.4,OOS_2022_2026,29,0.7241379310344828,1.1689490135920668,0.041864063438294734,0.025490171544499108,0.01730322559760132,1.2140578397105473,2.8000000000000003,2,5
BODY50_SUPPORT,2.0,0.4,YTD_2026,7,0.5714285714285714,0.5333333333333333,-0.19999999999999998,-0.22054376803716605,-0.2308156520557491,-1.4,2.2,0,1
BODY50_SUPPORT,2.0,0.4,FULL_2012_2026,90,0.6666666666666666,0.8498148440744279,-0.047127177399572784,-0.06387941921264483,-0.07225554011918085,-4.24144596596155,8.855503805672095,6,15
BODY50_SUPPORT,2.0,0.5,TRAIN_2012_2021,61,0.5737704918032787,0.6984493361509788,-0.12386071812577207,-0.14079283121194275,-0.14925888775502813,-7.555503805672096,12.055503805672096,2,10
BODY50_SUPPORT,2.0,0.5,OOS_2022_2026,29,0.6896551724137931,1.2216064814763365,0.06255371861070849,0.046179826716912904,0.0379928807700151,1.8140578397105465,2.5,2,5
BODY50_SUPPORT,2.0,0.5,YTD_2026,7,0.42857142857142855,0.375,-0.35714285714285715,-0.37768662518002316,-0.3879585091986063,-2.5,2.5,0,1
BODY50_SUPPORT,2.0,0.5,FULL_2012_2026,90,0.6111111111111112,0.8272804988134195,-0.06379384406623945,-0.08054608587931152,-0.08892220678584753,-5.74144596596155,12.055503805672096,4,15
BODY50_SUPPORT,2.0,0.6,TRAIN_2012_2021,61,0.5737704918032787,0.813860539978879,-0.07645603194991721,-0.09338814503608789,-0.10185420157917327,-4.66381794894495,10.26381794894495,4,10
BODY50_SUPPORT,2.0,0.6,OOS_2022_2026,29,0.6896551724137931,1.4659277777716035,0.13151923585208775,0.1151453439582922,0.10695839801139442,3.8140578397105447,2.4000000000000004,2,5
BODY50_SUPPORT,2.0,0.6,YTD_2026,7,0.42857142857142855,0.44999999999999996,-0.3142857142857142,-0.33482948232288035,-0.3451013663414634,-2.1999999999999997,2.4,0,1
BODY50_SUPPORT,2.0,0.6,FULL_2012_2026,90,0.6111111111111112,0.9744367284713029,-0.009441778991493371,-0.02619402080456544,-0.03457014171110148,-0.8497601092344035,10.26381794894495,6,15
BODY50_SUPPORT,2.0,0.75,TRAIN_2012_2021,61,0.5573770491803278,0.9438192421891959,-0.02399701555647458,-0.04092912864264529,-0.04939518518573065,-1.4638179489449494,6.963817948944949,5,10
BODY50_SUPPORT,2.0,0.75,OOS_2022_2026,29,0.6896551724137931,1.7447383787821684,0.2102201825261576,0.19384629063236197,0.1856593446854642,6.09638529325857,2.25,3,5
BODY50_SUPPORT,2.0,0.75,YTD_2026,7,0.42857142857142855,0.5625,-0.25,-0.2705437680371661,-0.28081565205574915,-1.75,2.25,0,1
BODY50_SUPPORT,2.0,0.75,FULL_2012_2026,90,0.6,1.135291230075936,0.051472970492373565,0.0347207286793015,0.02634460777276548,4.632567344313621,6.963817948944949,8,15
BODY50_SUPPORT,2.0,1.0,TRAIN_2012_2021,61,0.5081967213114754,1.0184537172248371,0.008789869689427066,-0.008142243396743656,-0.01660829993982899,0.536182051055051,7.0,5,10
BODY50_SUPPORT,2.0,1.0,OOS_2022_2026,29,0.6551724137931034,2.164341263490599,0.3298717730970472,0.31349788120325156,0.30531093525635383,9.566281419814368,2.0,3,5
BODY50_SUPPORT,2.0,1.0,YTD_2026,7,0.42857142857142855,0.75,-0.14285714285714285,-0.16340091089430894,-0.173672794912892,-1.0,2.0,0,1
BODY50_SUPPORT,2.0,1.0,FULL_2012_2026,90,0.5555555555555556,1.271050265266632,0.11224959412077133,0.09549735230769925,0.08712123140116322,10.10246347086942,7.0,8,15
BODY50_SUPPORT,2.25,0.2,TRAIN_2012_2021,61,0.819672131147541,0.909090909090909,-0.016393442622950838,-0.03144420981065812,-0.03896959340451177,-1.000000000000001,4.2,4,10
BODY50_SUPPORT,2.25,0.2,OOS_2022_2026,29,0.8620689655172413,1.2500000000000002,0.03448275862068967,0.019928188048426877,0.012650902762295512,1.0000000000000004,2.6,3,5
BODY50_SUPPORT,2.25,0.2,YTD_2026,7,0.5714285714285714,0.26666666666666666,-0.31428571428571433,-0.33254684142986196,-0.3416774050019357,-2.2,2.6,0,1
BODY50_SUPPORT,2.25,0.2,FULL_2012_2026,90,0.8333333333333334,0.9999999999999998,-4.934324553889585e-18,-0.014890881611619609,-0.022336322417429413,-4.440892098500626e-16,4.2,7,15
BODY50_SUPPORT,2.25,0.25,TRAIN_2012_2021,61,0.7868852459016393,0.9230769230769231,-0.01639344262295082,-0.03144420981065812,-0.03896959340451175,-1.0,4.5,3,10
BODY50_SUPPORT,2.25,0.25,OOS_2022_2026,29,0.8620689655172413,1.5625,0.07758620689655173,0.06303163632428893,0.055754351038157575,2.25,2.5,3,5
BODY50_SUPPORT,2.25,0.25,YTD_2026,7,0.5714285714285714,0.3333333333333333,-0.2857142857142857,-0.3039754128584334,-0.3131059764305072,-2.0,2.5,0,1
BODY50_SUPPORT,2.25,0.25,FULL_2012_2026,90,0.8111111111111111,1.0735294117647058,0.013888888888888888,-0.0010019927227307378,-0.008447433528540526,1.25,4.5,6,15
BODY50_SUPPORT,2.25,0.3,TRAIN_2012_2021,61,0.7377049180327869,0.8918253210443849,-0.026687822422373803,-0.04173858961008111,-0.049263973203934754,-1.627957167764802,4.827957167764802,5,10
BODY50_SUPPORT,2.25,0.3,OOS_2022_2026,29,0.7931034482758621,1.1499999999999997,0.031034482758620686,0.016479912186357908,0.00920262690022652,0.8999999999999999,2.4,3,5
BODY50_SUPPORT,2.25,0.3,YTD_2026,7,0.5714285714285714,0.39999999999999997,-0.2571428571428571,-0.2754039842870048,-0.28453454785907856,-1.7999999999999998,2.4,0,1
BODY50_SUPPORT,2.25,0.3,FULL_2012_2026,90,0.7555555555555555,0.9654166220256157,-0.008088412975164484,-0.02297929458678409,-0.030424735392593893,-0.7279571677648036,4.827957167764802,8,15
BODY50_SUPPORT,2.25,0.4,TRAIN_2012_2021,61,0.6557377049180327,0.7891223421691301,-0.0693107732420459,-0.08436154042975322,-0.09188692402360686,-4.2279571677648,8.649336716152975,5,10
BODY50_SUPPORT,2.25,0.4,OOS_2022_2026,29,0.7241379310344828,1.172319539340383,0.042576485508369254,0.02802191493610646,0.02074462964997509,1.2347180797427084,2.8000000000000003,3,5
BODY50_SUPPORT,2.25,0.4,YTD_2026,7,0.42857142857142855,0.30000000000000004,-0.4,-0.4182611271441476,-0.4273916907162215,-2.8000000000000003,2.8000000000000003,0,1
BODY50_SUPPORT,2.25,0.4,FULL_2012_2026,90,0.6777777777777778,0.8900135574923154,-0.033258212089134376,-0.048149093700753966,-0.055594534506563785,-2.993239088022094,8.649336716152975,8,15
BODY50_SUPPORT,2.25,0.5,TRAIN_2012_2021,61,0.6229508196721312,0.8490676971100541,-0.0545566748813902,-0.0696074420690975,-0.07713282566295113,-3.3279571677648025,8.8279571677648,4,10
BODY50_SUPPORT,2.25,0.5,OOS_2022_2026,29,0.7241379310344828,1.4653994241754782,0.11499027861181751,0.10043570803955473,0.09315842275342337,3.334718079742708,2.5,3,5
BODY50_SUPPORT,2.25,0.5,YTD_2026,7,0.42857142857142855,0.375,-0.35714285714285715,-0.3754039842870048,-0.38453454785907853,-2.5,2.5,0,1
BODY50_SUPPORT,2.25,0.5,FULL_2012_2026,90,0.6555555555555556,1.0002314222226225,7.51212441989551e-05,-0.014815760367420659,-0.022261201173230463,0.006760911977905959,8.8279571677648,7,15
BODY50_SUPPORT,2.25,0.6,TRAIN_2012_2021,61,0.6065573770491803,0.9174807410976646,-0.031180560393562883,-0.04623132758127023,-0.05375671117512385,-1.902014184007336,7.502014184007338,4,10
BODY50_SUPPORT,2.25,0.6,OOS_2022_2026,29,0.7241379310344828,1.744322485376819,0.183906222321086,0.16935165174882325,0.16207436646269185,5.333280447311494,2.4000000000000004,3,5
BODY50_SUPPORT,2.25,0.6,YTD_2026,7,0.42857142857142855,0.44999999999999996,-0.3142857142857142,-0.33254684142986196,-0.3416774050019358,-2.1999999999999997,2.4,0,1
BODY50_SUPPORT,2.25,0.6,FULL_2012_2026,90,0.6444444444444445,1.1135631167348012,0.03812518070337955,0.02323429909175991,0.0157888582859501,3.4312662633041597,7.502014184007338,7,15
BODY50_SUPPORT,2.25,0.75,TRAIN_2012_2021,61,0.5409836065573771,0.859441500399642,-0.06232810137716946,-0.07737886856487677,-0.08490425215873039,-3.802014184007337,7.77339373239551,5,10
BODY50_SUPPORT,2.25,0.75,OOS_2022_2026,29,0.7241379310344828,2.0858079761912447,0.2682800089887684,0.25372543841650563,0.24644815313037433,7.780120260674284,2.25,3,5
BODY50_SUPPORT,2.25,0.75,YTD_2026,7,0.42857142857142855,0.5625,-0.25,-0.2682611271441477,-0.2773916907162214,-1.75,2.25,0,1
BODY50_SUPPORT,2.25,0.75,FULL_2012_2026,90,0.6,1.1162691923864834,0.044201178629632736,0.029310297018013118,0.021864856212203326,3.978106076666946,7.77339373239551,8,15
BODY50_SUPPORT,2.25,1.0,TRAIN_2012_2021,61,0.5081967213114754,0.947247893415664,-0.0251215361746683,-0.040172303362375594,-0.04769768695622926,-1.5324137066547663,9.0,6,10
BODY50_SUPPORT,2.25,1.0,OOS_2022_2026,29,0.6551724137931034,2.1600724845211148,0.3277021124847316,0.31314754191246885,0.30587025662633743,9.503361262057215,3.0,3,5
BODY50_SUPPORT,2.25,1.0,YTD_2026,7,0.42857142857142855,0.75,-0.14285714285714285,-0.16111827000129053,-0.17024883357336426,-1.0,2.0,0,1
BODY50_SUPPORT,2.25,1.0,FULL_2012_2026,90,0.5555555555555556,1.2140347125049797,0.08856608394891612,0.07367520233729649,0.06622976153148669,7.97094755540245,9.0,9,15
BODY50_SUPPORT,2.5,0.2,TRAIN_2012_2021,61,0.7868852459016393,0.7384615384615384,-0.05573770491803278,-0.06928339538696934,-0.07605624062143759,-3.3999999999999995,5.799999999999999,3,10
BODY50_SUPPORT,2.5,0.2,OOS_2022_2026,29,0.896551724137931,1.7333333333333336,0.07586206896551728,0.06276295545048075,0.05621339869296251,2.200000000000001,1.3999999999999995,3,5
BODY50_SUPPORT,2.5,0.2,YTD_2026,7,0.7142857142857143,0.5,-0.14285714285714285,-0.1592921572868757,-0.16750966450174218,-1.0,1.4,0,1
BODY50_SUPPORT,2.5,0.2,FULL_2012_2026,90,0.8222222222222222,0.9249999999999998,-0.013333333333333332,-0.026735126783790975,-0.0334360235090198,-1.2,5.799999999999999,6,15
BODY50_SUPPORT,2.5,0.25,TRAIN_2012_2021,61,0.7704918032786885,0.835660113824954,-0.0377173509254204,-0.05126304139435696,-0.05803588662882525,-2.3007584064506443,5.550758406450644,3,10
BODY50_SUPPORT,2.5,0.25,OOS_2022_2026,29,0.896551724137931,2.1666666666666665,0.1206896551724138,0.10759054165737733,0.10104098489985906,3.5,1.25,3,5
BODY50_SUPPORT,2.5,0.25,YTD_2026,7,0.7142857142857143,0.625,-0.10714285714285714,-0.12357787157259,-0.13179537878745645,-0.75,1.25,0,1
BODY50_SUPPORT,2.5,0.25,FULL_2012_2026,90,0.8111111111111111,1.070543623149962,0.01332490659499284,-7.688685546480833e-05,-0.006777783580693645,1.1992415935493557,5.550758406450644,6,15
BODY50_SUPPORT,2.5,0.3,TRAIN_2012_2021,61,0.7213114754098361,0.8164368320333987,-0.04828133526210364,-0.061827025731040194,-0.06859987096550849,-2.945161450988322,6.145161450988324,4,10
BODY50_SUPPORT,2.5,0.3,OOS_2022_2026,29,0.8275862068965517,1.44,0.07586206896551721,0.06276295545048073,0.05621339869296251,2.1999999999999993,2.0,3,5
BODY50_SUPPORT,2.5,0.3,YTD_2026,7,0.7142857142857143,0.75,-0.07142857142857142,-0.08786358585830431,-0.09608109307317074,-0.5,1.1,0,1
BODY50_SUPPORT,2.5,0.3,FULL_2012_2026,90,0.7555555555555555,0.964590991276337,-0.008279571677648036,-0.02168136512810567,-0.0283822618533345,-0.7451614509883233,6.145161450988324,7,15
BODY50_SUPPORT,2.5,0.4,TRAIN_2012_2021,61,0.6229508196721312,0.6804104226930282,-0.11549445001620201,-0.12904014048513854,-0.13581298571960682,-7.0451614509883225,11.24516145098832,4,10
BODY50_SUPPORT,2.5,0.4,OOS_2022_2026,29,0.7586206896551724,1.4311843324599962,0.0914222852333944,0.07832317171835791,0.07177361496083966,2.651246271768438,2.0,3,5
BODY50_SUPPORT,2.5,0.4,YTD_2026,7,0.5714285714285714,0.5333333333333333,-0.2,-0.21643501442973284,-0.2246525216445993,-1.4000000000000001,1.6,0,1
BODY50_SUPPORT,2.5,0.4,FULL_2012_2026,90,0.6666666666666666,0.8441495851410361,-0.04882127976910984,-0.062223073219567465,-0.06892396994479628,-4.393915179219886,11.24516145098832,7,15
BODY50_SUPPORT,2.5,0.5,TRAIN_2012_2021,61,0.6065573770491803,0.7668929520446003,-0.08806250435420662,-0.10160819482314319,-0.10838104005761146,-5.371812765606604,9.871812765606604,3,10
BODY50_SUPPORT,2.5,0.5,OOS_2022_2026,29,0.7586206896551724,1.7889804155749947,0.1672843541989116,0.15418524068387512,0.1476356839263569,4.851246271768437,2.0,3,5
BODY50_SUPPORT,2.5,0.5,YTD_2026,7,0.5714285714285714,0.6666666666666666,-0.14285714285714285,-0.1592921572868757,-0.16750966450174218,-1.0,1.5,0,1
BODY50_SUPPORT,2.5,0.5,FULL_2012_2026,90,0.6555555555555556,0.9821682013394407,-0.005784072153757405,-0.019185865604215036,-0.02588676232944389,-0.5205664938381664,9.871812765606604,6,15
BODY50_SUPPORT,2.5,0.6,TRAIN_2012_2021,61,0.5901639344262295,0.8514493057286349,-0.05855430763289513,-0.07209999810183171,-0.07887284333630001,-3.571812765606603,7.571812765606605,4,10
BODY50_SUPPORT,2.5,0.6,OOS_2022_2026,29,0.7586206896551724,2.0534017982973807,0.22334855981402946,0.21024944629899303,0.20369988954147467,6.477108234606854,2.0,3,5
BODY50_SUPPORT,2.5,0.6,YTD_2026,7,0.5714285714285714,0.7999999999999999,-0.08571428571428572,-0.10214930014401857,-0.11036680735888507,-0.6,1.4,0,1
BODY50_SUPPORT,2.5,0.6,FULL_2012_2026,90,0.6444444444444445,1.0962236407032637,0.03228106076666947,0.01887926731621182,0.01217837059098297,2.905295469000252,7.571812765606605,7,15
BODY50_SUPPORT,2.5,0.75,TRAIN_2012_2021,61,0.5409836065573771,0.8841743852021715,-0.04976355900506652,-0.06330924947400304,-0.07008209470847138,-3.035577099309058,7.821054359155959,5,10
BODY50_SUPPORT,2.5,0.75,OOS_2022_2026,29,0.6896551724137931,2.16251210591975,0.2618520009492684,0.248752887434232,0.24220333067671376,7.593708027528784,2.0,3,5
BODY50_SUPPORT,2.5,0.75,YTD_2026,7,0.42857142857142855,0.6697789840755505,-0.15847387261752985,-0.17490888704726265,-0.18312639426212915,-1.109317108322709,1.609317108322709,0,1
BODY50_SUPPORT,2.5,0.75,FULL_2012_2026,90,0.5888888888888889,1.1392207145607125,0.05064589920244143,0.03724410575198378,0.030543209026754923,4.558130928219729,7.821054359155959,8,15
BODY50_SUPPORT,2.5,1.0,TRAIN_2012_2021,61,0.4918032786885246,0.8932186367136808,-0.05112931035645044,-0.064675000825387,-0.07144784605985532,-3.118887931743477,10.376495936331795,6,10
BODY50_SUPPORT,2.5,1.0,OOS_2022_2026,29,0.6551724137931034,2.3400825466684854,0.3480588975009926,0.3349597839859561,0.3284102272284379,10.093708027528786,3.0,3,5
BODY50_SUPPORT,2.5,1.0,YTD_2026,7,0.42857142857142855,0.8930386454340673,-0.051331015474672705,-0.06776602990440551,-0.075983537119272,-0.3593171083227089,1.359317108322709,0,1
BODY50_SUPPORT,2.5,1.0,FULL_2012_2026,90,0.5444444444444444,1.1898410206122232,0.07749800106428122,0.06409620761382356,0.0573953108885947,6.97482009578531,10.376495936331795,9,15
BODY50_SUPPORT,3.0,0.2,TRAIN_2012_2021,61,0.819672131147541,0.9060031510264662,-0.016950251454243774,-0.028238326845024236,-0.03388236454041447,-1.0339653387088703,3.4339653387088704,6,10
BODY50_SUPPORT,3.0,0.2,OOS_2022_2026,29,0.9310344827586207,2.7000000000000006,0.11724137931034487,0.10632545138114775,0.10086748741654922,3.4000000000000012,1.0,4,5
BODY50_SUPPORT,3.0,0.2,YTD_2026,7,0.8571428571428571,1.2,0.028571428571428564,0.014875583213317898,0.0080276605342625,0.19999999999999996,1.0,1,1
BODY50_SUPPORT,3.0,0.2,FULL_2012_2026,90,0.8555555555555555,1.1820026662531633,0.026289274014345883,0.015121112805631191,0.00953703220127383,2.3660346612911294,3.4339653387088704,10,15
BODY50_SUPPORT,3.0,0.25,TRAIN_2012_2021,61,0.7704918032786885,0.8948402539678407,-0.022474883210222975,-0.03376295860100345,-0.039406996296393666,-1.3709678758236015,3.870967875823601,5,10
BODY50_SUPPORT,3.0,0.25,OOS_2022_2026,29,0.8620689655172413,1.6801084457528992,0.08724144946593085,0.07632552153673375,0.07086755757213524,2.5300020345119947,1.7199979654880053,3,5
BODY50_SUPPORT,3.0,0.25,YTD_2026,7,0.8571428571428571,1.5,0.07142857142857142,0.057732726070460726,0.05088480339140533,0.5,1.0,1,1
BODY50_SUPPORT,3.0,0.25,FULL_2012_2026,90,0.8,1.0691671614205878,0.012878157318759924,0.0017099961100452063,-0.0038740844943121393,1.1590341586883932,3.870967875823601,8,15
BODY50_SUPPORT,3.0,0.3,TRAIN_2012_2021,61,0.7049180327868853,0.8162451149606704,-0.04711340387707351,-0.05840147926785396,-0.06404551696324418,-2.873917636501484,5.773917636501483,6,10
BODY50_SUPPORT,3.0,0.3,OOS_2022_2026,29,0.7931034482758621,1.4244545468130285,0.07089795152824224,0.05998202359904517,0.05452405963444665,2.056040594319025,1.7199979654880053,3,5
BODY50_SUPPORT,3.0,0.3,YTD_2026,7,0.7142857142857143,0.75,-0.07142857142857142,-0.08512441678668219,-0.09197233946573749,-0.5,1.0,0,1
BODY50_SUPPORT,3.0,0.3,FULL_2012_2026,90,0.7333333333333333,0.9600722238007028,-0.009087522690916183,-0.020255683899630908,-0.025839764503988262,-0.8178770421824564,5.773917636501483,9,15
BODY50_SUPPORT,3.0,0.4,TRAIN_2012_2021,61,0.6557377049180327,0.8240628330861263,-0.053761645880055484,-0.06504972127083593,-0.07069375896622618,-3.2794603986833843,6.679460398683386,4,10
BODY50_SUPPORT,3.0,0.4,OOS_2022_2026,29,0.7931034482758621,1.899272729084039,0.15020829635582855,0.13929236842663142,0.13383440446203287,4.356040594319028,1.7199979654880053,4,5
BODY50_SUPPORT,3.0,0.4,YTD_2026,7,0.7142857142857143,1.0,0.0,-0.013695845358110732,-0.020543768037166035,0.0,1.0,1,1
BODY50_SUPPORT,3.0,0.4,FULL_2012_2026,90,0.7,1.0458433079305263,0.011962002173729329,0.0007938409650146447,-0.004790239639342693,1.0765801956356396,6.679460398683386,8,15
BODY50_SUPPORT,3.0,0.5,TRAIN_2012_2021,61,0.639344262295082,0.9603073209862122,-0.012576500698614851,-0.023864576089395316,-0.029508613784785545,-0.7671665426155059,5.102949760677881,4,10
BODY50_SUPPORT,3.0,0.5,OOS_2022_2026,29,0.7931034482758621,2.2753187449863135,0.21302042172474858,0.20210449379555145,0.19664652983095293,6.177592230017709,1.7199979654880053,4,5
BODY50_SUPPORT,3.0,0.5,YTD_2026,7,0.7142857142857143,1.25,0.07142857142857142,0.0577327260704607,0.05088480339140533,0.5,1.0,1,1
BODY50_SUPPORT,3.0,0.5,FULL_2012_2026,90,0.6888888888888889,1.2238338253383771,0.06011584097113558,0.04894767976242088,0.04336359915806351,5.410425687402202,5.102949760677881,8,15
BODY50_SUPPORT,3.0,0.6,TRAIN_2012_2021,61,0.5901639344262295,0.975999672276109,-0.00820778423611535,-0.019495859626895852,-0.025139897322286074,-0.5006748384030364,5.375042786146453,4,10
BODY50_SUPPORT,3.0,0.6,OOS_2022_2026,29,0.6896551724137931,2.143155303685653,0.2082377900060792,0.19732186207688215,0.1918638981122837,6.038895910176297,1.7199979654880053,3,5
BODY50_SUPPORT,3.0,0.6,YTD_2026,7,0.42857142857142855,0.7442238705060549,-0.08837529583980112,-0.10207114119791186,-0.10891906387696718,-0.6186270708786079,1.0,0,1
BODY50_SUPPORT,3.0,0.6,FULL_2012_2026,90,0.6222222222222222,1.2118366998400434,0.061535789686369566,0.05036762847765485,0.0447835478732975,5.538221071773261,5.375042786146453,7,15
BODY50_SUPPORT,3.0,0.75,TRAIN_2012_2021,61,0.5409836065573771,0.9806917488043697,-0.007145175983749255,-0.018433251374529717,-0.024077289069919967,-0.43585573500870456,6.703593862456891,5,10
BODY50_SUPPORT,3.0,0.75,OOS_2022_2026,29,0.6551724137931034,2.112411091027146,0.24099641069573446,0.23008048276653736,0.22462251880193881,6.988895910176299,2.7199979654880053,3,5
BODY50_SUPPORT,3.0,0.75,YTD_2026,7,0.42857142857142855,0.9302798381325688,-0.024089581554086834,-0.037785426912197564,-0.04463334959125292,-0.16862707087860784,1.0,0,1
BODY50_SUPPORT,3.0,0.75,FULL_2012_2026,90,0.5777777777777777,1.2270929412366993,0.07281155750186218,0.06164339629314745,0.0560593156887901,6.553040175167595,6.703593862456891,8,15
BODY50_SUPPORT,3.0,1.0,TRAIN_2012_2021,61,0.4918032786885246,0.993973723723615,-0.0024547530439522898,-0.01374282843473277,-0.01938686613012301,-0.14973993568108968,9.291873050417747,4,10
BODY50_SUPPORT,3.0,1.0,OOS_2022_2026,29,0.6206896551724138,2.2850333662222235,0.28129296478890514,0.2703770368597081,0.2649190728951096,8.157495978878249,2.7199979654880053,4,5
BODY50_SUPPORT,3.0,1.0,YTD_2026,7,0.42857142857142855,1.2083777978617936,0.07199831183980056,0.05830246648168983,0.05145454380263449,0.5039881828786039,1.0,1,1
BODY50_SUPPORT,3.0,1.0,FULL_2012_2026,90,0.5333333333333333,1.2566924240438728,0.0889750671466351,0.07780690593792038,0.07222282533356303,8.007756043197158,9.291873050417747,8,15
SMALLBODY40_SUPPORT,0.75,0.2,TRAIN_2012_2021,131,0.2595419847328244,0.07010309278350516,-0.6885496183206106,-0.735192741024685,-0.7585143023767221,-90.19999999999999,90.39999999999995,0,10
SMALLBODY40_SUPPORT,0.75,0.2,OOS_2022_2026,60,0.2,0.05000000000000001,-0.76,-0.8103021102594887,-0.8354531653892331,-45.6,45.79999999999999,0,5
SMALLBODY40_SUPPORT,0.75,0.2,YTD_2026,9,0.3333333333333333,0.10000000000000002,-0.6000000000000001,-0.6495743614504381,-0.674361542175657,-5.4,5.4,0,1
SMALLBODY40_SUPPORT,0.75,0.2,FULL_2012_2026,191,0.24083769633507854,0.06344827586206894,-0.7109947643979058,-0.7587873072764559,-0.7826835787157309,-135.8,135.8,0,15
SMALLBODY40_SUPPORT,0.75,0.25,TRAIN_2012_2021,131,0.2595419847328244,0.08762886597938144,-0.6755725190839694,-0.7222156417880438,-0.7455372031400811,-88.5,88.75,0,10
SMALLBODY40_SUPPORT,0.75,0.25,OOS_2022_2026,60,0.2,0.0625,-0.75,-0.8003021102594888,-0.8254531653892332,-45.0,45.25,0,5
SMALLBODY40_SUPPORT,0.75,0.25,YTD_2026,9,0.3333333333333333,0.125,-0.5833333333333334,-0.6329076947837714,-0.6576948755089903,-5.25,5.25,0,1
SMALLBODY40_SUPPORT,0.75,0.25,FULL_2012_2026,191,0.24083769633507854,0.07931034482758621,-0.6989528795811518,-0.746745422459702,-0.770641693898977,-133.5,133.5,0,15
SMALLBODY40_SUPPORT,0.75,0.3,TRAIN_2012_2021,131,0.2595419847328244,0.10515463917525775,-0.6625954198473283,-0.7092385425514026,-0.7325601039034398,-86.80000000000001,87.10000000000004,0,10
SMALLBODY40_SUPPORT,0.75,0.3,OOS_2022_2026,60,0.2,0.07499999999999998,-0.74,-0.7903021102594887,-0.8154531653892332,-44.4,44.70000000000001,0,5
SMALLBODY40_SUPPORT,0.75,0.3,YTD_2026,9,0.3333333333333333,0.15,-0.5666666666666667,-0.6162410281171048,-0.6410282088423238,-5.1,5.1,0,1
SMALLBODY40_SUPPORT,0.75,0.3,FULL_2012_2026,191,0.24083769633507854,0.09517241379310348,-0.6869109947643979,-0.734703537642948,-0.758599809082223,-131.2,131.20000000000007,0,15
SMALLBODY40_SUPPORT,0.75,0.4,TRAIN_2012_2021,131,0.25190839694656486,0.1346938775510204,-0.6473282442748093,-0.6939713669788835,-0.7172929283309207,-84.80000000000001,85.19999999999997,0,10
SMALLBODY40_SUPPORT,0.75,0.4,OOS_2022_2026,60,0.2,0.10000000000000002,-0.7200000000000001,-0.7703021102594886,-0.7954531653892332,-43.2,43.60000000000001,0,5
SMALLBODY40_SUPPORT,0.75,0.4,YTD_2026,9,0.3333333333333333,0.20000000000000004,-0.5333333333333333,-0.5829076947837714,-0.6076948755089904,-4.8,5.0,0,1
SMALLBODY40_SUPPORT,0.75,0.4,FULL_2012_2026,191,0.2356020942408377,0.12328767123287666,-0.670157068062827,-0.7179496109413773,-0.7418458823806524,-127.99999999999997,127.9999999999999,0,15
SMALLBODY40_SUPPORT,0.75,0.5,TRAIN_2012_2021,131,0.24427480916030533,0.16161616161616163,-0.6335877862595419,-0.6802309089636163,-0.7035524703156536,-83.0,83.5,0,10
SMALLBODY40_SUPPORT,0.75,0.5,OOS_2022_2026,60,0.18333333333333332,0.11224489795918367,-0.725,-0.7753021102594888,-0.8004531653892333,-43.5,44.0,0,5
SMALLBODY40_SUPPORT,0.75,0.5,YTD_2026,9,0.2222222222222222,0.14285714285714285,-0.6666666666666666,-0.7162410281171048,-0.7410282088423236,-6.0,6.0,0,1
SMALLBODY40_SUPPORT,0.75,0.5,FULL_2012_2026,191,0.225130890052356,0.14527027027027026,-0.662303664921466,-0.7100962078000161,-0.7339924792392912,-126.5,126.5,0,15
SMALLBODY40_SUPPORT,0.75,0.6,TRAIN_2012_2021,131,0.24427480916030533,0.19393939393939394,-0.6091603053435115,-0.6558034280475858,-0.6791249893996228,-79.80000000000001,80.4,0,10
SMALLBODY40_SUPPORT,0.75,0.6,OOS_2022_2026,60,0.18333333333333332,0.13469387755102039,-0.7066666666666667,-0.7569687769261554,-0.7821198320558999,-42.4,42.99999999999999,0,5
SMALLBODY40_SUPPORT,0.75,0.6,YTD_2026,9,0.2222222222222222,0.17142857142857143,-0.6444444444444444,-0.6940188058948826,-0.7188059866201014,-5.8,6.0,0,1
SMALLBODY40_SUPPORT,0.75,0.6,FULL_2012_2026,191,0.225130890052356,0.17432432432432435,-0.6397905759162305,-0.6875831187947805,-0.7114793902340555,-122.20000000000002,122.20000000000007,0,15
SMALLBODY40_SUPPORT,0.75,0.75,TRAIN_2012_2021,131,0.24427480916030533,0.24242424242424243,-0.5725190839694656,-0.6191622066735399,-0.6424837680255772,-75.0,75.75,0,10
SMALLBODY40_SUPPORT,0.75,0.75,OOS_2022_2026,60,0.18333333333333332,0.1683673469387755,-0.6791666666666667,-0.7294687769261554,-0.7546198320558999,-40.75,41.5,0,5
SMALLBODY40_SUPPORT,0.75,0.75,YTD_2026,9,0.2222222222222222,0.21428571428571427,-0.6111111111111112,-0.6606854725615492,-0.6854726532867681,-5.5,6.0,0,1
SMALLBODY40_SUPPORT,0.75,0.75,FULL_2012_2026,191,0.225130890052356,0.2179054054054054,-0.606020942408377,-0.6538134852869271,-0.6777097567262022,-115.75,115.75,0,15
SMALLBODY40_SUPPORT,0.75,1.0,TRAIN_2012_2021,131,0.22137404580152673,0.28431372549019607,-0.5572519083969466,-0.6038950311010208,-0.6272165924530582,-73.0,74.0,0,10
SMALLBODY40_SUPPORT,0.75,1.0,OOS_2022_2026,60,0.16666666666666666,0.2,-0.6666666666666666,-0.7169687769261553,-0.7421198320558999,-40.0,41.0,0,5
SMALLBODY40_SUPPORT,0.75,1.0,YTD_2026,9,0.2222222222222222,0.2857142857142857,-0.5555555555555556,-0.6051299170059936,-0.6299170977312125,-5.0,6.0,0,1
SMALLBODY40_SUPPORT,0.75,1.0,FULL_2012_2026,191,0.20418848167539266,0.2565789473684211,-0.5916230366492147,-0.6394155795277648,-0.6633118509670397,-113.0,113.0,0,15
SMALLBODY40_SUPPORT,1.0,0.2,TRAIN_2012_2021,131,0.4961832061068702,0.19696969696969693,-0.4045801526717557,-0.43956249469981157,-0.4570536657138394,-52.99999999999999,53.39999999999999,1,10
SMALLBODY40_SUPPORT,1.0,0.2,OOS_2022_2026,60,0.43333333333333335,0.15294117647058827,-0.48000000000000004,-0.5177265826946166,-0.5365898740419249,-28.8,29.00000000000001,0,5
SMALLBODY40_SUPPORT,1.0,0.2,YTD_2026,9,0.5555555555555556,0.25,-0.3333333333333333,-0.3705141044211619,-0.38910448996507613,-3.0,3.0,0,1
SMALLBODY40_SUPPORT,1.0,0.2,FULL_2012_2026,191,0.47643979057591623,0.18199999999999997,-0.42827225130890045,-0.464116658467813,-0.48203886204726937,-81.79999999999998,81.99999999999991,1,15
SMALLBODY40_SUPPORT,1.0,0.25,TRAIN_2012_2021,131,0.48854961832061067,0.23880597014925373,-0.3893129770992366,-0.42429531912729246,-0.4417864901413203,-51.0,51.5,0,10
SMALLBODY40_SUPPORT,1.0,0.25,OOS_2022_2026,60,0.4166666666666667,0.17857142857142858,-0.4791666666666667,-0.5168932493612832,-0.5357565407085915,-28.75,29.0,0,5
SMALLBODY40_SUPPORT,1.0,0.25,YTD_2026,9,0.5555555555555556,0.3125,-0.3055555555555556,-0.3427363266433841,-0.3613267121872984,-2.75,3.0,0,1
SMALLBODY40_SUPPORT,1.0,0.25,FULL_2012_2026,191,0.46596858638743455,0.2181372549019608,-0.4175392670157068,-0.45338367417461933,-0.47130587775407556,-79.75,80.0,0,15
SMALLBODY40_SUPPORT,1.0,0.3,TRAIN_2012_2021,131,0.48091603053435117,0.2779411764705883,-0.3748091603053435,-0.40979150233339934,-0.42728267334742714,-49.1,49.70000000000002,1,10
SMALLBODY40_SUPPORT,1.0,0.3,OOS_2022_2026,60,0.4166666666666667,0.21428571428571427,-0.4583333333333333,-0.4960599160279499,-0.5149232073752582,-27.5,27.79999999999999,0,5
SMALLBODY40_SUPPORT,1.0,0.3,YTD_2026,9,0.5555555555555556,0.375,-0.2777777777777778,-0.31495854886560637,-0.3335489344095206,-2.5,3.0,0,1
SMALLBODY40_SUPPORT,1.0,0.3,FULL_2012_2026,191,0.4607329842931937,0.25631067961165044,-0.4010471204188482,-0.43689152757776073,-0.45481373115721707,-76.60000000000001,76.90000000000009,1,15
SMALLBODY40_SUPPORT,1.0,0.4,TRAIN_2012_2021,131,0.46564885496183206,0.3485714285714285,-0.3480916030534351,-0.38307394508149084,-0.40056511609551876,-45.6,46.40000000000003,1,10
SMALLBODY40_SUPPORT,1.0,0.4,OOS_2022_2026,60,0.4,0.2666666666666667,-0.44000000000000006,-0.4777265826946165,-0.49658987404192484,-26.400000000000002,26.800000000000022,0,5
SMALLBODY40_SUPPORT,1.0,0.4,YTD_2026,9,0.4444444444444444,0.32,-0.37777777777777777,-0.4149585488656063,-0.43354893440952064,-3.4,3.4,0,1
SMALLBODY40_SUPPORT,1.0,0.4,FULL_2012_2026,191,0.44502617801047123,0.320754716981132,-0.3769633507853403,-0.41280775794425284,-0.4307299615237092,-72.0,72.39999999999998,1,15
SMALLBODY40_SUPPORT,1.0,0.5,TRAIN_2012_2021,131,0.45038167938931295,0.4097222222222222,-0.3244274809160305,-0.3594098229440863,-0.3769009939581142,-42.5,43.5,0,10
SMALLBODY40_SUPPORT,1.0,0.5,OOS_2022_2026,60,0.4,0.3333333333333333,-0.4,-0.43772658269461656,-0.4565898740419249,-24.0,24.5,0,5
SMALLBODY40_SUPPORT,1.0,0.5,YTD_2026,9,0.4444444444444444,0.4,-0.3333333333333333,-0.3705141044211619,-0.38910448996507613,-3.0,3.0,0,1
SMALLBODY40_SUPPORT,1.0,0.5,FULL_2012_2026,191,0.43455497382198954,0.38425925925925924,-0.3481675392670157,-0.38401194642592823,-0.40193415000538446,-66.5,67.0,0,15
SMALLBODY40_SUPPORT,1.0,0.6,TRAIN_2012_2021,131,0.4351145038167939,0.4621621621621622,-0.30381679389312977,-0.33879913592118555,-0.3562903069352134,-39.8,41.599999999999994,1,10
SMALLBODY40_SUPPORT,1.0,0.6,OOS_2022_2026,60,0.35,0.32307692307692304,-0.44,-0.4777265826946166,-0.4965898740419249,-26.4,26.999999999999986,0,5
SMALLBODY40_SUPPORT,1.0,0.6,YTD_2026,9,0.4444444444444444,0.48,-0.2888888888888889,-0.32606965997671744,-0.34466004552063173,-2.6,3.0,0,1
SMALLBODY40_SUPPORT,1.0,0.6,FULL_2012_2026,191,0.4083769633507853,0.41415929203539825,-0.3465968586387434,-0.382441265797656,-0.4003634693771123,-66.19999999999999,67.39999999999996,1,15
SMALLBODY40_SUPPORT,1.0,0.75,TRAIN_2012_2021,131,0.3816793893129771,0.46296296296296297,-0.3320610687022901,-0.36704341073034585,-0.38453458174437377,-43.5,46.5,1,10
SMALLBODY40_SUPPORT,1.0,0.75,OOS_2022_2026,60,0.3333333333333333,0.375,-0.4166666666666667,-0.4543932493612832,-0.4732565407085916,-25.0,25.75,0,5
SMALLBODY40_SUPPORT,1.0,0.75,YTD_2026,9,0.4444444444444444,0.6,-0.2222222222222222,-0.2594029933100508,-0.2779933788539651,-2.0,3.0,0,1
SMALLBODY40_SUPPORT,1.0,0.75,FULL_2012_2026,191,0.36649214659685864,0.43388429752066116,-0.3586387434554974,-0.39448315061440997,-0.41240535419386615,-68.5,70.75,1,15
SMALLBODY40_SUPPORT,1.0,1.0,TRAIN_2012_2021,131,0.366412213740458,0.5783132530120482,-0.26717557251908397,-0.30215791454713975,-0.31964908556116767,-35.0,40.0,1,10
SMALLBODY40_SUPPORT,1.0,1.0,OOS_2022_2026,60,0.21666666666666667,0.2765957446808511,-0.5666666666666667,-0.6043932493612832,-0.6232565407085915,-34.0,35.0,0,5
SMALLBODY40_SUPPORT,1.0,1.0,YTD_2026,9,0.2222222222222222,0.2857142857142857,-0.5555555555555556,-0.5927363266433842,-0.6113267121872984,-5.0,5.0,0,1
SMALLBODY40_SUPPORT,1.0,1.0,FULL_2012_2026,191,0.3193717277486911,0.46923076923076923,-0.3612565445026178,-0.3971009516615304,-0.4150231552409866,-69.0,73.0,1,15
SMALLBODY40_SUPPORT,1.25,0.2,TRAIN_2012_2021,131,0.6793893129770993,0.42380952380952375,-0.18473282442748093,-0.21271869804992552,-0.22671163486114784,-24.200000000000003,27.000000000000014,2,10
SMALLBODY40_SUPPORT,1.25,0.2,OOS_2022_2026,60,0.6333333333333333,0.3454545454545455,-0.24000000000000005,-0.27018126615569327,-0.2852718992335399,-14.400000000000002,14.800000000000011,1,5
SMALLBODY40_SUPPORT,1.25,0.2,YTD_2026,9,0.6666666666666666,0.39999999999999997,-0.2,-0.2297446168702628,-0.24461692530539425,-1.8,2.0,0,1
SMALLBODY40_SUPPORT,1.25,0.2,FULL_2012_2026,191,0.6649214659685864,0.396875,-0.2020942408376963,-0.23076976656482637,-0.24510752942839137,-38.599999999999994,41.39999999999996,3,15
SMALLBODY40_SUPPORT,1.25,0.25,TRAIN_2012_2021,131,0.648854961832061,0.46195652173913043,-0.18893129770992367,-0.2169171713323683,-0.23091010814359056,-24.75,27.5,2,10
SMALLBODY40_SUPPORT,1.25,0.25,OOS_2022_2026,60,0.6166666666666667,0.40217391304347827,-0.22916666666666666,-0.2593479328223599,-0.27443856590020654,-13.75,14.25,1,5
SMALLBODY40_SUPPORT,1.25,0.25,YTD_2026,9,0.5555555555555556,0.3125,-0.3055555555555556,-0.3353001724258184,-0.3501724808609498,-2.75,3.0,0,1
SMALLBODY40_SUPPORT,1.25,0.25,FULL_2012_2026,191,0.6387434554973822,0.4420289855072464,-0.20157068062827224,-0.23024620635540236,-0.2445839692189673,-38.5,41.25,3,15
SMALLBODY40_SUPPORT,1.25,0.3,TRAIN_2012_2021,131,0.6412213740458015,0.5361702127659574,-0.166412213740458,-0.19439808736290268,-0.20839102417412492,-21.799999999999997,25.699999999999985,2,10
SMALLBODY40_SUPPORT,1.25,0.3,OOS_2022_2026,60,0.6166666666666667,0.48260869565217407,-0.1983333333333333,-0.22851459948902655,-0.2436052325668732,-11.899999999999999,12.499999999999991,1,5
SMALLBODY40_SUPPORT,1.25,0.3,YTD_2026,9,0.5555555555555556,0.375,-0.2777777777777778,-0.3075223946480406,-0.32239470308317203,-2.5,2.8,0,1
SMALLBODY40_SUPPORT,1.25,0.3,FULL_2012_2026,191,0.6335078534031413,0.5185714285714285,-0.17643979057591624,-0.20511531630304633,-0.2194530791666113,-33.7,37.59999999999996,3,15
SMALLBODY40_SUPPORT,1.25,0.4,TRAIN_2012_2021,131,0.6183206106870229,0.648,-0.13435114503816795,-0.16233701866061254,-0.17632995547183486,-17.6,24.000000000000004,2,10
SMALLBODY40_SUPPORT,1.25,0.4,OOS_2022_2026,60,0.6,0.6000000000000001,-0.16000000000000003,-0.19018126615569317,-0.20527189923353983,-9.600000000000001,10.399999999999991,1,5
SMALLBODY40_SUPPORT,1.25,0.4,YTD_2026,9,0.5555555555555556,0.5,-0.2222222222222222,-0.25196683909248496,-0.26683914752761656,-2.0,2.4,0,1
SMALLBODY40_SUPPORT,1.25,0.4,FULL_2012_2026,191,0.612565445026178,0.6324324324324324,-0.1424083769633508,-0.17108390269048082,-0.18542166555404582,-27.200000000000003,33.40000000000006,3,15
SMALLBODY40_SUPPORT,1.25,0.5,TRAIN_2012_2021,131,0.6030534351145038,0.7596153846153846,-0.09541984732824428,-0.1234057209506889,-0.13739865776191124,-12.5,19.5,3,10
SMALLBODY40_SUPPORT,1.25,0.5,OOS_2022_2026,60,0.55,0.6111111111111112,-0.175,-0.20518126615569324,-0.22027189923353985,-10.5,11.5,0,5
SMALLBODY40_SUPPORT,1.25,0.5,YTD_2026,9,0.5555555555555556,0.625,-0.16666666666666666,-0.19641128353692947,-0.21128359197206092,-1.5,2.0,0,1
SMALLBODY40_SUPPORT,1.25,0.5,FULL_2012_2026,191,0.5863874345549738,0.7088607594936709,-0.12041884816753927,-0.14909437389466934,-0.16343213675823431,-23.0,28.5,3,15
SMALLBODY40_SUPPORT,1.25,0.6,TRAIN_2012_2021,131,0.5343511450381679,0.6976499007186543,-0.13894744764125874,-0.16693332126370336,-0.18092625807492566,-18.202115641004895,23.80211564100489,3,10
SMALLBODY40_SUPPORT,1.25,0.6,OOS_2022_2026,60,0.5166666666666667,0.6413793103448278,-0.17333333333333337,-0.2035145994890266,-0.21860523256687317,-10.400000000000002,11.600000000000005,0,5
SMALLBODY40_SUPPORT,1.25,0.6,YTD_2026,9,0.5555555555555556,0.75,-0.1111111111111111,-0.1408557279813739,-0.1557280364165054,-1.0,2.0,0,1
SMALLBODY40_SUPPORT,1.25,0.6,FULL_2012_2026,191,0.5287958115183246,0.6793560843768045,-0.1497492965497638,-0.17842482227689388,-0.19276258514045894,-28.602115641004886,32.60211564100483,3,15
SMALLBODY40_SUPPORT,1.25,0.75,TRAIN_2012_2021,131,0.5114503816793893,0.7950683215325518,-0.09887111176339614,-0.12685698538584075,-0.14084992219706305,-12.952115641004895,21.75,4,10
SMALLBODY40_SUPPORT,1.25,0.75,OOS_2022_2026,60,0.4666666666666667,0.65625,-0.18333333333333332,-0.2135145994890266,-0.2286052325668732,-11.0,12.5,0,5
SMALLBODY40_SUPPORT,1.25,0.75,YTD_2026,9,0.4444444444444444,0.6,-0.2222222222222222,-0.251966839092485,-0.2668391475276165,-2.0,2.75,0,1
SMALLBODY40_SUPPORT,1.25,0.75,FULL_2012_2026,191,0.4973821989528796,0.7484077377930834,-0.12540374681154395,-0.154079272538674,-0.168417035402239,-23.952115641004895,30.25,4,15
SMALLBODY40_SUPPORT,1.25,1.0,TRAIN_2012_2021,131,0.46564885496183206,0.8814759409444294,-0.06261156977866332,-0.09059744340110795,-0.10459038021233022,-8.202115641004895,20.0,4,10
SMALLBODY40_SUPPORT,1.25,1.0,OOS_2022_2026,60,0.4,0.6666666666666666,-0.2,-0.2301812661556933,-0.24527189923353987,-12.0,14.0,0,5
SMALLBODY40_SUPPORT,1.25,1.0,YTD_2026,9,0.3333333333333333,0.5,-0.3333333333333333,-0.3630779502035961,-0.3779502586387276,-3.0,4.0,0,1
SMALLBODY40_SUPPORT,1.25,1.0,FULL_2012_2026,191,0.44502617801047123,0.8079685420971642,-0.1057702389581408,-0.1344457646852709,-0.14878352754883586,-20.202115641004895,30.0,4,15
SMALLBODY40_SUPPORT,1.5,0.2,TRAIN_2012_2021,131,0.7557251908396947,0.6187499999999999,-0.09312977099236643,-0.1164513323444036,-0.12811211302042216,-12.200000000000001,17.60000000000001,3,10
SMALLBODY40_SUPPORT,1.5,0.2,OOS_2022_2026,60,0.7,0.46666666666666656,-0.16000000000000003,-0.18515105512974434,-0.19772658269461654,-9.600000000000001,9.999999999999998,1,5
SMALLBODY40_SUPPORT,1.5,0.2,YTD_2026,9,0.6666666666666666,0.39999999999999997,-0.2,-0.22478718072521897,-0.23718077108782853,-1.8,2.0,0,1
SMALLBODY40_SUPPORT,1.5,0.2,FULL_2012_2026,191,0.7382198952879581,0.564,-0.11413612565445026,-0.13803239709372533,-0.14998053281336285,-21.8,27.000000000000043,4,15
SMALLBODY40_SUPPORT,1.5,0.25,TRAIN_2012_2021,131,0.732824427480916,0.6857142857142857,-0.08396946564885496,-0.10729102700089214,-0.11895180767691071,-11.0,16.75,2,10
SMALLBODY40_SUPPORT,1.5,0.25,OOS_2022_2026,60,0.6833333333333333,0.5394736842105263,-0.14583333333333334,-0.1709843884630777,-0.18355991602794988,-8.75,9.25,1,5
SMALLBODY40_SUPPORT,1.5,0.25,YTD_2026,9,0.5555555555555556,0.3125,-0.3055555555555556,-0.33034273628077454,-0.3427363266433841,-2.75,3.0,0,1
SMALLBODY40_SUPPORT,1.5,0.25,FULL_2012_2026,191,0.7172774869109948,0.6342592592592593,-0.10340314136125654,-0.1272994128005316,-0.13924754852016913,-19.75,25.0,3,15
SMALLBODY40_SUPPORT,1.5,0.3,TRAIN_2012_2021,131,0.732824427480916,0.8228571428571426,-0.04732824427480916,-0.07064980562684633,-0.08231058630286495,-6.2,13.500000000000004,4,10
SMALLBODY40_SUPPORT,1.5,0.3,OOS_2022_2026,60,0.6666666666666666,0.6,-0.13333333333333333,-0.15848438846307772,-0.17105991602794993,-8.0,8.600000000000005,1,5
SMALLBODY40_SUPPORT,1.5,0.3,YTD_2026,9,0.5555555555555556,0.375,-0.2777777777777778,-0.3025649585029968,-0.3149585488656063,-2.5,2.8,0,1
SMALLBODY40_SUPPORT,1.5,0.3,FULL_2012_2026,191,0.7120418848167539,0.7418181818181818,-0.07434554973821987,-0.09824182117749494,-0.11018995689713247,-14.199999999999996,20.69999999999998,5,15
SMALLBODY40_SUPPORT,1.5,0.4,TRAIN_2012_2021,131,0.6717557251908397,0.8186046511627906,-0.05954198473282441,-0.08286354608486159,-0.09452432676088018,-7.799999999999998,13.999999999999993,3,10
SMALLBODY40_SUPPORT,1.5,0.4,OOS_2022_2026,60,0.5833333333333334,0.56,-0.18333333333333332,-0.20848438846307768,-0.22105991602794986,-11.0,11.799999999999995,0,5
SMALLBODY40_SUPPORT,1.5,0.4,YTD_2026,9,0.5555555555555556,0.5,-0.2222222222222222,-0.2470094029474412,-0.25940299331005073,-2.0,2.4,0,1
SMALLBODY40_SUPPORT,1.5,0.4,FULL_2012_2026,191,0.643979057591623,0.723529411764706,-0.09842931937172773,-0.12232559081100279,-0.13427372653064032,-18.799999999999997,23.599999999999987,3,15
SMALLBODY40_SUPPORT,1.5,0.5,TRAIN_2012_2021,131,0.6030534351145038,0.7719603714818231,-0.08907198244914055,-0.11239354380117772,-0.1240543244771963,-11.668429700837413,19.168429700837414,2,10
SMALLBODY40_SUPPORT,1.5,0.5,OOS_2022_2026,60,0.55,0.6111111111111112,-0.175,-0.20015105512974438,-0.21272658269461656,-10.5,11.5,0,5
SMALLBODY40_SUPPORT,1.5,0.5,YTD_2026,9,0.5555555555555556,0.625,-0.16666666666666666,-0.1914538473918857,-0.2038474377544952,-1.5,2.0,0,1
SMALLBODY40_SUPPORT,1.5,0.5,FULL_2012_2026,191,0.5863874345549738,0.7164017521436801,-0.11606507696773516,-0.1399613484070102,-0.1519094841266477,-22.168429700837414,26.668429700837414,2,15
SMALLBODY40_SUPPORT,1.5,0.6,TRAIN_2012_2021,131,0.5801526717557252,0.8418187540573112,-0.06540786031173598,-0.08872942166377316,-0.10039020233979173,-8.568429700837413,17.768429700837416,2,10
SMALLBODY40_SUPPORT,1.5,0.6,OOS_2022_2026,60,0.5166666666666667,0.6413793103448278,-0.17333333333333334,-0.19848438846307775,-0.2110599160279499,-10.4,11.600000000000005,0,5
SMALLBODY40_SUPPORT,1.5,0.6,YTD_2026,9,0.5555555555555556,0.75,-0.1111111111111111,-0.13589829183633015,-0.14829188219893968,-1.0,2.0,0,1
SMALLBODY40_SUPPORT,1.5,0.6,FULL_2012_2026,191,0.5602094240837696,0.7719275238324426,-0.09931115026616445,-0.1232074217054395,-0.13515555742507704,-18.96842970083741,24.568429700837417,2,15
SMALLBODY40_SUPPORT,1.5,0.75,TRAIN_2012_2021,131,0.549618320610687,0.9201461310785098,-0.03545781802060749,-0.058779379372644644,-0.07044016004866324,-4.644974160699581,13.976544459862168,3,10
SMALLBODY40_SUPPORT,1.5,0.75,OOS_2022_2026,60,0.45,0.6136363636363636,-0.2125,-0.23765105512974438,-0.25022658269461656,-12.75,14.25,0,5
SMALLBODY40_SUPPORT,1.5,0.75,YTD_2026,9,0.3333333333333333,0.375,-0.4166666666666667,-0.4414538473918857,-0.4538474377544952,-3.75,4.5,0,1
SMALLBODY40_SUPPORT,1.5,0.75,FULL_2012_2026,191,0.518324607329843,0.8091995856703914,-0.09107316314502398,-0.11496943458429904,-0.12691757030393652,-17.39497416069958,25.47654445986217,3,15
SMALLBODY40_SUPPORT,1.5,1.0,TRAIN_2012_2021,131,0.48854961832061067,0.9562484076803935,-0.02209903939465329,-0.04542060074669045,-0.05708138142270905,-2.894974160699581,15.726544459862168,3,10
SMALLBODY40_SUPPORT,1.5,1.0,OOS_2022_2026,60,0.38333333333333336,0.6216216216216216,-0.23333333333333334,-0.2584843884630777,-0.2710599160279499,-14.0,15.0,0,5
SMALLBODY40_SUPPORT,1.5,1.0,YTD_2026,9,0.2222222222222222,0.2857142857142857,-0.5555555555555556,-0.5803427362807745,-0.5927363266433842,-5.0,5.0,0,1
SMALLBODY40_SUPPORT,1.5,1.0,FULL_2012_2026,191,0.45549738219895286,0.8362389133023468,-0.08845536209790356,-0.1123516335371786,-0.12429976925681611,-16.89497416069958,26.72654445986217,3,15
SMALLBODY40_SUPPORT,1.75,0.2,TRAIN_2012_2021,131,0.8091603053435115,0.848,-0.029007633587786255,-0.048997543318103826,-0.05899249818326263,-3.7999999999999994,8.4,5,10
SMALLBODY40_SUPPORT,1.75,0.2,OOS_2022_2026,60,0.6833333333333333,0.431578947368421,-0.18000000000000002,-0.20155804725406665,-0.21233707088109993,-10.8,11.2,1,5
SMALLBODY40_SUPPORT,1.75,0.2,YTD_2026,9,0.5555555555555556,0.25,-0.3333333333333333,-0.3545794882406639,-0.3652025656943292,-3.0,3.2,0,1
SMALLBODY40_SUPPORT,1.75,0.2,FULL_2012_2026,191,0.7696335078534031,0.6681818181818181,-0.07643979057591624,-0.09692230895243771,-0.1071635681406984,-14.600000000000001,18.600000000000012,6,15
SMALLBODY40_SUPPORT,1.75,0.25,TRAIN_2012_2021,131,0.8015267175572519,1.0096153846153846,0.0019083969465648854,-0.018081512783752706,-0.028076467648911495,0.25,6.0,6,10
SMALLBODY40_SUPPORT,1.75,0.25,OOS_2022_2026,60,0.6666666666666666,0.5,-0.16666666666666666,-0.18822471392073326,-0.19900373754776657,-10.0,10.5,1,5
SMALLBODY40_SUPPORT,1.75,0.25,YTD_2026,9,0.5555555555555556,0.3125,-0.3055555555555556,-0.32680171046288614,-0.33742478791655145,-2.75,3.0,0,1
SMALLBODY40_SUPPORT,1.75,0.25,FULL_2012_2026,191,0.7591623036649214,0.7880434782608695,-0.051047120418848166,-0.07152963879536964,-0.08177089798363035,-9.75,15.0,7,15
SMALLBODY40_SUPPORT,1.75,0.3,TRAIN_2012_2021,131,0.7709923664122137,1.01,0.002290076335877858,-0.01769983339443973,-0.02769478825959853,0.2999999999999994,7.600000000000005,5,10
SMALLBODY40_SUPPORT,1.75,0.3,OOS_2022_2026,60,0.6333333333333333,0.5181818181818184,-0.17666666666666664,-0.1982247139207333,-0.2090037375477666,-10.599999999999998,11.200000000000003,1,5
SMALLBODY40_SUPPORT,1.75,0.3,YTD_2026,9,0.5555555555555556,0.375,-0.2777777777777778,-0.29902393268510835,-0.3096470101387736,-2.5,2.8,0,1
SMALLBODY40_SUPPORT,1.75,0.3,FULL_2012_2026,191,0.7277486910994765,0.801923076923077,-0.053926701570680614,-0.0744092199472021,-0.08465047913546285,-10.299999999999997,16.800000000000004,6,15
SMALLBODY40_SUPPORT,1.75,0.4,TRAIN_2012_2021,131,0.6870229007633588,0.8977025023995342,-0.03131581937421189,-0.05130572910452946,-0.06130068396968825,-4.102372338021758,10.10237233802176,4,10
SMALLBODY40_SUPPORT,1.75,0.4,OOS_2022_2026,60,0.6,0.6000000000000001,-0.16,-0.1815580472540666,-0.1923370708810999,-9.6,10.399999999999995,0,5
SMALLBODY40_SUPPORT,1.75,0.4,YTD_2026,9,0.5555555555555556,0.5,-0.2222222222222222,-0.2434683771295528,-0.2540914545832181,-2.0,2.4,0,1
SMALLBODY40_SUPPORT,1.75,0.4,FULL_2012_2026,191,0.6596858638743456,0.7862423520651152,-0.07174016930901443,-0.09222268768553588,-0.10246394687379659,-13.702372338021757,17.102372338021745,4,15
SMALLBODY40_SUPPORT,1.75,0.5,TRAIN_2012_2021,131,0.6564885496183206,0.9750042394642028,-0.008415056015433265,-0.028404965745750858,-0.038399920610909646,-1.1023723380217576,10.5,5,10
SMALLBODY40_SUPPORT,1.75,0.5,OOS_2022_2026,60,0.5833333333333334,0.7,-0.125,-0.1465580472540666,-0.15733707088109988,-7.5,8.5,1,5
SMALLBODY40_SUPPORT,1.75,0.5,YTD_2026,9,0.5555555555555556,0.625,-0.16666666666666666,-0.18791282157399725,-0.19853589902766255,-1.5,2.0,0,1
SMALLBODY40_SUPPORT,1.75,0.5,FULL_2012_2026,191,0.6335078534031413,0.8755126336916146,-0.04503859862838616,-0.06552111700490765,-0.07576237619316835,-8.602372338021757,13.5,6,15
SMALLBODY40_SUPPORT,1.75,0.6,TRAIN_2012_2021,131,0.6106870229007634,0.9580384672438691,-0.016048643801692818,-0.03603855353201041,-0.04603350839716919,-2.102372338021759,10.400000000000002,5,10
SMALLBODY40_SUPPORT,1.75,0.6,OOS_2022_2026,60,0.48333333333333334,0.5612903225806453,-0.22666666666666666,-0.24822471392073328,-0.2590037375477665,-13.6,14.800000000000004,0,5
SMALLBODY40_SUPPORT,1.75,0.6,YTD_2026,9,0.3333333333333333,0.3,-0.4666666666666667,-0.48791282157399724,-0.4985358990276626,-4.2,4.8,0,1
SMALLBODY40_SUPPORT,1.75,0.6,FULL_2012_2026,191,0.5706806282722513,0.806388248760754,-0.0822113734974961,-0.10269389187401758,-0.11293515106227829,-15.702372338021757,23.20000000000001,5,15
SMALLBODY40_SUPPORT,1.75,0.75,TRAIN_2012_2021,131,0.5572519083969466,0.9497747333846439,-0.0218929914125685,-0.04188290114288607,-0.05187785600804487,-2.8679818750464734,12.515609537024716,3,10
SMALLBODY40_SUPPORT,1.75,0.75,OOS_2022_2026,60,0.43333333333333335,0.5529159866252293,-0.2533476075790367,-0.27490565483310336,-0.2856846784601366,-15.200856454742201,16.7008564547422,0,5
SMALLBODY40_SUPPORT,1.75,0.75,YTD_2026,9,0.3333333333333333,0.375,-0.4166666666666667,-0.43791282157399714,-0.44853589902766244,-3.75,4.5,0,1
SMALLBODY40_SUPPORT,1.75,0.75,FULL_2012_2026,191,0.518324607329843,0.8016644587174203,-0.0946012477999407,-0.11508376617646218,-0.1253250253647229,-18.068838329788672,26.466465991766917,3,15
SMALLBODY40_SUPPORT,1.75,1.0,TRAIN_2012_2021,131,0.4732824427480916,0.9063411460757295,-0.04830379428392156,-0.06829370401423916,-0.07828865887939795,-6.327797051193724,15.225424713171968,4,10
SMALLBODY40_SUPPORT,1.75,1.0,OOS_2022_2026,60,0.38333333333333336,0.595922798520481,-0.24918094091237003,-0.27073898816643666,-0.28151801179346997,-14.950856454742201,16.0,1,5
SMALLBODY40_SUPPORT,1.75,1.0,YTD_2026,9,0.2222222222222222,0.2857142857142857,-0.5555555555555556,-0.576801710462886,-0.5874247879165514,-5.0,5.0,0,1
SMALLBODY40_SUPPORT,1.75,1.0,FULL_2012_2026,191,0.44502617801047123,0.7964976248889926,-0.11140656285830329,-0.13188908123482476,-0.1421303404230855,-21.278653505935928,29.17628116791417,5,15
SMALLBODY40_SUPPORT,2.0,0.2,TRAIN_2012_2021,131,0.816793893129771,0.8916666666666666,-0.019847328244274806,-0.03733849925830269,-0.04608408476531663,-2.5999999999999996,7.2,5,10
SMALLBODY40_SUPPORT,2.0,0.2,OOS_2022_2026,60,0.7333333333333333,0.5499999999999998,-0.11999999999999998,-0.13886329134730827,-0.14829493702096241,-7.199999999999999,7.599999999999995,1,5
SMALLBODY40_SUPPORT,2.0,0.2,YTD_2026,9,0.5555555555555556,0.25,-0.3333333333333333,-0.35192371887724755,-0.36121891164920483,-3.0,3.2,0,1
SMALLBODY40_SUPPORT,2.0,0.2,FULL_2012_2026,191,0.7905759162303665,0.7549999999999998,-0.05130890052356022,-0.06923110410301649,-0.07819220589274462,-9.800000000000002,13.799999999999994,6,15
SMALLBODY40_SUPPORT,2.0,0.25,TRAIN_2012_2021,131,0.7938931297709924,0.9629629629629629,-0.007633587786259542,-0.025124758800287424,-0.03387034430730137,-1.0,7.25,5,10
SMALLBODY40_SUPPORT,2.0,0.25,OOS_2022_2026,60,0.7,0.5833333333333334,-0.125,-0.14386329134730824,-0.15329493702096245,-7.5,8.0,1,5
SMALLBODY40_SUPPORT,2.0,0.25,YTD_2026,9,0.5555555555555556,0.3125,-0.3055555555555556,-0.3241459410994698,-0.333441133871427,-2.75,3.0,0,1
SMALLBODY40_SUPPORT,2.0,0.25,FULL_2012_2026,191,0.7643979057591623,0.8111111111111111,-0.04450261780104712,-0.0624248213805034,-0.07138592317023154,-8.5,13.75,6,15
SMALLBODY40_SUPPORT,2.0,0.3,TRAIN_2012_2021,131,0.7633587786259542,0.9677419354838709,-0.007633587786259543,-0.025124758800287438,-0.033870344307301396,-1.0000000000000002,6.3,5,10
SMALLBODY40_SUPPORT,2.0,0.3,OOS_2022_2026,60,0.6833333333333333,0.6473684210526316,-0.11166666666666666,-0.130529958013975,-0.13996160368762908,-6.7,7.300000000000007,1,5
SMALLBODY40_SUPPORT,2.0,0.3,YTD_2026,9,0.5555555555555556,0.375,-0.2777777777777778,-0.296368163321692,-0.3056633560936492,-2.5,2.8,0,1
SMALLBODY40_SUPPORT,2.0,0.3,FULL_2012_2026,191,0.7382198952879581,0.846,-0.04031413612565444,-0.05823633970511073,-0.06719744149483889,-7.699999999999998,11.600000000000005,6,15
SMALLBODY40_SUPPORT,2.0,0.4,TRAIN_2012_2021,131,0.6793893129770993,0.8690435408750623,-0.04095096027304608,-0.05844213128707396,-0.06718771679408791,-5.364575795769037,12.164575795769036,3,10
SMALLBODY40_SUPPORT,2.0,0.4,OOS_2022_2026,60,0.65,0.742857142857143,-0.09000000000000001,-0.10886329134730828,-0.11829493702096243,-5.4,6.200000000000001,1,5
SMALLBODY40_SUPPORT,2.0,0.4,YTD_2026,9,0.5555555555555556,0.5,-0.2222222222222222,-0.24081260776613644,-0.25010780053809367,-2.0,2.4,0,1
SMALLBODY40_SUPPORT,2.0,0.4,FULL_2012_2026,191,0.6701570680628273,0.8262785525838452,-0.0563590355799426,-0.07428123915939885,-0.08324234094912701,-10.764575795769037,14.164575795769014,4,15
SMALLBODY40_SUPPORT,2.0,0.5,TRAIN_2012_2021,131,0.6412213740458015,0.9137471470772506,-0.03026393737228273,-0.0477551083863106,-0.056500693893324565,-3.9645757957690377,11.5,4,10
SMALLBODY40_SUPPORT,2.0,0.5,OOS_2022_2026,60,0.55,0.6111111111111112,-0.175,-0.19386329134730826,-0.20329493702096244,-10.5,11.5,0,5
SMALLBODY40_SUPPORT,2.0,0.5,YTD_2026,9,0.3333333333333333,0.25,-0.5,-0.5185903855439142,-0.5278855783158715,-4.5,5.0,0,1
SMALLBODY40_SUPPORT,2.0,0.5,FULL_2012_2026,191,0.612565445026178,0.8017589270133496,-0.07573076332863371,-0.09365296690808998,-0.10261406869781813,-14.464575795769038,19.5,4,15
SMALLBODY40_SUPPORT,2.0,0.6,TRAIN_2012_2021,131,0.6106870229007634,0.9527768603438144,-0.01801132931805852,-0.0355025003320864,-0.04424808583910034,-2.359484140665666,10.194908344896628,3,10
SMALLBODY40_SUPPORT,2.0,0.6,OOS_2022_2026,60,0.55,0.7333333333333334,-0.12000000000000001,-0.1388632913473083,-0.14829493702096244,-7.2,8.399999999999999,1,5
SMALLBODY40_SUPPORT,2.0,0.6,YTD_2026,9,0.3333333333333333,0.3,-0.4666666666666667,-0.48525705221058085,-0.49455224498253814,-4.2,4.8,0,1
SMALLBODY40_SUPPORT,2.0,0.6,FULL_2012_2026,191,0.5916230366492147,0.8757937136425924,-0.05004965518673123,-0.06797185876618751,-0.07693296055591567,-9.559484140665665,16.594908344896634,4,15
SMALLBODY40_SUPPORT,2.0,0.75,TRAIN_2012_2021,131,0.5419847328244275,0.893843310899986,-0.04778232168447072,-0.0652734926984986,-0.07401907820551255,-6.2594841406656645,13.794908344896626,3,10
SMALLBODY40_SUPPORT,2.0,0.75,OOS_2022_2026,60,0.4666666666666667,0.6341562688156429,-0.19511665663165711,-0.21397994797896536,-0.22341159365261953,-11.706999397899427,12.456999397899427,1,5
SMALLBODY40_SUPPORT,2.0,0.75,YTD_2026,9,0.2222222222222222,0.21428571428571427,-0.6111111111111112,-0.6297014966550254,-0.6389966894269825,-5.5,5.5,0,1
SMALLBODY40_SUPPORT,2.0,0.75,FULL_2012_2026,191,0.518324607329843,0.8024892285662618,-0.09406535884065492,-0.11198756242011121,-0.12094866420983932,-17.96648353856509,24.501907742796057,4,15
SMALLBODY40_SUPPORT,2.0,1.0,TRAIN_2012_2021,131,0.48091603053435117,0.9189825478400473,-0.040484333852093046,-0.05797550486612094,-0.06672109037313488,-5.303447734624189,12.940288862671403,4,10
SMALLBODY40_SUPPORT,2.0,1.0,OOS_2022_2026,60,0.4166666666666667,0.6869428743457306,-0.1826166566316571,-0.20147994797896537,-0.21091159365261952,-10.956999397899427,12.0,1,5
SMALLBODY40_SUPPORT,2.0,1.0,YTD_2026,9,0.2222222222222222,0.2857142857142857,-0.5555555555555556,-0.5741459410994698,-0.5834411338714269,-5.0,5.0,0,1
SMALLBODY40_SUPPORT,2.0,1.0,FULL_2012_2026,191,0.4607329842931937,0.8381409854823979,-0.08513323106033308,-0.10305543463978938,-0.11201653642951749,-16.260447132523616,20.897288260570832,5,15
SMALLBODY40_SUPPORT,2.25,0.2,TRAIN_2012_2021,131,0.8320610687022901,0.9909090909090907,-0.0015267175572519077,-0.01707442512527669,-0.024848278909289073,-0.1999999999999999,5.6000000000000005,5,10
SMALLBODY40_SUPPORT,2.25,0.2,OOS_2022_2026,60,0.75,0.5999999999999998,-0.09999999999999999,-0.11676737008649625,-0.12515105512974437,-5.999999999999999,6.599999999999995,1,5
SMALLBODY40_SUPPORT,2.25,0.2,YTD_2026,9,0.6666666666666666,0.39999999999999997,-0.2,-0.216524787150146,-0.224787180725219,-1.8,2.2,0,1
SMALLBODY40_SUPPORT,2.25,0.2,FULL_2012_2026,191,0.806282722513089,0.8324324324324324,-0.0324607329842932,-0.04839158061047656,-0.05635700442356823,-6.200000000000001,10.399999999999995,6,15
SMALLBODY40_SUPPORT,2.25,0.25,TRAIN_2012_2021,131,0.8015267175572519,1.0096153846153846,0.0019083969465648854,-0.013639310621459903,-0.021413164405472297,0.25,6.5,5,10
SMALLBODY40_SUPPORT,2.25,0.25,OOS_2022_2026,60,0.7333333333333333,0.6875,-0.08333333333333333,-0.10010070341982959,-0.10848438846307773,-5.0,5.75,1,5
SMALLBODY40_SUPPORT,2.25,0.25,YTD_2026,9,0.6666666666666666,0.5,-0.16666666666666666,-0.1831914538168127,-0.1914538473918857,-1.5,2.0,0,1
SMALLBODY40_SUPPORT,2.25,0.25,FULL_2012_2026,191,0.7801047120418848,0.8869047619047619,-0.024869109947643978,-0.04079995757382734,-0.04876538138691903,-4.75,10.25,6,15
SMALLBODY40_SUPPORT,2.25,0.3,TRAIN_2012_2021,131,0.732824427480916,0.8506264331670232,-0.03860611226984927,-0.05415381983787408,-0.06192767362188647,-5.057400707350255,9.957400707350265,5,10
SMALLBODY40_SUPPORT,2.25,0.3,OOS_2022_2026,60,0.7166666666666667,0.7588235294117648,-0.06833333333333333,-0.08510070341982962,-0.0934843884630777,-4.1,5.000000000000005,2,5
SMALLBODY40_SUPPORT,2.25,0.3,YTD_2026,9,0.6666666666666666,0.6,-0.13333333333333333,-0.14985812048347938,-0.1581205140585524,-1.2,1.7999999999999998,0,1
SMALLBODY40_SUPPORT,2.25,0.3,FULL_2012_2026,191,0.7277486910994765,0.8199396630581877,-0.047944506321205525,-0.06387535394738889,-0.07184077776048059,-9.157400707350256,11.757400707350268,7,15
SMALLBODY40_SUPPORT,2.25,0.4,TRAIN_2012_2021,131,0.6564885496183206,0.7843602093416984,-0.07219389852939125,-0.08774160609741605,-0.09551545988142843,-9.457400707350253,15.057400707350254,3,10
SMALLBODY40_SUPPORT,2.25,0.4,OOS_2022_2026,60,0.6666666666666666,0.8,-0.06666666666666664,-0.08343403675316294,-0.09181772179641104,-3.9999999999999987,5.200000000000001,2,5
SMALLBODY40_SUPPORT,2.25,0.4,YTD_2026,9,0.6666666666666666,0.7999999999999999,-0.06666666666666665,-0.08319145381681269,-0.0914538473918857,-0.5999999999999999,1.4,0,1
SMALLBODY40_SUPPORT,2.25,0.4,FULL_2012_2026,191,0.6596858638743456,0.7892585580013868,-0.07045759532644111,-0.08638844295262445,-0.09435386676571617,-13.457400707350253,17.257400707350243,5,15
SMALLBODY40_SUPPORT,2.25,0.5,TRAIN_2012_2021,131,0.6183206106870229,0.8224404718972306,-0.06622211461011475,-0.08176982217813958,-0.08954367596215196,-8.675097013925033,14.317696306574778,2,10
SMALLBODY40_SUPPORT,2.25,0.5,OOS_2022_2026,60,0.5833333333333334,0.7100238888727536,-0.11911763402738718,-0.1358850041138834,-0.14426868915713154,-7.1470580416432306,8.64705804164323,1,5
SMALLBODY40_SUPPORT,2.25,0.5,YTD_2026,9,0.4444444444444444,0.4303798192485642,-0.29411756018258106,-0.3106423473327271,-0.31890474090780013,-2.6470580416432297,3.6470580416432297,0,1
SMALLBODY40_SUPPORT,2.25,0.5,FULL_2012_2026,191,0.6073298429319371,0.7847456423072442,-0.08283850814433646,-0.09876935577051983,-0.1067347795836115,-15.822155055568265,21.464754348218012,3,15
SMALLBODY40_SUPPORT,2.25,0.6,TRAIN_2012_2021,131,0.5725190839694656,0.8212545925097292,-0.07407101423796329,-0.08961872180598808,-0.09739257559000049,-9.70330286517319,16.103302865173198,2,10
SMALLBODY40_SUPPORT,2.25,0.6,OOS_2022_2026,60,0.5333333333333333,0.674148501780877,-0.15014725473700832,-0.16691462482350458,-0.1752983098667527,-9.008835284220499,10.808835284220503,1,5
SMALLBODY40_SUPPORT,2.25,0.6,YTD_2026,9,0.4444444444444444,0.516455783098277,-0.24967311573813664,-0.26619790288828266,-0.2744602964633557,-2.2470580416432298,3.44705804164323,0,1
SMALLBODY40_SUPPORT,2.25,0.6,FULL_2012_2026,191,0.5602094240837696,0.7716156524300504,-0.09796930968268946,-0.11390015730887287,-0.12186558112196451,-18.712138149393688,24.912138149393698,3,15
SMALLBODY40_SUPPORT,2.25,0.75,TRAIN_2012_2021,131,0.5038167938931297,0.7839074878503302,-0.10296728754842197,-0.11851499511644675,-0.12628884890045913,-13.488714668843278,18.38131396149302,3,10
SMALLBODY40_SUPPORT,2.25,0.75,OOS_2022_2026,60,0.48333333333333334,0.6864679385811189,-0.16014725473700828,-0.17691462482350456,-0.18529830986675266,-9.608835284220497,11.397058041643229,1,5
SMALLBODY40_SUPPORT,2.25,0.75,YTD_2026,9,0.3333333333333333,0.39843755516727,-0.37745089351591443,-0.3939756806660605,-0.4022380742411335,-3.3970580416432297,3.3970580416432297,0,1
SMALLBODY40_SUPPORT,2.25,0.75,FULL_2012_2026,191,0.4973821989528796,0.7518209159838941,-0.12092958090609306,-0.1368604285322764,-0.14482585234536807,-23.097549953063773,27.990149245713518,4,15
SMALLBODY40_SUPPORT,2.25,1.0,TRAIN_2012_2021,131,0.46564885496183206,0.8368043882351932,-0.08216052528576541,-0.0977082328537902,-0.10548208663780258,-10.76302881243527,15.538575301456603,3,10
SMALLBODY40_SUPPORT,2.25,1.0,OOS_2022_2026,60,0.4166666666666667,0.7249716491627075,-0.15148477477004768,-0.16825214485654397,-0.17663582989979207,-9.089086486202861,12.127309243625593,1,5
SMALLBODY40_SUPPORT,2.25,1.0,YTD_2026,9,0.1111111111111111,0.16534893059680886,-0.5608685062354766,-0.5773932933856227,-0.5856556869606957,-5.047816556119289,5.047816556119289,0,1
SMALLBODY40_SUPPORT,2.25,1.0,FULL_2012_2026,191,0.450261780104712,0.799472613343185,-0.10393777643266038,-0.11986862405884373,-0.1278340478719354,-19.852115298638132,22.529307412457875,4,15
SMALLBODY40_SUPPORT,2.5,0.2,TRAIN_2012_2021,131,0.8244274809160306,0.9391304347826086,-0.010687022900763354,-0.024679959711985652,-0.031676428117596814,-1.3999999999999992,8.200000000000001,6,10
SMALLBODY40_SUPPORT,2.5,0.2,OOS_2022_2026,60,0.7333333333333333,0.5499999999999998,-0.12000000000000001,-0.13509063307784663,-0.14263594961676995,-7.2,7.799999999999993,1,5
SMALLBODY40_SUPPORT,2.5,0.2,YTD_2026,9,0.6666666666666666,0.39999999999999997,-0.2,-0.21487230843513141,-0.22230846265269713,-1.8,2.2,0,1
SMALLBODY40_SUPPORT,2.5,0.2,FULL_2012_2026,191,0.7958115183246073,0.7794871794871795,-0.045026178010471214,-0.0593639408740362,-0.06653282230581874,-8.600000000000001,12.79999999999999,7,15
SMALLBODY40_SUPPORT,2.5,0.25,TRAIN_2012_2021,131,0.8091603053435115,1.06,0.011450381679389313,-0.002542555131832991,-0.009539023537444158,1.5,6.5,6,10
SMALLBODY40_SUPPORT,2.5,0.25,OOS_2022_2026,60,0.7166666666666667,0.6323529411764706,-0.10416666666666667,-0.11925729974451328,-0.12680261628343661,-6.25,7.0,0,5
SMALLBODY40_SUPPORT,2.5,0.25,YTD_2026,9,0.6666666666666666,0.5,-0.16666666666666666,-0.18153897510179812,-0.1889751293193638,-1.5,2.0,0,1
SMALLBODY40_SUPPORT,2.5,0.25,FULL_2012_2026,191,0.7801047120418848,0.8869047619047619,-0.024869109947643978,-0.039206872811209,-0.04637575424299152,-4.75,9.0,6,15
SMALLBODY40_SUPPORT,2.5,0.3,TRAIN_2012_2021,131,0.732824427480916,0.8726847958033901,-0.03207333005238337,-0.04606626686360569,-0.05306273526921685,-4.201606236862222,11.929945600246999,4,10
SMALLBODY40_SUPPORT,2.5,0.3,OOS_2022_2026,60,0.6833333333333333,0.6473684210526316,-0.11166666666666666,-0.1267572997445133,-0.1343026162834366,-6.7,7.600000000000005,0,5
SMALLBODY40_SUPPORT,2.5,0.3,YTD_2026,9,0.6666666666666666,0.6,-0.13333333333333333,-0.14820564176846476,-0.15564179598603045,-1.2,1.7999999999999998,0,1
SMALLBODY40_SUPPORT,2.5,0.3,FULL_2012_2026,191,0.7172774869109948,0.7903602018136424,-0.057076472444304804,-0.07141423530786986,-0.07858311673965239,-10.901606236862218,13.729945600246989,4,15
SMALLBODY40_SUPPORT,2.5,0.4,TRAIN_2012_2021,131,0.6717557251908397,0.8797113476077236,-0.036741411209366075,-0.050734348020588384,-0.057730816426199524,-4.813124868426955,11.201606236862222,6,10
SMALLBODY40_SUPPORT,2.5,0.4,OOS_2022_2026,60,0.5833333333333334,0.5877846449748406,-0.16363745405993188,-0.1787280871377785,-0.18627340367670187,-9.818247243595913,11.01824724359591,1,5
SMALLBODY40_SUPPORT,2.5,0.4,YTD_2026,9,0.4444444444444444,0.3491656505394005,-0.33137247083098964,-0.34624477926612107,-0.35368093348368673,-2.982352237478907,3.7823522374789067,0,1
SMALLBODY40_SUPPORT,2.5,0.4,FULL_2012_2026,191,0.643979057591623,0.770780861700026,-0.07660404247132392,-0.09094180533488895,-0.09811068676667142,-14.63137211202287,18.431372112022853,7,15
SMALLBODY40_SUPPORT,2.5,0.5,TRAIN_2012_2021,131,0.6335877862595419,0.9144904612689075,-0.02938207285758975,-0.04337500966881207,-0.05037147807442323,-3.8490515443442574,11.065872276164292,3,10
SMALLBODY40_SUPPORT,2.5,0.5,OOS_2022_2026,60,0.5666666666666667,0.6662195085491779,-0.13806411269859092,-0.15315474577643756,-0.16070006231536085,-8.283846761915456,9.783846761915456,1,5
SMALLBODY40_SUPPORT,2.5,0.5,YTD_2026,9,0.4444444444444444,0.43645706317425065,-0.28692802638654524,-0.3018003348216766,-0.3092364890392423,-2.582352237478907,3.582352237478907,0,1
SMALLBODY40_SUPPORT,2.5,0.5,FULL_2012_2026,191,0.612565445026178,0.8262543332702066,-0.06352302778146447,-0.07786079064502947,-0.08502967207681202,-12.132898306259714,17.86123766964448,4,15
SMALLBODY40_SUPPORT,2.5,0.6,TRAIN_2012_2021,131,0.5877862595419847,0.9080441703912494,-0.035377380232577096,-0.04937031704379942,-0.05636678544941056,-4.6344368104676,12.451257542287632,3,10
SMALLBODY40_SUPPORT,2.5,0.6,OOS_2022_2026,60,0.5,0.6049778230546199,-0.1897307793652576,-0.20482141244310417,-0.21236672898202755,-11.383846761915455,11.983846761915459,1,5
SMALLBODY40_SUPPORT,2.5,0.6,YTD_2026,9,0.3333333333333333,0.32244471925564355,-0.42026135971987855,-0.4351336681550099,-0.44256982237257575,-3.782352237478907,3.7823522374789067,0,1
SMALLBODY40_SUPPORT,2.5,0.6,FULL_2012_2026,191,0.5602094240837696,0.79779172863743,-0.08386535901771233,-0.09820312188127736,-0.10537200331305986,-16.018283572383055,21.046622935767836,4,15
SMALLBODY40_SUPPORT,2.5,0.75,TRAIN_2012_2021,131,0.5190839694656488,0.8571907527675996,-0.06278733591074098,-0.0767802727219633,-0.08377674112757447,-8.22514100430707,13.398044377000815,4,10
SMALLBODY40_SUPPORT,2.5,0.75,OOS_2022_2026,60,0.4666666666666667,0.6581944885232106,-0.17556411269859093,-0.19065474577643754,-0.19820006231536086,-10.533846761915456,11.283846761915456,1,5
SMALLBODY40_SUPPORT,2.5,0.75,YTD_2026,9,0.3333333333333333,0.40305589906955447,-0.37026135971987856,-0.38513366815500993,-0.3925698223725757,-3.332352237478907,3.332352237478907,0,1
SMALLBODY40_SUPPORT,2.5,0.75,FULL_2012_2026,191,0.5026178010471204,0.787826764176997,-0.0982145956346729,-0.11255235849823791,-0.11972123993002043,-18.758987766222525,21.943409770481008,5,15
SMALLBODY40_SUPPORT,2.5,1.0,TRAIN_2012_2021,131,0.48091603053435117,0.9080533649804382,-0.042335773599475233,-0.056328710410697536,-0.0633251788163087,-5.545986341531256,14.818857503203763,3,10
SMALLBODY40_SUPPORT,2.5,1.0,OOS_2022_2026,60,0.4166666666666667,0.7086430264693326,-0.1562592604841593,-0.17134989356200592,-0.17889521010092924,-9.375555629049558,10.375555629049558,1,5
SMALLBODY40_SUPPORT,2.5,1.0,YTD_2026,9,0.1111111111111111,0.16826419779473775,-0.5492261000563734,-0.5640984084915047,-0.5715345627090705,-4.94303490050736,4.94303490050736,0,1
SMALLBODY40_SUPPORT,2.5,1.0,FULL_2012_2026,191,0.4607329842931937,0.8386797151439264,-0.07812325639047546,-0.09246101925404046,-0.099629900685823,-14.921541970580812,19.997496262640524,4,15
SMALLBODY40_SUPPORT,3.0,0.2,TRAIN_2012_2021,131,0.8244274809160306,0.9391304347826086,-0.01068702290076336,-0.02234780357678194,-0.028178193914791237,-1.4000000000000001,8.2,6,10
SMALLBODY40_SUPPORT,3.0,0.2,OOS_2022_2026,60,0.7666666666666667,0.6571428571428568,-0.08,-0.09257552756487217,-0.09886329134730826,-4.8,5.399999999999996,1,5
SMALLBODY40_SUPPORT,3.0,0.2,YTD_2026,9,0.6666666666666666,0.39999999999999997,-0.2,-0.21239359036260952,-0.2185903855439143,-1.8,2.2,0,1
SMALLBODY40_SUPPORT,3.0,0.2,FULL_2012_2026,191,0.806282722513089,0.8324324324324324,-0.032460732984293195,-0.044408868703930716,-0.05038293656374946,-6.2,9.199999999999987,7,15
SMALLBODY40_SUPPORT,3.0,0.25,TRAIN_2012_2021,131,0.7557251908396947,0.8295717181934743,-0.03881428903856375,-0.050475069714582335,-0.056305460052591634,-5.084671864051852,12.084671864051852,4,10
SMALLBODY40_SUPPORT,3.0,0.25,OOS_2022_2026,60,0.7333333333333333,0.6875,-0.08333333333333333,-0.09590886089820552,-0.1021966246806416,-5.0,5.75,1,5
SMALLBODY40_SUPPORT,3.0,0.25,YTD_2026,9,0.6666666666666666,0.5,-0.16666666666666666,-0.1790602570292762,-0.18525705221058095,-1.5,2.0,0,1
SMALLBODY40_SUPPORT,3.0,0.25,FULL_2012_2026,191,0.7486910994764397,0.7799772213060989,-0.05279932913116153,-0.06474746485079903,-0.0707215327106178,-10.084671864051852,12.084671864051852,5,15
SMALLBODY40_SUPPORT,3.0,0.3,TRAIN_2012_2021,131,0.7022900763358778,0.8116889881846306,-0.04887917297922739,-0.06053995365524598,-0.0663703439932553,-6.4031716602787885,12.393572800641511,4,10
SMALLBODY40_SUPPORT,3.0,0.3,OOS_2022_2026,60,0.7166666666666667,0.7588235294117648,-0.06833333333333334,-0.08090886089820554,-0.08719662468064164,-4.1000000000000005,5.600000000000001,1,5
SMALLBODY40_SUPPORT,3.0,0.3,YTD_2026,9,0.6666666666666666,0.6,-0.13333333333333333,-0.14572692369594284,-0.15192371887724762,-1.2,1.7999999999999998,0,1
SMALLBODY40_SUPPORT,3.0,0.3,FULL_2012_2026,191,0.7068062827225131,0.7940682644162176,-0.05499042754072664,-0.06693856326036417,-0.07291263112018294,-10.503171660278788,13.703171660278777,5,15
SMALLBODY40_SUPPORT,3.0,0.4,TRAIN_2012_2021,131,0.6717557251908397,0.9193108428522311,-0.02340796862755628,-0.03506874930357486,-0.040899139641584155,-3.0664438902098725,8.876644123859869,4,10
SMALLBODY40_SUPPORT,3.0,0.4,OOS_2022_2026,60,0.6333333333333333,0.734943117496206,-0.09136454504994324,-0.10394007261481543,-0.1102278363972515,-5.481872702996594,6.681872702996596,2,5
SMALLBODY40_SUPPORT,3.0,0.4,YTD_2026,9,0.4444444444444444,0.3567213581137395,-0.32058817013693586,-0.3329817604995453,-0.3391785556808501,-2.885293531232423,3.6852935312324226,0,1
SMALLBODY40_SUPPORT,3.0,0.4,FULL_2012_2026,191,0.6596858638743456,0.8543356883179604,-0.04475558425762549,-0.05670371997726299,-0.06267778783708175,-8.548316593206469,13.168115686493731,6,15
SMALLBODY40_SUPPORT,3.0,0.5,TRAIN_2012_2021,131,0.6259541984732825,0.9379656067673391,-0.0205160173942442,-0.03217679807026279,-0.03800718840827208,-2.68759827864599,10.897798512295987,3,10
SMALLBODY40_SUPPORT,3.0,0.5,OOS_2022_2026,60,0.5666666666666667,0.669668273026152,-0.13588676058215912,-0.1484622881470313,-0.1547500519294674,-8.153205634929547,8.653205634929545,1,5
SMALLBODY40_SUPPORT,3.0,0.5,YTD_2026,9,0.3333333333333333,0.2734584742747548,-0.44281039235915803,-0.4552039827217676,-0.46140077790307227,-3.9852935312324225,3.9852935312324225,0,1
SMALLBODY40_SUPPORT,3.0,0.5,FULL_2012_2026,191,0.6073298429319371,0.8405909444644161,-0.05675813567317035,-0.06870627139280787,-0.07468033925262664,-10.840803913575536,15.060603006862811,4,15
SMALLBODY40_SUPPORT,3.0,0.6,TRAIN_2012_2021,131,0.5648854961832062,0.8962509205634569,-0.03857464951861908,-0.05023543019463766,-0.05606582053264696,-5.053279086939099,10.99512087455697,4,10
SMALLBODY40_SUPPORT,3.0,0.6,OOS_2022_2026,60,0.55,0.7487252697823481,-0.10755342724882579,-0.12012895481369798,-0.12641671859613407,-6.453205634929547,7.053205634929547,2,5
SMALLBODY40_SUPPORT,3.0,0.6,YTD_2026,9,0.3333333333333333,0.3281501691297057,-0.4094770590258247,-0.42187064938843416,-0.428067444569739,-3.685293531232422,3.685293531232422,0,1
SMALLBODY40_SUPPORT,3.0,0.6,FULL_2012_2026,191,0.5602094240837696,0.8453192655944711,-0.060243375507165665,-0.07219151122680321,-0.07816557908662197,-11.506484721868642,14.043013580614728,6,15
SMALLBODY40_SUPPORT,3.0,0.75,TRAIN_2012_2021,131,0.5343511450381679,0.9137125199063303,-0.03381476652917277,-0.04547554720519135,-0.051305937543200654,-4.429734415321633,11.118291326111022,4,10
SMALLBODY40_SUPPORT,3.0,0.75,OOS_2022_2026,60,0.5,0.8049326255711934,-0.087723233940272,-0.10029876150514419,-0.10658652528758024,-5.26339403641632,7.535862417089467,2,5
SMALLBODY40_SUPPORT,3.0,0.75,YTD_2026,9,0.1111111111111111,0.12962631081319104,-0.5595402685654963,-0.5719338589281058,-0.5781306541094106,-5.035862417089467,5.035862417089467,0,1
SMALLBODY40_SUPPORT,3.0,0.75,FULL_2012_2026,191,0.5235602094240838,0.8762358772014777,-0.05074936362166467,-0.06269749934130218,-0.06867156720112097,-9.693128451737952,12.91054554777098,6,15
SMALLBODY40_SUPPORT,3.0,1.0,TRAIN_2012_2021,131,0.4580152671755725,0.8765636996278957,-0.053552040212206276,-0.06521282088822483,-0.07104321122623414,-7.0153172677990225,17.58171985521401,2,10
SMALLBODY40_SUPPORT,3.0,1.0,OOS_2022_2026,60,0.45,0.8180770301258158,-0.0889019786256961,-0.10147750619056829,-0.10776526997300437,-5.334118717541766,7.554152613344405,2,5
SMALLBODY40_SUPPORT,3.0,1.0,YTD_2026,9,0.1111111111111111,0.17283508108425472,-0.5317624907877185,-0.544156081150328,-0.5503528763316328,-4.785862417089467,4.785862417089467,0,1
SMALLBODY40_SUPPORT,3.0,1.0,FULL_2012_2026,191,0.45549738219895286,0.8566590154444798,-0.06465673290754338,-0.0766048686271809,-0.08257893648699968,-12.349435985340786,17.89213837611978,4,15
ADX20_GAP5_SUPPORT,0.75,0.2,TRAIN_2012_2021,102,0.19607843137254902,0.04878048780487806,-0.7647058823529411,-0.809056645023735,-0.8312320263591316,-78.0,77.99999999999999,0,10
ADX20_GAP5_SUPPORT,0.75,0.2,OOS_2022_2026,43,0.09302325581395349,0.020512820512820513,-0.8883720930232559,-0.9381512220726905,-0.963040786597408,-38.2,38.2,0,5
ADX20_GAP5_SUPPORT,0.75,0.2,YTD_2026,6,0.0,0.0,-1.0,-1.0566861177312228,-1.0850291765968338,-6.0,6.0,0,1
ADX20_GAP5_SUPPORT,0.75,0.2,FULL_2012_2026,145,0.16551724137931034,0.03966942148760331,-0.8013793103448275,-0.8473398644244596,-0.8703201414642757,-116.19999999999999,116.19999999999997,0,15
ADX20_GAP5_SUPPORT,0.75,0.25,TRAIN_2012_2021,102,0.19607843137254902,0.06097560975609756,-0.7549019607843137,-0.7992527234551076,-0.8214281047905041,-77.0,77.0,0,10
ADX20_GAP5_SUPPORT,0.75,0.25,OOS_2022_2026,43,0.09302325581395349,0.02564102564102564,-0.8837209302325582,-0.933500059281993,-0.9583896238067104,-38.0,38.0,0,5
ADX20_GAP5_SUPPORT,0.75,0.25,YTD_2026,6,0.0,0.0,-1.0,-1.0566861177312228,-1.0850291765968338,-6.0,6.0,0,1
ADX20_GAP5_SUPPORT,0.75,0.25,FULL_2012_2026,145,0.16551724137931034,0.049586776859504134,-0.7931034482758621,-0.839064002355494,-0.8620442793953101,-115.0,115.0,0,15
ADX20_GAP5_SUPPORT,0.75,0.3,TRAIN_2012_2021,102,0.19607843137254902,0.07317073170731707,-0.7450980392156863,-0.7894488018864801,-0.8116241832218767,-76.0,76.00000000000001,0,10
ADX20_GAP5_SUPPORT,0.75,0.3,OOS_2022_2026,43,0.09302325581395349,0.030769230769230767,-0.8790697674418604,-0.9288488964912954,-0.9537384610160127,-37.8,37.8,0,5
ADX20_GAP5_SUPPORT,0.75,0.3,YTD_2026,6,0.0,0.0,-1.0,-1.0566861177312228,-1.0850291765968338,-6.0,6.0,0,1
ADX20_GAP5_SUPPORT,0.75,0.3,FULL_2012_2026,145,0.16551724137931034,0.05950413223140495,-0.7848275862068966,-0.8307881402865286,-0.8537684173263446,-113.80000000000001,113.80000000000003,0,15
ADX20_GAP5_SUPPORT,0.75,0.4,TRAIN_2012_2021,102,0.19607843137254902,0.09756097560975611,-0.7254901960784313,-0.7698409587492252,-0.7920163400846217,-74.0,74.0,0,10
ADX20_GAP5_SUPPORT,0.75,0.4,OOS_2022_2026,43,0.09302325581395349,0.041025641025641026,-0.8697674418604651,-0.9195465709099,-0.9444361354346174,-37.4,37.4,0,5
ADX20_GAP5_SUPPORT,0.75,0.4,YTD_2026,6,0.0,0.0,-1.0,-1.0566861177312228,-1.0850291765968338,-6.0,6.0,0,1
ADX20_GAP5_SUPPORT,0.75,0.4,FULL_2012_2026,145,0.16551724137931034,0.07933884297520662,-0.7682758620689656,-0.8142364161485975,-0.8372166931884135,-111.4,111.39999999999998,0,15
ADX20_GAP5_SUPPORT,0.75,0.5,TRAIN_2012_2021,102,0.18627450980392157,0.1144578313253012,-0.7205882352941176,-0.7649389979649114,-0.787114379300308,-73.5,73.5,0,10
ADX20_GAP5_SUPPORT,0.75,0.5,OOS_2022_2026,43,0.09302325581395349,0.05128205128205128,-0.8604651162790697,-0.9102442453285047,-0.9351338098532219,-37.0,37.0,0,5
ADX20_GAP5_SUPPORT,0.75,0.5,YTD_2026,6,0.0,0.0,-1.0,-1.0566861177312228,-1.0850291765968338,-6.0,6.0,0,1
ADX20_GAP5_SUPPORT,0.75,0.5,FULL_2012_2026,145,0.15862068965517243,0.0942622950819672,-0.7620689655172413,-0.8080295195968734,-0.8310097966366895,-110.5,110.5,0,15
ADX20_GAP5_SUPPORT,0.75,0.6,TRAIN_2012_2021,102,0.18627450980392157,0.13734939759036144,-0.7019607843137255,-0.7463115469845193,-0.7684869283199158,-71.60000000000001,71.6,0,10
ADX20_GAP5_SUPPORT,0.75,0.6,OOS_2022_2026,43,0.09302325581395349,0.061538461538461535,-0.8511627906976744,-0.9009419197471094,-0.9258314842718267,-36.6,36.6,0,5
ADX20_GAP5_SUPPORT,0.75,0.6,YTD_2026,6,0.0,0.0,-1.0,-1.0566861177312228,-1.0850291765968338,-6.0,6.0,0,1
ADX20_GAP5_SUPPORT,0.75,0.6,FULL_2012_2026,145,0.15862068965517243,0.11311475409836064,-0.7462068965517241,-0.7921674506313562,-0.8151477276711722,-108.2,108.20000000000002,0,15
ADX20_GAP5_SUPPORT,0.75,0.75,TRAIN_2012_2021,102,0.18627450980392157,0.1716867469879518,-0.6740196078431373,-0.7183703705139309,-0.7405457518493277,-68.75,68.75,0,10
ADX20_GAP5_SUPPORT,0.75,0.75,OOS_2022_2026,43,0.09302325581395349,0.07692307692307693,-0.8372093023255814,-0.8869884313750163,-0.9118779958997335,-36.0,36.0,0,5
ADX20_GAP5_SUPPORT,0.75,0.75,YTD_2026,6,0.0,0.0,-1.0,-1.0566861177312228,-1.0850291765968338,-6.0,6.0,0,1
ADX20_GAP5_SUPPORT,0.75,0.75,FULL_2012_2026,145,0.15862068965517243,0.1413934426229508,-0.7224137931034482,-0.7683743471830803,-0.7913546242228964,-104.75,104.75,0,15
ADX20_GAP5_SUPPORT,0.75,1.0,TRAIN_2012_2021,102,0.16666666666666666,0.2,-0.6666666666666666,-0.7110174293374604,-0.7331928106728571,-68.0,68.0,0,10
ADX20_GAP5_SUPPORT,0.75,1.0,OOS_2022_2026,43,0.09302325581395349,0.10256410256410256,-0.813953488372093,-0.8637326174215278,-0.8886221819462452,-35.0,35.0,0,5
ADX20_GAP5_SUPPORT,0.75,1.0,YTD_2026,6,0.0,0.0,-1.0,-1.0566861177312228,-1.0850291765968338,-6.0,6.0,0,1
ADX20_GAP5_SUPPORT,0.75,1.0,FULL_2012_2026,145,0.14482758620689656,0.1693548387096774,-0.7103448275862069,-0.7563053816658389,-0.779285658705655,-103.0,103.0,0,15
ADX20_GAP5_SUPPORT,1.0,0.2,TRAIN_2012_2021,102,0.4215686274509804,0.14576271186440673,-0.49411764705882344,-0.5273807190619187,-0.5440122550634664,-50.39999999999999,50.60000000000001,1,10
ADX20_GAP5_SUPPORT,1.0,0.2,OOS_2022_2026,43,0.37209302325581395,0.11851851851851852,-0.5534883720930232,-0.5908227188800993,-0.6094898922736374,-23.799999999999997,23.800000000000004,0,5
ADX20_GAP5_SUPPORT,1.0,0.2,YTD_2026,6,0.5,0.20000000000000004,-0.4000000000000001,-0.442514588298417,-0.4637718824476254,-2.4000000000000004,2.6000000000000005,0,1
ADX20_GAP5_SUPPORT,1.0,0.2,FULL_2012_2026,145,0.4068965517241379,0.13720930232558137,-0.5117241379310344,-0.5461945534907586,-0.5634297612706206,-74.19999999999999,74.39999999999996,1,15
ADX20_GAP5_SUPPORT,1.0,0.25,TRAIN_2012_2021,102,0.4215686274509804,0.18220338983050846,-0.4730392156862745,-0.5063022876893697,-0.5229338236909175,-48.25,48.5,1,10
ADX20_GAP5_SUPPORT,1.0,0.25,OOS_2022_2026,43,0.3488372093023256,0.13392857142857142,-0.563953488372093,-0.6012878351591692,-0.6199550085527071,-24.25,24.25,0,5
ADX20_GAP5_SUPPORT,1.0,0.25,YTD_2026,6,0.5,0.25,-0.375,-0.417514588298417,-0.43877188244762544,-2.25,2.5,0,1
ADX20_GAP5_SUPPORT,1.0,0.25,FULL_2012_2026,145,0.4,0.16666666666666666,-0.5,-0.534470415559724,-0.5517056233395861,-72.5,72.75,1,15
ADX20_GAP5_SUPPORT,1.0,0.3,TRAIN_2012_2021,102,0.4215686274509804,0.2186440677966102,-0.4519607843137255,-0.48522385631682063,-0.5018553923183684,-46.1,46.4,1,10
ADX20_GAP5_SUPPORT,1.0,0.3,OOS_2022_2026,43,0.3488372093023256,0.16071428571428567,-0.5465116279069767,-0.5838459746940529,-0.6025131480875909,-23.5,23.499999999999996,0,5
ADX20_GAP5_SUPPORT,1.0,0.3,YTD_2026,6,0.5,0.3,-0.35000000000000003,-0.39251458829841696,-0.41377188244762547,-2.1,2.4,0,1
ADX20_GAP5_SUPPORT,1.0,0.3,FULL_2012_2026,145,0.4,0.2,-0.48,-0.5144704155597242,-0.531705623339586,-69.6,69.90000000000005,1,15
ADX20_GAP5_SUPPORT,1.0,0.4,TRAIN_2012_2021,102,0.4117647058823529,0.27999999999999997,-0.42352941176470593,-0.4567924837678011,-0.4734240197693488,-43.2,43.6,1,10
ADX20_GAP5_SUPPORT,1.0,0.4,OOS_2022_2026,43,0.3488372093023256,0.21428571428571436,-0.5116279069767443,-0.5489622537638202,-0.5676294271573582,-22.000000000000004,22.000000000000007,0,5
ADX20_GAP5_SUPPORT,1.0,0.4,YTD_2026,6,0.5,0.4000000000000001,-0.3,-0.3425145882984169,-0.3637718824476254,-1.7999999999999998,2.1999999999999997,0,1
ADX20_GAP5_SUPPORT,1.0,0.4,FULL_2012_2026,145,0.3931034482758621,0.25909090909090904,-0.4496551724137931,-0.4841255879735171,-0.5013607957533791,-65.2,65.60000000000004,1,15
ADX20_GAP5_SUPPORT,1.0,0.5,TRAIN_2012_2021,102,0.39215686274509803,0.3225806451612903,-0.4117647058823529,-0.4450277778854482,-0.4616593138869959,-42.0,42.5,1,10
ADX20_GAP5_SUPPORT,1.0,0.5,OOS_2022_2026,43,0.3488372093023256,0.26785714285714285,-0.47674418604651164,-0.5140785328335877,-0.5327457062271257,-20.5,20.5,0,5
ADX20_GAP5_SUPPORT,1.0,0.5,YTD_2026,6,0.5,0.5,-0.25,-0.292514588298417,-0.31377188244762544,-1.5,2.0,0,1
ADX20_GAP5_SUPPORT,1.0,0.5,FULL_2012_2026,145,0.3793103448275862,0.3055555555555556,-0.43103448275862066,-0.4655048983183447,-0.48274010609820667,-62.5,63.0,1,15
ADX20_GAP5_SUPPORT,1.0,0.6,TRAIN_2012_2021,102,0.37254901960784315,0.3562500000000001,-0.403921568627451,-0.43718464063054613,-0.45381617663209395,-41.2,41.8,1,10
ADX20_GAP5_SUPPORT,1.0,0.6,OOS_2022_2026,43,0.32558139534883723,0.28965517241379307,-0.4790697674418603,-0.5164041142289366,-0.5350712876224747,-20.599999999999994,20.599999999999994,0,5
ADX20_GAP5_SUPPORT,1.0,0.6,YTD_2026,6,0.5,0.6,-0.20000000000000004,-0.242514588298417,-0.26377188244762545,-1.2000000000000002,2.0,0,1
ADX20_GAP5_SUPPORT,1.0,0.6,FULL_2012_2026,145,0.3586206896551724,0.335483870967742,-0.42620689655172417,-0.4606773121114482,-0.47791251989131023,-61.800000000000004,62.39999999999998,1,15
ADX20_GAP5_SUPPORT,1.0,0.75,TRAIN_2012_2021,102,0.3235294117647059,0.358695652173913,-0.4338235294117647,-0.4670866014148599,-0.4837181374164076,-44.25,45.0,1,10
ADX20_GAP5_SUPPORT,1.0,0.75,OOS_2022_2026,43,0.3023255813953488,0.325,-0.47093023255813954,-0.5082645793452157,-0.5269317527387536,-20.25,20.25,0,5
ADX20_GAP5_SUPPORT,1.0,0.75,YTD_2026,6,0.5,0.75,-0.125,-0.16751458829841695,-0.18877188244762544,-0.75,2.0,0,1
ADX20_GAP5_SUPPORT,1.0,0.75,FULL_2012_2026,145,0.31724137931034485,0.3484848484848485,-0.44482758620689655,-0.4792980017666205,-0.49653320954648256,-64.5,65.25,1,15
ADX20_GAP5_SUPPORT,1.0,1.0,TRAIN_2012_2021,102,0.3137254901960784,0.45714285714285713,-0.37254901960784315,-0.40581209161093834,-0.42244362761248605,-38.0,40.0,1,10
ADX20_GAP5_SUPPORT,1.0,1.0,OOS_2022_2026,43,0.23255813953488372,0.30303030303030304,-0.5348837209302325,-0.5722180677173087,-0.5908852411108466,-23.0,23.0,0,5
ADX20_GAP5_SUPPORT,1.0,1.0,YTD_2026,6,0.3333333333333333,0.5,-0.3333333333333333,-0.3758479216317503,-0.3971052157809587,-2.0,3.0,0,1
ADX20_GAP5_SUPPORT,1.0,1.0,FULL_2012_2026,145,0.2896551724137931,0.4077669902912621,-0.4206896551724138,-0.45516007073213777,-0.47239527851199986,-61.0,63.0,1,15
ADX20_GAP5_SUPPORT,1.25,0.2,TRAIN_2012_2021,102,0.6274509803921569,0.3368421052631579,-0.2470588235294118,-0.27366928113188793,-0.286974509933126,-25.200000000000003,27.000000000000007,2,10
ADX20_GAP5_SUPPORT,1.25,0.2,OOS_2022_2026,43,0.4883720930232558,0.19090909090909094,-0.41395348837209306,-0.4438209658017539,-0.4587547045165844,-17.8,17.800000000000008,0,5
ADX20_GAP5_SUPPORT,1.25,0.2,YTD_2026,6,0.5,0.20000000000000004,-0.4000000000000001,-0.4340116706387335,-0.45101750595810036,-2.4000000000000004,2.6000000000000005,0,1
ADX20_GAP5_SUPPORT,1.25,0.2,FULL_2012_2026,145,0.5862068965517241,0.28333333333333327,-0.296551724137931,-0.32412805658571026,-0.3379162228095998,-43.0,44.799999999999976,2,15
ADX20_GAP5_SUPPORT,1.25,0.25,TRAIN_2012_2021,102,0.6176470588235294,0.40384615384615385,-0.22794117647058823,-0.2545516340730644,-0.26785686287430255,-23.25,25.75,3,10
ADX20_GAP5_SUPPORT,1.25,0.25,OOS_2022_2026,43,0.4883720930232558,0.23863636363636365,-0.38953488372093026,-0.4194023611505911,-0.4343360998654215,-16.75,16.75,0,5
ADX20_GAP5_SUPPORT,1.25,0.25,YTD_2026,6,0.5,0.25,-0.375,-0.4090116706387336,-0.4260175059581004,-2.25,2.5,0,1
ADX20_GAP5_SUPPORT,1.25,0.25,FULL_2012_2026,145,0.5793103448275863,0.3442622950819672,-0.27586206896551724,-0.3034384014132964,-0.31722656763718604,-40.0,42.5,3,15
ADX20_GAP5_SUPPORT,1.25,0.3,TRAIN_2012_2021,102,0.6078431372549019,0.46500000000000014,-0.20980392156862743,-0.23641437917110367,-0.24971960797234175,-21.4,24.49999999999999,2,10
ADX20_GAP5_SUPPORT,1.25,0.3,OOS_2022_2026,43,0.4883720930232558,0.2863636363636363,-0.3651162790697674,-0.39498375649942824,-0.4099174952142588,-15.7,15.699999999999992,0,5
ADX20_GAP5_SUPPORT,1.25,0.3,YTD_2026,6,0.5,0.3,-0.35000000000000003,-0.38401167063873354,-0.40101750595810043,-2.1,2.4,0,1
ADX20_GAP5_SUPPORT,1.25,0.3,FULL_2012_2026,145,0.5724137931034483,0.40161290322580645,-0.2558620689655173,-0.2834384014132965,-0.2972265676371861,-37.10000000000001,40.20000000000001,2,15
ADX20_GAP5_SUPPORT,1.25,0.4,TRAIN_2012_2021,102,0.5882352941176471,0.5714285714285713,-0.17647058823529418,-0.2030810458377703,-0.21638627463900836,-18.000000000000007,24.0,2,10
ADX20_GAP5_SUPPORT,1.25,0.4,OOS_2022_2026,43,0.46511627906976744,0.34782608695652184,-0.3488372093023256,-0.3787046867319864,-0.3936384254468168,-15.0,14.999999999999993,0,5
ADX20_GAP5_SUPPORT,1.25,0.4,YTD_2026,6,0.5,0.4000000000000001,-0.3,-0.33401167063873355,-0.35101750595810044,-1.7999999999999998,2.1999999999999997,0,1
ADX20_GAP5_SUPPORT,1.25,0.4,FULL_2012_2026,145,0.5517241379310345,0.4923076923076923,-0.22758620689655173,-0.2551625393443309,-0.26895070556822054,-33.0,39.00000000000003,2,15
ADX20_GAP5_SUPPORT,1.25,0.5,TRAIN_2012_2021,102,0.5588235294117647,0.6333333333333333,-0.16176470588235295,-0.18837516348482913,-0.20168039228606724,-16.5,23.0,3,10
ADX20_GAP5_SUPPORT,1.25,0.5,OOS_2022_2026,43,0.4418604651162791,0.3958333333333333,-0.3372093023255814,-0.3670767797552422,-0.38201051847007267,-14.5,14.5,0,5
ADX20_GAP5_SUPPORT,1.25,0.5,YTD_2026,6,0.5,0.5,-0.25,-0.2840116706387335,-0.3010175059581004,-1.5,2.0,0,1
ADX20_GAP5_SUPPORT,1.25,0.5,FULL_2012_2026,145,0.5241379310344828,0.5507246376811594,-0.21379310344827587,-0.24136943589605506,-0.2551576021199447,-31.0,37.5,3,15
ADX20_GAP5_SUPPORT,1.25,0.6,TRAIN_2012_2021,102,0.49019607843137253,0.5859132894105393,-0.20786387883338128,-0.2344743364358575,-0.24777956523709554,-21.20211564100489,27.0,3,10
ADX20_GAP5_SUPPORT,1.25,0.6,OOS_2022_2026,43,0.4186046511627907,0.43199999999999994,-0.3302325581395349,-0.36010003556919573,-0.3750337742840261,-14.200000000000001,14.200000000000005,0,5
ADX20_GAP5_SUPPORT,1.25,0.6,YTD_2026,6,0.5,0.6,-0.20000000000000004,-0.23401167063873354,-0.2510175059581004,-1.2000000000000002,2.0,0,1
ADX20_GAP5_SUPPORT,1.25,0.6,FULL_2012_2026,145,0.4689655172413793,0.5354182053450133,-0.24415252166210274,-0.271728854109882,-0.2855170203337715,-35.4021156410049,41.199999999999974,3,15
ADX20_GAP5_SUPPORT,1.25,0.75,TRAIN_2012_2021,102,0.4803921568627451,0.7039944559475436,-0.15149132981377347,-0.17810178741624966,-0.1914070162174878,-15.452115641004895,24.0,3,10
ADX20_GAP5_SUPPORT,1.25,0.75,OOS_2022_2026,43,0.37209302325581395,0.4444444444444444,-0.3488372093023256,-0.37870468673198643,-0.3936384254468168,-15.0,15.5,1,5
ADX20_GAP5_SUPPORT,1.25,0.75,YTD_2026,6,0.5,0.75,-0.125,-0.15901167063873353,-0.17601750595810037,-0.75,2.0,0,1
ADX20_GAP5_SUPPORT,1.25,0.75,FULL_2012_2026,145,0.4482758620689655,0.6155138610307642,-0.21001459062761996,-0.23759092307539917,-0.2513790892992888,-30.452115641004895,39.5,4,15
ADX20_GAP5_SUPPORT,1.25,1.0,TRAIN_2012_2021,102,0.45098039215686275,0.8142205574703808,-0.10054331637491627,-0.12715377397739247,-0.14045900277863055,-10.25541827024146,23.0,5,10
ADX20_GAP5_SUPPORT,1.25,1.0,OOS_2022_2026,43,0.32558139534883723,0.4827586206896552,-0.3488372093023256,-0.37870468673198643,-0.3936384254468168,-15.0,15.0,1,5
ADX20_GAP5_SUPPORT,1.25,1.0,YTD_2026,6,0.3333333333333333,0.5,-0.3333333333333333,-0.3673450039720669,-0.38435083929143365,-2.0,3.0,0,1
ADX20_GAP5_SUPPORT,1.25,1.0,FULL_2012_2026,145,0.41379310344827586,0.7000619511994478,-0.17417529841545834,-0.20175163086323755,-0.21553979708712714,-25.25541827024146,38.0,6,15
ADX20_GAP5_SUPPORT,1.5,0.2,TRAIN_2012_2021,102,0.7352941176470589,0.5555555555555555,-0.11764705882352945,-0.13982244015892625,-0.15091013082662463,-12.000000000000004,17.199999999999996,5,10
ADX20_GAP5_SUPPORT,1.5,0.2,OOS_2022_2026,43,0.5813953488372093,0.27777777777777785,-0.3023255813953488,-0.3272151459200661,-0.3396599281824249,-13.0,13.000000000000007,0,5
ADX20_GAP5_SUPPORT,1.5,0.2,YTD_2026,6,0.5,0.20000000000000004,-0.4000000000000001,-0.42834305886561125,-0.442514588298417,-2.4000000000000004,2.6000000000000005,0,1
ADX20_GAP5_SUPPORT,1.5,0.2,FULL_2012_2026,145,0.6896551724137931,0.44444444444444436,-0.1724137931034483,-0.19539407014326432,-0.20688420866317228,-25.0,29.200000000000017,5,15
ADX20_GAP5_SUPPORT,1.5,0.25,TRAIN_2012_2021,102,0.7156862745098039,0.6293103448275862,-0.1053921568627451,-0.1275675381981419,-0.13865522886584034,-10.75,16.0,5,10
ADX20_GAP5_SUPPORT,1.5,0.25,OOS_2022_2026,43,0.5813953488372093,0.3472222222222222,-0.27325581395348836,-0.29814537847820566,-0.31059016074056445,-11.75,11.75,0,5
ADX20_GAP5_SUPPORT,1.5,0.25,YTD_2026,6,0.5,0.25,-0.375,-0.4033430588656113,-0.417514588298417,-2.25,2.5,0,1
ADX20_GAP5_SUPPORT,1.5,0.25,FULL_2012_2026,145,0.6758620689655173,0.5212765957446809,-0.15517241379310345,-0.17815269083291946,-0.1896428293528275,-22.5,26.5,5,15
ADX20_GAP5_SUPPORT,1.5,0.3,TRAIN_2012_2021,102,0.7058823529411765,0.72,-0.08235294117647056,-0.10452832251186744,-0.11561601317956582,-8.399999999999997,15.500000000000004,5,10
ADX20_GAP5_SUPPORT,1.5,0.3,OOS_2022_2026,43,0.5813953488372093,0.41666666666666663,-0.2441860465116279,-0.2690756110363453,-0.281520393298704,-10.5,10.499999999999996,1,5
ADX20_GAP5_SUPPORT,1.5,0.3,YTD_2026,6,0.5,0.3,-0.35000000000000003,-0.3783430588656113,-0.39251458829841696,-2.1,2.4,0,1
ADX20_GAP5_SUPPORT,1.5,0.3,FULL_2012_2026,145,0.6689655172413793,0.6062499999999998,-0.1303448275862069,-0.1533251046260229,-0.16481524314593093,-18.900000000000002,24.499999999999982,6,15
ADX20_GAP5_SUPPORT,1.5,0.4,TRAIN_2012_2021,102,0.6372549019607843,0.7027027027027026,-0.10784313725490197,-0.13001851859029878,-0.1411062092579972,-11.0,17.599999999999994,5,10
ADX20_GAP5_SUPPORT,1.5,0.4,OOS_2022_2026,43,0.5348837209302325,0.46000000000000013,-0.2511627906976744,-0.2760523552223918,-0.2884971374847505,-10.799999999999999,10.799999999999997,1,5
ADX20_GAP5_SUPPORT,1.5,0.4,YTD_2026,6,0.5,0.4000000000000001,-0.3,-0.32834305886561127,-0.3425145882984169,-1.7999999999999998,2.1999999999999997,0,1
ADX20_GAP5_SUPPORT,1.5,0.4,FULL_2012_2026,145,0.6068965517241379,0.6175438596491227,-0.1503448275862069,-0.1733251046260229,-0.1848152431459309,-21.8,26.400000000000006,6,15
ADX20_GAP5_SUPPORT,1.5,0.5,TRAIN_2012_2021,102,0.5686274509803921,0.6865134586682708,-0.12982779191242033,-0.15200317324781712,-0.1630908639155156,-13.242434775066874,20.07400507422946,4,10
ADX20_GAP5_SUPPORT,1.5,0.5,OOS_2022_2026,43,0.5116279069767442,0.5238095238095238,-0.23255813953488372,-0.25744770405960105,-0.2698924863219598,-10.0,10.0,1,5
ADX20_GAP5_SUPPORT,1.5,0.5,YTD_2026,6,0.5,0.5,-0.25,-0.2783430588656113,-0.292514588298417,-1.5,2.0,0,1
ADX20_GAP5_SUPPORT,1.5,0.5,FULL_2012_2026,145,0.5517241379310345,0.6324867178543523,-0.16029265362115086,-0.18327293066096687,-0.1947630691808749,-23.242434775066876,27.57400507422946,5,15
ADX20_GAP5_SUPPORT,1.5,0.6,TRAIN_2012_2021,102,0.5490196078431373,0.7594518739944102,-0.10433759583398898,-0.1265129771693858,-0.1376006678370842,-10.642434775066876,19.474005074229467,4,10
ADX20_GAP5_SUPPORT,1.5,0.6,OOS_2022_2026,43,0.46511627906976744,0.5217391304347825,-0.2558139534883721,-0.28070351801308946,-0.2931483002754482,-11.0,11.8,1,5
ADX20_GAP5_SUPPORT,1.5,0.6,YTD_2026,6,0.5,0.6,-0.20000000000000004,-0.22834305886561132,-0.242514588298417,-1.2000000000000002,2.0,0,1
ADX20_GAP5_SUPPORT,1.5,0.6,FULL_2012_2026,145,0.5241379310344828,0.6781432015740786,-0.14925817086253018,-0.1722384479023462,-0.1837285864222542,-21.642434775066874,28.274005074229468,5,15
ADX20_GAP5_SUPPORT,1.5,0.75,TRAIN_2012_2021,102,0.5196078431372549,0.841404559042305,-0.07345524289281251,-0.09563062422820931,-0.10671831489590772,-7.492434775066876,18.32400507422946,5,10
ADX20_GAP5_SUPPORT,1.5,0.75,OOS_2022_2026,43,0.4418604651162791,0.59375,-0.22674418604651161,-0.251633750571229,-0.2640785328335877,-9.75,10.0,1,5
ADX20_GAP5_SUPPORT,1.5,0.75,YTD_2026,6,0.3333333333333333,0.375,-0.4166666666666667,-0.445009725532278,-0.4591812549650836,-2.5,3.25,0,1
ADX20_GAP5_SUPPORT,1.5,0.75,FULL_2012_2026,145,0.496551724137931,0.7579752175861724,-0.11891334327632329,-0.14189362031613928,-0.1533837588360473,-17.242434775066876,26.07400507422946,6,15
ADX20_GAP5_SUPPORT,1.5,1.0,TRAIN_2012_2021,102,0.47058823529411764,0.8956112914164288,-0.05346588528853607,-0.07564126662393288,-0.08672895729163127,-5.453520299430679,19.07400507422946,5,10
ADX20_GAP5_SUPPORT,1.5,1.0,OOS_2022_2026,43,0.3953488372093023,0.6267407584632377,-0.22569163441757717,-0.2505811989422945,-0.2630259812046532,-9.704740279955818,11.0,1,5
ADX20_GAP5_SUPPORT,1.5,1.0,YTD_2026,6,0.3333333333333333,0.5,-0.3333333333333333,-0.3616763921989447,-0.3758479216317503,-2.0,3.0,0,1
ADX20_GAP5_SUPPORT,1.5,1.0,FULL_2012_2026,145,0.4482758620689655,0.8062654795576876,-0.10453972813369998,-0.127520005173516,-0.13901014369342402,-15.158260579386496,26.07400507422946,6,15
ADX20_GAP5_SUPPORT,1.75,0.2,TRAIN_2012_2021,102,0.803921568627451,0.82,-0.03529411764705883,-0.05430158736311323,-0.06380532222114045,-3.6000000000000005,9.199999999999998,6,10
ADX20_GAP5_SUPPORT,1.75,0.2,OOS_2022_2026,43,0.6511627906976745,0.3733333333333334,-0.2186046511627907,-0.2399385636125484,-0.25060551983742735,-9.4,9.999999999999998,0,5
ADX20_GAP5_SUPPORT,1.75,0.2,YTD_2026,6,0.6666666666666666,0.4,-0.19999999999999998,-0.22429405045623826,-0.23644107568435735,-1.2,2.0,0,1
ADX20_GAP5_SUPPORT,1.75,0.2,FULL_2012_2026,145,0.7586206896551724,0.6285714285714284,-0.0896551724137931,-0.10935255273363541,-0.11920124289355653,-13.0,17.6,6,15
ADX20_GAP5_SUPPORT,1.75,0.25,TRAIN_2012_2021,102,0.7843137254901961,0.9090909090909091,-0.0196078431372549,-0.03861531285330934,-0.04811904771133653,-2.0,7.75,6,10
ADX20_GAP5_SUPPORT,1.75,0.25,OOS_2022_2026,43,0.6511627906976745,0.4666666666666667,-0.18604651162790697,-0.20738042407766472,-0.2180473803025436,-8.0,9.25,0,5
ADX20_GAP5_SUPPORT,1.75,0.25,YTD_2026,6,0.6666666666666666,0.5,-0.16666666666666666,-0.19096071712290494,-0.20310774235102402,-1.0,2.0,0,1
ADX20_GAP5_SUPPORT,1.75,0.25,FULL_2012_2026,145,0.7448275862068966,0.7297297297297297,-0.06896551724137931,-0.08866289756122162,-0.09851158772114277,-10.0,14.5,6,15
ADX20_GAP5_SUPPORT,1.75,0.3,TRAIN_2012_2021,102,0.7352941176470589,0.8333333333333334,-0.04411764705882354,-0.06312511677487796,-0.07262885163290518,-4.500000000000001,11.100000000000001,4,10
ADX20_GAP5_SUPPORT,1.75,0.3,OOS_2022_2026,43,0.627906976744186,0.50625,-0.18372093023255812,-0.20505484268231589,-0.21572179890719478,-7.8999999999999995,8.500000000000002,1,5
ADX20_GAP5_SUPPORT,1.75,0.3,YTD_2026,6,0.6666666666666666,0.6,-0.13333333333333333,-0.1576273837895716,-0.16977440901769073,-0.8,2.0,0,1
ADX20_GAP5_SUPPORT,1.75,0.3,FULL_2012_2026,145,0.7034482758620689,0.7116279069767442,-0.08551724137931034,-0.10521462169915266,-0.11506331185907381,-12.4,17.5,5,15
ADX20_GAP5_SUPPORT,1.75,0.4,TRAIN_2012_2021,102,0.6666666666666666,0.8456185001793828,-0.0486843652822536,-0.06769183499830801,-0.07719556985633522,-4.965805258789867,11.263432920768112,4,10
ADX20_GAP5_SUPPORT,1.75,0.4,OOS_2022_2026,43,0.6046511627906976,0.6117647058823531,-0.15348837209302324,-0.17482228454278098,-0.18548924076765988,-6.6,8.399999999999999,1,5
ADX20_GAP5_SUPPORT,1.75,0.4,YTD_2026,6,0.6666666666666666,0.8,-0.06666666666666665,-0.09096071712290492,-0.103107742351024,-0.3999999999999999,2.0,0,1
ADX20_GAP5_SUPPORT,1.75,0.4,FULL_2012_2026,145,0.6482758620689655,0.7647591614148911,-0.07976417419855082,-0.0994615545183931,-0.10931024467831424,-11.565805258789869,16.863432920768105,5,15
ADX20_GAP5_SUPPORT,1.75,0.5,TRAIN_2012_2021,102,0.6372549019607843,0.9241932542374091,-0.026135345674410476,-0.04514281539046489,-0.054646550248492104,-2.6658052587898684,11.563432920768111,6,10
ADX20_GAP5_SUPPORT,1.75,0.5,OOS_2022_2026,43,0.5581395348837209,0.6588879336023696,-0.14447686804756021,-0.16581078049731796,-0.17647773672219685,-6.21250532604509,9.0,1,5
ADX20_GAP5_SUPPORT,1.75,0.5,YTD_2026,6,0.6666666666666666,1.0,0.0,-0.024294050456238225,-0.03644107568435736,0.0,2.0,0,1
ADX20_GAP5_SUPPORT,1.75,0.5,FULL_2012_2026,145,0.6137931034482759,0.8336719448862188,-0.061229728171275574,-0.08092710849111787,-0.09077579865103902,-8.878310584834958,17.275938246813197,7,15
ADX20_GAP5_SUPPORT,1.75,0.6,TRAIN_2012_2021,102,0.5882352941176471,0.8962847817453324,-0.04084122802735165,-0.059848697743406086,-0.06935243260143331,-4.165805258789868,15.863432920768116,5,10
ADX20_GAP5_SUPPORT,1.75,0.6,OOS_2022_2026,43,0.5116279069767442,0.6530610524065497,-0.1630815192103509,-0.18441543166010868,-0.19508238788498755,-7.01250532604509,9.6,1,5
ADX20_GAP5_SUPPORT,1.75,0.6,YTD_2026,6,0.5,0.6,-0.20000000000000004,-0.22429405045623826,-0.23644107568435738,-1.2000000000000002,2.4000000000000004,0,1
ADX20_GAP5_SUPPORT,1.75,0.6,FULL_2012_2026,145,0.5655172413793104,0.8148621503887757,-0.07709179713679283,-0.09678917745663512,-0.10663786761655626,-11.17831058483496,21.875938246813206,6,15
ADX20_GAP5_SUPPORT,1.75,0.75,TRAIN_2012_2021,102,0.5490196078431373,0.9323097850569201,-0.029309733834330387,-0.048317203550384824,-0.05782093840841201,-2.9895928511016994,14.313432920768111,5,10
ADX20_GAP5_SUPPORT,1.75,0.75,OOS_2022_2026,43,0.4883720930232558,0.7094467774525527,-0.14333399490203003,-0.16466790735178777,-0.17533486357666664,-6.163361780787291,10.75,1,5
ADX20_GAP5_SUPPORT,1.75,0.75,YTD_2026,6,0.5,0.75,-0.125,-0.14929405045623823,-0.1614410756843574,-0.75,2.25,0,1
ADX20_GAP5_SUPPORT,1.75,0.75,FULL_2012_2026,145,0.5310344827586206,0.8600001353658089,-0.06312382504751028,-0.08282120536735259,-0.09266989552727373,-9.15295463188899,20.226794701555402,6,15
ADX20_GAP5_SUPPORT,1.75,1.0,TRAIN_2012_2021,102,0.49019607843137253,0.9805826637864233,-0.00944978756427807,-0.028457257280332486,-0.03796099213835968,-0.963878331556363,15.063432920768111,6,10
ADX20_GAP5_SUPPORT,1.75,1.0,OOS_2022_2026,43,0.4418604651162791,0.7453837085772075,-0.13744841908719585,-0.15878233153695356,-0.1694492877618325,-5.910282020749421,11.0,3,5
ADX20_GAP5_SUPPORT,1.75,1.0,YTD_2026,6,0.5,1.0,0.0,-0.024294050456238225,-0.036441075684357394,0.0,2.0,0,1
ADX20_GAP5_SUPPORT,1.75,1.0,FULL_2012_2026,145,0.47586206896551725,0.905642890939051,-0.04740800242969506,-0.06710538274953737,-0.0769540729094585,-6.8741603523057835,20.226794701555402,9,15
ADX20_GAP5_SUPPORT,2.0,0.2,TRAIN_2012_2021,102,0.8529411764705882,1.1599999999999997,0.02352941176470587,0.006897875763158278,-0.001417892237615526,2.399999999999999,4.999999999999995,8,10
ADX20_GAP5_SUPPORT,2.0,0.2,OOS_2022_2026,43,0.7674418604651163,0.66,-0.07906976744186048,-0.09773694083539847,-0.1070705275321675,-3.4000000000000004,4.4,1,5
ADX20_GAP5_SUPPORT,2.0,0.2,YTD_2026,6,0.6666666666666666,0.4,-0.19999999999999998,-0.22125729414920844,-0.2318859412238127,-1.2,2.0,0,1
ADX20_GAP5_SUPPORT,2.0,0.2,FULL_2012_2026,145,0.8275862068965517,0.9600000000000002,-0.006896551724137943,-0.024131759503999935,-0.03274936339393094,-1.0000000000000018,7.399999999999992,9,15
ADX20_GAP5_SUPPORT,2.0,0.25,TRAIN_2012_2021,102,0.8137254901960784,1.0921052631578947,0.01715686274509804,0.0005253267435504222,-0.007790441257223382,1.75,6.0,7,10
ADX20_GAP5_SUPPORT,2.0,0.25,OOS_2022_2026,43,0.7441860465116279,0.7272727272727273,-0.06976744186046512,-0.08843461525400315,-0.09776820195077214,-3.0,3.5,1,5
ADX20_GAP5_SUPPORT,2.0,0.25,YTD_2026,6,0.6666666666666666,0.5,-0.16666666666666666,-0.18792396081587515,-0.19855260789047938,-1.0,2.0,0,1
ADX20_GAP5_SUPPORT,2.0,0.25,FULL_2012_2026,145,0.7931034482758621,0.9583333333333334,-0.008620689655172414,-0.025855897435034417,-0.034473501324965426,-1.25,7.75,8,15
ADX20_GAP5_SUPPORT,2.0,0.3,TRAIN_2012_2021,102,0.7745098039215687,1.0304347826086957,0.006862745098039209,-0.009768790903508422,-0.01808455890428223,0.6999999999999993,6.3000000000000025,6,10
ADX20_GAP5_SUPPORT,2.0,0.3,OOS_2022_2026,43,0.7441860465116279,0.8727272727272727,-0.032558139534883714,-0.05122531292842175,-0.06055889962519078,-1.3999999999999997,2.9,2,5
ADX20_GAP5_SUPPORT,2.0,0.3,YTD_2026,6,0.6666666666666666,0.6,-0.13333333333333333,-0.1545906274825418,-0.16521927455714605,-0.8,2.0,0,1
ADX20_GAP5_SUPPORT,2.0,0.3,FULL_2012_2026,145,0.7655172413793103,0.9794117647058819,-0.004827586206896559,-0.02206279398675858,-0.03068039787668959,-0.7000000000000011,6.600000000000001,8,15
ADX20_GAP5_SUPPORT,2.0,0.4,TRAIN_2012_2021,102,0.6862745098039216,0.9327090524655315,-0.019804701974913092,-0.036436237976460666,-0.0447520059772345,-2.0200796014411355,8.455503805672098,6,10
ADX20_GAP5_SUPPORT,2.0,0.4,OOS_2022_2026,43,0.6744186046511628,0.8797247749906225,-0.036882375820684966,-0.05554954921422297,-0.06488313591099198,-1.5859421602894537,3.6,2,5
ADX20_GAP5_SUPPORT,2.0,0.4,YTD_2026,6,0.6666666666666666,0.8,-0.06666666666666665,-0.08792396081587506,-0.09855260789047937,-0.3999999999999999,2.0,0,1
ADX20_GAP5_SUPPORT,2.0,0.4,FULL_2012_2026,145,0.6827586206896552,0.9165389078953666,-0.024869115598141995,-0.042104323378003974,-0.050721927267935,-3.6060217617305894,9.441445965961552,8,15
ADX20_GAP5_SUPPORT,2.0,0.5,TRAIN_2012_2021,102,0.6568627450980392,1.0145341987164054,0.004705101946655543,-0.011926434054892071,-0.02024220205566588,0.47992039855886537,9.555503805672096,5,10
ADX20_GAP5_SUPPORT,2.0,0.5,OOS_2022_2026,43,0.627906976744186,0.8889800749605042,-0.039207957216033804,-0.057875130609571813,-0.06720871730634083,-1.6859421602894535,3.5,2,5
ADX20_GAP5_SUPPORT,2.0,0.5,YTD_2026,6,0.5,0.5,-0.25,-0.27125729414920846,-0.2818859412238127,-1.5,2.5,0,1
ADX20_GAP5_SUPPORT,2.0,0.5,FULL_2012_2026,145,0.6482758620689655,0.9749819272021321,-0.008317391460210953,-0.025552599240072953,-0.034170203130003976,-1.2060217617305882,9.555503805672096,7,15
ADX20_GAP5_SUPPORT,2.0,0.6,TRAIN_2012_2021,102,0.6274509803921569,1.0491838517540404,0.017368688777313873,0.0007371527757662281,-0.0075786152250075884,1.7716062552860152,9.600000000000005,5,10
ADX20_GAP5_SUPPORT,2.0,0.6,OOS_2022_2026,43,0.627906976744186,1.066776089952605,0.023582740458384797,0.0049155670648467825,-0.004418019631922235,1.0140578397105462,2.7999999999999994,2,5
ADX20_GAP5_SUPPORT,2.0,0.6,YTD_2026,6,0.5,0.6,-0.20000000000000004,-0.22125729414920844,-0.23188594122381276,-1.2000000000000002,2.4000000000000004,0,1
ADX20_GAP5_SUPPORT,2.0,0.6,FULL_2012_2026,145,0.6275862068965518,1.054401103603765,0.019211476517217666,0.001976268737355626,-0.006641335152575378,2.7856640949965614,9.600000000000005,7,15
ADX20_GAP5_SUPPORT,2.0,0.75,TRAIN_2012_2021,102,0.5784313725490197,1.0565968247220183,0.02276084564005895,0.006129309638511322,-0.002186458362262498,2.321606255286013,10.805503805672096,5,10
ADX20_GAP5_SUPPORT,2.0,0.75,OOS_2022_2026,43,0.5581395348837209,0.921835406951876,-0.033058064375714964,-0.05172523776925297,-0.06105882446602198,-1.4214967681557433,6.5,2,5
ADX20_GAP5_SUPPORT,2.0,0.75,YTD_2026,6,0.5,0.75,-0.125,-0.14625729414920843,-0.15688594122381275,-0.75,2.25,0,1
ADX20_GAP5_SUPPORT,2.0,0.75,FULL_2012_2026,145,0.5724137931034483,1.015203005713721,0.006207651635381178,-0.011027556144480836,-0.019645160034411857,0.9001094871302708,10.805503805672096,7,15
ADX20_GAP5_SUPPORT,2.0,1.0,TRAIN_2012_2021,102,0.5196078431372549,1.069486688005342,0.03163352818187688,0.015001992180329266,0.006686224179555469,3.2266198745514423,8.055503805672096,5,10
ADX20_GAP5_SUPPORT,2.0,1.0,OOS_2022_2026,43,0.4883720930232558,0.9093032184446646,-0.04468597135245915,-0.0633531447459972,-0.07268673144276619,-1.9214967681557433,6.0,3,5
ADX20_GAP5_SUPPORT,2.0,1.0,YTD_2026,6,0.5,1.0,0.0,-0.021257294149208444,-0.031885941223812754,0.0,2.0,0,1
ADX20_GAP5_SUPPORT,2.0,1.0,FULL_2012_2026,145,0.5103448275862069,1.019300552939637,0.009000849009625507,-0.008234358770236507,-0.016851962660167513,1.3051231063956985,8.198445363860976,8,15
ADX20_GAP5_SUPPORT,2.25,0.2,TRAIN_2012_2021,102,0.8725490196078431,1.369230769230769,0.04705882352941176,0.03227523597248055,0.024883442194014938,4.799999999999999,2.7999999999999954,7,10
ADX20_GAP5_SUPPORT,2.25,0.2,OOS_2022_2026,43,0.813953488372093,0.8750000000000001,-0.023255813953488382,-0.03984885696996661,-0.04814537847820572,-1.0000000000000004,3.0,1,5
ADX20_GAP5_SUPPORT,2.25,0.2,YTD_2026,6,0.8333333333333334,1.0,0.0,-0.018895372577074188,-0.02834305886561128,0.0,1.0,0,1
ADX20_GAP5_SUPPORT,2.25,0.2,FULL_2012_2026,145,0.8551724137931035,1.180952380952381,0.026206896551724125,0.010886711858513465,0.003226619511908132,3.799999999999998,3.3999999999999906,8,15
ADX20_GAP5_SUPPORT,2.25,0.25,TRAIN_2012_2021,102,0.8137254901960784,1.0921052631578947,0.01715686274509804,0.0023732751881668317,-0.005018518590298775,1.75,5.5,7,10
ADX20_GAP5_SUPPORT,2.25,0.25,OOS_2022_2026,43,0.7906976744186046,0.9444444444444444,-0.011627906976744186,-0.028220949993222444,-0.036517471501461556,-0.5,2.75,3,5
ADX20_GAP5_SUPPORT,2.25,0.25,YTD_2026,6,0.8333333333333334,1.25,0.041666666666666664,0.02277129408959248,0.013323607801055348,0.25,1.0,1,1
ADX20_GAP5_SUPPORT,2.25,0.25,FULL_2012_2026,145,0.8068965517241379,1.0446428571428572,0.008620689655172414,-0.00669949503803827,-0.014359587384643609,1.25,6.5,10,15
ADX20_GAP5_SUPPORT,2.25,0.3,TRAIN_2012_2021,102,0.7450980392156863,0.9537060451245358,-0.010850366897090503,-0.025633954454021737,-0.03302574823248734,-1.1067374235032312,5.5,5,10
ADX20_GAP5_SUPPORT,2.25,0.3,OOS_2022_2026,43,0.7674418604651163,0.99,-0.002325581395348829,-0.01891862441182711,-0.02721514592006622,-0.09999999999999964,3.1999999999999993,3,5
ADX20_GAP5_SUPPORT,2.25,0.3,YTD_2026,6,0.8333333333333334,1.5,0.08333333333333333,0.06443796075625911,0.054990274467722054,0.5,1.0,1,1
ADX20_GAP5_SUPPORT,2.25,0.3,FULL_2012_2026,145,0.7517241379310344,0.9644100991366169,-0.008322327058642972,-0.023642511751853657,-0.03130260409845901,-1.2067374235032309,6.600000000000002,8,15
ADX20_GAP5_SUPPORT,2.25,0.4,TRAIN_2012_2021,102,0.6862745098039216,0.9362438838947118,-0.018693504151992477,-0.03347709170892364,-0.04086888548738926,-1.9067374235032326,8.600000000000001,5,10
ADX20_GAP5_SUPPORT,2.25,0.4,OOS_2022_2026,43,0.7209302325581395,1.1105854817246081,0.028714373947504836,0.0121213309310266,0.003824809422787481,1.234718079742708,3.4,4,5
ADX20_GAP5_SUPPORT,2.25,0.4,YTD_2026,6,0.8333333333333334,2.0,0.16666666666666666,0.14777129408959247,0.13832360780105538,1.0,1.0,1,1
ADX20_GAP5_SUPPORT,2.25,0.4,FULL_2012_2026,145,0.696551724137931,0.9836380252420527,-0.004634616163865687,-0.01995480085707633,-0.027614893203681674,-0.6720193437605246,9.365281920257296,9,15
ADX20_GAP5_SUPPORT,2.25,0.5,TRAIN_2012_2021,102,0.6470588235294118,0.9732578982112651,-0.008889582583365004,-0.023673170140296216,-0.03106496391876183,-0.9067374235032304,10.0,6,10
ADX20_GAP5_SUPPORT,2.25,0.5,OOS_2022_2026,43,0.6744186046511628,1.101381655769102,0.031039955342853677,0.014446912326375417,0.006150390818136305,1.334718079742708,3.0,2,5
ADX20_GAP5_SUPPORT,2.25,0.5,YTD_2026,6,0.6666666666666666,1.0,0.0,-0.018895372577074226,-0.0283430588656113,0.0,1.0,0,1
ADX20_GAP5_SUPPORT,2.25,0.5,FULL_2012_2026,145,0.6551724137931034,1.009092039436719,0.002951590732686053,-0.012368593960524638,-0.020028686307129978,0.4279806562394777,10.165281920257293,8,15
ADX20_GAP5_SUPPORT,2.25,0.6,TRAIN_2012_2021,102,0.6078431372549019,0.9635739044402797,-0.013537200389664368,-0.0283207879465956,-0.035712581725061206,-1.3807944397457654,9.6,3,10
ADX20_GAP5_SUPPORT,2.25,0.6,OOS_2022_2026,43,0.627906976744186,1.0311857596615925,0.010998624120126506,-0.005594418896351749,-0.013890940404590888,0.4729408371654398,4.6,3,5
ADX20_GAP5_SUPPORT,2.25,0.6,YTD_2026,6,0.6666666666666666,1.2,0.06666666666666665,0.04777129408959243,0.038323607801055294,0.3999999999999999,1.0,1,1
ADX20_GAP5_SUPPORT,2.25,0.6,FULL_2012_2026,145,0.6137931034482759,0.9828939314198704,-0.0062610593281401785,-0.021581244021350886,-0.029241336367956217,-0.9078536025803259,9.92705916283456,6,15
ADX20_GAP5_SUPPORT,2.25,0.75,TRAIN_2012_2021,102,0.5490196078431373,0.9480150064153714,-0.02205571712515745,-0.03683930468208868,-0.044231098460554265,-2.24968314676606,10.799336716152975,5,10
ADX20_GAP5_SUPPORT,2.25,0.75,OOS_2022_2026,43,0.5581395348837209,0.9212663279463424,-0.0332609151039947,-0.04985395812047295,-0.058150479628712094,-1.4302193494717719,6.8031601866372124,2,5
ADX20_GAP5_SUPPORT,2.25,0.75,YTD_2026,6,0.6666666666666666,1.5,0.16666666666666666,0.14777129408959244,0.13832360780105538,1.0,1.0,1,1
ADX20_GAP5_SUPPORT,2.25,0.75,FULL_2012_2026,145,0.5517241379310345,0.9401066388342373,-0.025378637905088493,-0.040698822598299184,-0.048358914944904526,-3.6799024962378315,12.729556065624747,7,15
ADX20_GAP5_SUPPORT,2.25,1.0,TRAIN_2012_2021,102,0.5,0.925313051592972,-0.03486266756537787,-0.04964625512230911,-0.057038048900774706,-3.555992091668543,8.944734109821857,4,10
ADX20_GAP5_SUPPORT,2.25,1.0,OOS_2022_2026,43,0.46511627906976744,0.8460803840294913,-0.07681106288696633,-0.09340410590344458,-0.10170062741168372,-3.3028757041395522,8.096323853798689,4,5
ADX20_GAP5_SUPPORT,2.25,1.0,YTD_2026,6,0.5,1.3082363212711543,0.11780605547308724,0.09891068289601301,0.08946299660747592,0.7068363328385234,1.0,1,1
ADX20_GAP5_SUPPORT,2.25,1.0,FULL_2012_2026,145,0.4896551724137931,0.9006974460957927,-0.04730253652281445,-0.06262272121602513,-0.07028281356263048,-6.858867795808095,12.149255438759822,8,15
ADX20_GAP5_SUPPORT,2.5,0.2,TRAIN_2012_2021,102,0.8529411764705882,1.1599999999999997,0.02352941176470588,0.010224182963467797,0.0035715685628487665,2.3999999999999995,4.199999999999999,6,10
ADX20_GAP5_SUPPORT,2.5,0.2,OOS_2022_2026,43,0.7906976744186046,0.7555555555555556,-0.051162790697674425,-0.06609652941250484,-0.07356339876992005,-2.2,3.5999999999999996,1,5
ADX20_GAP5_SUPPORT,2.5,0.2,YTD_2026,6,0.8333333333333334,1.0,0.0,-0.017005835319366763,-0.02550875297905016,0.0,1.0,0,1
ADX20_GAP5_SUPPORT,2.5,0.2,FULL_2012_2026,145,0.8344827586206897,1.0083333333333335,0.0013793103448275798,-0.012408855879062016,-0.019302938991006813,0.19999999999999907,5.399999999999999,7,15
ADX20_GAP5_SUPPORT,2.5,0.25,TRAIN_2012_2021,102,0.8333333333333334,1.25,0.041666666666666664,0.028361437865428576,0.021708823464809523,4.25,4.75,6,10
ADX20_GAP5_SUPPORT,2.5,0.25,OOS_2022_2026,43,0.7906976744186046,0.9444444444444444,-0.011627906976744186,-0.026561645691574605,-0.03402851504898983,-0.5,2.75,3,5
ADX20_GAP5_SUPPORT,2.5,0.25,YTD_2026,6,0.8333333333333334,1.25,0.041666666666666664,0.024660831347299905,0.016157913687616505,0.25,1.0,1,1
ADX20_GAP5_SUPPORT,2.5,0.25,FULL_2012_2026,145,0.8206896551724138,1.1442307692307692,0.02586206896551724,0.012073902741627625,0.005179819629682825,3.75,4.75,9,15
ADX20_GAP5_SUPPORT,2.5,0.3,TRAIN_2012_2021,102,0.7549019607843137,1.0478086852430635,0.01033324233921667,-0.0029719864620214287,-0.009624600862640475,1.0539907186001003,5.929945600246992,6,10
ADX20_GAP5_SUPPORT,2.5,0.3,OOS_2022_2026,43,0.7674418604651163,0.99,-0.002325581395348829,-0.01725932011017926,-0.024726189467594493,-0.09999999999999964,3.1999999999999993,3,5
ADX20_GAP5_SUPPORT,2.5,0.3,YTD_2026,6,0.8333333333333334,1.5,0.08333333333333333,0.06632749801396653,0.05782458035428314,0.5,1.0,1,1
ADX20_GAP5_SUPPORT,2.5,0.3,FULL_2012_2026,145,0.7586206896551724,1.0297694077981123,0.006579246335173111,-0.007208919888716514,-0.014103003000661318,0.9539907186001011,5.929945600246992,9,15
ADX20_GAP5_SUPPORT,2.5,0.4,TRAIN_2012_2021,102,0.7156862745098039,1.1210930505523715,0.03092147763333431,0.017616248832096247,0.010963634431477196,3.1539907186000997,7.82994560024699,7,10
ADX20_GAP5_SUPPORT,2.5,0.4,OOS_2022_2026,43,0.6744186046511628,0.9964427187909117,-0.0009630645431566184,-0.01589680325798702,-0.023363672615402245,-0.04141177535573459,2.656763041007164,3,5
ADX20_GAP5_SUPPORT,2.5,0.4,YTD_2026,6,0.6666666666666666,0.8,-0.06666666666666665,-0.08367250198603342,-0.0921754196457168,-0.3999999999999999,1.2,0,1
ADX20_GAP5_SUPPORT,2.5,0.4,FULL_2012_2026,145,0.7034482758620689,1.0825893323546059,0.021466061677547353,0.007677895453657758,0.0007838123417129463,3.1125789432443662,7.82994560024699,10,15
ADX20_GAP5_SUPPORT,2.5,0.5,TRAIN_2012_2021,102,0.6764705882352942,1.1307108497238283,0.03850332749001783,0.025198098688779747,0.01854548428816069,3.9273394039818186,7.2299456002469915,6,10
ADX20_GAP5_SUPPORT,2.5,0.5,OOS_2022_2026,43,0.6744186046511628,1.2055582907384614,0.0556509001470866,0.04071716143225618,0.03325029207484096,2.392988706324724,2.256763041007164,3,5
ADX20_GAP5_SUPPORT,2.5,0.5,YTD_2026,6,0.6666666666666666,1.0,0.0,-0.017005835319366763,-0.025508752979050142,0.0,1.0,0,1
ADX20_GAP5_SUPPORT,2.5,0.5,FULL_2012_2026,145,0.6758620689655173,1.151612355720007,0.04358846972625202,0.02980030350236241,0.022906220390417592,6.320328110306543,7.2299456002469915,9,15
ADX20_GAP5_SUPPORT,2.5,0.6,TRAIN_2012_2021,102,0.6470588235294118,1.176340185417238,0.05713077847040999,0.04382554966917187,0.03717293526855284,5.827339403981819,6.829945600246994,7,10
ADX20_GAP5_SUPPORT,2.5,0.6,OOS_2022_2026,43,0.6046511627906976,0.9979608891473826,-0.0006943130615992393,-0.015628051776429647,-0.023094921133844874,-0.02985546164876729,3.8926580471241716,3,5
ADX20_GAP5_SUPPORT,2.5,0.6,YTD_2026,6,0.6666666666666666,1.2,0.06666666666666665,0.04966083134729989,0.041157913687616454,0.3999999999999999,1.0,1,1
ADX20_GAP5_SUPPORT,2.5,0.6,FULL_2012_2026,145,0.6344827586206897,1.1215726037152045,0.039982647878158986,0.02619448165426936,0.019300398542324543,5.797483942333053,6.829945600246994,10,15
ADX20_GAP5_SUPPORT,2.5,0.75,TRAIN_2012_2021,102,0.5784313725490197,1.1039802219100154,0.03929002114004175,0.025984792338803655,0.019332177938184602,4.007582156284259,7.4799456002469915,7,10
ADX20_GAP5_SUPPORT,2.5,0.75,OOS_2022_2026,43,0.5348837209302325,0.9047777194342547,-0.03906640608485505,-0.05400014479968544,-0.06146701415710067,-1.679855461648767,5.315502215097663,2,5
ADX20_GAP5_SUPPORT,2.5,0.75,YTD_2026,6,0.6666666666666666,1.5,0.16666666666666666,0.1496608313472999,0.14115791368761652,1.0,1.0,1,1
ADX20_GAP5_SUPPORT,2.5,0.75,FULL_2012_2026,145,0.5655172413793104,1.041431020424348,0.016053287549210284,0.0022651213253206725,-0.004628961786624129,2.327726694635491,7.4799456002469915,9,15
ADX20_GAP5_SUPPORT,2.5,1.0,TRAIN_2012_2021,102,0.5392156862745098,1.1511300820934984,0.05965774661575414,0.04635251781451602,0.039699903413896974,6.085090154806922,6.533628224805323,7,10
ADX20_GAP5_SUPPORT,2.5,1.0,OOS_2022_2026,43,0.4418604651162791,0.7912185741053169,-0.10150301857077937,-0.1164367572856098,-0.12390362664302504,-4.364629798543513,7.750892934298665,3,5
ADX20_GAP5_SUPPORT,2.5,1.0,YTD_2026,6,0.5,1.3251777182188305,0.12269211659244521,0.1056862812730784,0.09718336361339501,0.7361526995546712,1.0,1,1
ADX20_GAP5_SUPPORT,2.5,1.0,FULL_2012_2026,145,0.5103448275862069,1.028126260102045,0.01186524383629936,-0.0019229223875902562,-0.008817005499535069,1.7204603562634073,7.750892934298665,10,15
ADX20_GAP5_SUPPORT,3.0,0.2,TRAIN_2012_2021,102,0.8529411764705882,1.1599999999999997,0.02352941176470588,0.01244172109700748,0.006897875763158287,2.3999999999999995,5.3999999999999995,7,10
ADX20_GAP5_SUPPORT,3.0,0.2,OOS_2022_2026,43,0.813953488372093,0.8750000000000001,-0.023255813953488372,-0.03570059621584704,-0.04192298734702638,-1.0,3.0,2,5
ADX20_GAP5_SUPPORT,3.0,0.2,YTD_2026,6,0.8333333333333334,1.0,0.0,-0.01417152943280564,-0.02125729414920848,0.0,1.0,0,1
ADX20_GAP5_SUPPORT,3.0,0.2,FULL_2012_2026,145,0.8413793103448276,1.0608695652173914,0.00965517241379309,-0.0018349661061148926,-0.007580035366068893,1.3999999999999981,5.3999999999999995,9,15
ADX20_GAP5_SUPPORT,3.0,0.25,TRAIN_2012_2021,102,0.7745098039215687,0.9938769930147688,-0.001192886285946889,-0.012280576953645293,-0.017824422287494493,-0.12167440116658268,6.44162133353916,4,10
ADX20_GAP5_SUPPORT,3.0,0.25,OOS_2022_2026,43,0.7906976744186046,0.9444444444444444,-0.011627906976744186,-0.02407268923910287,-0.03029508037028221,-0.5,3.5,2,5
ADX20_GAP5_SUPPORT,3.0,0.25,YTD_2026,6,0.8333333333333334,1.25,0.041666666666666664,0.027495137233861027,0.020409372517458186,0.25,1.0,1,1
ADX20_GAP5_SUPPORT,3.0,0.25,FULL_2012_2026,145,0.7793103448275862,0.9784676706820487,-0.00428740966321781,-0.01577754818312582,-0.021522617443079813,-0.6216744011665825,6.44162133353916,6,15
ADX20_GAP5_SUPPORT,3.0,0.3,TRAIN_2012_2021,102,0.7450980392156863,1.1252247141543084,0.024876281458458376,0.013788590790759963,0.008244745456910759,2.5373807087627545,6.74541584740979,6,10
ADX20_GAP5_SUPPORT,3.0,0.3,OOS_2022_2026,43,0.7441860465116279,1.0280650359316394,0.0060946362550634335,-0.006350146007295263,-0.0125725371384746,0.26206935896772765,3.013969200839303,3,5
ADX20_GAP5_SUPPORT,3.0,0.3,YTD_2026,6,0.8333333333333334,1.5,0.08333333333333333,0.06916180390052766,0.062076039184124854,0.5,1.0,1,1
ADX20_GAP5_SUPPORT,3.0,0.3,FULL_2012_2026,145,0.7448275862068966,1.0945742587261396,0.01930655219124471,0.007816413671336692,0.002071344411382686,2.7994500677304828,6.74541584740979,9,15
ADX20_GAP5_SUPPORT,3.0,0.4,TRAIN_2012_2021,102,0.7058823529411765,1.1702964505597762,0.04050821516255739,0.029420524494858998,0.023876679161009794,4.131837946580854,6.045415847409787,7,10
ADX20_GAP5_SUPPORT,3.0,0.4,OOS_2022_2026,43,0.6976744186046512,1.1391132775274844,0.034081167144268704,0.021636384881910036,0.015413993750730704,1.4654901872035544,2.2,3,5
ADX20_GAP5_SUPPORT,3.0,0.4,YTD_2026,6,0.6666666666666666,0.8,-0.06666666666666665,-0.08083819609947229,-0.08792396081587511,-0.3999999999999999,1.2,0,1
ADX20_GAP5_SUPPORT,3.0,0.4,FULL_2012_2026,145,0.7034482758620689,1.1608560326068842,0.0386022629916166,0.02711212447170861,0.021367055211754613,5.597328133784407,6.045415847409787,10,15
ADX20_GAP5_SUPPORT,3.0,0.5,TRAIN_2012_2021,102,0.6764705882352942,1.2432575489440394,0.06501801908412601,0.053930328416427614,0.04838648308257841,6.631837946580853,6.482418384524521,5,10
ADX20_GAP5_SUPPORT,3.0,0.5,OOS_2022_2026,43,0.6511627906976745,1.0512016125782195,0.014925281750992904,0.002480499488634207,-0.0037418916425451176,0.6417871152926948,2.7139692008393035,2,5
ADX20_GAP5_SUPPORT,3.0,0.5,YTD_2026,6,0.6666666666666666,1.0,0.0,-0.01417152943280564,-0.02125729414920846,0.0,1.0,0,1
ADX20_GAP5_SUPPORT,3.0,0.5,FULL_2012_2026,145,0.6689655172413793,1.182767582125323,0.05016293146119688,0.03867279294128887,0.03292772368133487,7.273625061873547,6.482418384524521,7,15
ADX20_GAP5_SUPPORT,3.0,0.6,TRAIN_2012_2021,102,0.6176470588235294,1.1763748004101933,0.05437851090942827,0.043290820241729845,0.03774697490788064,5.5466081127616835,6.417508872878363,7,10
ADX20_GAP5_SUPPORT,3.0,0.6,OOS_2022_2026,43,0.6046511627906976,1.0418177599121123,0.013606541771488888,0.0011617595091301966,-0.005060631622049133,0.5850812961740222,2.413969200839303,2,5
ADX20_GAP5_SUPPORT,3.0,0.6,YTD_2026,6,0.6666666666666666,1.2,0.06666666666666665,0.052495137233861046,0.04540937251745817,0.3999999999999999,1.0,1,1
ADX20_GAP5_SUPPORT,3.0,0.6,FULL_2012_2026,145,0.6137931034482759,1.1349431252982587,0.04228751316507382,0.03079737464516581,0.025052305385211804,6.131689408935705,6.417508872878363,9,15
ADX20_GAP5_SUPPORT,3.0,0.75,TRAIN_2012_2021,102,0.5882352941176471,1.1601476016100918,0.052911669221493776,0.041823978553795375,0.03628013321994617,5.396990260592365,5.926059455244754,7,10
ADX20_GAP5_SUPPORT,3.0,0.75,OOS_2022_2026,43,0.5348837209302325,0.9787546053845988,-0.00800955743783287,-0.020454339700191553,-0.026676730831370885,-0.3444109698268134,3.499116597700893,2,5
ADX20_GAP5_SUPPORT,3.0,0.75,YTD_2026,6,0.5,1.0135716110862012,0.0050212082714820765,-0.009150321161323546,-0.016236085877726365,0.03012724962889246,1.0,1,1
ADX20_GAP5_SUPPORT,3.0,0.75,FULL_2012_2026,145,0.5724137931034483,1.1012313953902382,0.034845374419072775,0.023355235899164765,0.017610166639210764,5.052579290765553,5.926059455244754,9,15
ADX20_GAP5_SUPPORT,3.0,1.0,TRAIN_2012_2021,102,0.5098039215686274,1.116021730188052,0.04282288861585233,0.03173519794815391,0.026191352614304723,4.367934638816938,10.13013572643857,7,10
ADX20_GAP5_SUPPORT,3.0,1.0,OOS_2022_2026,43,0.4883720930232558,0.9104319460331217,-0.037933296442330386,-0.05037807870468906,-0.05660046983586839,-1.6311317470202065,4.0,1,5
ADX20_GAP5_SUPPORT,3.0,1.0,YTD_2026,6,0.5,1.3514288147816016,0.13002120827148209,0.11584967883867647,0.10876391412227364,0.7801272496288925,1.0,1,1
ADX20_GAP5_SUPPORT,3.0,1.0,FULL_2012_2026,145,0.503448275862069,1.0489951537333575,0.018874502702046426,0.007384364182138409,0.0016392949221844038,2.7368028917967315,10.13013572643857,8,15
ADX20_GAP10_SUPPORT,0.75,0.2,TRAIN_2012_2021,49,0.16326530612244897,0.03902439024390244,-0.8040816326530612,-0.8491117189952225,-0.8716267621663031,-39.4,39.4,0,10
ADX20_GAP10_SUPPORT,0.75,0.2,OOS_2022_2026,22,0.045454545454545456,0.009523809523809525,-0.9454545454545454,-0.9957914800483525,-1.0209599473452562,-20.8,20.8,0,5
ADX20_GAP10_SUPPORT,0.75,0.2,YTD_2026,3,0.0,0.0,-1.0,-1.0542533980617421,-1.081380097092613,-3.0,3.0,0,1
ADX20_GAP10_SUPPORT,0.75,0.2,FULL_2012_2026,71,0.1267605633802817,0.02903225806451613,-0.8478873239436621,-0.8945617858004178,-0.9178990167287956,-60.2,60.199999999999996,0,15
ADX20_GAP10_SUPPORT,0.75,0.25,TRAIN_2012_2021,49,0.16326530612244897,0.04878048780487805,-0.7959183673469388,-0.8409484536891001,-0.8634634968601805,-39.0,39.0,0,10
ADX20_GAP10_SUPPORT,0.75,0.25,OOS_2022_2026,22,0.045454545454545456,0.011904761904761904,-0.9431818181818182,-0.993518752775625,-1.0186872200725288,-20.75,20.75,0,5
ADX20_GAP10_SUPPORT,0.75,0.25,YTD_2026,3,0.0,0.0,-1.0,-1.0542533980617421,-1.081380097092613,-3.0,3.0,0,1
ADX20_GAP10_SUPPORT,0.75,0.25,FULL_2012_2026,71,0.1267605633802817,0.036290322580645164,-0.8415492957746479,-0.8882237576314037,-0.9115609885597816,-59.75,59.75,0,15
ADX20_GAP10_SUPPORT,0.75,0.3,TRAIN_2012_2021,49,0.16326530612244897,0.058536585365853655,-0.7877551020408163,-0.8327851883829775,-0.8553002315540581,-38.6,38.6,0,10
ADX20_GAP10_SUPPORT,0.75,0.3,OOS_2022_2026,22,0.045454545454545456,0.014285714285714285,-0.9409090909090909,-0.9912460255028979,-1.0164144927998018,-20.7,20.7,0,5
ADX20_GAP10_SUPPORT,0.75,0.3,YTD_2026,3,0.0,0.0,-1.0,-1.0542533980617421,-1.081380097092613,-3.0,3.0,0,1
ADX20_GAP10_SUPPORT,0.75,0.3,FULL_2012_2026,71,0.1267605633802817,0.04354838709677419,-0.8352112676056338,-0.8818857294623895,-0.9052229603907676,-59.3,59.300000000000004,0,15
ADX20_GAP10_SUPPORT,0.75,0.4,TRAIN_2012_2021,49,0.16326530612244897,0.07804878048780488,-0.7714285714285714,-0.8164586577707327,-0.8389737009418132,-37.8,37.8,0,10
ADX20_GAP10_SUPPORT,0.75,0.4,OOS_2022_2026,22,0.045454545454545456,0.01904761904761905,-0.9363636363636364,-0.9867005709574432,-1.0118690382543472,-20.6,20.6,0,5
ADX20_GAP10_SUPPORT,0.75,0.4,YTD_2026,3,0.0,0.0,-1.0,-1.0542533980617421,-1.081380097092613,-3.0,3.0,0,1
ADX20_GAP10_SUPPORT,0.75,0.4,FULL_2012_2026,71,0.1267605633802817,0.05806451612903226,-0.8225352112676056,-0.8692096731243614,-0.8925469040527394,-58.4,58.4,0,15
ADX20_GAP10_SUPPORT,0.75,0.5,TRAIN_2012_2021,49,0.14285714285714285,0.08333333333333333,-0.7857142857142857,-0.830744372056447,-0.8532594152275275,-38.5,38.5,0,10
ADX20_GAP10_SUPPORT,0.75,0.5,OOS_2022_2026,22,0.045454545454545456,0.023809523809523808,-0.9318181818181818,-0.9821551164119886,-1.0073235837088925,-20.5,20.5,0,5
ADX20_GAP10_SUPPORT,0.75,0.5,YTD_2026,3,0.0,0.0,-1.0,-1.0542533980617421,-1.081380097092613,-3.0,3.0,0,1
ADX20_GAP10_SUPPORT,0.75,0.5,FULL_2012_2026,71,0.11267605633802817,0.06349206349206349,-0.8309859154929577,-0.8776603773497136,-0.9009976082780915,-59.0,59.0,0,15
ADX20_GAP10_SUPPORT,0.75,0.6,TRAIN_2012_2021,49,0.14285714285714285,0.1,-0.7714285714285714,-0.8164586577707327,-0.8389737009418132,-37.8,37.8,0,10
ADX20_GAP10_SUPPORT,0.75,0.6,OOS_2022_2026,22,0.045454545454545456,0.02857142857142857,-0.9272727272727272,-0.9776096618665343,-1.0027781291634381,-20.4,20.4,0,5
ADX20_GAP10_SUPPORT,0.75,0.6,YTD_2026,3,0.0,0.0,-1.0,-1.0542533980617421,-1.081380097092613,-3.0,3.0,0,1
ADX20_GAP10_SUPPORT,0.75,0.6,FULL_2012_2026,71,0.11267605633802817,0.07619047619047618,-0.819718309859155,-0.8663927717159108,-0.8897300026442886,-58.2,58.199999999999996,0,15
ADX20_GAP10_SUPPORT,0.75,0.75,TRAIN_2012_2021,49,0.14285714285714285,0.125,-0.75,-0.7950300863421613,-0.8175451295132418,-36.75,36.75,0,10
ADX20_GAP10_SUPPORT,0.75,0.75,OOS_2022_2026,22,0.045454545454545456,0.03571428571428571,-0.9204545454545454,-0.9707914800483523,-0.9959599473452561,-20.25,20.25,0,5
ADX20_GAP10_SUPPORT,0.75,0.75,YTD_2026,3,0.0,0.0,-1.0,-1.0542533980617421,-1.081380097092613,-3.0,3.0,0,1
ADX20_GAP10_SUPPORT,0.75,0.75,FULL_2012_2026,71,0.11267605633802817,0.09523809523809523,-0.8028169014084507,-0.8494913632652066,-0.8728285941935845,-57.0,57.0,0,15
ADX20_GAP10_SUPPORT,0.75,1.0,TRAIN_2012_2021,49,0.10204081632653061,0.11363636363636363,-0.7959183673469388,-0.8409484536891001,-0.8634634968601805,-39.0,39.0,0,10
ADX20_GAP10_SUPPORT,0.75,1.0,OOS_2022_2026,22,0.045454545454545456,0.047619047619047616,-0.9090909090909091,-0.9594278436847159,-0.9845963109816197,-20.0,20.0,0,5
ADX20_GAP10_SUPPORT,0.75,1.0,YTD_2026,3,0.0,0.0,-1.0,-1.0542533980617421,-1.081380097092613,-3.0,3.0,0,1
ADX20_GAP10_SUPPORT,0.75,1.0,FULL_2012_2026,71,0.08450704225352113,0.09230769230769231,-0.8309859154929577,-0.8776603773497136,-0.9009976082780915,-59.0,59.0,0,15
ADX20_GAP10_SUPPORT,1.0,0.2,TRAIN_2012_2021,49,0.3469387755102041,0.10625000000000001,-0.5836734693877551,-0.617446034144376,-0.6343323165226866,-28.599999999999998,28.599999999999998,0,10
ADX20_GAP10_SUPPORT,1.0,0.2,OOS_2022_2026,22,0.36363636363636365,0.1142857142857143,-0.5636363636363637,-0.6013890645817189,-0.6202654150543965,-12.400000000000002,12.400000000000002,0,5
ADX20_GAP10_SUPPORT,1.0,0.2,YTD_2026,3,0.6666666666666666,0.4,-0.19999999999999998,-0.24069004854630657,-0.2610350728194598,-0.6,1.0,0,1
ADX20_GAP10_SUPPORT,1.0,0.2,FULL_2012_2026,71,0.352112676056338,0.10869565217391307,-0.5774647887323942,-0.6124706351249611,-0.6299735583212446,-40.999999999999986,40.999999999999986,0,15
ADX20_GAP10_SUPPORT,1.0,0.25,TRAIN_2012_2021,49,0.3469387755102041,0.1328125,-0.5663265306122449,-0.6000990953688657,-0.6169853777471763,-27.75,27.75,0,10
ADX20_GAP10_SUPPORT,1.0,0.25,OOS_2022_2026,22,0.3181818181818182,0.11666666666666667,-0.6022727272727273,-0.6400254282180826,-0.6589017786907602,-13.25,13.25,0,5
ADX20_GAP10_SUPPORT,1.0,0.25,YTD_2026,3,0.6666666666666666,0.5,-0.16666666666666666,-0.20735671521297325,-0.2277017394861265,-0.5,1.0,0,1
ADX20_GAP10_SUPPORT,1.0,0.25,FULL_2012_2026,71,0.3380281690140845,0.1276595744680851,-0.5774647887323944,-0.6124706351249612,-0.6299735583212446,-41.0,41.0,0,15
ADX20_GAP10_SUPPORT,1.0,0.3,TRAIN_2012_2021,49,0.3469387755102041,0.159375,-0.5489795918367347,-0.5827521565933557,-0.5996384389716661,-26.900000000000002,26.9,1,10
ADX20_GAP10_SUPPORT,1.0,0.3,OOS_2022_2026,22,0.3181818181818182,0.14,-0.5863636363636363,-0.6241163373089917,-0.6429926877816693,-12.899999999999999,12.899999999999999,0,5
ADX20_GAP10_SUPPORT,1.0,0.3,YTD_2026,3,0.6666666666666666,0.6,-0.13333333333333333,-0.17402338187963992,-0.19436840615279316,-0.4,1.0,0,1
ADX20_GAP10_SUPPORT,1.0,0.3,FULL_2012_2026,71,0.3380281690140845,0.1531914893617021,-0.5605633802816903,-0.595569226674257,-0.6130721498705404,-39.80000000000001,39.800000000000004,1,15
ADX20_GAP10_SUPPORT,1.0,0.4,TRAIN_2012_2021,49,0.32653061224489793,0.19393939393939394,-0.5428571428571429,-0.5766297076137638,-0.5935159899920742,-26.6,26.6,1,10
ADX20_GAP10_SUPPORT,1.0,0.4,OOS_2022_2026,22,0.3181818181818182,0.18666666666666665,-0.5545454545454545,-0.5922981554908099,-0.6111745059634874,-12.199999999999998,12.2,0,5
ADX20_GAP10_SUPPORT,1.0,0.4,YTD_2026,3,0.6666666666666666,0.8,-0.06666666666666665,-0.10735671521297323,-0.12770173948612648,-0.19999999999999996,1.0,0,1
ADX20_GAP10_SUPPORT,1.0,0.4,FULL_2012_2026,71,0.323943661971831,0.19166666666666674,-0.5464788732394367,-0.5814847196320035,-0.5989876428282868,-38.800000000000004,38.80000000000001,1,15
ADX20_GAP10_SUPPORT,1.0,0.5,TRAIN_2012_2021,49,0.32653061224489793,0.24242424242424243,-0.5102040816326531,-0.5439766463892739,-0.5608629287675845,-25.0,25.0,1,10
ADX20_GAP10_SUPPORT,1.0,0.5,OOS_2022_2026,22,0.3181818181818182,0.23333333333333334,-0.5227272727272727,-0.560479973672628,-0.5793563241453057,-11.5,11.5,0,5
ADX20_GAP10_SUPPORT,1.0,0.5,YTD_2026,3,0.6666666666666666,1.0,0.0,-0.04069004854630657,-0.06103507281945982,0.0,1.0,0,1
ADX20_GAP10_SUPPORT,1.0,0.5,FULL_2012_2026,71,0.323943661971831,0.23958333333333334,-0.5140845070422535,-0.5490903534348204,-0.5665932766311037,-36.5,36.5,1,15
ADX20_GAP10_SUPPORT,1.0,0.6,TRAIN_2012_2021,49,0.2857142857142857,0.23999999999999996,-0.5428571428571429,-0.5766297076137639,-0.5935159899920743,-26.6,26.6,1,10
ADX20_GAP10_SUPPORT,1.0,0.6,OOS_2022_2026,22,0.2727272727272727,0.225,-0.5636363636363637,-0.601389064581719,-0.6202654150543966,-12.400000000000002,12.6,1,5
ADX20_GAP10_SUPPORT,1.0,0.6,YTD_2026,3,0.6666666666666666,1.2,0.06666666666666665,0.02597661812036008,0.005631593847206832,0.19999999999999996,1.0,1,1
ADX20_GAP10_SUPPORT,1.0,0.6,FULL_2012_2026,71,0.28169014084507044,0.2352941176470588,-0.5492957746478874,-0.5843016210404542,-0.6018045442367376,-39.0,39.199999999999996,2,15
ADX20_GAP10_SUPPORT,1.0,0.75,TRAIN_2012_2021,49,0.22448979591836735,0.21710526315789475,-0.6071428571428571,-0.6409154218994781,-0.6578017042777884,-29.75,29.75,1,10
ADX20_GAP10_SUPPORT,1.0,0.75,OOS_2022_2026,22,0.22727272727272727,0.22058823529411764,-0.6022727272727273,-0.6400254282180826,-0.6589017786907602,-13.25,13.75,1,5
ADX20_GAP10_SUPPORT,1.0,0.75,YTD_2026,3,0.6666666666666666,1.5,0.16666666666666666,0.1259766181203601,0.10563159384720684,0.5,1.0,1,1
ADX20_GAP10_SUPPORT,1.0,0.75,FULL_2012_2026,71,0.22535211267605634,0.21818181818181817,-0.6056338028169014,-0.6406396492094683,-0.6581425724057516,-43.0,43.5,2,15
ADX20_GAP10_SUPPORT,1.0,1.0,TRAIN_2012_2021,49,0.22448979591836735,0.2894736842105263,-0.5510204081632653,-0.5847929729198863,-0.6016792552981968,-27.0,28.0,2,10
ADX20_GAP10_SUPPORT,1.0,1.0,OOS_2022_2026,22,0.13636363636363635,0.15789473684210525,-0.7272727272727273,-0.7650254282180825,-0.78390177869076,-16.0,16.0,0,5
ADX20_GAP10_SUPPORT,1.0,1.0,YTD_2026,3,0.3333333333333333,0.5,-0.3333333333333333,-0.3740233818796399,-0.39436840615279306,-1.0,1.0,0,1
ADX20_GAP10_SUPPORT,1.0,1.0,FULL_2012_2026,71,0.19718309859154928,0.24561403508771928,-0.6056338028169014,-0.6406396492094683,-0.6581425724057516,-43.0,44.0,2,15
ADX20_GAP10_SUPPORT,1.25,0.2,TRAIN_2012_2021,49,0.5918367346938775,0.2900000000000001,-0.28979591836734697,-0.31681397017264373,-0.33032299607529203,-14.200000000000001,16.0,2,10
ADX20_GAP10_SUPPORT,1.25,0.2,OOS_2022_2026,22,0.45454545454545453,0.16666666666666666,-0.4545454545454547,-0.48474761530173877,-0.4998486956798809,-10.000000000000004,10.000000000000002,0,5
ADX20_GAP10_SUPPORT,1.25,0.2,YTD_2026,3,0.6666666666666666,0.4,-0.19999999999999998,-0.2325520388370452,-0.24882805825556786,-0.6,1.0,0,1
ADX20_GAP10_SUPPORT,1.25,0.2,FULL_2012_2026,71,0.5492957746478874,0.24375000000000005,-0.3408450704225352,-0.3688497475365886,-0.3828520860936154,-24.2,25.60000000000001,2,15
ADX20_GAP10_SUPPORT,1.25,0.25,TRAIN_2012_2021,49,0.5714285714285714,0.3333333333333333,-0.2857142857142857,-0.3127323375195825,-0.3262413634222308,-14.0,15.5,2,10
ADX20_GAP10_SUPPORT,1.25,0.25,OOS_2022_2026,22,0.45454545454545453,0.20833333333333334,-0.4318181818181818,-0.4620203425744661,-0.4771214229526082,-9.5,9.5,0,5
ADX20_GAP10_SUPPORT,1.25,0.25,YTD_2026,3,0.6666666666666666,0.5,-0.16666666666666666,-0.19921870550371187,-0.21549472492223454,-0.5,1.0,0,1
ADX20_GAP10_SUPPORT,1.25,0.25,FULL_2012_2026,71,0.5352112676056338,0.2878787878787879,-0.33098591549295775,-0.35899059260701116,-0.372992931164038,-23.5,24.5,2,15
ADX20_GAP10_SUPPORT,1.25,0.3,TRAIN_2012_2021,49,0.5510204081632653,0.36818181818181817,-0.28367346938775506,-0.3106915211930518,-0.3242005470957002,-13.899999999999997,15.0,2,10
ADX20_GAP10_SUPPORT,1.25,0.3,OOS_2022_2026,22,0.45454545454545453,0.24999999999999997,-0.4090909090909091,-0.43929306984719324,-0.4543941502253354,-9.0,9.0,0,5
ADX20_GAP10_SUPPORT,1.25,0.3,YTD_2026,3,0.6666666666666666,0.6,-0.13333333333333333,-0.16588537217037855,-0.1821613915889012,-0.4,1.0,0,1
ADX20_GAP10_SUPPORT,1.25,0.3,FULL_2012_2026,71,0.5211267605633803,0.32647058823529423,-0.32253521126760554,-0.35053988838165917,-0.3645422269386857,-22.899999999999995,23.39999999999999,2,15
ADX20_GAP10_SUPPORT,1.25,0.4,TRAIN_2012_2021,49,0.5306122448979592,0.45217391304347837,-0.2571428571428571,-0.2841609089481539,-0.29766993485080223,-12.6,15.399999999999999,2,10
ADX20_GAP10_SUPPORT,1.25,0.4,OOS_2022_2026,22,0.4090909090909091,0.27692307692307694,-0.4272727272727272,-0.45747488802901143,-0.4725759684071536,-9.399999999999999,9.399999999999999,0,5
ADX20_GAP10_SUPPORT,1.25,0.4,YTD_2026,3,0.6666666666666666,0.8,-0.06666666666666665,-0.09921870550371185,-0.11549472492223452,-0.19999999999999996,1.0,0,1
ADX20_GAP10_SUPPORT,1.25,0.4,FULL_2012_2026,71,0.49295774647887325,0.38888888888888895,-0.30985915492957755,-0.3378638320436309,-0.3518661706006576,-22.000000000000007,24.0,2,15
ADX20_GAP10_SUPPORT,1.25,0.5,TRAIN_2012_2021,49,0.4897959183673469,0.48,-0.2653061224489796,-0.2923241742542763,-0.3058332001569247,-13.0,16.0,2,10
ADX20_GAP10_SUPPORT,1.25,0.5,OOS_2022_2026,22,0.36363636363636365,0.2857142857142857,-0.45454545454545453,-0.4847476153017389,-0.49984869567988083,-10.0,10.0,0,5
ADX20_GAP10_SUPPORT,1.25,0.5,YTD_2026,3,0.6666666666666666,1.0,0.0,-0.032552038837045195,-0.04882805825556787,0.0,1.0,0,1
ADX20_GAP10_SUPPORT,1.25,0.5,FULL_2012_2026,71,0.4507042253521127,0.41025641025641024,-0.323943661971831,-0.35194833908588435,-0.3659506776429112,-23.0,25.0,2,15
ADX20_GAP10_SUPPORT,1.25,0.6,TRAIN_2012_2021,49,0.40816326530612246,0.4137931034482758,-0.3469387755102041,-0.37395682731550084,-0.3874658532181492,-17.0,19.400000000000002,2,10
ADX20_GAP10_SUPPORT,1.25,0.6,OOS_2022_2026,22,0.3181818181818182,0.28,-0.49090909090909096,-0.5211112516653752,-0.5362123320435171,-10.8,11.0,1,5
ADX20_GAP10_SUPPORT,1.25,0.6,YTD_2026,3,0.6666666666666666,1.2,0.06666666666666665,0.034114627829621456,0.017838608411098782,0.19999999999999996,1.0,1,1
ADX20_GAP10_SUPPORT,1.25,0.6,FULL_2012_2026,71,0.38028169014084506,0.36818181818181817,-0.39154929577464787,-0.4195539728887013,-0.4335563114457281,-27.799999999999997,29.799999999999994,3,15
ADX20_GAP10_SUPPORT,1.25,0.75,TRAIN_2012_2021,49,0.40816326530612246,0.5172413793103449,-0.2857142857142857,-0.3127323375195824,-0.3262413634222308,-14.0,18.5,2,10
ADX20_GAP10_SUPPORT,1.25,0.75,OOS_2022_2026,22,0.2727272727272727,0.28125,-0.5227272727272727,-0.552929433483557,-0.568030513861699,-11.5,12.0,1,5
ADX20_GAP10_SUPPORT,1.25,0.75,YTD_2026,3,0.6666666666666666,1.5,0.16666666666666666,0.13411462782962147,0.11783860841109879,0.5,1.0,1,1
ADX20_GAP10_SUPPORT,1.25,0.75,FULL_2012_2026,71,0.36619718309859156,0.43333333333333335,-0.3591549295774648,-0.38715960669151817,-0.4011619452485449,-25.5,29.75,3,15
ADX20_GAP10_SUPPORT,1.25,1.0,TRAIN_2012_2021,49,0.3673469387755102,0.5558038152338899,-0.28102207607651863,-0.30804012788181534,-0.32154915378446375,-13.770081727749414,19.0,2,10
ADX20_GAP10_SUPPORT,1.25,1.0,OOS_2022_2026,22,0.18181818181818182,0.2222222222222222,-0.6363636363636364,-0.6665657971199207,-0.6816668774980627,-14.0,14.0,0,5
ADX20_GAP10_SUPPORT,1.25,1.0,YTD_2026,3,0.3333333333333333,0.5,-0.3333333333333333,-0.36588537217037853,-0.3821613915889011,-1.0,1.0,0,1
ADX20_GAP10_SUPPORT,1.25,1.0,FULL_2012_2026,71,0.30985915492957744,0.4332636382091956,-0.39112791165844246,-0.4191325887724958,-0.4331349273295227,-27.770081727749414,32.0,2,15
ADX20_GAP10_SUPPORT,1.5,0.2,TRAIN_2012_2021,49,0.6530612244897959,0.3764705882352941,-0.21632653061224494,-0.23884157378332552,-0.2500990953688658,-10.600000000000001,12.799999999999999,2,10
ADX20_GAP10_SUPPORT,1.5,0.2,OOS_2022_2026,22,0.5454545454545454,0.24000000000000005,-0.34545454545454546,-0.370623012751449,-0.3832072463999008,-7.6,7.599999999999999,1,5
ADX20_GAP10_SUPPORT,1.5,0.2,YTD_2026,3,0.6666666666666666,0.4,-0.19999999999999998,-0.227126699030871,-0.24069004854630657,-0.6,1.0,0,1
ADX20_GAP10_SUPPORT,1.5,0.2,FULL_2012_2026,71,0.6197183098591549,0.32592592592592584,-0.25633802816901413,-0.279675259097392,-0.29134387456158084,-18.200000000000003,19.60000000000001,3,15
ADX20_GAP10_SUPPORT,1.5,0.25,TRAIN_2012_2021,49,0.6122448979591837,0.39473684210526316,-0.23469387755102042,-0.25720892072210105,-0.26846644230764133,-11.5,12.5,2,10
ADX20_GAP10_SUPPORT,1.5,0.25,OOS_2022_2026,22,0.5454545454545454,0.3,-0.3181818181818182,-0.34335028547872176,-0.35593451912717344,-7.0,7.25,1,5
ADX20_GAP10_SUPPORT,1.5,0.25,YTD_2026,3,0.6666666666666666,0.5,-0.16666666666666666,-0.1937933656975377,-0.20735671521297325,-0.5,1.0,0,1
ADX20_GAP10_SUPPORT,1.5,0.25,FULL_2012_2026,71,0.5915492957746479,0.3620689655172414,-0.2605633802816901,-0.28390061121006804,-0.29556922667425695,-18.5,18.5,3,15
ADX20_GAP10_SUPPORT,1.5,0.3,TRAIN_2012_2021,49,0.6122448979591837,0.4736842105263159,-0.2040816326530612,-0.22659667582414186,-0.2378541974096822,-9.999999999999998,11.700000000000001,3,10
ADX20_GAP10_SUPPORT,1.5,0.3,OOS_2022_2026,22,0.5454545454545454,0.35999999999999993,-0.29090909090909095,-0.3160775582059945,-0.3286617918544463,-6.4,7.1000000000000005,1,5
ADX20_GAP10_SUPPORT,1.5,0.3,YTD_2026,3,0.6666666666666666,0.6,-0.13333333333333333,-0.16046003236420434,-0.17402338187963992,-0.4,1.0,0,1
ADX20_GAP10_SUPPORT,1.5,0.3,FULL_2012_2026,71,0.5915492957746479,0.4344827586206897,-0.23098591549295772,-0.25432314642133563,-0.26599176188552454,-16.4,17.099999999999994,4,15
ADX20_GAP10_SUPPORT,1.5,0.4,TRAIN_2012_2021,49,0.5510204081632653,0.490909090909091,-0.22857142857142856,-0.25108647174250914,-0.2623439933280495,-11.2,13.399999999999999,3,10
ADX20_GAP10_SUPPORT,1.5,0.4,OOS_2022_2026,22,0.45454545454545453,0.3333333333333333,-0.36363636363636354,-0.3888048309332671,-0.40138906458171897,-7.999999999999998,8.2,1,5
ADX20_GAP10_SUPPORT,1.5,0.4,YTD_2026,3,0.6666666666666666,0.8,-0.06666666666666665,-0.09379336569753764,-0.10735671521297323,-0.19999999999999996,1.0,0,1
ADX20_GAP10_SUPPORT,1.5,0.4,FULL_2012_2026,71,0.5211267605633803,0.4352941176470589,-0.27042253521126763,-0.29375976613964544,-0.3054283816038344,-19.200000000000003,19.999999999999996,4,15
ADX20_GAP10_SUPPORT,1.5,0.5,TRAIN_2012_2021,49,0.46938775510204084,0.4586423256258913,-0.2770205117189686,-0.29953555489004924,-0.3107930764755895,-13.574005074229461,16.07400507422946,3,10
ADX20_GAP10_SUPPORT,1.5,0.5,OOS_2022_2026,22,0.4090909090909091,0.34615384615384615,-0.38636363636363635,-0.41153210366053977,-0.4241163373089917,-8.5,9.0,1,5
ADX20_GAP10_SUPPORT,1.5,0.5,YTD_2026,3,0.6666666666666666,1.0,0.0,-0.027126699030870987,-0.04069004854630657,0.0,1.0,0,1
ADX20_GAP10_SUPPORT,1.5,0.5,FULL_2012_2026,71,0.4507042253521127,0.4202342246056395,-0.3109014799187248,-0.3342387108471027,-0.3459073263112916,-22.07400507422946,23.07400507422946,4,15
ADX20_GAP10_SUPPORT,1.5,0.6,TRAIN_2012_2021,49,0.46938775510204084,0.5503707907510694,-0.23008173620876454,-0.25259677937984515,-0.2638543009653855,-11.274005074229462,15.474005074229463,3,10
ADX20_GAP10_SUPPORT,1.5,0.6,OOS_2022_2026,22,0.36363636363636365,0.34285714285714286,-0.4181818181818182,-0.44335028547872174,-0.4559345191271735,-9.200000000000001,10.0,2,5
ADX20_GAP10_SUPPORT,1.5,0.6,YTD_2026,3,0.6666666666666666,1.2,0.06666666666666665,0.03953996763579563,0.02597661812036008,0.19999999999999996,1.0,1,1
ADX20_GAP10_SUPPORT,1.5,0.6,FULL_2012_2026,71,0.43661971830985913,0.4760197979363854,-0.2883662686511191,-0.31170349957949706,-0.323372115043686,-20.474005074229456,23.074005074229465,5,15
ADX20_GAP10_SUPPORT,1.5,0.75,TRAIN_2012_2021,49,0.40816326530612246,0.5343021047527434,-0.26681643008631556,-0.28933147325739617,-0.30058899484293644,-13.074005074229461,16.57400507422946,3,10
ADX20_GAP10_SUPPORT,1.5,0.75,OOS_2022_2026,22,0.3181818181818182,0.35,-0.4431818181818182,-0.4683502854787216,-0.4809345191271735,-9.75,9.75,1,5
ADX20_GAP10_SUPPORT,1.5,0.75,YTD_2026,3,0.3333333333333333,0.375,-0.4166666666666667,-0.4437933656975377,-0.4573567152129732,-1.25,1.25,0,1
ADX20_GAP10_SUPPORT,1.5,0.75,FULL_2012_2026,71,0.38028169014084506,0.4701211314133237,-0.3214648602004149,-0.34480209112879284,-0.3564707065929818,-22.82400507422946,24.82400507422946,4,15
ADX20_GAP10_SUPPORT,1.5,1.0,TRAIN_2012_2021,49,0.3673469387755102,0.5716431355842384,-0.26290625538817636,-0.2854212985592569,-0.29667882014479724,-12.88240651402064,19.07400507422946,2,10
ADX20_GAP10_SUPPORT,1.5,1.0,OOS_2022_2026,22,0.2727272727272727,0.375,-0.45454545454545453,-0.47971392184235795,-0.49229815549080985,-10.0,10.0,1,5
ADX20_GAP10_SUPPORT,1.5,1.0,YTD_2026,3,0.3333333333333333,0.5,-0.3333333333333333,-0.3604600323642044,-0.3740233818796399,-1.0,1.0,0,1
ADX20_GAP10_SUPPORT,1.5,1.0,FULL_2012_2026,71,0.3380281690140845,0.5033553849474346,-0.32228741569043157,-0.3456246466188094,-0.3572932620829984,-22.88240651402064,27.07400507422946,3,15
ADX20_GAP10_SUPPORT,1.75,0.2,TRAIN_2012_2021,49,0.7142857142857143,0.5000000000000001,-0.14285714285714288,-0.1621557512894977,-0.17180505550567504,-7.000000000000001,8.399999999999999,2,10
ADX20_GAP10_SUPPORT,1.75,0.2,OOS_2022_2026,22,0.5909090909090909,0.288888888888889,-0.2909090909090909,-0.31248206287786534,-0.32326854886225254,-6.3999999999999995,6.8,1,5
ADX20_GAP10_SUPPORT,1.75,0.2,YTD_2026,3,0.6666666666666666,0.4,-0.19999999999999998,-0.22325145631217513,-0.23487718446826275,-0.6,1.0,0,1
ADX20_GAP10_SUPPORT,1.75,0.2,FULL_2012_2026,71,0.676056338028169,0.41739130434782606,-0.1887323943661972,-0.20873573516194963,-0.21873740555982588,-13.400000000000002,14.0,3,15
ADX20_GAP10_SUPPORT,1.75,0.25,TRAIN_2012_2021,49,0.6938775510204082,0.5666666666666667,-0.1326530612244898,-0.15195166965684465,-0.16160097387302202,-6.5,7.75,2,10
ADX20_GAP10_SUPPORT,1.75,0.25,OOS_2022_2026,22,0.5909090909090909,0.3611111111111111,-0.26136363636363635,-0.2829366083324108,-0.29372309431679805,-5.75,6.5,1,5
ADX20_GAP10_SUPPORT,1.75,0.25,YTD_2026,3,0.6666666666666666,0.5,-0.16666666666666666,-0.1899181229788418,-0.20154385113492937,-0.5,1.0,0,1
ADX20_GAP10_SUPPORT,1.75,0.25,FULL_2012_2026,71,0.6619718309859155,0.4895833333333333,-0.17253521126760563,-0.1925385520633581,-0.20254022246123432,-12.25,12.5,3,15
ADX20_GAP10_SUPPORT,1.75,0.3,TRAIN_2012_2021,49,0.6530612244897959,0.5647058823529412,-0.15102040816326529,-0.17031901659562013,-0.17996832081179753,-7.399999999999999,9.700000000000003,4,10
ADX20_GAP10_SUPPORT,1.75,0.3,OOS_2022_2026,22,0.5454545454545454,0.35999999999999993,-0.29090909090909095,-0.3124820628778653,-0.3232685488622526,-6.4,6.6,1,5
ADX20_GAP10_SUPPORT,1.75,0.3,YTD_2026,3,0.6666666666666666,0.6,-0.13333333333333333,-0.15658478964550848,-0.1682105178015961,-0.4,1.0,0,1
ADX20_GAP10_SUPPORT,1.75,0.3,FULL_2012_2026,71,0.6197183098591549,0.488888888888889,-0.19436619718309855,-0.21436953797885105,-0.22437120837672725,-13.799999999999997,15.099999999999998,5,15
ADX20_GAP10_SUPPORT,1.75,0.4,TRAIN_2012_2021,49,0.5714285714285714,0.5594004082447195,-0.18002932538339533,-0.1993279338157502,-0.20897723803192755,-8.821436943786372,10.42143694378637,4,10
ADX20_GAP10_SUPPORT,1.75,0.4,OOS_2022_2026,22,0.5,0.4,-0.2999999999999999,-0.3215729719687745,-0.3323594579531617,-6.599999999999998,7.199999999999999,1,5
ADX20_GAP10_SUPPORT,1.75,0.4,YTD_2026,3,0.6666666666666666,0.8,-0.06666666666666665,-0.08991812297884179,-0.10154385113492936,-0.19999999999999996,1.0,0,1
ADX20_GAP10_SUPPORT,1.75,0.4,FULL_2012_2026,71,0.5492957746478874,0.5028780590747167,-0.2172033372364277,-0.2372066780321802,-0.2472083484300564,-15.421436943786368,16.021436943786366,5,15
ADX20_GAP10_SUPPORT,1.75,0.5,TRAIN_2012_2021,49,0.5306122448979592,0.5903338657320505,-0.1841109580364566,-0.20340956646881142,-0.2130588706849888,-9.021436943786373,11.563432920768111,4,10
ADX20_GAP10_SUPPORT,1.75,0.5,OOS_2022_2026,22,0.5,0.5,-0.25,-0.2715729719687745,-0.2823594579531617,-5.5,7.0,1,5
ADX20_GAP10_SUPPORT,1.75,0.5,YTD_2026,3,0.6666666666666666,1.0,0.0,-0.02325145631217514,-0.03487718446826271,0.0,1.0,0,1
ADX20_GAP10_SUPPORT,1.75,0.5,FULL_2012_2026,71,0.5211267605633803,0.560242124880672,-0.2045272808983996,-0.2245306216941521,-0.2345322920920283,-14.521436943786373,16.06343292076811,5,15
ADX20_GAP10_SUPPORT,1.75,0.6,TRAIN_2012_2021,49,0.46938775510204084,0.5515270778014602,-0.22900891722013006,-0.2483075256524849,-0.2579568298686623,-11.221436943786372,14.26343292076811,3,10
ADX20_GAP10_SUPPORT,1.75,0.6,OOS_2022_2026,22,0.4090909090909091,0.41538461538461535,-0.3454545454545455,-0.3670275174233199,-0.3778140034077071,-7.600000000000001,8.600000000000001,1,5
ADX20_GAP10_SUPPORT,1.75,0.6,YTD_2026,3,0.3333333333333333,0.3,-0.4666666666666666,-0.4899181229788418,-0.5015438511349294,-1.4,1.4,0,1
ADX20_GAP10_SUPPORT,1.75,0.6,FULL_2012_2026,71,0.4507042253521127,0.5049782844448163,-0.2650906611800897,-0.2850940019758423,-0.2950956723737185,-18.82143694378637,20.663432920768113,4,15
ADX20_GAP10_SUPPORT,1.75,0.75,TRAIN_2012_2021,49,0.4489795918367347,0.6115814192621667,-0.20626958380539848,-0.22556819223775332,-0.23521749645393067,-10.107209606464526,13.25,3,10
ADX20_GAP10_SUPPORT,1.75,0.75,OOS_2022_2026,22,0.36363636363636365,0.37851025323269993,-0.3954934752155546,-0.41706644718432906,-0.42785293316871625,-8.700856454742201,9.75,1,5
ADX20_GAP10_SUPPORT,1.75,0.75,YTD_2026,3,0.3333333333333333,0.375,-0.4166666666666667,-0.4399181229788418,-0.4515438511349294,-1.25,1.25,0,1
ADX20_GAP10_SUPPORT,1.75,0.75,FULL_2012_2026,71,0.4225352112676056,0.5300502056529278,-0.26490233889023557,-0.2849056796859881,-0.2949073500838642,-18.808066061206727,20.450856454742198,4,15
ADX20_GAP10_SUPPORT,1.75,1.0,TRAIN_2012_2021,49,0.3673469387755102,0.5819225950951938,-0.2516631650391671,-0.27096177347152195,-0.28061107768769933,-12.331495086919187,15.537718401222774,3,10
ADX20_GAP10_SUPPORT,1.75,1.0,OOS_2022_2026,22,0.36363636363636365,0.5035102532326999,-0.3159480206701,-0.3375209926388745,-0.3483074786232617,-6.950856454742201,9.0,1,5
ADX20_GAP10_SUPPORT,1.75,1.0,YTD_2026,3,0.3333333333333333,0.5,-0.3333333333333333,-0.3565847896455085,-0.368210517801596,-1.0,1.0,0,1
ADX20_GAP10_SUPPORT,1.75,1.0,FULL_2012_2026,71,0.36619718309859156,0.5566839572501283,-0.2715824160797379,-0.2915857568754904,-0.30158742727336657,-19.282351541661388,20.488574855964977,4,15
ADX20_GAP10_SUPPORT,2.0,0.2,TRAIN_2012_2021,49,0.7755102040816326,0.690909090909091,-0.06938775510204083,-0.08627403748035127,-0.09471717866950653,-3.4000000000000004,5.6,3,10
ADX20_GAP10_SUPPORT,2.0,0.2,OOS_2022_2026,22,0.7272727272727273,0.5333333333333333,-0.12727272727272723,-0.14614907774540487,-0.1555872529817437,-2.7999999999999994,3.5999999999999996,1,5
ADX20_GAP10_SUPPORT,2.0,0.2,YTD_2026,3,0.6666666666666666,0.4,-0.19999999999999998,-0.22034502427315325,-0.23051753640972986,-0.6,1.0,0,1
ADX20_GAP10_SUPPORT,2.0,0.2,FULL_2012_2026,71,0.7605633802816901,0.6352941176470586,-0.08732394366197183,-0.10482686685825521,-0.1135783284563969,-6.199999999999999,7.599999999999998,4,15
ADX20_GAP10_SUPPORT,2.0,0.25,TRAIN_2012_2021,49,0.7551020408163265,0.7708333333333334,-0.05612244897959184,-0.07300873135790231,-0.08145187254705755,-2.75,6.25,3,10
ADX20_GAP10_SUPPORT,2.0,0.25,OOS_2022_2026,22,0.6818181818181818,0.5357142857142857,-0.14772727272727273,-0.16660362319995034,-0.1760417984362892,-3.25,3.5,1,5
ADX20_GAP10_SUPPORT,2.0,0.25,YTD_2026,3,0.6666666666666666,0.5,-0.16666666666666666,-0.18701169093981992,-0.19718420307639653,-0.5,1.0,0,1
ADX20_GAP10_SUPPORT,2.0,0.25,FULL_2012_2026,71,0.7323943661971831,0.6842105263157895,-0.08450704225352113,-0.10200996544980452,-0.11076142704794625,-6.0,8.75,4,15
ADX20_GAP10_SUPPORT,2.0,0.3,TRAIN_2012_2021,49,0.7142857142857143,0.7500000000000001,-0.07142857142857141,-0.08831485380688193,-0.09675799499603716,-3.499999999999999,7.0,6,10
ADX20_GAP10_SUPPORT,2.0,0.3,OOS_2022_2026,22,0.6818181818181818,0.6428571428571427,-0.11363636363636366,-0.1325127141090413,-0.1419508893453801,-2.5000000000000004,3.4000000000000004,1,5
ADX20_GAP10_SUPPORT,2.0,0.3,YTD_2026,3,0.6666666666666666,0.6,-0.13333333333333333,-0.1536783576064866,-0.1638508697430632,-0.4,1.0,0,1
ADX20_GAP10_SUPPORT,2.0,0.3,FULL_2012_2026,71,0.704225352112676,0.7142857142857144,-0.08450704225352114,-0.10200996544980453,-0.11076142704794623,-6.000000000000001,8.800000000000002,7,15
ADX20_GAP10_SUPPORT,2.0,0.4,TRAIN_2012_2021,49,0.6122448979591837,0.670624943744437,-0.12028076175128723,-0.1371670441295977,-0.14561018531875294,-5.893757325813074,8.799999999999997,4,10
ADX20_GAP10_SUPPORT,2.0,0.4,OOS_2022_2026,22,0.6363636363636364,0.7000000000000002,-0.10909090909090911,-0.12796725956358673,-0.1374054347999255,-2.4000000000000004,3.4000000000000004,1,5
ADX20_GAP10_SUPPORT,2.0,0.4,YTD_2026,3,0.6666666666666666,0.8,-0.06666666666666665,-0.0870116909398199,-0.09718420307639652,-0.19999999999999996,1.0,0,1
ADX20_GAP10_SUPPORT,2.0,0.4,FULL_2012_2026,71,0.6197183098591549,0.6797005076762203,-0.11681348346215595,-0.13431640665843939,-0.14306786825658108,-8.293757325813072,10.599999999999993,5,15
ADX20_GAP10_SUPPORT,2.0,0.5,TRAIN_2012_2021,49,0.5918367346938775,0.7674492558549894,-0.08966851685332806,-0.10655479923163853,-0.11499794042079377,-4.393757325813075,9.0,3,10
ADX20_GAP10_SUPPORT,2.0,0.5,OOS_2022_2026,22,0.5454545454545454,0.6,-0.18181818181818182,-0.20069453229085943,-0.2101327075271983,-4.0,4.5,1,5
ADX20_GAP10_SUPPORT,2.0,0.5,YTD_2026,3,0.3333333333333333,0.25,-0.5,-0.5203450242731532,-0.5305175364097299,-1.5,1.5,0,1
ADX20_GAP10_SUPPORT,2.0,0.5,FULL_2012_2026,71,0.5774647887323944,0.7094958183817004,-0.11822193416638137,-0.13572485736266474,-0.14447631896080645,-8.393757325813077,11.5,4,15
ADX20_GAP10_SUPPORT,2.0,0.6,TRAIN_2012_2021,49,0.5306122448979592,0.6916902701895741,-0.13775629399298894,-0.15464257637129944,-0.16308571756045465,-6.750058405656459,10.799999999999999,4,10
ADX20_GAP10_SUPPORT,2.0,0.6,OOS_2022_2026,22,0.5454545454545454,0.7199999999999999,-0.12727272727272726,-0.14614907774540495,-0.15558725298174372,-2.8,4.0,1,5
ADX20_GAP10_SUPPORT,2.0,0.6,YTD_2026,3,0.3333333333333333,0.3,-0.4666666666666666,-0.4870116909398199,-0.4971842030763966,-1.4,1.4,0,1
ADX20_GAP10_SUPPORT,2.0,0.6,FULL_2012_2026,71,0.5352112676056338,0.7005665306819416,-0.13450786486840083,-0.15201078806468424,-0.16076224966282596,-9.55005840565646,12.400000000000004,5,15
ADX20_GAP10_SUPPORT,2.0,0.75,TRAIN_2012_2021,49,0.4897959183673469,0.727959972262953,-0.13265425317666243,-0.1495405355549729,-0.15798367674412814,-6.500058405656459,11.805503805672096,4,10
ADX20_GAP10_SUPPORT,2.0,0.75,OOS_2022_2026,22,0.45454545454545453,0.566083383508381,-0.23668179081361032,-0.25555814128628784,-0.26499631652262673,-5.206999397899427,6.75,2,5
ADX20_GAP10_SUPPORT,2.0,0.75,YTD_2026,3,0.3333333333333333,0.375,-0.4166666666666667,-0.4370116909398199,-0.4471842030763966,-1.25,1.25,0,1
ADX20_GAP10_SUPPORT,2.0,0.75,FULL_2012_2026,71,0.4788732394366197,0.6738413953911498,-0.16488813807825192,-0.18239106127453536,-0.19114252287267702,-11.707057803555886,15.512503203571523,6,15
ADX20_GAP10_SUPPORT,2.0,1.0,TRAIN_2012_2021,49,0.42857142857142855,0.7656651672045793,-0.1258175143072304,-0.1427037966855409,-0.15114693787469613,-6.165058201054289,10.055503805672098,3,10
ADX20_GAP10_SUPPORT,2.0,1.0,OOS_2022_2026,22,0.36363636363636365,0.5030714715786124,-0.3162272453590648,-0.3351035958317424,-0.3445417710680813,-6.956999397899426,8.0,1,5
ADX20_GAP10_SUPPORT,2.0,1.0,YTD_2026,3,0.3333333333333333,0.5,-0.3333333333333333,-0.3536783576064866,-0.3638508697430633,-1.0,1.0,0,1
ADX20_GAP10_SUPPORT,2.0,1.0,FULL_2012_2026,71,0.4084507042253521,0.674461369287699,-0.18481771266131997,-0.20232063585760338,-0.21107209745574504,-13.122057598953717,15.012503203571525,4,15
ADX20_GAP10_SUPPORT,2.25,0.2,TRAIN_2012_2021,49,0.8367346938775511,1.025,0.004081632653061228,-0.010928396127659196,-0.018433410518019385,0.20000000000000018,3.0,4,10
ADX20_GAP10_SUPPORT,2.25,0.2,OOS_2022_2026,22,0.7727272727272727,0.68,-0.07272727272727274,-0.08950625092520839,-0.09789574002417628,-1.6000000000000003,2.8,1,5
ADX20_GAP10_SUPPORT,2.25,0.2,YTD_2026,3,0.6666666666666666,0.4,-0.19999999999999998,-0.21808446602058065,-0.227126699030871,-0.6,1.0,0,1
ADX20_GAP10_SUPPORT,2.25,0.2,FULL_2012_2026,71,0.8169014084507042,0.8923076923076921,-0.019718309859154928,-0.03527646381140684,-0.043055540787532785,-1.4,3.4000000000000004,5,15
ADX20_GAP10_SUPPORT,2.25,0.25,TRAIN_2012_2021,49,0.7755102040816326,0.8636363636363636,-0.030612244897959183,-0.045622273678679603,-0.05312728806903981,-1.5,5.25,3,10
ADX20_GAP10_SUPPORT,2.25,0.25,OOS_2022_2026,22,0.7272727272727273,0.6666666666666666,-0.09090909090909091,-0.10768806910702661,-0.11607755820599444,-2.0,2.75,2,5
ADX20_GAP10_SUPPORT,2.25,0.25,YTD_2026,3,0.6666666666666666,0.5,-0.16666666666666666,-0.18475113268724738,-0.1937933656975377,-0.5,1.0,0,1
ADX20_GAP10_SUPPORT,2.25,0.25,FULL_2012_2026,71,0.7605633802816901,0.7941176470588235,-0.04929577464788732,-0.06485392860013922,-0.0726330055762652,-3.5,7.0,5,15
ADX20_GAP10_SUPPORT,2.25,0.3,TRAIN_2012_2021,49,0.6938775510204082,0.7394277621000682,-0.07335614196486304,-0.08836617074558349,-0.09587118513594367,-3.5944509562782887,5.0944509562782905,5,10
ADX20_GAP10_SUPPORT,2.25,0.3,OOS_2022_2026,22,0.6818181818181818,0.6428571428571427,-0.11363636363636366,-0.13041534183429934,-0.13880483093326718,-2.5000000000000004,3.5999999999999996,2,5
ADX20_GAP10_SUPPORT,2.25,0.3,YTD_2026,3,0.6666666666666666,0.6,-0.13333333333333333,-0.151417799353914,-0.16046003236420434,-0.4,1.0,0,1
ADX20_GAP10_SUPPORT,2.25,0.3,FULL_2012_2026,71,0.6901408450704225,0.7069193618483952,-0.08583733741237029,-0.1013954913646222,-0.10917456834074815,-6.0944509562782905,7.494450956278293,7,15
ADX20_GAP10_SUPPORT,2.25,0.4,TRAIN_2012_2021,49,0.6530612244897959,0.8104112029872115,-0.06111124400567936,-0.07612127278639977,-0.08362628717675999,-2.9944509562782886,6.6000000000000005,5,10
ADX20_GAP10_SUPPORT,2.25,0.4,OOS_2022_2026,22,0.6818181818181818,0.8571428571428574,-0.04545454545454544,-0.06223352365248113,-0.07062301275144893,-0.9999999999999997,2.8000000000000003,2,5
ADX20_GAP10_SUPPORT,2.25,0.4,YTD_2026,3,0.6666666666666666,0.8,-0.06666666666666665,-0.08475113268724736,-0.09379336569753764,-0.19999999999999996,1.0,0,1
ADX20_GAP10_SUPPORT,2.25,0.4,FULL_2012_2026,71,0.6619718309859155,0.824762133383252,-0.05625987262363785,-0.07181802657588977,-0.07959710355201573,-3.9944509562782877,7.599999999999999,7,15
ADX20_GAP10_SUPPORT,2.25,0.5,TRAIN_2012_2021,49,0.5714285714285714,0.7072689225340479,-0.11825410114853653,-0.13326412992925693,-0.14076914431961715,-5.79445095627829,9.0,4,10
ADX20_GAP10_SUPPORT,2.25,0.5,OOS_2022_2026,22,0.5909090909090909,0.7222222222222222,-0.11363636363636363,-0.13041534183429934,-0.13880483093326718,-2.5,3.0,1,5
ADX20_GAP10_SUPPORT,2.25,0.5,YTD_2026,3,0.3333333333333333,0.25,-0.5,-0.5180844660205807,-0.5271266990308711,-1.5,1.5,0,1
ADX20_GAP10_SUPPORT,2.25,0.5,FULL_2012_2026,71,0.5774647887323944,0.7119427292129082,-0.11682325290532802,-0.13238140685757993,-0.14016048383370588,-8.29445095627829,10.5,5,15
ADX20_GAP10_SUPPORT,2.25,0.6,TRAIN_2012_2021,49,0.5510204081632653,0.7563427573318067,-0.10340242005726004,-0.11841244883798044,-0.12591746322834066,-5.066718582805742,9.799999999999999,5,10
ADX20_GAP10_SUPPORT,2.25,0.6,OOS_2022_2026,22,0.5,0.5489293415838846,-0.22553532920805763,-0.24231430740599336,-0.25070379650496116,-4.961777242577268,5.6000000000000005,1,5
ADX20_GAP10_SUPPORT,2.25,0.6,YTD_2026,3,0.3333333333333333,0.3,-0.4666666666666666,-0.4847511326872474,-0.49379336569753773,-1.4,1.4,0,1
ADX20_GAP10_SUPPORT,2.25,0.6,FULL_2012_2026,71,0.5352112676056338,0.6845834564284958,-0.14124642007581706,-0.15680457402806894,-0.16458365100419486,-10.028495825383011,13.561777242577271,6,15
ADX20_GAP10_SUPPORT,2.25,0.75,TRAIN_2012_2021,49,0.46938775510204084,0.6881388336699259,-0.15378790387400074,-0.1687979326547211,-0.17630294704508134,-7.535607289826036,10.5,4,10
ADX20_GAP10_SUPPORT,2.25,0.75,OOS_2022_2026,22,0.45454545454545453,0.5656852297852276,-0.23689896557169401,-0.25367794376962965,-0.2620674328685975,-5.211777242577268,6.75,2,5
ADX20_GAP10_SUPPORT,2.25,0.75,YTD_2026,3,0.3333333333333333,0.375,-0.4166666666666667,-0.43475113268724735,-0.4437933656975377,-1.25,1.25,0,1
ADX20_GAP10_SUPPORT,2.25,0.75,FULL_2012_2026,71,0.4647887323943662,0.6475053285706254,-0.1795406272169479,-0.19509878116919982,-0.20287785814532577,-12.747384532403302,14.21177724257727,6,15
ADX20_GAP10_SUPPORT,2.25,1.0,TRAIN_2012_2021,49,0.4489795918367347,0.8021116085679223,-0.10162311855161542,-0.11663314733233582,-0.12413816172269605,-4.9795328090291555,9.0,4,10
ADX20_GAP10_SUPPORT,2.25,1.0,OOS_2022_2026,22,0.3181818181818182,0.40254818382818214,-0.40735351102623946,-0.4241324892241752,-0.43252197832314293,-8.961777242577268,10.0,1,5
ADX20_GAP10_SUPPORT,2.25,1.0,YTD_2026,3,0.3333333333333333,0.5,-0.3333333333333333,-0.35141779935391404,-0.3604600323642044,-1.0,1.0,0,1
ADX20_GAP10_SUPPORT,2.25,1.0,FULL_2012_2026,71,0.4084507042253521,0.6528846911516661,-0.19635647960009045,-0.21191463355234236,-0.2196937105284683,-13.941310051606422,16.12187878714057,5,15
ADX20_GAP10_SUPPORT,2.5,0.2,TRAIN_2012_2021,49,0.8367346938775511,1.025,0.004081632653061225,-0.009427393249587144,-0.016181906200911332,0.2,3.2,4,10
ADX20_GAP10_SUPPORT,2.5,0.2,OOS_2022_2026,22,0.7272727272727273,0.5333333333333333,-0.12727272727272726,-0.14237380765086935,-0.14992434783994038,-2.8,3.2,1,5
ADX20_GAP10_SUPPORT,2.5,0.2,YTD_2026,3,0.6666666666666666,0.4,-0.19999999999999998,-0.2162760194185226,-0.22441402912778388,-0.6,1.0,0,1
ADX20_GAP10_SUPPORT,2.5,0.2,FULL_2012_2026,71,0.8028169014084507,0.8142857142857142,-0.03661971830985915,-0.05062205686688586,-0.057623226145399206,-2.5999999999999996,4.6000000000000005,5,15
ADX20_GAP10_SUPPORT,2.5,0.25,TRAIN_2012_2021,49,0.8163265306122449,1.1111111111111112,0.02040816326530612,0.006899137362657733,0.00014462441133355474,1.0,4.0,4,10
ADX20_GAP10_SUPPORT,2.5,0.25,OOS_2022_2026,22,0.7272727272727273,0.6666666666666666,-0.09090909090909091,-0.10601017128723302,-0.11356071147630407,-2.0,2.75,2,5
ADX20_GAP10_SUPPORT,2.5,0.25,YTD_2026,3,0.6666666666666666,0.5,-0.16666666666666666,-0.18294268608518927,-0.19108069579445056,-0.5,1.0,0,1
ADX20_GAP10_SUPPORT,2.5,0.25,FULL_2012_2026,71,0.7887323943661971,0.9333333333333333,-0.014084507042253521,-0.028086845599280246,-0.0350880148777936,-1.0,4.5,6,15
ADX20_GAP10_SUPPORT,2.5,0.3,TRAIN_2012_2021,49,0.7142857142857143,0.8790324543697318,-0.02948880532443779,-0.04299783122708618,-0.049752344178410374,-1.4449514608974516,5.429945600246993,6,10
ADX20_GAP10_SUPPORT,2.5,0.3,OOS_2022_2026,22,0.6818181818181818,0.6428571428571427,-0.11363636363636366,-0.12873744401450574,-0.13628798420357685,-2.5000000000000004,3.5999999999999996,2,5
ADX20_GAP10_SUPPORT,2.5,0.3,YTD_2026,3,0.6666666666666666,0.6,-0.13333333333333333,-0.14960935275185594,-0.15774736246111723,-0.4,1.0,0,1
ADX20_GAP10_SUPPORT,2.5,0.3,FULL_2012_2026,71,0.704225352112676,0.7917676659642088,-0.055562696632358494,-0.0695650351893852,-0.07656620446789857,-3.944951460897453,6.329945600246995,8,15
ADX20_GAP10_SUPPORT,2.5,0.4,TRAIN_2012_2021,49,0.673469387755102,0.9465791284404005,-0.015203091038723488,-0.02871211694137187,-0.035466629892696035,-0.7449514608974509,5.029945600246991,6,10
ADX20_GAP10_SUPPORT,2.5,0.4,OOS_2022_2026,22,0.5909090909090909,0.6313825025862798,-0.1379952275507731,-0.15309630792891518,-0.16064684811798627,-3.035895006117008,3.0358950061170087,2,5
ADX20_GAP10_SUPPORT,2.5,0.4,YTD_2026,3,0.3333333333333333,0.2,-0.5333333333333333,-0.549609352751856,-0.5577473624611172,-1.6,1.6,0,1
ADX20_GAP10_SUPPORT,2.5,0.4,FULL_2012_2026,71,0.647887323943662,0.8295445364252877,-0.0532513586903445,-0.0672536972473712,-0.07425486652588456,-3.7808464670144595,5.665840606364002,8,15
ADX20_GAP10_SUPPORT,2.5,0.5,TRAIN_2012_2021,49,0.6122448979591837,0.8624963706653924,-0.04755086377086037,-0.06105988967350875,-0.06781440262483295,-2.329992324772158,5.2299456002469915,4,10
ADX20_GAP10_SUPPORT,2.5,0.5,OOS_2022_2026,22,0.5909090909090909,0.732695168794473,-0.10006793292893405,-0.11516901330707614,-0.12271955349614722,-2.201494524436549,2.5,2,5
ADX20_GAP10_SUPPORT,2.5,0.5,YTD_2026,3,0.3333333333333333,0.25,-0.5,-0.5162760194185226,-0.5244140291277839,-1.5,1.5,0,1
ADX20_GAP10_SUPPORT,2.5,0.5,FULL_2012_2026,71,0.6056338028169014,0.8200423144970638,-0.06382375843955927,-0.07782609699658598,-0.08482726627509932,-4.531486849208708,6.695545118566533,6,15
ADX20_GAP10_SUPPORT,2.5,0.6,TRAIN_2012_2021,49,0.5714285714285714,0.8611771410340909,-0.05367331275045221,-0.0671823386531006,-0.07393685160442477,-2.629992324772158,5.82994560024699,4,10
ADX20_GAP10_SUPPORT,2.5,0.6,OOS_2022_2026,22,0.5,0.589533253132655,-0.19097702383802498,-0.206078104216167,-0.2136286444052381,-4.20149452443655,5.0,1,5
ADX20_GAP10_SUPPORT,2.5,0.6,YTD_2026,3,0.3333333333333333,0.3,-0.4666666666666666,-0.48294268608518925,-0.4910806957944505,-1.4,1.4,0,1
ADX20_GAP10_SUPPORT,2.5,0.6,FULL_2012_2026,71,0.5492957746478874,0.7658914090469959,-0.09621812463674237,-0.1102204631937691,-0.11722163247228243,-6.831486849208709,8.995545118566532,5,15
ADX20_GAP10_SUPPORT,2.5,0.75,TRAIN_2012_2021,49,0.4897959183673469,0.7795033936396697,-0.1002447379814372,-0.11375376388408558,-0.12050827683540975,-4.9119921610904225,7.1619921610904225,5,10
ADX20_GAP10_SUPPORT,2.5,0.75,OOS_2022_2026,22,0.4090909090909091,0.49317197300759136,-0.28188611474711583,-0.29698719512525795,-0.304537735314329,-6.201494524436549,7.25,1,5
ADX20_GAP10_SUPPORT,2.5,0.75,YTD_2026,3,0.3333333333333333,0.375,-0.4166666666666667,-0.43294268608518927,-0.4410806957944506,-1.25,1.25,0,1
ADX20_GAP10_SUPPORT,2.5,0.75,FULL_2012_2026,71,0.4647887323943662,0.6779898537532733,-0.15652798148629538,-0.17053032004332208,-0.1775314893218355,-11.113486685526972,11.877591679409964,6,15
ADX20_GAP10_SUPPORT,2.5,1.0,TRAIN_2012_2021,49,0.46938775510204084,0.9300203216233754,-0.031937694981467174,-0.04544672088411555,-0.05220123383543974,-1.5649470540918915,5.315872932874125,4,10
ADX20_GAP10_SUPPORT,2.5,1.0,OOS_2022_2026,22,0.2727272727272727,0.2976534599487569,-0.4864035519150134,-0.5015046322931555,-0.5090551724822266,-10.700878142130295,11.235895006117008,1,5
ADX20_GAP10_SUPPORT,2.5,1.0,YTD_2026,3,0.3333333333333333,0.5,-0.3333333333333333,-0.34960935275185595,-0.3577473624611172,-1.0,1.0,0,1
ADX20_GAP10_SUPPORT,2.5,1.0,FULL_2012_2026,71,0.4084507042253521,0.6737706044621886,-0.17275810135524203,-0.18676043991226873,-0.19376160919078214,-12.265825196222185,14.260842465111391,5,15
ADX20_GAP10_SUPPORT,3.0,0.2,TRAIN_2012_2021,49,0.8367346938775511,1.025,0.004081632653061224,-0.007175888932479088,-0.012804649725249232,0.19999999999999996,4.0,5,10
ADX20_GAP10_SUPPORT,3.0,0.2,OOS_2022_2026,22,0.7727272727272727,0.68,-0.07272727272727274,-0.08531150637572446,-0.09160362319995036,-1.6000000000000003,2.4000000000000004,2,5
ADX20_GAP10_SUPPORT,3.0,0.2,YTD_2026,3,0.6666666666666666,0.4,-0.19999999999999998,-0.2135633495154355,-0.22034502427315325,-0.6,1.0,0,1
ADX20_GAP10_SUPPORT,3.0,0.2,FULL_2012_2026,71,0.8169014084507042,0.8923076923076921,-0.019718309859154928,-0.03138692532334386,-0.03722123305543831,-1.4,4.0,7,15
ADX20_GAP10_SUPPORT,3.0,0.25,TRAIN_2012_2021,49,0.7346938775510204,0.8343020854595968,-0.036478766341793395,-0.04773628792733371,-0.05336504872010387,-1.7874595507478763,5.44162133353916,5,10
ADX20_GAP10_SUPPORT,3.0,0.25,OOS_2022_2026,22,0.7272727272727273,0.6666666666666666,-0.09090909090909091,-0.10349332455754266,-0.10978544138176854,-2.0,3.25,2,5
ADX20_GAP10_SUPPORT,3.0,0.25,YTD_2026,3,0.6666666666666666,0.5,-0.16666666666666666,-0.18023001618210213,-0.18701169093981992,-0.5,1.0,0,1
ADX20_GAP10_SUPPORT,3.0,0.25,FULL_2012_2026,71,0.7323943661971831,0.7743875695248275,-0.05334450071475882,-0.06501311617894776,-0.07084742391104223,-3.787459550747876,5.44162133353916,7,15
ADX20_GAP10_SUPPORT,3.0,0.3,TRAIN_2012_2021,49,0.7142857142857143,0.9611327150546113,-0.008665508713222622,-0.019923030298762932,-0.025551791091533108,-0.4246099269479085,5.291621333539159,6,10
ADX20_GAP10_SUPPORT,3.0,0.3,OOS_2022_2026,22,0.7272727272727273,0.7999999999999999,-0.054545454545454536,-0.06712968819390633,-0.0734218050181322,-1.1999999999999997,2.8999999999999995,2,5
ADX20_GAP10_SUPPORT,3.0,0.3,YTD_2026,3,0.6666666666666666,0.6,-0.13333333333333333,-0.14689668284876886,-0.1536783576064866,-0.4,1.0,0,1
ADX20_GAP10_SUPPORT,3.0,0.3,FULL_2012_2026,71,0.7183098591549296,0.9040090179944915,-0.022881829957012795,-0.03455044542120173,-0.0403847531532962,-1.6246099269479084,5.291621333539159,8,15
ADX20_GAP10_SUPPORT,3.0,0.4,TRAIN_2012_2021,49,0.6326530612244898,0.8104599945533056,-0.0577308295274183,-0.06898835111295862,-0.07461711190572878,-2.828810646843497,4.991621333539159,5,10
ADX20_GAP10_SUPPORT,3.0,0.4,OOS_2022_2026,22,0.6363636363636364,0.7781474873467159,-0.07257178053473513,-0.0851560141831869,-0.0914481310074128,-1.5965791717641729,2.2,2,5
ADX20_GAP10_SUPPORT,3.0,0.4,YTD_2026,3,0.3333333333333333,0.2,-0.5333333333333333,-0.5468966828487688,-0.5536783576064866,-1.6,1.6,0,1
ADX20_GAP10_SUPPORT,3.0,0.4,FULL_2012_2026,71,0.6338028169014085,0.7999479232847694,-0.06232943406489678,-0.0739980495290857,-0.07983235726118014,-4.425389818607671,6.19162133353916,7,15
ADX20_GAP10_SUPPORT,3.0,0.5,TRAIN_2012_2021,49,0.5918367346938775,0.8328581480427875,-0.057730829527418315,-0.06898835111295862,-0.07461711190572878,-2.8288106468434973,5.72862387065389,3,10
ADX20_GAP10_SUPPORT,3.0,0.5,OOS_2022_2026,22,0.5909090909090909,0.735510136818392,-0.09854145925896018,-0.11112569290741194,-0.1174178097316378,-2.167912103697124,3.0,2,5
ADX20_GAP10_SUPPORT,3.0,0.5,YTD_2026,3,0.3333333333333333,0.25,-0.5,-0.5135633495154355,-0.5203450242731532,-1.5,1.5,0,1
ADX20_GAP10_SUPPORT,3.0,0.5,FULL_2012_2026,71,0.5915492957746479,0.8010952932639325,-0.07037637676817776,-0.0820449922323667,-0.08787929996446119,-4.996722750540621,7.199956802586841,5,15
ADX20_GAP10_SUPPORT,3.0,0.6,TRAIN_2012_2021,49,0.5306122448979592,0.7861872784209374,-0.0837852485124228,-0.09504277009796312,-0.10067153089073332,-4.1054771771087175,7.105477177108717,3,10
ADX20_GAP10_SUPPORT,3.0,0.6,OOS_2022_2026,22,0.5454545454545454,0.7660289791739266,-0.09202808740071801,-0.1046123210491698,-0.11090443787339566,-2.0246179228157963,3.0,2,5
ADX20_GAP10_SUPPORT,3.0,0.6,YTD_2026,3,0.3333333333333333,0.3,-0.4666666666666666,-0.4802300161821022,-0.4870116909398199,-1.4,1.4,0,1
ADX20_GAP10_SUPPORT,3.0,0.6,FULL_2012_2026,71,0.5352112676056338,0.7799249106345728,-0.08633936760457063,-0.09800798306875957,-0.10384229080085405,-6.130095099924515,7.105477177108717,5,15
ADX20_GAP10_SUPPORT,3.0,0.75,TRAIN_2012_2021,49,0.5102040816326531,0.8607305175754631,-0.05741676156145014,-0.06867428314699046,-0.07430304393976063,-2.813421316511057,5.44334515808858,6,10
ADX20_GAP10_SUPPORT,3.0,0.75,OOS_2022_2026,22,0.45454545454545453,0.6362982942696342,-0.1761189964916271,-0.18870323014007884,-0.1949953469643047,-3.8746179228157964,4.903284990882845,1,5
ADX20_GAP10_SUPPORT,3.0,0.75,YTD_2026,3,0.3333333333333333,0.375,-0.4166666666666667,-0.43023001618210216,-0.4370116909398199,-1.25,1.25,0,1
ADX20_GAP10_SUPPORT,3.0,0.75,FULL_2012_2026,71,0.49295774647887325,0.7832398541597301,-0.09419773576516695,-0.10586635122935588,-0.11170065896145036,-6.688039239326853,7.438039239326853,7,15
ADX20_GAP10_SUPPORT,3.0,1.0,TRAIN_2012_2021,49,0.46938775510204084,0.9842157077543177,-0.006564302642815023,-0.017821824228355317,-0.02345058502112551,-0.3216508294979361,5.263227444061771,5,10
ADX20_GAP10_SUPPORT,3.0,1.0,OOS_2022_2026,22,0.36363636363636365,0.5094208651192211,-0.2821562547376023,-0.294740488386054,-0.3010326052102798,-6.207437604227251,6.554152613344405,1,5
ADX20_GAP10_SUPPORT,3.0,1.0,YTD_2026,3,0.3333333333333333,0.5,-0.3333333333333333,-0.3468966828487688,-0.3536783576064866,-1.0,1.0,0,1
ADX20_GAP10_SUPPORT,3.0,1.0,FULL_2012_2026,71,0.43661971830985913,0.8023356662371715,-0.0919589920242984,-0.10362760748848732,-0.10946191522058182,-6.529088433725186,8.629476988534442,6,15
DROP0P5_GAP5_SUPPORT,0.75,0.2,TRAIN_2012_2021,69,0.2028985507246377,0.050909090909090925,-0.7565217391304349,-0.8010436404901976,-0.823304591170079,-52.2,52.199999999999996,0,10
DROP0P5_GAP5_SUPPORT,0.75,0.2,OOS_2022_2026,25,0.12,0.02727272727272728,-0.856,-0.9027837503441448,-0.9261756255162171,-21.4,21.400000000000002,0,5
DROP0P5_GAP5_SUPPORT,0.75,0.2,YTD_2026,3,0.0,0.0,-1.0,-1.0579141794367506,-1.0868712691551259,-3.0,3.0,0,1
DROP0P5_GAP5_SUPPORT,0.75,0.2,FULL_2012_2026,94,0.18085106382978725,0.044155844155844164,-0.7829787234042555,-0.8281021803449707,-0.8506639088153286,-73.60000000000001,73.59999999999998,0,15
DROP0P5_GAP5_SUPPORT,0.75,0.25,TRAIN_2012_2021,69,0.2028985507246377,0.06363636363636363,-0.7463768115942029,-0.7908987129539657,-0.8131596636338472,-51.5,51.5,0,10
DROP0P5_GAP5_SUPPORT,0.75,0.25,OOS_2022_2026,25,0.12,0.03409090909090909,-0.85,-0.8967837503441447,-0.9201756255162172,-21.25,21.25,0,5
DROP0P5_GAP5_SUPPORT,0.75,0.25,YTD_2026,3,0.0,0.0,-1.0,-1.0579141794367506,-1.0868712691551259,-3.0,3.0,0,1
DROP0P5_GAP5_SUPPORT,0.75,0.25,FULL_2012_2026,94,0.18085106382978725,0.05519480519480519,-0.773936170212766,-0.8190596271534816,-0.8416213556238391,-72.75,72.75,0,15
DROP0P5_GAP5_SUPPORT,0.75,0.3,TRAIN_2012_2021,69,0.2028985507246377,0.07636363636363636,-0.736231884057971,-0.780753785417734,-0.8030147360976153,-50.8,50.8,0,10
DROP0P5_GAP5_SUPPORT,0.75,0.3,OOS_2022_2026,25,0.12,0.0409090909090909,-0.8440000000000001,-0.8907837503441448,-0.9141756255162172,-21.1,21.099999999999998,0,5
DROP0P5_GAP5_SUPPORT,0.75,0.3,YTD_2026,3,0.0,0.0,-1.0,-1.0579141794367506,-1.0868712691551259,-3.0,3.0,0,1
DROP0P5_GAP5_SUPPORT,0.75,0.3,FULL_2012_2026,94,0.18085106382978725,0.06623376623376623,-0.7648936170212765,-0.8100170739619923,-0.8325788024323498,-71.89999999999999,71.9,0,15
DROP0P5_GAP5_SUPPORT,0.75,0.4,TRAIN_2012_2021,69,0.2028985507246377,0.10181818181818185,-0.7159420289855072,-0.7604639303452702,-0.7827248810251515,-49.4,49.400000000000006,0,10
DROP0P5_GAP5_SUPPORT,0.75,0.4,OOS_2022_2026,25,0.12,0.05454545454545456,-0.8319999999999999,-0.8787837503441449,-0.9021756255162172,-20.799999999999997,20.799999999999997,0,5
DROP0P5_GAP5_SUPPORT,0.75,0.4,YTD_2026,3,0.0,0.0,-1.0,-1.0579141794367506,-1.0868712691551259,-3.0,3.0,0,1
DROP0P5_GAP5_SUPPORT,0.75,0.4,FULL_2012_2026,94,0.18085106382978725,0.08831168831168833,-0.7468085106382978,-0.7919319675790134,-0.8144936960493713,-70.19999999999999,70.2,0,15
DROP0P5_GAP5_SUPPORT,0.75,0.5,TRAIN_2012_2021,69,0.2028985507246377,0.12727272727272726,-0.6956521739130435,-0.7401740752728063,-0.7624350259526878,-48.0,48.0,0,10
DROP0P5_GAP5_SUPPORT,0.75,0.5,OOS_2022_2026,25,0.12,0.06818181818181818,-0.82,-0.8667837503441447,-0.8901756255162172,-20.5,20.5,0,5
DROP0P5_GAP5_SUPPORT,0.75,0.5,YTD_2026,3,0.0,0.0,-1.0,-1.0579141794367506,-1.0868712691551259,-3.0,3.0,0,1
DROP0P5_GAP5_SUPPORT,0.75,0.5,FULL_2012_2026,94,0.18085106382978725,0.11038961038961038,-0.7287234042553191,-0.7738468611960347,-0.7964085896663923,-68.5,68.5,0,15
DROP0P5_GAP5_SUPPORT,0.75,0.6,TRAIN_2012_2021,69,0.2028985507246377,0.1527272727272727,-0.6753623188405797,-0.7198842202003426,-0.742145170880224,-46.6,46.599999999999994,0,10
DROP0P5_GAP5_SUPPORT,0.75,0.6,OOS_2022_2026,25,0.12,0.0818181818181818,-0.8080000000000002,-0.8547837503441449,-0.8781756255162173,-20.200000000000003,20.200000000000003,0,5
DROP0P5_GAP5_SUPPORT,0.75,0.6,YTD_2026,3,0.0,0.0,-1.0,-1.0579141794367506,-1.0868712691551259,-3.0,3.0,0,1
DROP0P5_GAP5_SUPPORT,0.75,0.6,FULL_2012_2026,94,0.18085106382978725,0.13246753246753246,-0.7106382978723403,-0.7557617548130559,-0.7783234832834137,-66.8,66.79999999999998,0,15
DROP0P5_GAP5_SUPPORT,0.75,0.75,TRAIN_2012_2021,69,0.2028985507246377,0.19090909090909092,-0.644927536231884,-0.6894494375916469,-0.7117103882715284,-44.5,44.5,0,10
DROP0P5_GAP5_SUPPORT,0.75,0.75,OOS_2022_2026,25,0.12,0.10227272727272728,-0.79,-0.8367837503441448,-0.8601756255162172,-19.75,19.75,0,5
DROP0P5_GAP5_SUPPORT,0.75,0.75,YTD_2026,3,0.0,0.0,-1.0,-1.0579141794367506,-1.0868712691551259,-3.0,3.0,0,1
DROP0P5_GAP5_SUPPORT,0.75,0.75,FULL_2012_2026,94,0.18085106382978725,0.16558441558441558,-0.6835106382978723,-0.7286340952385878,-0.7511958237089457,-64.25,64.25,0,15
DROP0P5_GAP5_SUPPORT,0.75,1.0,TRAIN_2012_2021,69,0.18840579710144928,0.23214285714285715,-0.6231884057971014,-0.6677103071568643,-0.6899712578367458,-43.0,43.0,0,10
DROP0P5_GAP5_SUPPORT,0.75,1.0,OOS_2022_2026,25,0.12,0.13636363636363635,-0.76,-0.8067837503441447,-0.8301756255162173,-19.0,19.0,0,5
DROP0P5_GAP5_SUPPORT,0.75,1.0,YTD_2026,3,0.0,0.0,-1.0,-1.0579141794367506,-1.0868712691551259,-3.0,3.0,0,1
DROP0P5_GAP5_SUPPORT,0.75,1.0,FULL_2012_2026,94,0.1702127659574468,0.20512820512820512,-0.6595744680851063,-0.7046979250258218,-0.7272596534961797,-62.0,62.0,0,15
DROP0P5_GAP5_SUPPORT,1.0,0.2,TRAIN_2012_2021,69,0.4492753623188406,0.16315789473684217,-0.46086956521739125,-0.49426099123721334,-0.5109567042471246,-31.799999999999997,32.00000000000001,0,10
DROP0P5_GAP5_SUPPORT,1.0,0.2,OOS_2022_2026,25,0.44,0.15714285714285717,-0.47200000000000003,-0.5070878127581085,-0.5246317191371629,-11.8,12.0,0,5
DROP0P5_GAP5_SUPPORT,1.0,0.2,YTD_2026,3,0.6666666666666666,0.4,-0.20000000000000004,-0.24343563457756293,-0.2651534518663444,-0.6000000000000001,1.0,0,1
DROP0P5_GAP5_SUPPORT,1.0,0.2,FULL_2012_2026,94,0.44680851063829785,0.16153846153846152,-0.4638297872340424,-0.49767237993957913,-0.5145936762923474,-43.59999999999999,43.99999999999998,0,15
DROP0P5_GAP5_SUPPORT,1.0,0.25,TRAIN_2012_2021,69,0.4492753623188406,0.20394736842105263,-0.4384057971014493,-0.47179722312127137,-0.48849293613118244,-30.25,30.5,1,10
DROP0P5_GAP5_SUPPORT,1.0,0.25,OOS_2022_2026,25,0.4,0.16666666666666666,-0.5,-0.5350878127581086,-0.5526317191371629,-12.5,12.75,0,5
DROP0P5_GAP5_SUPPORT,1.0,0.25,YTD_2026,3,0.6666666666666666,0.5,-0.16666666666666666,-0.21010230124422957,-0.23182011853301113,-0.5,1.0,0,1
DROP0P5_GAP5_SUPPORT,1.0,0.25,FULL_2012_2026,94,0.43617021276595747,0.19339622641509435,-0.45478723404255317,-0.48862982674808986,-0.5055511231008583,-42.75,43.25,1,15
DROP0P5_GAP5_SUPPORT,1.0,0.3,TRAIN_2012_2021,69,0.4492753623188406,0.24473684210526322,-0.4159420289855073,-0.4493334550053294,-0.46602916801524047,-28.700000000000003,29.0,1,10
DROP0P5_GAP5_SUPPORT,1.0,0.3,OOS_2022_2026,25,0.4,0.19999999999999998,-0.48,-0.5150878127581087,-0.5326317191371629,-12.0,12.299999999999997,0,5
DROP0P5_GAP5_SUPPORT,1.0,0.3,YTD_2026,3,0.6666666666666666,0.6,-0.13333333333333333,-0.17676896791089627,-0.19848678519967777,-0.39999999999999997,1.0,0,1
DROP0P5_GAP5_SUPPORT,1.0,0.3,FULL_2012_2026,94,0.43617021276595747,0.2320754716981132,-0.4329787234042554,-0.466821316109792,-0.4837426124625603,-40.70000000000001,41.30000000000001,1,15
DROP0P5_GAP5_SUPPORT,1.0,0.4,TRAIN_2012_2021,69,0.4492753623188406,0.32631578947368434,-0.3710144927536232,-0.4044059187734453,-0.42110163178335636,-25.6,26.0,2,10
DROP0P5_GAP5_SUPPORT,1.0,0.4,OOS_2022_2026,25,0.4,0.26666666666666666,-0.44,-0.47508781275810863,-0.49263171913716297,-11.0,11.399999999999999,0,5
DROP0P5_GAP5_SUPPORT,1.0,0.4,YTD_2026,3,0.6666666666666666,0.8,-0.06666666666666665,-0.11010230124422961,-0.13182011853301107,-0.19999999999999996,1.0,0,1
DROP0P5_GAP5_SUPPORT,1.0,0.4,FULL_2012_2026,94,0.43617021276595747,0.30943396226415093,-0.3893617021276596,-0.42320429483319616,-0.44012559118596467,-36.6,37.40000000000001,2,15
DROP0P5_GAP5_SUPPORT,1.0,0.5,TRAIN_2012_2021,69,0.42028985507246375,0.3625,-0.3695652173913043,-0.40295664341112647,-0.4196523564210376,-25.5,26.0,2,10
DROP0P5_GAP5_SUPPORT,1.0,0.5,OOS_2022_2026,25,0.4,0.3333333333333333,-0.4,-0.4350878127581086,-0.45263171913716294,-10.0,10.5,0,5
DROP0P5_GAP5_SUPPORT,1.0,0.5,YTD_2026,3,0.6666666666666666,1.0,0.0,-0.04343563457756292,-0.06515345186634446,0.0,1.0,0,1
DROP0P5_GAP5_SUPPORT,1.0,0.5,FULL_2012_2026,94,0.4148936170212766,0.35454545454545455,-0.3776595744680851,-0.41150216717362176,-0.42842346352639016,-35.5,36.5,2,15
DROP0P5_GAP5_SUPPORT,1.0,0.6,TRAIN_2012_2021,69,0.391304347826087,0.3857142857142857,-0.3739130434782609,-0.407304469498083,-0.42400018250799404,-25.8,26.400000000000002,2,10
DROP0P5_GAP5_SUPPORT,1.0,0.6,OOS_2022_2026,25,0.4,0.39999999999999997,-0.36,-0.39508781275810867,-0.4126317191371629,-9.0,9.600000000000001,1,5
DROP0P5_GAP5_SUPPORT,1.0,0.6,YTD_2026,3,0.6666666666666666,1.2,0.06666666666666665,0.02323103208910371,0.0015132148003222194,0.19999999999999996,1.0,1,1
DROP0P5_GAP5_SUPPORT,1.0,0.6,FULL_2012_2026,94,0.39361702127659576,0.3894736842105264,-0.3702127659574468,-0.4040553586629834,-0.42097665501575177,-34.8,35.99999999999999,3,15
DROP0P5_GAP5_SUPPORT,1.0,0.75,TRAIN_2012_2021,69,0.3333333333333333,0.375,-0.4166666666666667,-0.45005809268648883,-0.46675380569639985,-28.75,29.5,2,10
DROP0P5_GAP5_SUPPORT,1.0,0.75,OOS_2022_2026,25,0.36,0.421875,-0.37,-0.4050878127581086,-0.4226317191371629,-9.25,10.0,1,5
DROP0P5_GAP5_SUPPORT,1.0,0.75,YTD_2026,3,0.6666666666666666,1.5,0.16666666666666666,0.12323103208910376,0.10151321480032223,0.5,1.0,1,1
DROP0P5_GAP5_SUPPORT,1.0,0.75,FULL_2012_2026,94,0.3404255319148936,0.3870967741935484,-0.40425531914893614,-0.4380979118544728,-0.45501920820724123,-38.0,39.5,3,15
DROP0P5_GAP5_SUPPORT,1.0,1.0,TRAIN_2012_2021,69,0.3188405797101449,0.46808510638297873,-0.36231884057971014,-0.3957102665995323,-0.41240597960944336,-25.0,26.0,1,10
DROP0P5_GAP5_SUPPORT,1.0,1.0,OOS_2022_2026,25,0.24,0.3157894736842105,-0.52,-0.5550878127581086,-0.572631719137163,-13.0,13.0,0,5
DROP0P5_GAP5_SUPPORT,1.0,1.0,YTD_2026,3,0.3333333333333333,0.5,-0.3333333333333333,-0.37676896791089626,-0.3984867851996777,-1.0,2.0,0,1
DROP0P5_GAP5_SUPPORT,1.0,1.0,FULL_2012_2026,94,0.2978723404255319,0.42424242424242425,-0.40425531914893614,-0.4380979118544728,-0.45501920820724123,-38.0,39.0,1,15
DROP0P5_GAP5_SUPPORT,1.25,0.2,TRAIN_2012_2021,69,0.6811594202898551,0.427272727272727,-0.18260869565217394,-0.20932183646803162,-0.22267840687596047,-12.600000000000001,14.2,3,10
DROP0P5_GAP5_SUPPORT,1.25,0.2,OOS_2022_2026,25,0.64,0.35555555555555557,-0.23199999999999998,-0.2600702502064869,-0.2741053753097303,-5.8,5.999999999999998,0,5
DROP0P5_GAP5_SUPPORT,1.25,0.2,YTD_2026,3,0.6666666666666666,0.4,-0.20000000000000004,-0.23474850766205035,-0.2521227614930756,-0.6000000000000001,1.0,0,1
DROP0P5_GAP5_SUPPORT,1.25,0.2,FULL_2012_2026,94,0.6702127659574468,0.4064516129032256,-0.19574468085106386,-0.22281875501549311,-0.23635579209770777,-18.400000000000002,20.000000000000007,3,15
DROP0P5_GAP5_SUPPORT,1.25,0.25,TRAIN_2012_2021,69,0.6666666666666666,0.5,-0.16666666666666666,-0.19337980748252437,-0.2067363778904532,-11.5,13.25,3,10
DROP0P5_GAP5_SUPPORT,1.25,0.25,OOS_2022_2026,25,0.64,0.4444444444444444,-0.2,-0.2280702502064869,-0.2421053753097303,-5.0,5.25,0,5
DROP0P5_GAP5_SUPPORT,1.25,0.25,YTD_2026,3,0.6666666666666666,0.5,-0.16666666666666666,-0.20141517432871706,-0.21878942815974223,-0.5,1.0,0,1
DROP0P5_GAP5_SUPPORT,1.25,0.25,FULL_2012_2026,94,0.6595744680851063,0.484375,-0.17553191489361702,-0.2026059890580463,-0.21614302614026099,-16.5,18.25,3,15
DROP0P5_GAP5_SUPPORT,1.25,0.3,TRAIN_2012_2021,69,0.6666666666666666,0.6000000000000002,-0.13333333333333333,-0.16004647414919101,-0.1734030445571199,-9.2,12.3,4,10
DROP0P5_GAP5_SUPPORT,1.25,0.3,OOS_2022_2026,25,0.64,0.5333333333333333,-0.168,-0.1960702502064869,-0.21010537530973036,-4.2,4.6000000000000005,1,5
DROP0P5_GAP5_SUPPORT,1.25,0.3,YTD_2026,3,0.6666666666666666,0.6,-0.13333333333333333,-0.1680818409953837,-0.1854560948264089,-0.39999999999999997,1.0,0,1
DROP0P5_GAP5_SUPPORT,1.25,0.3,FULL_2012_2026,94,0.6595744680851063,0.5812500000000002,-0.14255319148936169,-0.16962726565379105,-0.18316430273600565,-13.399999999999999,16.599999999999994,5,15
DROP0P5_GAP5_SUPPORT,1.25,0.4,TRAIN_2012_2021,69,0.6376811594202898,0.7039999999999997,-0.10724637681159421,-0.13395951762745192,-0.14731608803538077,-7.4,13.2,3,10
DROP0P5_GAP5_SUPPORT,1.25,0.4,OOS_2022_2026,25,0.6,0.6000000000000002,-0.16,-0.18807025020648688,-0.2021053753097303,-4.0,5.2,2,5
DROP0P5_GAP5_SUPPORT,1.25,0.4,YTD_2026,3,0.6666666666666666,0.8,-0.06666666666666665,-0.10141517432871704,-0.11878942815974224,-0.19999999999999996,1.0,0,1
DROP0P5_GAP5_SUPPORT,1.25,0.4,FULL_2012_2026,94,0.6276595744680851,0.6742857142857142,-0.12127659574468086,-0.14835066990911014,-0.16188770699132482,-11.4,17.999999999999996,5,15
DROP0P5_GAP5_SUPPORT,1.25,0.5,TRAIN_2012_2021,69,0.5942028985507246,0.7321428571428571,-0.10869565217391304,-0.13540879298977074,-0.14876536339769958,-7.5,13.0,4,10
DROP0P5_GAP5_SUPPORT,1.25,0.5,OOS_2022_2026,25,0.6,0.75,-0.1,-0.1280702502064869,-0.14210537530973036,-2.5,4.5,2,5
DROP0P5_GAP5_SUPPORT,1.25,0.5,YTD_2026,3,0.6666666666666666,1.0,0.0,-0.03474850766205034,-0.05212276149307558,0.0,1.0,0,1
DROP0P5_GAP5_SUPPORT,1.25,0.5,FULL_2012_2026,94,0.5957446808510638,0.7368421052631579,-0.10638297872340426,-0.13345705288783355,-0.1469940899700482,-10.0,17.0,6,15
DROP0P5_GAP5_SUPPORT,1.25,0.6,TRAIN_2012_2021,69,0.4927536231884058,0.5964543308994154,-0.20003066146383908,-0.2267438022796968,-0.24010037268762566,-13.802115641004896,17.2,4,10
DROP0P5_GAP5_SUPPORT,1.25,0.6,OOS_2022_2026,25,0.56,0.7636363636363636,-0.10400000000000001,-0.1320702502064869,-0.14610537530973036,-2.6,5.4,3,5
DROP0P5_GAP5_SUPPORT,1.25,0.6,YTD_2026,3,0.6666666666666666,1.2,0.06666666666666665,0.03191815900461629,0.014543905173591054,0.19999999999999996,1.0,1,1
DROP0P5_GAP5_SUPPORT,1.25,0.6,FULL_2012_2026,94,0.5106382978723404,0.6371383195585255,-0.17449059192558394,-0.2015646660900133,-0.21510170317222793,-16.40211564100489,22.599999999999994,7,15
DROP0P5_GAP5_SUPPORT,1.25,0.75,TRAIN_2012_2021,69,0.4782608695652174,0.7030827423102425,-0.1514799368261579,-0.17819307764201558,-0.19154964804994443,-10.452115641004895,15.25,4,10
DROP0P5_GAP5_SUPPORT,1.25,0.75,OOS_2022_2026,25,0.48,0.6923076923076923,-0.16,-0.18807025020648688,-0.20210537530973036,-4.0,7.25,3,5
DROP0P5_GAP5_SUPPORT,1.25,0.75,YTD_2026,3,0.6666666666666666,1.5,0.16666666666666666,0.13191815900461631,0.1145439051735911,0.5,1.0,1,1
DROP0P5_GAP5_SUPPORT,1.25,0.75,FULL_2012_2026,94,0.4787234042553192,0.7001767360453641,-0.15374591107452015,-0.1808199852389494,-0.19435702232116409,-14.452115641004895,22.5,7,15
DROP0P5_GAP5_SUPPORT,1.25,1.0,TRAIN_2012_2021,69,0.43478260869565216,0.7577249815895799,-0.13413649667016606,-0.16084963748602374,-0.17420620789395258,-9.255418270241458,16.770081727749414,4,10
DROP0P5_GAP5_SUPPORT,1.25,1.0,OOS_2022_2026,25,0.4,0.6666666666666666,-0.2,-0.22807025020648689,-0.24210537530973034,-5.0,6.0,1,5
DROP0P5_GAP5_SUPPORT,1.25,1.0,YTD_2026,3,0.3333333333333333,0.5,-0.3333333333333333,-0.36808184099538366,-0.3854560948264089,-1.0,2.0,0,1
DROP0P5_GAP5_SUPPORT,1.25,1.0,FULL_2012_2026,94,0.425531914893617,0.7320516656436447,-0.15165338585363256,-0.1787274600180618,-0.19226449710027643,-14.25541827024146,22.770081727749414,5,15
DROP0P5_GAP5_SUPPORT,1.5,0.2,TRAIN_2012_2021,69,0.7681159420289855,0.6624999999999998,-0.07826086956521738,-0.10052182024509879,-0.1116522955850395,-5.3999999999999995,8.6,6,10
DROP0P5_GAP5_SUPPORT,1.5,0.2,OOS_2022_2026,25,0.68,0.42500000000000004,-0.18400000000000002,-0.20739187517207242,-0.2190878127581086,-4.6000000000000005,4.799999999999999,0,5
DROP0P5_GAP5_SUPPORT,1.5,0.2,YTD_2026,3,0.6666666666666666,0.4,-0.20000000000000004,-0.22895708971837528,-0.24343563457756293,-0.6000000000000001,1.0,0,1
DROP0P5_GAP5_SUPPORT,1.5,0.2,FULL_2012_2026,94,0.7446808510638298,0.5833333333333331,-0.1063829787234043,-0.12894470719376197,-0.14022557142894088,-10.000000000000004,12.800000000000002,6,15
DROP0P5_GAP5_SUPPORT,1.5,0.25,TRAIN_2012_2021,69,0.7536231884057971,0.7647058823529411,-0.057971014492753624,-0.08023196517263506,-0.09136244051257578,-4.0,7.5,5,10
DROP0P5_GAP5_SUPPORT,1.5,0.25,OOS_2022_2026,25,0.68,0.53125,-0.15,-0.17339187517207244,-0.18508781275810862,-3.75,4.0,0,5
DROP0P5_GAP5_SUPPORT,1.5,0.25,YTD_2026,3,0.6666666666666666,0.5,-0.16666666666666666,-0.195623756385042,-0.21010230124422957,-0.5,1.0,0,1
DROP0P5_GAP5_SUPPORT,1.5,0.25,FULL_2012_2026,94,0.7340425531914894,0.69,-0.08244680851063829,-0.10500853698099605,-0.11628940121617494,-7.75,10.75,5,15
DROP0P5_GAP5_SUPPORT,1.5,0.3,TRAIN_2012_2021,69,0.7391304347826086,0.8500000000000001,-0.0391304347826087,-0.06139138546249012,-0.07252186080243085,-2.7,7.7,6,10
DROP0P5_GAP5_SUPPORT,1.5,0.3,OOS_2022_2026,25,0.68,0.6375,-0.11600000000000002,-0.1393918751720724,-0.15108781275810865,-2.9000000000000004,3.4000000000000004,1,5
DROP0P5_GAP5_SUPPORT,1.5,0.3,YTD_2026,3,0.6666666666666666,0.6,-0.13333333333333333,-0.16229042305170868,-0.17676896791089627,-0.39999999999999997,1.0,0,1
DROP0P5_GAP5_SUPPORT,1.5,0.3,FULL_2012_2026,94,0.723404255319149,0.7846153846153847,-0.05957446808510638,-0.08213619655546416,-0.093417060790643,-5.6,10.100000000000001,7,15
DROP0P5_GAP5_SUPPORT,1.5,0.4,TRAIN_2012_2021,69,0.6666666666666666,0.7999999999999996,-0.06666666666666667,-0.08892761734654808,-0.1000580926864888,-4.6,8.4,3,10
DROP0P5_GAP5_SUPPORT,1.5,0.4,OOS_2022_2026,25,0.64,0.7111111111111111,-0.10400000000000001,-0.12739187517207237,-0.13908781275810864,-2.6,3.8000000000000007,2,5
DROP0P5_GAP5_SUPPORT,1.5,0.4,YTD_2026,3,0.6666666666666666,0.8,-0.06666666666666665,-0.09562375638504196,-0.11010230124422961,-0.19999999999999996,1.0,0,1
DROP0P5_GAP5_SUPPORT,1.5,0.4,FULL_2012_2026,94,0.6595744680851063,0.7749999999999997,-0.07659574468085105,-0.09915747315120882,-0.1104383373863877,-7.199999999999999,10.999999999999996,5,15
DROP0P5_GAP5_SUPPORT,1.5,0.5,TRAIN_2012_2021,69,0.5652173913043478,0.6904503862823854,-0.12670195326183878,-0.14896290394172013,-0.1600933792816609,-8.742434775066876,11.574005074229463,3,10
DROP0P5_GAP5_SUPPORT,1.5,0.5,OOS_2022_2026,25,0.6,0.75,-0.1,-0.12339187517207241,-0.1350878127581086,-2.5,4.5,2,5
DROP0P5_GAP5_SUPPORT,1.5,0.5,YTD_2026,3,0.6666666666666666,1.0,0.0,-0.028957089718375312,-0.04343563457756292,0.0,1.0,0,1
DROP0P5_GAP5_SUPPORT,1.5,0.5,FULL_2012_2026,94,0.574468085106383,0.7060219925537622,-0.11960036994751995,-0.14216209841787766,-0.15344296265305657,-11.242434775066876,14.574005074229463,5,15
DROP0P5_GAP5_SUPPORT,1.5,0.6,TRAIN_2012_2021,69,0.5362318840579711,0.7340678806159685,-0.1165570257256069,-0.13881797640548826,-0.14994845174542898,-8.042434775066877,11.674005074229463,5,10
DROP0P5_GAP5_SUPPORT,1.5,0.6,OOS_2022_2026,25,0.52,0.6499999999999998,-0.168,-0.19139187517207243,-0.20308781275810867,-4.2,6.4,2,5
DROP0P5_GAP5_SUPPORT,1.5,0.6,YTD_2026,3,0.6666666666666666,1.2,0.06666666666666665,0.03770957694829132,0.02323103208910371,0.19999999999999996,1.0,1,1
DROP0P5_GAP5_SUPPORT,1.5,0.6,FULL_2012_2026,94,0.5319148936170213,0.7101863365533837,-0.13023866781986038,-0.15280039629021813,-0.16408126052539698,-12.242434775066876,16.274005074229468,7,15
DROP0P5_GAP5_SUPPORT,1.5,0.75,TRAIN_2012_2021,69,0.4927536231884058,0.7670918262318739,-0.11220919963865038,-0.1344701503185318,-0.14560062565847245,-7.742434775066876,12.074005074229461,4,10
DROP0P5_GAP5_SUPPORT,1.5,0.75,OOS_2022_2026,25,0.48,0.6923076923076923,-0.16,-0.1833918751720724,-0.1950878127581086,-4.0,5.5,2,5
DROP0P5_GAP5_SUPPORT,1.5,0.75,YTD_2026,3,0.3333333333333333,0.375,-0.4166666666666667,-0.44562375638504204,-0.4601023012442296,-1.25,2.0,0,1
DROP0P5_GAP5_SUPPORT,1.5,0.75,FULL_2012_2026,94,0.48936170212765956,0.7460679820994591,-0.12491951888369017,-0.14748124735404786,-0.15876211158922676,-11.742434775066876,16.82400507422946,6,15
DROP0P5_GAP5_SUPPORT,1.5,1.0,TRAIN_2012_2021,69,0.463768115942029,0.8736318779376324,-0.06454377245551708,-0.0868047231353985,-0.09793519847533919,-4.453520299430679,10.88240651402064,5,10
DROP0P5_GAP5_SUPPORT,1.5,1.0,OOS_2022_2026,25,0.44,0.7353756942888702,-0.14818961119823273,-0.1715814863703051,-0.18327742395634133,-3.7047402799558182,4.0,1,5
DROP0P5_GAP5_SUPPORT,1.5,1.0,YTD_2026,3,0.3333333333333333,0.5,-0.3333333333333333,-0.3622904230517087,-0.37676896791089626,-1.0,2.0,0,1
DROP0P5_GAP5_SUPPORT,1.5,1.0,FULL_2012_2026,94,0.4574468085106383,0.8343245898247642,-0.08679000616368614,-0.10935173463404385,-0.12063259886922277,-8.158260579386496,13.88240651402064,6,15
DROP0P5_GAP5_SUPPORT,1.75,0.2,TRAIN_2012_2021,69,0.8115942028985508,0.8615384615384615,-0.02608695652173913,-0.045167771390208916,-0.05470817882444379,-1.7999999999999998,4.600000000000001,5,10
DROP0P5_GAP5_SUPPORT,1.75,0.2,OOS_2022_2026,25,0.76,0.6333333333333334,-0.088,-0.10805017871891924,-0.11807526807837881,-2.1999999999999997,3.8,1,5
DROP0P5_GAP5_SUPPORT,1.75,0.2,YTD_2026,3,1.0,,0.20000000000000004,0.17517963738424977,0.1627694560763746,0.6000000000000001,0.0,1,1
DROP0P5_GAP5_SUPPORT,1.75,0.2,FULL_2012_2026,94,0.7978723404255319,0.7894736842105261,-0.042553191489361694,-0.06189181589252547,-0.07156112809410736,-3.999999999999999,7.0,6,15
DROP0P5_GAP5_SUPPORT,1.75,0.25,TRAIN_2012_2021,69,0.7971014492753623,0.9821428571428571,-0.0036231884057971015,-0.022704003274266905,-0.03224441070850177,-0.25,4.25,5,10
DROP0P5_GAP5_SUPPORT,1.75,0.25,OOS_2022_2026,25,0.76,0.7916666666666666,-0.05,-0.07005017871891923,-0.08007526807837881,-1.25,3.5,1,5
DROP0P5_GAP5_SUPPORT,1.75,0.25,YTD_2026,3,1.0,,0.25,0.22517963738424973,0.21276945607637462,0.75,0.0,1,1
DROP0P5_GAP5_SUPPORT,1.75,0.25,FULL_2012_2026,94,0.7872340425531915,0.925,-0.015957446808510637,-0.03529607121167443,-0.044965383413256316,-1.5,6.0,6,15
DROP0P5_GAP5_SUPPORT,1.75,0.3,TRAIN_2012_2021,69,0.7536231884057971,0.9176470588235296,-0.020289855072463756,-0.03937066994093356,-0.04891107737516845,-1.3999999999999992,5.7,6,10
DROP0P5_GAP5_SUPPORT,1.75,0.3,OOS_2022_2026,25,0.72,0.7714285714285714,-0.064,-0.08405017871891922,-0.0940752680783788,-1.6,3.6,2,5
DROP0P5_GAP5_SUPPORT,1.75,0.3,YTD_2026,3,1.0,,0.3,0.2751796373842497,0.26276945607637453,0.8999999999999999,0.0,1,1
DROP0P5_GAP5_SUPPORT,1.75,0.3,FULL_2012_2026,94,0.7446808510638298,0.8750000000000001,-0.03191489361702128,-0.05125351802018506,-0.06092283022176695,-3.0000000000000004,8.100000000000001,8,15
DROP0P5_GAP5_SUPPORT,1.75,0.4,TRAIN_2012_2021,69,0.6666666666666666,0.8693267170810204,-0.04008413418536043,-0.05916494905383016,-0.06870535648806507,-2.7658052587898694,5.46343292076811,4,10
DROP0P5_GAP5_SUPPORT,1.75,0.4,OOS_2022_2026,25,0.68,0.8500000000000001,-0.04799999999999999,-0.0680501787189192,-0.07807526807837878,-1.1999999999999997,4.2,3,5
DROP0P5_GAP5_SUPPORT,1.75,0.4,YTD_2026,3,1.0,,0.4000000000000001,0.37517963738424975,0.3627694560763746,1.2000000000000002,0.0,1,1
DROP0P5_GAP5_SUPPORT,1.75,0.4,FULL_2012_2026,94,0.6702127659574468,0.8640255181161274,-0.04218941764670074,-0.061528042049864486,-0.07119735425144638,-3.9658052587898696,8.06343292076811,7,15
DROP0P5_GAP5_SUPPORT,1.75,0.5,TRAIN_2012_2021,69,0.6231884057971014,0.8896868848258127,-0.03863485882304156,-0.057715673691511364,-0.06725608112574624,-2.6658052587898675,6.563432920768111,4,10
DROP0P5_GAP5_SUPPORT,1.75,0.5,OOS_2022_2026,25,0.6,0.814110791208599,-0.06850021304180359,-0.0885503917607228,-0.09857548112018241,-1.7125053260450898,4.71250532604509,2,5
DROP0P5_GAP5_SUPPORT,1.75,0.5,YTD_2026,3,1.0,,0.5,0.4751796373842498,0.46276945607637465,1.5,0.0,1,1
DROP0P5_GAP5_SUPPORT,1.75,0.5,FULL_2012_2026,94,0.6170212765957447,0.8688276755737245,-0.0465777721790953,-0.06591639658225908,-0.07558570878384095,-4.378310584834958,9.775938246813201,6,15
DROP0P5_GAP5_SUPPORT,1.75,0.6,TRAIN_2012_2021,69,0.5652173913043478,0.830794638569669,-0.06906964143173722,-0.08815045630020703,-0.09769086373444191,-4.765805258789868,10.063432920768111,5,10
DROP0P5_GAP5_SUPPORT,1.75,0.6,OOS_2022_2026,25,0.56,0.822520990865715,-0.0725002130418036,-0.09255039176072277,-0.10257548112018242,-1.8125053260450898,4.199999999999999,2,5
DROP0P5_GAP5_SUPPORT,1.75,0.6,YTD_2026,3,0.6666666666666666,1.2,0.06666666666666665,0.04184630405091642,0.02943612274304123,0.19999999999999996,1.0,1,1
DROP0P5_GAP5_SUPPORT,1.75,0.6,FULL_2012_2026,94,0.5638297872340425,0.8285930129651319,-0.06998202749824425,-0.08932065190140803,-0.09898996410298992,-6.578310584834959,13.475938246813204,7,15
DROP0P5_GAP5_SUPPORT,1.75,0.75,TRAIN_2012_2021,69,0.5217391304347826,0.8399016868112382,-0.07231293987103912,-0.09139375473950892,-0.10093416217374379,-4.989592851101699,9.563432920768111,5,10
DROP0P5_GAP5_SUPPORT,1.75,0.75,OOS_2022_2026,25,0.52,0.8070581268075653,-0.08653447123149166,-0.10658464995041085,-0.11660973930987044,-2.1633617807872914,4.200856454742201,2,5
DROP0P5_GAP5_SUPPORT,1.75,0.75,YTD_2026,3,0.6666666666666666,1.5,0.16666666666666666,0.14184630405091644,0.12943612274304125,0.5,1.0,1,1
DROP0P5_GAP5_SUPPORT,1.75,0.75,FULL_2012_2026,94,0.5212765957446809,0.8312118974735941,-0.07609526204137225,-0.09543388644453604,-0.10510319864611789,-7.152954631888992,12.726794701555402,7,15
DROP0P5_GAP5_SUPPORT,1.75,1.0,TRAIN_2012_2021,69,0.5072463768115942,1.06435258625596,0.02950900968758894,0.010428194819119161,0.0008877873848842836,2.036121668443637,7.537718401222774,6,10
DROP0P5_GAP5_SUPPORT,1.75,1.0,OOS_2022_2026,25,0.48,0.8435798413389066,-0.07641128082997685,-0.09646145954889603,-0.10648654890835563,-1.9102820207494213,3.74692023996213,1,5
DROP0P5_GAP5_SUPPORT,1.75,1.0,YTD_2026,3,0.6666666666666666,2.0,0.3333333333333333,0.3085129707175831,0.2961027894097079,1.0,1.0,1,1
DROP0P5_GAP5_SUPPORT,1.75,1.0,FULL_2012_2026,94,0.5,1.002869605427849,0.0013387196563214429,-0.01799990474684234,-0.02766921694842418,0.12583964769421563,9.448000421972194,7,15
DROP0P5_GAP5_SUPPORT,2.0,0.2,TRAIN_2012_2021,69,0.855072463768116,1.1799999999999997,0.026086956521739122,0.009391243511828082,0.0010433870068725357,1.7999999999999994,3.599999999999998,6,10
DROP0P5_GAP5_SUPPORT,2.0,0.2,OOS_2022_2026,25,0.84,1.0500000000000003,0.008,-0.009543906379054315,-0.01831585956858146,0.2,1.6,2,5
DROP0P5_GAP5_SUPPORT,2.0,0.2,YTD_2026,3,1.0,,0.20000000000000004,0.1782821827112185,0.16742327406682778,0.6000000000000001,0.0,1,1
DROP0P5_GAP5_SUPPORT,2.0,0.2,FULL_2012_2026,94,0.851063829787234,1.1428571428571428,0.021276595744680844,0.004355299391912551,-0.00410534878447161,1.9999999999999993,3.599999999999998,8,15
DROP0P5_GAP5_SUPPORT,2.0,0.25,TRAIN_2012_2021,69,0.8115942028985508,1.0769230769230769,0.014492753623188406,-0.0022029593867226643,-0.010550815891678184,1.0,4.0,6,10
DROP0P5_GAP5_SUPPORT,2.0,0.25,OOS_2022_2026,25,0.8,1.0,0.0,-0.017543906379054296,-0.026315859568581467,0.0,1.5,2,5
DROP0P5_GAP5_SUPPORT,2.0,0.25,YTD_2026,3,1.0,,0.25,0.2282821827112185,0.2174232740668278,0.75,0.0,1,1
DROP0P5_GAP5_SUPPORT,2.0,0.25,FULL_2012_2026,94,0.8085106382978723,1.0555555555555556,0.010638297872340425,-0.006282998480427885,-0.014743646656812043,1.0,4.25,8,15
DROP0P5_GAP5_SUPPORT,2.0,0.3,TRAIN_2012_2021,69,0.7681159420289855,0.9937500000000002,-0.0014492753623188306,-0.018144988372229918,-0.02649284487718545,-0.09999999999999931,3.9,6,10
DROP0P5_GAP5_SUPPORT,2.0,0.3,OOS_2022_2026,25,0.8,1.1999999999999997,0.039999999999999994,0.022456093620945673,0.013684140431418529,0.9999999999999998,1.4000000000000001,3,5
DROP0P5_GAP5_SUPPORT,2.0,0.3,YTD_2026,3,1.0,,0.3,0.27828218271121846,0.2674232740668278,0.8999999999999999,0.0,1,1
DROP0P5_GAP5_SUPPORT,2.0,0.3,FULL_2012_2026,94,0.776595744680851,1.0428571428571427,0.009574468085106385,-0.007346828267661937,-0.015807476444046096,0.9000000000000001,3.9,9,15
DROP0P5_GAP5_SUPPORT,2.0,0.4,TRAIN_2012_2021,69,0.6521739130434783,0.8174357370997859,-0.0582620232092918,-0.07495773621920286,-0.0833055927241584,-4.020079601441134,7.255503805672096,4,10
DROP0P5_GAP5_SUPPORT,2.0,0.4,OOS_2022_2026,25,0.68,0.9462920586221492,-0.015437686411578135,-0.03298159279063245,-0.041753545980159575,-0.3859421602894534,2.5859421602894535,3,5
DROP0P5_GAP5_SUPPORT,2.0,0.4,YTD_2026,3,1.0,,0.4000000000000001,0.3782821827112186,0.3674232740668278,1.2000000000000002,0.0,1,1
DROP0P5_GAP5_SUPPORT,2.0,0.4,FULL_2012_2026,94,0.6595744680851063,0.8491399548464377,-0.046872571933304116,-0.06379386828607242,-0.07225451646245659,-4.406021761730587,8.241445965961546,7,15
DROP0P5_GAP5_SUPPORT,2.0,0.5,TRAIN_2012_2021,69,0.6231884057971014,0.8950844608654029,-0.036522892774509194,-0.05321860578442027,-0.06156646228937578,-2.520079601441134,7.555503805672097,4,10
DROP0P5_GAP5_SUPPORT,2.0,0.5,OOS_2022_2026,25,0.64,0.9772851851810692,-0.007437686411578142,-0.024981592790632456,-0.0337535459801596,-0.18594216028945354,2.0,2,5
DROP0P5_GAP5_SUPPORT,2.0,0.5,YTD_2026,3,0.6666666666666666,1.0,0.0,-0.021717817288781454,-0.032576725933172256,0.0,1.0,0,1
DROP0P5_GAP5_SUPPORT,2.0,0.5,FULL_2012_2026,94,0.6276595744680851,0.9159777701899814,-0.028787465550325412,-0.045708761903093705,-0.05416941007947788,-2.7060217617305886,8.24144596596155,6,15
DROP0P5_GAP5_SUPPORT,2.0,0.6,TRAIN_2012_2021,69,0.5797101449275363,0.8657149128265165,-0.05258541659005778,-0.06928112959996886,-0.0776289861049244,-3.628393744713987,8.511804885515481,6,10
DROP0P5_GAP5_SUPPORT,2.0,0.6,OOS_2022_2026,25,0.64,1.172742222217283,0.05656231358842184,0.039018407209367535,0.030246454019840396,1.414057839710546,2.0,3,5
DROP0P5_GAP5_SUPPORT,2.0,0.6,YTD_2026,3,0.6666666666666666,1.2,0.06666666666666665,0.0449488493778852,0.034089940733494396,0.19999999999999996,1.0,1,1
DROP0P5_GAP5_SUPPORT,2.0,0.6,FULL_2012_2026,94,0.5957446808510638,0.9371034898521122,-0.023556764946845107,-0.040478061299613434,-0.0489387094759976,-2.21433590500344,9.097747045804933,9,15
DROP0P5_GAP5_SUPPORT,2.0,0.75,TRAIN_2012_2021,69,0.5507246376811594,0.9507791238228357,-0.020701358619043292,-0.03739707162895435,-0.04574492813390988,-1.4283937447139872,7.805503805672097,5,10
DROP0P5_GAP5_SUPPORT,2.0,0.75,OOS_2022_2026,25,0.6,1.0901925156273953,0.03314012927377027,0.015596222894715978,0.006824269705188817,0.8285032318442567,2.25,3,5
DROP0P5_GAP5_SUPPORT,2.0,0.75,YTD_2026,3,0.6666666666666666,1.5,0.16666666666666666,0.1449488493778852,0.13408994073349442,0.5,1.0,1,1
DROP0P5_GAP5_SUPPORT,2.0,0.75,FULL_2012_2026,94,0.5638297872340425,0.9842985350160005,-0.006381813966699256,-0.02330311031946756,-0.031763758495851724,-0.59989051286973,8.24144596596155,8,15
DROP0P5_GAP5_SUPPORT,2.0,1.0,TRAIN_2012_2021,69,0.5072463768115942,1.0072091395631797,0.00328434600799193,-0.013411367001919132,-0.02175922350687469,0.22661987455144317,6.470503601069927,4,10
DROP0P5_GAP5_SUPPORT,2.0,1.0,OOS_2022_2026,25,0.52,1.0070180259042412,0.0031401292737702757,-0.014403777105284017,-0.023175730294811184,0.0785032318442569,2.7785552099668633,2,5
DROP0P5_GAP5_SUPPORT,2.0,1.0,YTD_2026,3,0.6666666666666666,2.0,0.3333333333333333,0.3116155160445519,0.3007566074001611,1.0,1.0,1,1
DROP0P5_GAP5_SUPPORT,2.0,1.0,FULL_2012_2026,94,0.5106382978723404,1.007158981536534,0.0032459904935712796,-0.01367530585919702,-0.02213595403558119,0.3051231063957003,6.470503601069927,6,15
DROP0P5_GAP5_SUPPORT,2.25,0.2,TRAIN_2012_2021,69,0.855072463768116,1.1799999999999997,0.026086956521739122,0.01124632273515153,0.0038260058418577133,1.7999999999999994,3.599999999999998,7,10
DROP0P5_GAP5_SUPPORT,2.25,0.2,OOS_2022_2026,25,0.84,1.0500000000000003,0.008,-0.007594583448048271,-0.015391875172072397,0.2,1.6,2,5
DROP0P5_GAP5_SUPPORT,2.25,0.2,YTD_2026,3,1.0,,0.20000000000000004,0.18069527352108317,0.1710429102816247,0.6000000000000001,0.0,1,1
DROP0P5_GAP5_SUPPORT,2.25,0.2,FULL_2012_2026,94,0.851063829787234,1.1428571428571428,0.021276595744680844,0.0062354434311090255,-0.0012851327256768945,1.9999999999999993,3.599999999999998,9,15
DROP0P5_GAP5_SUPPORT,2.25,0.25,TRAIN_2012_2021,69,0.8115942028985508,1.0769230769230769,0.014492753623188406,-0.0003478801633992117,-0.007768197056693009,1.0,4.0,6,10
DROP0P5_GAP5_SUPPORT,2.25,0.25,OOS_2022_2026,25,0.8,1.0,0.0,-0.015594583448048285,-0.02339187517207243,0.0,1.5,2,5
DROP0P5_GAP5_SUPPORT,2.25,0.25,YTD_2026,3,1.0,,0.25,0.23069527352108313,0.22104291028162468,0.75,0.0,1,1
DROP0P5_GAP5_SUPPORT,2.25,0.25,FULL_2012_2026,94,0.8085106382978723,1.0555555555555556,0.010638297872340425,-0.00440285444123141,-0.011923430598017324,1.0,4.25,8,15
DROP0P5_GAP5_SUPPORT,2.25,0.3,TRAIN_2012_2021,69,0.7246376811594203,0.8872202616187473,-0.027633875702945378,-0.042474509489533005,-0.049894826382826815,-1.906737423503231,4.7,5,10
DROP0P5_GAP5_SUPPORT,2.25,0.3,OOS_2022_2026,25,0.76,0.9499999999999998,-0.012000000000000009,-0.027594583448048295,-0.035391875172072436,-0.3000000000000002,2.3,2,5
DROP0P5_GAP5_SUPPORT,2.25,0.3,YTD_2026,3,1.0,,0.3,0.2806952735210831,0.2710429102816247,0.8999999999999999,0.0,1,1
DROP0P5_GAP5_SUPPORT,2.25,0.3,FULL_2012_2026,94,0.7340425531914894,0.9036642633691244,-0.023475930037268427,-0.038517082350840254,-0.04603765850762618,-2.206737423503232,5.500000000000002,7,15
DROP0P5_GAP5_SUPPORT,2.25,0.4,TRAIN_2012_2021,69,0.6521739130434783,0.8216650271568148,-0.05661938294932216,-0.07146001673590978,-0.0788803336292036,-3.906737423503229,7.2493367161529765,5,10
DROP0P5_GAP5_SUPPORT,2.25,0.4,OOS_2022_2026,25,0.68,0.949020579466024,-0.01461127681029168,-0.030205860258339944,-0.03800315198236409,-0.365281920257292,2.565281920257292,3,5
DROP0P5_GAP5_SUPPORT,2.25,0.4,YTD_2026,3,1.0,,0.4000000000000001,0.3806952735210832,0.37104291028162467,1.2000000000000002,0.0,1,1
DROP0P5_GAP5_SUPPORT,2.25,0.4,FULL_2012_2026,94,0.6595744680851063,0.8530539178153994,-0.045447014295324696,-0.06048816660889655,-0.06800874276568245,-4.272019343760522,8.214618636410265,8,15
DROP0P5_GAP5_SUPPORT,2.25,0.5,TRAIN_2012_2021,69,0.5942028985507246,0.7912999489237844,-0.0783585133841048,-0.09319914717069239,-0.1006194640639862,-5.40673742350323,8.549336716152975,3,10
DROP0P5_GAP5_SUPPORT,2.25,0.5,OOS_2022_2026,25,0.64,0.979757965264219,-0.006611276810291678,-0.02220586025833996,-0.03000315198236412,-0.16528192025729194,2.0,2,5
DROP0P5_GAP5_SUPPORT,2.25,0.5,YTD_2026,3,0.6666666666666666,1.0,0.0,-0.0193047264789169,-0.028957089718375333,0.0,1.0,0,1
DROP0P5_GAP5_SUPPORT,2.25,0.5,FULL_2012_2026,94,0.6063829787234043,0.8364634837887616,-0.059276801529367255,-0.07431795384293909,-0.08183852999972499,-5.572019343760522,9.714618636410266,5,15
DROP0P5_GAP5_SUPPORT,2.25,0.6,TRAIN_2012_2021,69,0.5652173913043478,0.8143532738663153,-0.07508397738761982,-0.08992461117420744,-0.0973449280675012,-5.1807944397457675,8.521604342680426,5,10
DROP0P5_GAP5_SUPPORT,2.25,0.6,OOS_2022_2026,25,0.6,0.9206724714896547,-0.029082366513382408,-0.04467694996143069,-0.05247424168545486,-0.7270591628345602,2.4,3,5
DROP0P5_GAP5_SUPPORT,2.25,0.6,YTD_2026,3,0.6666666666666666,1.2,0.06666666666666665,0.04736194018774972,0.03770957694829128,0.19999999999999996,1.0,1,1
DROP0P5_GAP5_SUPPORT,2.25,0.6,FULL_2012_2026,94,0.574468085106383,0.8406384732431728,-0.06284950641042902,-0.07789065872400086,-0.08541123488078672,-5.907853602580328,9.648663505514989,8,15
DROP0P5_GAP5_SUPPORT,2.25,0.75,TRAIN_2012_2021,69,0.5507246376811594,0.9734865943089841,-0.010864973141537105,-0.025705606928124715,-0.033125923821418504,-0.7496831467660603,7.1682254231732685,5,10
DROP0P5_GAP5_SUPPORT,2.25,0.75,OOS_2022_2026,25,0.56,0.9084905508013467,-0.037208773978870874,-0.052803357426919176,-0.060600649150943306,-0.9302193494717718,3.303160186637212,2,5
DROP0P5_GAP5_SUPPORT,2.25,0.75,YTD_2026,3,0.6666666666666666,1.5,0.16666666666666666,0.14736194018774973,0.13770957694829136,0.5,1.0,1,1
DROP0P5_GAP5_SUPPORT,2.25,0.75,FULL_2012_2026,94,0.5531914893617021,0.9562990943393253,-0.017871303151466296,-0.03291245546503815,-0.040433031621824024,-1.679902496237832,7.84844477264504,7,15
DROP0P5_GAP5_SUPPORT,2.25,1.0,TRAIN_2012_2021,69,0.4927536231884058,0.9041665468545372,-0.04390555659449212,-0.058746190381079734,-0.06616650727437352,-3.029483405019956,5.127837780221544,3,10
DROP0P5_GAP5_SUPPORT,2.25,1.0,OOS_2022_2026,25,0.48,0.8932330736049828,-0.048935320665329934,-0.06452990411337822,-0.07232719583740237,-1.2233830166332484,3.0963238537986886,1,5
DROP0P5_GAP5_SUPPORT,2.25,1.0,YTD_2026,3,0.3333333333333333,0.7732973214403885,-0.09772122238715886,-0.1170259488660758,-0.12667831210553418,-0.29316366716147657,1.0,0,1
DROP0P5_GAP5_SUPPORT,2.25,1.0,FULL_2012_2026,94,0.48936170212765956,0.9012578070125092,-0.04524325980482132,-0.060284412118393145,-0.06780498827517908,-4.252866421653204,5.383484561196551,4,15
DROP0P5_GAP5_SUPPORT,2.5,0.2,TRAIN_2012_2021,69,0.8405797101449275,1.0545454545454545,0.008695652173913033,-0.004660918234015796,-0.011339203437980224,0.5999999999999993,3.4000000000000004,6,10
DROP0P5_GAP5_SUPPORT,2.5,0.2,OOS_2022_2026,25,0.8,0.8000000000000002,-0.04000000000000001,-0.054035125103243445,-0.06105268765486518,-1.0000000000000002,2.0000000000000004,2,5
DROP0P5_GAP5_SUPPORT,2.5,0.2,YTD_2026,3,1.0,,0.20000000000000004,0.18262574616897484,0.1739386192534622,0.6000000000000001,0.0,1,1
DROP0P5_GAP5_SUPPORT,2.5,0.2,FULL_2012_2026,94,0.8297872340425532,0.9749999999999996,-0.004255319148936182,-0.017792356231150806,-0.02456087477225814,-0.4000000000000012,4.4,8,15
DROP0P5_GAP5_SUPPORT,2.5,0.25,TRAIN_2012_2021,69,0.8260869565217391,1.1875,0.03260869565217391,0.019252125244245064,0.012573840040280636,2.25,2.75,5,10
DROP0P5_GAP5_SUPPORT,2.5,0.25,OOS_2022_2026,25,0.8,1.0,0.0,-0.014035125103243442,-0.02105268765486518,0.0,1.5,2,5
DROP0P5_GAP5_SUPPORT,2.5,0.25,YTD_2026,3,1.0,,0.25,0.23262574616897483,0.22393861925346223,0.75,0.0,1,1
DROP0P5_GAP5_SUPPORT,2.5,0.25,FULL_2012_2026,94,0.8191489361702128,1.1323529411764706,0.023936170212765957,0.010399133130551316,0.0036306145894439853,2.25,3.0,7,15
DROP0P5_GAP5_SUPPORT,2.5,0.3,TRAIN_2012_2021,69,0.7246376811594203,0.9348118735907498,-0.01515955480289709,-0.028516125210825947,-0.03519441041479038,-1.0460092813998991,5.229945600246991,5,10
DROP0P5_GAP5_SUPPORT,2.5,0.3,OOS_2022_2026,25,0.76,0.9499999999999998,-0.012000000000000009,-0.026035125103243458,-0.03305268765486519,-0.3000000000000002,2.3,2,5
DROP0P5_GAP5_SUPPORT,2.5,0.3,YTD_2026,3,1.0,,0.3,0.2826257461689748,0.2739386192534622,0.8999999999999999,0.0,1,1
DROP0P5_GAP5_SUPPORT,2.5,0.3,FULL_2012_2026,94,0.7340425531914894,0.9389454452178101,-0.014319247674467009,-0.02785628475668167,-0.034624803297789,-1.3460092813998987,6.029945600246991,7,15
DROP0P5_GAP5_SUPPORT,2.5,0.4,TRAIN_2012_2021,69,0.6811594202898551,0.9870834211112057,-0.00356535190434637,-0.016921922312275198,-0.023600207516239622,-0.24600928139989953,5.029945600246991,6,10
DROP0P5_GAP5_SUPPORT,2.5,0.4,OOS_2022_2026,25,0.64,0.8642205803360713,-0.04022067076954906,-0.05425579587279251,-0.061273358424414254,-1.0055167692387266,1.8055167692387268,2,5
DROP0P5_GAP5_SUPPORT,2.5,0.4,YTD_2026,3,0.6666666666666666,0.8,-0.06666666666666665,-0.08404092049769181,-0.0927280474132044,-0.19999999999999996,1.0,0,1
DROP0P5_GAP5_SUPPORT,2.5,0.4,FULL_2012_2026,94,0.6702127659574468,0.9526860549276921,-0.013314106921687524,-0.026851144003902146,-0.03361966254500947,-1.2515260506386272,6.035462369485718,8,15
DROP0P5_GAP5_SUPPORT,2.5,0.5,TRAIN_2012_2021,69,0.6376811594202898,0.9740242967011116,-0.008299428927799718,-0.021655999335728583,-0.028334284539692983,-0.5726605960181805,4.774348644784668,5,10
DROP0P5_GAP5_SUPPORT,2.5,0.5,OOS_2022_2026,25,0.64,1.0174037432441034,0.005155348497669276,-0.008879776605574161,-0.015897339157195906,0.1288837124417319,1.6143532465511037,3,5
DROP0P5_GAP5_SUPPORT,2.5,0.5,YTD_2026,3,0.6666666666666666,1.0,0.0,-0.01737425383102516,-0.026061380746537743,0.0,1.0,0,1
DROP0P5_GAP5_SUPPORT,2.5,0.5,FULL_2012_2026,94,0.6382978723404256,0.9849319562316253,-0.004721030676345198,-0.01825806775855986,-0.025026586299667173,-0.4437768835764486,5.8887018913357725,8,15
DROP0P5_GAP5_SUPPORT,2.5,0.6,TRAIN_2012_2021,69,0.6376811594202898,1.1645349667453053,0.05257013628959158,0.0392135658816627,0.03253528067769828,3.627339403981819,4.2299456002469915,7,10
DROP0P5_GAP5_SUPPORT,2.5,0.6,OOS_2022_2026,25,0.6,0.9531307275510391,-0.015758418221270366,-0.02979354332451381,-0.03681110587613555,-0.3939604555317592,1.656763041007164,3,5
DROP0P5_GAP5_SUPPORT,2.5,0.6,YTD_2026,3,0.6666666666666666,1.2,0.06666666666666665,0.04929241283564149,0.04060528592012883,0.19999999999999996,1.0,1,1
DROP0P5_GAP5_SUPPORT,2.5,0.6,FULL_2012_2026,94,0.6276595744680851,1.106181179329837,0.034397648387766606,0.02086061130555194,0.014092092764444607,3.233378948450061,4.344298846798097,10,15
DROP0P5_GAP5_SUPPORT,2.5,0.75,TRAIN_2012_2021,69,0.5797101449275363,1.1151133044533077,0.04233835492734364,0.028981784519414786,0.02230349931545037,2.9213464899867114,4.2299456002469915,7,10
DROP0P5_GAP5_SUPPORT,2.5,0.75,OOS_2022_2026,25,0.52,0.813179825794084,-0.07775841822127035,-0.09179354332451382,-0.09881110587613554,-1.9439604555317587,2.795206727300196,2,5
DROP0P5_GAP5_SUPPORT,2.5,0.75,YTD_2026,3,0.6666666666666666,1.5,0.16666666666666666,0.1492924128356415,0.14060528592012891,0.5,1.0,1,1
DROP0P5_GAP5_SUPPORT,2.5,0.75,FULL_2012_2026,94,0.5638297872340425,1.0273138549158791,0.010397723770797375,-0.003139313311417277,-0.00990783185252461,0.9773860344549532,5.42390605577875,9,15
DROP0P5_GAP5_SUPPORT,2.5,1.0,TRAIN_2012_2021,69,0.5362318840579711,1.1464631764923872,0.05540162763033484,0.04204505722240595,0.03536677201844155,3.822712306493104,4.2299456002469915,6,10
DROP0P5_GAP5_SUPPORT,2.5,1.0,OOS_2022_2026,25,0.44,0.7893794605001443,-0.0983123102390835,-0.112347435342327,-0.1193649978939487,-2.4578077559770874,3.3434545094259835,0,5
DROP0P5_GAP5_SUPPORT,2.5,1.0,YTD_2026,3,0.3333333333333333,0.7912348269032504,-0.08794910014844297,-0.10532335397946817,-0.11401048089498074,-0.2638473004453289,1.0,0,1
DROP0P5_GAP5_SUPPORT,2.5,1.0,FULL_2012_2026,94,0.5106382978723404,1.0361377219475474,0.014520261175702293,0.0009832240934876302,-0.005785294447619669,1.3649045505160156,4.785161751169785,6,15
DROP0P5_GAP5_SUPPORT,3.0,0.2,TRAIN_2012_2021,69,0.855072463768116,1.1799999999999997,0.026086956521739115,0.014956481181798433,0.009391243511828084,1.799999999999999,3.0,6,10
DROP0P5_GAP5_SUPPORT,3.0,0.2,OOS_2022_2026,25,0.8,0.8000000000000002,-0.04000000000000001,-0.051695937586036196,-0.057543906379054315,-1.0000000000000002,2.0000000000000004,2,5
DROP0P5_GAP5_SUPPORT,3.0,0.2,YTD_2026,3,1.0,,0.20000000000000004,0.18552145514081234,0.1782821827112185,0.6000000000000001,0.0,1,1
DROP0P5_GAP5_SUPPORT,3.0,0.2,FULL_2012_2026,94,0.8404255319148937,1.053333333333333,0.008510638297872325,-0.0027702259373065205,-0.008410658054895952,0.7999999999999985,3.200000000000001,8,15
DROP0P5_GAP5_SUPPORT,3.0,0.25,TRAIN_2012_2021,69,0.7536231884057971,0.9371615584421966,-0.012632962335747575,-0.02376343767568827,-0.029328675345658632,-0.8716744011665827,4.9416213335391594,5,10
DROP0P5_GAP5_SUPPORT,3.0,0.25,OOS_2022_2026,25,0.76,0.7916666666666666,-0.05,-0.061695937586036205,-0.0675439063790543,-1.25,2.75,1,5
DROP0P5_GAP5_SUPPORT,3.0,0.25,YTD_2026,3,1.0,,0.25,0.23552145514081235,0.2282821827112185,0.75,0.0,1,1
DROP0P5_GAP5_SUPPORT,3.0,0.25,FULL_2012_2026,94,0.7553191489361702,0.8932312215702353,-0.022571004267729605,-0.03385186850290846,-0.039492300620497904,-2.1216744011665827,5.9416213335391594,6,15
DROP0P5_GAP5_SUPPORT,3.0,0.3,TRAIN_2012_2021,69,0.7246376811594203,1.0533065280988092,0.01100190245148377,-0.0001285728884569496,-0.0056938105584272754,0.7591312691523802,4.6916213335391594,6,10
DROP0P5_GAP5_SUPPORT,3.0,0.3,OOS_2022_2026,25,0.68,0.8046790488652857,-0.04951722564129089,-0.06121316322732711,-0.06706113202034521,-1.2379306410322723,2.637930641032272,1,5
DROP0P5_GAP5_SUPPORT,3.0,0.3,YTD_2026,3,1.0,,0.3,0.2855214551408123,0.27828218271121846,0.8999999999999999,0.0,1,1
DROP0P5_GAP5_SUPPORT,3.0,0.3,FULL_2012_2026,94,0.7127659574468085,0.9767333670333483,-0.005093610339147787,-0.016374474574326673,-0.022014906691916098,-0.478799371879892,5.329551974571432,7,15
DROP0P5_GAP5_SUPPORT,3.0,0.4,TRAIN_2012_2021,69,0.6811594202898551,1.0669101148543898,0.016718674014064887,0.005588198674124226,2.2961004153868963e-05,1.1535885069704772,4.3916213335391605,6,10
DROP0P5_GAP5_SUPPORT,3.0,0.4,OOS_2022_2026,25,0.64,0.8721804978930234,-0.037517225641290876,-0.04921316322732708,-0.05506113202034519,-0.9379306410322719,1.7379306410322721,2,5
DROP0P5_GAP5_SUPPORT,3.0,0.4,YTD_2026,3,0.6666666666666666,0.8,-0.06666666666666665,-0.08114521152585426,-0.08838448395544811,-0.19999999999999996,1.0,0,1
DROP0P5_GAP5_SUPPORT,3.0,0.4,FULL_2012_2026,94,0.6702127659574468,1.0087741415955787,0.0022942326163638703,-0.008986631618814954,-0.014627063736404388,0.2156578659382038,5.729551974571433,8,15
DROP0P5_GAP5_SUPPORT,3.0,0.5,TRAIN_2012_2021,69,0.6666666666666666,1.2277078229254639,0.06019693488363013,0.04906645954368945,0.04350122187371908,4.153588506970479,4.1916213335391594,6,10
DROP0P5_GAP5_SUPPORT,3.0,0.5,OOS_2022_2026,25,0.64,0.9779728480889002,-0.006465348517725298,-0.018161286103761495,-0.024009254896779596,-0.16163371294313245,1.5952943721259198,3,5
DROP0P5_GAP5_SUPPORT,3.0,0.5,YTD_2026,3,0.6666666666666666,1.0,0.0,-0.014478544859187611,-0.021717817288781454,0.0,1.0,0,1
DROP0P5_GAP5_SUPPORT,3.0,0.5,FULL_2012_2026,94,0.6595744680851063,1.156064979281862,0.042467604191780285,0.03118673995660143,0.025546307839011993,3.9919547940273468,4.286915705665079,9,15
DROP0P5_GAP5_SUPPORT,3.0,0.6,TRAIN_2012_2021,69,0.6231884057971014,1.2181997944553522,0.06488292719862694,0.053752451858686205,0.048187214188715854,4.476921976705259,4.1916213335391594,7,10
DROP0P5_GAP5_SUPPORT,3.0,0.6,OOS_2022_2026,25,0.6,0.9566278818435502,-0.014465348517725305,-0.02616128610376151,-0.0320092548967796,-0.3616337129431326,1.4,3,5
DROP0P5_GAP5_SUPPORT,3.0,0.6,YTD_2026,3,0.6666666666666666,1.2,0.06666666666666665,0.05218812180747904,0.0449488493778852,0.19999999999999996,1.0,1,1
DROP0P5_GAP5_SUPPORT,3.0,0.6,FULL_2012_2026,94,0.6170212765957447,1.1426172870581237,0.043779662380448156,0.032498798145269264,0.02685836602767986,4.115288263762126,4.1916213335391594,10,15
DROP0P5_GAP5_SUPPORT,3.0,0.75,TRAIN_2012_2021,69,0.5942028985507246,1.193947038636811,0.06119109622496206,0.050060620885021376,0.044495383215051,4.222185639522382,4.1916213335391594,7,10
DROP0P5_GAP5_SUPPORT,3.0,0.75,OOS_2022_2026,25,0.52,0.8816143817802367,-0.04526025853256961,-0.056956196118605786,-0.06280416491162388,-1.1315064633142402,1.721332931932951,2,5
DROP0P5_GAP5_SUPPORT,3.0,0.75,YTD_2026,3,0.3333333333333333,0.6148182257303775,-0.15662425012370249,-0.17110279498289013,-0.17834206741248393,-0.46987275037110743,1.0,0,1
DROP0P5_GAP5_SUPPORT,3.0,0.75,FULL_2012_2026,94,0.574468085106383,1.0986567807717222,0.032879565704341945,0.021598701469163074,0.015958269351573635,3.090679176208143,4.1916213335391594,9,15
DROP0P5_GAP5_SUPPORT,3.0,1.0,TRAIN_2012_2021,69,0.4782608695652174,0.95890422630031,-0.015316956264536902,-0.026447431604477593,-0.032012669274447944,-1.0568699822530463,6.738230476469342,4,10
DROP0P5_GAP5_SUPPORT,3.0,1.0,OOS_2022_2026,25,0.48,0.8660844574792014,-0.056554158759508456,-0.06825009634554463,-0.07409806513856275,-1.4138539689877114,3.0,1,5
DROP0P5_GAP5_SUPPORT,3.0,1.0,YTD_2026,3,0.3333333333333333,0.81975763430717,-0.07329091679036914,-0.08776946164955679,-0.0950087340791506,-0.21987275037110743,1.0,0,1
DROP0P5_GAP5_SUPPORT,3.0,1.0,FULL_2012_2026,94,0.4787234042553192,0.9318891573143065,-0.026284297353625082,-0.037565161588803936,-0.043205593706393375,-2.4707239512407577,7.171976434671629,5,15
RANGE_GAP5_SUPPORT,0.75,0.2,TRAIN_2012_2021,98,0.1836734693877551,0.045000000000000005,-0.7795918367346939,-0.8248961519829451,-0.8475483096070707,-76.4,76.39999999999999,0,10
RANGE_GAP5_SUPPORT,0.75,0.2,OOS_2022_2026,40,0.1,0.022222222222222223,-0.8800000000000001,-0.9296255396717384,-0.9544383095076079,-35.2,35.400000000000006,0,5
RANGE_GAP5_SUPPORT,0.75,0.2,YTD_2026,6,0.0,0.0,-1.0,-1.0566861177312228,-1.0850291765968338,-6.0,6.0,0,1
RANGE_GAP5_SUPPORT,0.75,0.2,FULL_2012_2026,138,0.15942028985507245,0.037931034482758634,-0.808695652173913,-0.8552524962405663,-0.878530918273893,-111.6,111.59999999999998,0,15
RANGE_GAP5_SUPPORT,0.75,0.25,TRAIN_2012_2021,98,0.1836734693877551,0.05625,-0.7704081632653061,-0.8157124785135574,-0.8383646361376829,-75.5,75.5,0,10
RANGE_GAP5_SUPPORT,0.75,0.25,OOS_2022_2026,40,0.1,0.027777777777777776,-0.875,-0.9246255396717385,-0.9494383095076078,-35.0,35.25,0,5
RANGE_GAP5_SUPPORT,0.75,0.25,YTD_2026,6,0.0,0.0,-1.0,-1.0566861177312228,-1.0850291765968338,-6.0,6.0,0,1
RANGE_GAP5_SUPPORT,0.75,0.25,FULL_2012_2026,138,0.15942028985507245,0.04741379310344827,-0.8007246376811594,-0.8472814817478126,-0.8705599037811393,-110.5,110.5,0,15
RANGE_GAP5_SUPPORT,0.75,0.3,TRAIN_2012_2021,98,0.1836734693877551,0.06749999999999999,-0.7612244897959183,-0.8065288050441695,-0.8291809626682951,-74.6,74.60000000000001,0,10
RANGE_GAP5_SUPPORT,0.75,0.3,OOS_2022_2026,40,0.1,0.03333333333333333,-0.8699999999999999,-0.9196255396717387,-0.9444383095076077,-34.8,35.099999999999994,0,5
RANGE_GAP5_SUPPORT,0.75,0.3,YTD_2026,6,0.0,0.0,-1.0,-1.0566861177312228,-1.0850291765968338,-6.0,6.0,0,1
RANGE_GAP5_SUPPORT,0.75,0.3,FULL_2012_2026,138,0.15942028985507245,0.05689655172413792,-0.7927536231884058,-0.839310467255059,-0.8625888892883857,-109.4,109.40000000000002,0,15
RANGE_GAP5_SUPPORT,0.75,0.4,TRAIN_2012_2021,98,0.1836734693877551,0.09000000000000001,-0.7428571428571429,-0.7881614581053942,-0.8108136157295194,-72.8,72.80000000000001,0,10
RANGE_GAP5_SUPPORT,0.75,0.4,OOS_2022_2026,40,0.1,0.044444444444444446,-0.8600000000000001,-0.9096255396717385,-0.9344383095076079,-34.400000000000006,34.8,0,5
RANGE_GAP5_SUPPORT,0.75,0.4,YTD_2026,6,0.0,0.0,-1.0,-1.0566861177312228,-1.0850291765968338,-6.0,6.0,0,1
RANGE_GAP5_SUPPORT,0.75,0.4,FULL_2012_2026,138,0.15942028985507245,0.07586206896551727,-0.7768115942028986,-0.8233684382695519,-0.8466468603028784,-107.2,107.19999999999999,0,15
RANGE_GAP5_SUPPORT,0.75,0.5,TRAIN_2012_2021,98,0.1836734693877551,0.1125,-0.7244897959183674,-0.7697941111666187,-0.7924462687907441,-71.0,71.0,0,10
RANGE_GAP5_SUPPORT,0.75,0.5,OOS_2022_2026,40,0.1,0.05555555555555555,-0.85,-0.8996255396717385,-0.9244383095076077,-34.0,34.5,0,5
RANGE_GAP5_SUPPORT,0.75,0.5,YTD_2026,6,0.0,0.0,-1.0,-1.0566861177312228,-1.0850291765968338,-6.0,6.0,0,1
RANGE_GAP5_SUPPORT,0.75,0.5,FULL_2012_2026,138,0.15942028985507245,0.09482758620689655,-0.7608695652173914,-0.8074264092840444,-0.8307048313173713,-105.0,105.0,0,15
RANGE_GAP5_SUPPORT,0.75,0.6,TRAIN_2012_2021,98,0.1836734693877551,0.13499999999999998,-0.7061224489795919,-0.7514267642278432,-0.7740789218519685,-69.2,69.19999999999999,0,10
RANGE_GAP5_SUPPORT,0.75,0.6,OOS_2022_2026,40,0.1,0.06666666666666667,-0.8399999999999999,-0.8896255396717386,-0.9144383095076078,-33.599999999999994,34.2,0,5
RANGE_GAP5_SUPPORT,0.75,0.6,YTD_2026,6,0.0,0.0,-1.0,-1.0566861177312228,-1.0850291765968338,-6.0,6.0,0,1
RANGE_GAP5_SUPPORT,0.75,0.6,FULL_2012_2026,138,0.15942028985507245,0.11379310344827584,-0.744927536231884,-0.7914843802985374,-0.8147628023318638,-102.8,102.80000000000001,0,15
RANGE_GAP5_SUPPORT,0.75,0.75,TRAIN_2012_2021,98,0.1836734693877551,0.16875,-0.6785714285714286,-0.7238757438196798,-0.7465279014438053,-66.5,66.5,0,10
RANGE_GAP5_SUPPORT,0.75,0.75,OOS_2022_2026,40,0.1,0.08333333333333333,-0.825,-0.8746255396717386,-0.8994383095076077,-33.0,33.75,0,5
RANGE_GAP5_SUPPORT,0.75,0.75,YTD_2026,6,0.0,0.0,-1.0,-1.0566861177312228,-1.0850291765968338,-6.0,6.0,0,1
RANGE_GAP5_SUPPORT,0.75,0.75,FULL_2012_2026,138,0.15942028985507245,0.14224137931034483,-0.7210144927536232,-0.7675713368202763,-0.7908497588536031,-99.5,99.5,0,15
RANGE_GAP5_SUPPORT,0.75,1.0,TRAIN_2012_2021,98,0.16326530612244897,0.1951219512195122,-0.673469387755102,-0.7187737030033533,-0.7414258606274788,-66.0,66.0,0,10
RANGE_GAP5_SUPPORT,0.75,1.0,OOS_2022_2026,40,0.1,0.1111111111111111,-0.8,-0.8496255396717386,-0.8744383095076078,-32.0,33.0,0,5
RANGE_GAP5_SUPPORT,0.75,1.0,YTD_2026,6,0.0,0.0,-1.0,-1.0566861177312228,-1.0850291765968338,-6.0,6.0,0,1
RANGE_GAP5_SUPPORT,0.75,1.0,FULL_2012_2026,138,0.14492753623188406,0.1694915254237288,-0.7101449275362319,-0.756701771602885,-0.7799801936362118,-98.0,98.0,0,15
RANGE_GAP5_SUPPORT,1.0,0.2,TRAIN_2012_2021,98,0.3979591836734694,0.1322033898305085,-0.5224489795918368,-0.556427216028025,-0.5734163342461193,-51.2,51.4,1,10
RANGE_GAP5_SUPPORT,1.0,0.2,OOS_2022_2026,40,0.4,0.13333333333333333,-0.5199999999999999,-0.5572191547538039,-0.5758287321307057,-20.799999999999997,21.000000000000004,0,5
RANGE_GAP5_SUPPORT,1.0,0.2,YTD_2026,6,0.5,0.20000000000000004,-0.4000000000000001,-0.442514588298417,-0.4637718824476254,-2.4000000000000004,2.6000000000000005,0,1
RANGE_GAP5_SUPPORT,1.0,0.2,FULL_2012_2026,138,0.39855072463768115,0.13253012048192764,-0.5217391304347826,-0.5566567634847726,-0.5741155800097676,-72.0,72.19999999999996,1,15
RANGE_GAP5_SUPPORT,1.0,0.25,TRAIN_2012_2021,98,0.3979591836734694,0.1652542372881356,-0.5025510204081632,-0.5365292568443516,-0.5535183750624458,-49.25,49.5,1,10
RANGE_GAP5_SUPPORT,1.0,0.25,OOS_2022_2026,40,0.375,0.15,-0.53125,-0.568469154753804,-0.5870787321307057,-21.25,21.5,0,5
RANGE_GAP5_SUPPORT,1.0,0.25,YTD_2026,6,0.5,0.25,-0.375,-0.417514588298417,-0.43877188244762544,-2.25,2.5,0,1
RANGE_GAP5_SUPPORT,1.0,0.25,FULL_2012_2026,138,0.391304347826087,0.16071428571428573,-0.5108695652173914,-0.5457871982673813,-0.5632460147923762,-70.5,70.75,1,15
RANGE_GAP5_SUPPORT,1.0,0.3,TRAIN_2012_2021,98,0.3979591836734694,0.19830508474576278,-0.48265306122448975,-0.5166312976606782,-0.5336204158787723,-47.3,47.6,1,10
RANGE_GAP5_SUPPORT,1.0,0.3,OOS_2022_2026,40,0.375,0.17999999999999997,-0.5125,-0.5497191547538038,-0.5683287321307058,-20.5,20.799999999999997,0,5
RANGE_GAP5_SUPPORT,1.0,0.3,YTD_2026,6,0.5,0.3,-0.35000000000000003,-0.39251458829841696,-0.41377188244762547,-2.1,2.4,0,1
RANGE_GAP5_SUPPORT,1.0,0.3,FULL_2012_2026,138,0.391304347826087,0.1928571428571429,-0.49130434782608695,-0.5262219808760769,-0.5436807974010719,-67.8,68.10000000000004,1,15
RANGE_GAP5_SUPPORT,1.0,0.4,TRAIN_2012_2021,98,0.3979591836734694,0.264406779661017,-0.4428571428571429,-0.4768353792933312,-0.4938244975114254,-43.400000000000006,43.800000000000004,1,10
RANGE_GAP5_SUPPORT,1.0,0.4,OOS_2022_2026,40,0.375,0.24000000000000007,-0.475,-0.5122191547538039,-0.5308287321307057,-19.0,19.400000000000002,0,5
RANGE_GAP5_SUPPORT,1.0,0.4,YTD_2026,6,0.5,0.4000000000000001,-0.3,-0.3425145882984169,-0.3637718824476254,-1.7999999999999998,2.1999999999999997,0,1
RANGE_GAP5_SUPPORT,1.0,0.4,FULL_2012_2026,138,0.391304347826087,0.257142857142857,-0.45217391304347826,-0.48709154609346816,-0.5045503626184633,-62.4,62.800000000000026,1,15
RANGE_GAP5_SUPPORT,1.0,0.5,TRAIN_2012_2021,98,0.3673469387755102,0.2903225806451613,-0.4489795918367347,-0.48295782827292305,-0.49994694649101723,-44.0,45.0,1,10
RANGE_GAP5_SUPPORT,1.0,0.5,OOS_2022_2026,40,0.375,0.3,-0.4375,-0.4747191547538039,-0.4933287321307057,-17.5,18.0,0,5
RANGE_GAP5_SUPPORT,1.0,0.5,YTD_2026,6,0.5,0.5,-0.25,-0.292514588298417,-0.31377188244762544,-1.5,2.0,0,1
RANGE_GAP5_SUPPORT,1.0,0.5,FULL_2012_2026,138,0.3695652173913043,0.29310344827586204,-0.44565217391304346,-0.4805698069630335,-0.49802862348802845,-61.5,62.5,1,15
RANGE_GAP5_SUPPORT,1.0,0.6,TRAIN_2012_2021,98,0.3469387755102041,0.31875000000000003,-0.4448979591836734,-0.47887619561986183,-0.495865313837956,-43.599999999999994,44.19999999999999,1,10
RANGE_GAP5_SUPPORT,1.0,0.6,OOS_2022_2026,40,0.325,0.2888888888888888,-0.48,-0.517219154753804,-0.5358287321307058,-19.2,19.799999999999997,0,5
RANGE_GAP5_SUPPORT,1.0,0.6,YTD_2026,6,0.5,0.6,-0.20000000000000004,-0.242514588298417,-0.26377188244762545,-1.2000000000000002,2.0,0,1
RANGE_GAP5_SUPPORT,1.0,0.6,FULL_2012_2026,138,0.34057971014492755,0.30989010989011,-0.455072463768116,-0.489990096818106,-0.5074489133431008,-62.800000000000004,63.39999999999997,1,15
RANGE_GAP5_SUPPORT,1.0,0.75,TRAIN_2012_2021,98,0.3163265306122449,0.34701492537313433,-0.44642857142857145,-0.4804068078647598,-0.49739592608285393,-43.75,44.5,1,10
RANGE_GAP5_SUPPORT,1.0,0.75,OOS_2022_2026,40,0.3,0.32142857142857145,-0.475,-0.5122191547538039,-0.5308287321307057,-19.0,19.75,0,5
RANGE_GAP5_SUPPORT,1.0,0.75,YTD_2026,6,0.5,0.75,-0.125,-0.16751458829841695,-0.18877188244762544,-0.75,2.0,0,1
RANGE_GAP5_SUPPORT,1.0,0.75,FULL_2012_2026,138,0.3115942028985507,0.3394736842105263,-0.45471014492753625,-0.4896277779775262,-0.5070865945025211,-62.75,63.5,1,15
RANGE_GAP5_SUPPORT,1.0,1.0,TRAIN_2012_2021,98,0.30612244897959184,0.4411764705882353,-0.3877551020408163,-0.4217333384770047,-0.43872245669509885,-38.0,42.0,1,10
RANGE_GAP5_SUPPORT,1.0,1.0,OOS_2022_2026,40,0.225,0.2903225806451613,-0.55,-0.5872191547538039,-0.6058287321307058,-22.0,23.0,0,5
RANGE_GAP5_SUPPORT,1.0,1.0,YTD_2026,6,0.3333333333333333,0.5,-0.3333333333333333,-0.3758479216317503,-0.3971052157809587,-2.0,3.0,0,1
RANGE_GAP5_SUPPORT,1.0,1.0,FULL_2012_2026,138,0.2826086956521739,0.3939393939393939,-0.43478260869565216,-0.46970024174564207,-0.48715905827063716,-60.0,64.0,1,15
RANGE_GAP5_SUPPORT,1.25,0.2,TRAIN_2012_2021,98,0.6122448979591837,0.31578947368421045,-0.2653061224489796,-0.29248871159793033,-0.30608000617240566,-26.0,27.400000000000006,2,10
RANGE_GAP5_SUPPORT,1.25,0.2,OOS_2022_2026,40,0.55,0.24444444444444452,-0.34,-0.36977532380304307,-0.38466298570456464,-13.600000000000001,13.800000000000004,0,5
RANGE_GAP5_SUPPORT,1.25,0.2,YTD_2026,6,0.5,0.20000000000000004,-0.4000000000000001,-0.4340116706387335,-0.45101750595810036,-2.4000000000000004,2.6000000000000005,0,1
RANGE_GAP5_SUPPORT,1.25,0.2,FULL_2012_2026,138,0.5942028985507246,0.2928571428571428,-0.2869565217391304,-0.31489062817912244,-0.32885768139911836,-39.599999999999994,40.59999999999998,2,15
RANGE_GAP5_SUPPORT,1.25,0.25,TRAIN_2012_2021,98,0.6020408163265306,0.3782051282051282,-0.24744897959183673,-0.2746315687407874,-0.28822286331526276,-24.25,27.5,2,10
RANGE_GAP5_SUPPORT,1.25,0.25,OOS_2022_2026,40,0.55,0.3055555555555556,-0.3125,-0.3422753238030431,-0.3571629857045647,-12.5,12.75,0,5
RANGE_GAP5_SUPPORT,1.25,0.25,YTD_2026,6,0.5,0.25,-0.375,-0.4090116706387336,-0.4260175059581004,-2.25,2.5,0,1
RANGE_GAP5_SUPPORT,1.25,0.25,FULL_2012_2026,138,0.5869565217391305,0.35526315789473684,-0.266304347826087,-0.2942384542660789,-0.3082055074860749,-36.75,39.5,2,15
RANGE_GAP5_SUPPORT,1.25,0.3,TRAIN_2012_2021,98,0.6020408163265306,0.4538461538461539,-0.2173469387755102,-0.2445295279244609,-0.2581208224989362,-21.3,26.4,3,10
RANGE_GAP5_SUPPORT,1.25,0.3,OOS_2022_2026,40,0.55,0.3666666666666666,-0.285,-0.3147753238030432,-0.32966298570456465,-11.399999999999999,11.699999999999996,1,5
RANGE_GAP5_SUPPORT,1.25,0.3,YTD_2026,6,0.5,0.3,-0.35000000000000003,-0.38401167063873354,-0.40101750595810043,-2.1,2.4,0,1
RANGE_GAP5_SUPPORT,1.25,0.3,FULL_2012_2026,138,0.5869565217391305,0.42631578947368415,-0.23695652173913045,-0.2648906281791224,-0.27885768139911843,-32.7,37.19999999999998,4,15
RANGE_GAP5_SUPPORT,1.25,0.4,TRAIN_2012_2021,98,0.5714285714285714,0.5333333333333333,-0.20000000000000004,-0.2271825891489507,-0.240773883723426,-19.600000000000005,27.599999999999998,3,10
RANGE_GAP5_SUPPORT,1.25,0.4,OOS_2022_2026,40,0.525,0.44210526315789483,-0.265,-0.2947753238030431,-0.30966298570456463,-10.6,10.999999999999995,1,5
RANGE_GAP5_SUPPORT,1.25,0.4,YTD_2026,6,0.5,0.4000000000000001,-0.3,-0.33401167063873355,-0.35101750595810044,-1.7999999999999998,2.1999999999999997,0,1
RANGE_GAP5_SUPPORT,1.25,0.4,FULL_2012_2026,138,0.5579710144927537,0.5049180327868851,-0.21884057971014495,-0.24677468615013687,-0.2607417393701329,-30.200000000000003,37.400000000000034,4,15
RANGE_GAP5_SUPPORT,1.25,0.5,TRAIN_2012_2021,98,0.5408163265306123,0.5888888888888889,-0.18877551020408162,-0.2159580993530323,-0.22954939392750767,-18.5,25.5,3,10
RANGE_GAP5_SUPPORT,1.25,0.5,OOS_2022_2026,40,0.475,0.4523809523809524,-0.2875,-0.31727532380304313,-0.33216298570456465,-11.5,12.0,0,5
RANGE_GAP5_SUPPORT,1.25,0.5,YTD_2026,6,0.5,0.5,-0.25,-0.2840116706387335,-0.3010175059581004,-1.5,2.0,0,1
RANGE_GAP5_SUPPORT,1.25,0.5,FULL_2012_2026,138,0.5217391304347826,0.5454545454545454,-0.21739130434782608,-0.2453254107878181,-0.2592924640078141,-30.0,36.0,3,15
RANGE_GAP5_SUPPORT,1.25,0.6,TRAIN_2012_2021,98,0.47959183673469385,0.5617293143910126,-0.22451138409188665,-0.25169397324083737,-0.2652852678153127,-22.00211564100489,27.599999999999998,2,10
RANGE_GAP5_SUPPORT,1.25,0.6,OOS_2022_2026,40,0.45,0.49090909090909085,-0.27999999999999997,-0.30977532380304307,-0.3246629857045647,-11.2,12.400000000000002,0,5
RANGE_GAP5_SUPPORT,1.25,0.6,YTD_2026,6,0.5,0.6,-0.20000000000000004,-0.23401167063873354,-0.2510175059581004,-1.2000000000000002,2.0,0,1
RANGE_GAP5_SUPPORT,1.25,0.6,FULL_2012_2026,138,0.47101449275362317,0.5401503772259436,-0.24059504087684705,-0.268529147316839,-0.28249620053683505,-33.202115641004895,38.79999999999998,2,15
RANGE_GAP5_SUPPORT,1.25,0.75,TRAIN_2012_2021,98,0.46938775510204084,0.6738002828221201,-0.17042975143882547,-0.19761234058777613,-0.21120363516225152,-16.702115641004895,26.5,3,10
RANGE_GAP5_SUPPORT,1.25,0.75,OOS_2022_2026,40,0.4,0.5,-0.3,-0.3297753238030431,-0.3446629857045646,-12.0,14.25,1,5
RANGE_GAP5_SUPPORT,1.25,0.75,YTD_2026,6,0.5,0.75,-0.125,-0.15901167063873353,-0.17601750595810037,-0.75,2.0,0,1
RANGE_GAP5_SUPPORT,1.25,0.75,FULL_2012_2026,138,0.4492753623188406,0.6183336679246999,-0.20798634522467316,-0.23592045166466516,-0.24988750488466108,-28.702115641004895,39.25,4,15
RANGE_GAP5_SUPPORT,1.25,1.0,TRAIN_2012_2021,98,0.4387755102040816,0.7738940975770692,-0.12505528847185163,-0.15223787762080232,-0.16582917219527765,-12.255418270241458,26.0,4,10
RANGE_GAP5_SUPPORT,1.25,1.0,OOS_2022_2026,40,0.35,0.5384615384615384,-0.3,-0.3297753238030431,-0.34466298570456466,-12.0,14.0,1,5
RANGE_GAP5_SUPPORT,1.25,1.0,YTD_2026,6,0.3333333333333333,0.5,-0.3333333333333333,-0.3673450039720669,-0.38435083929143365,-2.0,3.0,0,1
RANGE_GAP5_SUPPORT,1.25,1.0,FULL_2012_2026,138,0.41304347826086957,0.6975713411500032,-0.17576390050899607,-0.20369800694898807,-0.21766506016898401,-24.255418270241456,38.0,5,15
RANGE_GAP5_SUPPORT,1.5,0.2,TRAIN_2012_2021,98,0.6938775510204082,0.4533333333333332,-0.1673469387755102,-0.18999909639963578,-0.20132517521169857,-16.400000000000002,20.600000000000005,4,10
RANGE_GAP5_SUPPORT,1.5,0.2,OOS_2022_2026,40,0.65,0.3714285714285715,-0.22000000000000003,-0.24481276983586925,-0.2572191547538039,-8.8,8.999999999999996,1,5
RANGE_GAP5_SUPPORT,1.5,0.2,YTD_2026,6,0.5,0.20000000000000004,-0.4000000000000001,-0.42834305886561125,-0.442514588298417,-2.4000000000000004,2.6000000000000005,0,1
RANGE_GAP5_SUPPORT,1.5,0.2,FULL_2012_2026,138,0.6811594202898551,0.42727272727272714,-0.18260869565217389,-0.20588711768550055,-0.21752632870216387,-25.199999999999996,28.600000000000026,5,15
RANGE_GAP5_SUPPORT,1.5,0.25,TRAIN_2012_2021,98,0.6938775510204082,0.5666666666666667,-0.1326530612244898,-0.15530521884861537,-0.16663129766067813,-13.0,19.25,4,10
RANGE_GAP5_SUPPORT,1.5,0.25,OOS_2022_2026,40,0.65,0.4642857142857143,-0.1875,-0.21231276983586925,-0.22471915475380388,-7.5,7.75,1,5
RANGE_GAP5_SUPPORT,1.5,0.25,YTD_2026,6,0.5,0.25,-0.375,-0.4033430588656113,-0.417514588298417,-2.25,2.5,0,1
RANGE_GAP5_SUPPORT,1.5,0.25,FULL_2012_2026,138,0.6811594202898551,0.5340909090909091,-0.14855072463768115,-0.17182914667100782,-0.18346835768767114,-20.5,25.75,5,15
RANGE_GAP5_SUPPORT,1.5,0.3,TRAIN_2012_2021,98,0.6836734693877551,0.6483870967741936,-0.11122448979591837,-0.13387664742004396,-0.14520272623210673,-10.9,18.700000000000003,5,10
RANGE_GAP5_SUPPORT,1.5,0.3,OOS_2022_2026,40,0.65,0.557142857142857,-0.155,-0.17981276983586927,-0.19221915475380394,-6.2,6.500000000000002,1,5
RANGE_GAP5_SUPPORT,1.5,0.3,YTD_2026,6,0.5,0.3,-0.35000000000000003,-0.3783430588656113,-0.39251458829841696,-2.1,2.4,0,1
RANGE_GAP5_SUPPORT,1.5,0.3,FULL_2012_2026,138,0.6739130434782609,0.62,-0.1239130434782609,-0.14719146551158754,-0.15883067652825086,-17.100000000000005,23.69999999999999,6,15
RANGE_GAP5_SUPPORT,1.5,0.4,TRAIN_2012_2021,98,0.5918367346938775,0.5799999999999998,-0.17142857142857149,-0.194080729052697,-0.20540680786475973,-16.800000000000004,22.799999999999997,3,10
RANGE_GAP5_SUPPORT,1.5,0.4,OOS_2022_2026,40,0.575,0.5411764705882355,-0.195,-0.21981276983586923,-0.2322191547538039,-7.800000000000001,8.199999999999998,1,5
RANGE_GAP5_SUPPORT,1.5,0.4,YTD_2026,6,0.5,0.4000000000000001,-0.3,-0.32834305886561127,-0.3425145882984169,-1.7999999999999998,2.1999999999999997,0,1
RANGE_GAP5_SUPPORT,1.5,0.4,FULL_2012_2026,138,0.5869565217391305,0.5684210526315789,-0.1782608695652174,-0.20153929159854403,-0.21317850261520735,-24.6,29.000000000000036,4,15
RANGE_GAP5_SUPPORT,1.5,0.5,TRAIN_2012_2021,98,0.5408163265306123,0.5999760503031325,-0.1802900989881369,-0.20294225661226242,-0.21426833542432522,-17.668429700837414,23.500000000000004,3,10
RANGE_GAP5_SUPPORT,1.5,0.5,OOS_2022_2026,40,0.55,0.6111111111111112,-0.175,-0.19981276983586924,-0.21221915475380387,-7.0,8.0,1,5
RANGE_GAP5_SUPPORT,1.5,0.5,YTD_2026,6,0.5,0.5,-0.25,-0.2783430588656113,-0.292514588298417,-1.5,2.0,0,1
RANGE_GAP5_SUPPORT,1.5,0.5,FULL_2012_2026,138,0.5434782608695652,0.6032000515447292,-0.17875673696258995,-0.2020351589959166,-0.21367437001257994,-24.668429700837414,29.000000000000004,4,15
RANGE_GAP5_SUPPORT,1.5,0.6,TRAIN_2012_2021,98,0.5204081632653061,0.6627905735213899,-0.1588615275595654,-0.18151368518369101,-0.19283976399575378,-15.568429700837408,24.600000000000005,4,10
RANGE_GAP5_SUPPORT,1.5,0.6,OOS_2022_2026,40,0.5,0.5999999999999999,-0.19999999999999998,-0.22481276983586923,-0.2372191547538039,-7.999999999999999,9.799999999999999,1,5
RANGE_GAP5_SUPPORT,1.5,0.6,YTD_2026,6,0.5,0.6,-0.20000000000000004,-0.22834305886561132,-0.242514588298417,-1.2000000000000002,2.0,0,1
RANGE_GAP5_SUPPORT,1.5,0.6,FULL_2012_2026,138,0.5144927536231884,0.643811560779126,-0.17078572246983634,-0.194064144503163,-0.2057033555198263,-23.568429700837413,31.399999999999984,5,15
RANGE_GAP5_SUPPORT,1.5,0.75,TRAIN_2012_2021,98,0.4897959183673469,0.7321771351869483,-0.1343717316411981,-0.15702388926532362,-0.16834996807738647,-13.168429700837413,23.75,4,10
RANGE_GAP5_SUPPORT,1.5,0.75,OOS_2022_2026,40,0.475,0.6785714285714286,-0.16875,-0.19356276983586923,-0.2059691547538039,-6.75,8.0,1,5
RANGE_GAP5_SUPPORT,1.5,0.75,YTD_2026,6,0.3333333333333333,0.375,-0.4166666666666667,-0.445009725532278,-0.4591812549650836,-2.5,3.25,0,1
RANGE_GAP5_SUPPORT,1.5,0.75,FULL_2012_2026,138,0.4855072463768116,0.7161340251483539,-0.14433644710751747,-0.1676148691408441,-0.17925408015750746,-19.91842970083741,29.5,5,15
RANGE_GAP5_SUPPORT,1.5,1.0,TRAIN_2012_2021,98,0.45918367346938777,0.8393757436584925,-0.0855052574000124,-0.10815741502413799,-0.11948349383620076,-8.379515225201216,23.0,4,10
RANGE_GAP5_SUPPORT,1.5,1.0,OOS_2022_2026,40,0.425,0.7084895530453992,-0.16761850699889544,-0.19243127683476471,-0.20483766175269932,-6.704740279955818,11.0,2,5
RANGE_GAP5_SUPPORT,1.5,1.0,YTD_2026,6,0.3333333333333333,0.5,-0.3333333333333333,-0.3616763921989447,-0.3758479216317503,-2.0,3.0,0,1
RANGE_GAP5_SUPPORT,1.5,1.0,FULL_2012_2026,138,0.4492753623188406,0.799327249948006,-0.10930619931273212,-0.13258462134605875,-0.14422383236272207,-15.084255505157033,29.0,6,15
RANGE_GAP5_SUPPORT,1.75,0.2,TRAIN_2012_2021,98,0.7857142857142857,0.7333333333333331,-0.05714285714285715,-0.07655899224925047,-0.08626705980244716,-5.6000000000000005,11.399999999999999,5,10
RANGE_GAP5_SUPPORT,1.75,0.2,OOS_2022_2026,40,0.7,0.4666666666666668,-0.16,-0.1812680884307451,-0.1919021326461176,-6.4,6.999999999999999,1,5
RANGE_GAP5_SUPPORT,1.75,0.2,YTD_2026,6,0.6666666666666666,0.4,-0.19999999999999998,-0.22429405045623826,-0.23644107568435735,-1.2,2.0,0,1
RANGE_GAP5_SUPPORT,1.75,0.2,FULL_2012_2026,138,0.7608695652173914,0.6363636363636364,-0.08695652173913043,-0.10690945491055326,-0.11688592149626466,-12.0,17.199999999999996,6,15
RANGE_GAP5_SUPPORT,1.75,0.25,TRAIN_2012_2021,98,0.7755102040816326,0.8636363636363636,-0.030612244897959183,-0.05002838000435254,-0.0597364475575492,-3.0,10.0,5,10
RANGE_GAP5_SUPPORT,1.75,0.25,OOS_2022_2026,40,0.7,0.5833333333333334,-0.125,-0.14626808843074507,-0.15690213264611766,-5.0,6.75,1,5
RANGE_GAP5_SUPPORT,1.75,0.25,YTD_2026,6,0.6666666666666666,0.5,-0.16666666666666666,-0.19096071712290494,-0.20310774235102402,-1.0,2.0,0,1
RANGE_GAP5_SUPPORT,1.75,0.25,FULL_2012_2026,138,0.7536231884057971,0.7647058823529411,-0.057971014492753624,-0.07792394766417644,-0.08790041424988788,-8.0,14.75,6,15
RANGE_GAP5_SUPPORT,1.75,0.3,TRAIN_2012_2021,98,0.7142857142857143,0.7500000000000001,-0.07142857142857145,-0.09084470653496476,-0.10055277408816148,-7.000000000000002,14.700000000000003,5,10
RANGE_GAP5_SUPPORT,1.75,0.3,OOS_2022_2026,40,0.675,0.6230769230769231,-0.12250000000000001,-0.14376808843074507,-0.15440213264611757,-4.9,6.500000000000001,1,5
RANGE_GAP5_SUPPORT,1.75,0.3,YTD_2026,6,0.6666666666666666,0.6,-0.13333333333333333,-0.1576273837895716,-0.16977440901769073,-0.8,2.0,0,1
RANGE_GAP5_SUPPORT,1.75,0.3,FULL_2012_2026,138,0.7028985507246377,0.7097560975609755,-0.08623188405797103,-0.10618481722939384,-0.11616128381510528,-11.900000000000002,19.7,6,15
RANGE_GAP5_SUPPORT,1.75,0.4,TRAIN_2012_2021,98,0.6326530612244898,0.7065049553114514,-0.10512624834716079,-0.12454238345355413,-0.1342504510067508,-10.302372338021758,15.999999999999996,3,10
RANGE_GAP5_SUPPORT,1.75,0.4,OOS_2022_2026,40,0.625,0.6666666666666667,-0.125,-0.14626808843074507,-0.1569021326461176,-5.0,6.6,1,5
RANGE_GAP5_SUPPORT,1.75,0.4,YTD_2026,6,0.6666666666666666,0.8,-0.06666666666666665,-0.09096071712290492,-0.103107742351024,-0.3999999999999999,2.0,0,1
RANGE_GAP5_SUPPORT,1.75,0.4,FULL_2012_2026,138,0.6304347826086957,0.694577888751805,-0.11088675607262145,-0.13083968924404427,-0.14081615582975565,-15.30237233802176,20.599999999999987,4,15
RANGE_GAP5_SUPPORT,1.75,0.5,TRAIN_2012_2021,98,0.6326530612244898,0.8831311941393146,-0.04186094222471181,-0.06127707733110516,-0.07098514488430184,-4.102372338021757,13.5,4,10
RANGE_GAP5_SUPPORT,1.75,0.5,OOS_2022_2026,40,0.6,0.75,-0.1,-0.12126808843074506,-0.1319021326461176,-4.0,7.0,1,5
RANGE_GAP5_SUPPORT,1.75,0.5,YTD_2026,6,0.6666666666666666,1.0,0.0,-0.024294050456238225,-0.03644107568435736,0.0,2.0,0,1
RANGE_GAP5_SUPPORT,1.75,0.5,FULL_2012_2026,138,0.6231884057971014,0.8414482152721247,-0.05871284302914317,-0.07866577620056597,-0.08864224278627743,-8.102372338021757,17.5,5,15
RANGE_GAP5_SUPPORT,1.75,0.6,TRAIN_2012_2021,98,0.5714285714285714,0.8174710628300721,-0.0765548197757322,-0.09597095488212556,-0.10567902243532229,-7.502372338021756,19.400000000000006,4,10
RANGE_GAP5_SUPPORT,1.75,0.6,OOS_2022_2026,40,0.55,0.7333333333333332,-0.11999999999999997,-0.1412680884307451,-0.1519021326461176,-4.799999999999999,8.200000000000001,1,5
RANGE_GAP5_SUPPORT,1.75,0.6,YTD_2026,6,0.5,0.6,-0.20000000000000004,-0.22429405045623826,-0.23644107568435738,-1.2000000000000002,2.4000000000000004,0,1
RANGE_GAP5_SUPPORT,1.75,0.6,FULL_2012_2026,138,0.5652173913043478,0.7918463870170676,-0.08914762563783882,-0.1091005588092617,-0.1190770253949731,-12.302372338021756,24.20000000000001,5,15
RANGE_GAP5_SUPPORT,1.75,0.75,TRAIN_2012_2021,98,0.5408163265306123,0.882633072646047,-0.052817958472791714,-0.07223409357918506,-0.08194216113238179,-5.176159930333588,18.0,4,10
RANGE_GAP5_SUPPORT,1.75,0.75,OOS_2022_2026,40,0.525,0.7920601865925158,-0.09877141136855504,-0.12003949979930013,-0.13067354401467263,-3.9508564547422016,9.5,2,5
RANGE_GAP5_SUPPORT,1.75,0.75,YTD_2026,6,0.5,0.75,-0.125,-0.14929405045623823,-0.1614410756843574,-0.75,2.25,0,1
RANGE_GAP5_SUPPORT,1.75,0.75,FULL_2012_2026,138,0.5362318840579711,0.8553617550829165,-0.06613779989185355,-0.08609073306327639,-0.0960671996489878,-9.12701638507579,22.7008564547422,6,15
RANGE_GAP5_SUPPORT,1.75,1.0,TRAIN_2012_2021,98,0.5,1.002092509095355,0.0010158631552219023,-0.01840027195117141,-0.028108339504368137,0.09955458921174642,17.0,4,10
RANGE_GAP5_SUPPORT,1.75,1.0,OOS_2022_2026,40,0.475,0.8239153954902699,-0.09244441736760829,-0.11371250579835337,-0.12434655001372588,-3.6977766947043316,11.0,3,5
RANGE_GAP5_SUPPORT,1.75,1.0,YTD_2026,6,0.5,1.0,0.0,-0.024294050456238225,-0.036441075684357394,0.0,2.0,0,1
RANGE_GAP5_SUPPORT,1.75,1.0,FULL_2012_2026,138,0.4927536231884058,0.9475299289881239,-0.02607407322820714,-0.04602700639962998,-0.05600347298534138,-3.598222105492585,19.9508564547422,7,15
RANGE_GAP5_SUPPORT,2.0,0.2,TRAIN_2012_2021,98,0.8469387755102041,1.1066666666666665,0.016326530612244882,-0.0006625876058492616,-0.00915714671489637,1.5999999999999983,6.399999999999994,6,10
RANGE_GAP5_SUPPORT,2.0,0.2,OOS_2022_2026,40,0.8,0.8,-0.03999999999999999,-0.058609577376901936,-0.06791436606535291,-1.5999999999999994,3.0,2,5
RANGE_GAP5_SUPPORT,2.0,0.2,YTD_2026,6,0.6666666666666666,0.4,-0.19999999999999998,-0.22125729414920844,-0.2318859412238127,-1.2,2.0,0,1
RANGE_GAP5_SUPPORT,2.0,0.2,FULL_2012_2026,138,0.8333333333333334,1.0,-1.2872151010146743e-17,-0.01745881652499496,-0.026188224787492467,-1.7763568394002505e-15,7.599999999999994,8,15
RANGE_GAP5_SUPPORT,2.0,0.25,TRAIN_2012_2021,98,0.7959183673469388,0.975,-0.00510204081632653,-0.022091159034420722,-0.030585718143467805,-0.5,8.5,5,10
RANGE_GAP5_SUPPORT,2.0,0.25,OOS_2022_2026,40,0.775,0.8611111111111112,-0.03125,-0.04985957737690194,-0.0591643660653529,-1.25,3.0,2,5
RANGE_GAP5_SUPPORT,2.0,0.25,YTD_2026,6,0.6666666666666666,0.5,-0.16666666666666666,-0.18792396081587515,-0.19855260789047938,-1.0,2.0,0,1
RANGE_GAP5_SUPPORT,2.0,0.25,FULL_2012_2026,138,0.7898550724637681,0.9396551724137931,-0.012681159420289856,-0.030139975945284836,-0.038869384207782326,-1.75,10.25,7,15
RANGE_GAP5_SUPPORT,2.0,0.3,TRAIN_2012_2021,98,0.7448979591836735,0.8759999999999999,-0.03163265306122451,-0.04862177127931867,-0.05711633038836578,-3.100000000000002,9.600000000000001,4,10
RANGE_GAP5_SUPPORT,2.0,0.3,OOS_2022_2026,40,0.75,0.9000000000000001,-0.025000000000000012,-0.043609577376901944,-0.052914366065352915,-1.0000000000000004,3.0,3,5
RANGE_GAP5_SUPPORT,2.0,0.3,YTD_2026,6,0.6666666666666666,0.6,-0.13333333333333333,-0.1545906274825418,-0.16521927455714605,-0.8,2.0,0,1
RANGE_GAP5_SUPPORT,2.0,0.3,FULL_2012_2026,138,0.7463768115942029,0.8828571428571428,-0.02971014492753623,-0.047168961452531216,-0.05589836971502871,-4.1,11.100000000000001,7,15
RANGE_GAP5_SUPPORT,2.0,0.4,TRAIN_2012_2021,98,0.6836734693877551,0.8943894344662848,-0.0322915897527453,-0.049280707970839444,-0.05777526707988654,-3.1645757957690392,10.399999999999999,4,10
RANGE_GAP5_SUPPORT,2.0,0.4,OOS_2022_2026,40,0.7,0.9333333333333336,-0.02,-0.03860957737690193,-0.04791436606535289,-0.8,3.4,2,5
RANGE_GAP5_SUPPORT,2.0,0.4,YTD_2026,6,0.6666666666666666,0.8,-0.06666666666666665,-0.08792396081587506,-0.09855260789047937,-0.3999999999999999,2.0,0,1
RANGE_GAP5_SUPPORT,2.0,0.4,FULL_2012_2026,138,0.6884057971014492,0.9055256553750564,-0.028728810114268415,-0.046187626639263346,-0.054917034901760836,-3.9645757957690413,11.399999999999999,6,15
RANGE_GAP5_SUPPORT,2.0,0.5,TRAIN_2012_2021,98,0.6428571428571429,0.9274368739186182,-0.02514873260988814,-0.04213785082798231,-0.05063240993702941,-2.4645757957690377,13.0,3,10
RANGE_GAP5_SUPPORT,2.0,0.5,OOS_2022_2026,40,0.65,0.9285714285714286,-0.025,-0.043609577376901944,-0.052914366065352915,-1.0,4.0,2,5
RANGE_GAP5_SUPPORT,2.0,0.5,YTD_2026,6,0.5,0.5,-0.25,-0.27125729414920846,-0.2818859412238127,-1.5,2.5,0,1
RANGE_GAP5_SUPPORT,2.0,0.5,FULL_2012_2026,138,0.644927536231884,0.9277680300870158,-0.02510562170847129,-0.042564438233466256,-0.05129384649596377,-3.464575795769038,14.0,5,15
RANGE_GAP5_SUPPORT,2.0,0.6,TRAIN_2012_2021,98,0.6122448979591837,0.9574487220485858,-0.016049897337162125,-0.03303901555525634,-0.041533574664303435,-1.5728899390418882,13.000000000000007,3,10
RANGE_GAP5_SUPPORT,2.0,0.6,OOS_2022_2026,40,0.65,1.114285714285714,0.039999999999999994,0.021390422623098072,0.0120856339346471,1.5999999999999999,3.3999999999999995,2,5
RANGE_GAP5_SUPPORT,2.0,0.6,YTD_2026,6,0.5,0.6,-0.20000000000000004,-0.22125729414920844,-0.23188594122381276,-1.2000000000000002,2.4000000000000004,0,1
RANGE_GAP5_SUPPORT,2.0,0.6,FULL_2012_2026,138,0.6231884057971014,1.0005319393036203,0.00019644971708776708,-0.017262366807907246,-0.025991775070404736,0.02711006095811186,14.200000000000006,5,15
RANGE_GAP5_SUPPORT,2.0,0.75,TRAIN_2012_2021,98,0.5816326530612245,1.0469693478181954,0.019154184295490914,0.0021650660773967355,-0.006329493031650354,1.8771100609581097,13.0,4,10
RANGE_GAP5_SUPPORT,2.0,0.75,OOS_2022_2026,40,0.575,0.942026199537277,-0.02463886519665725,-0.043248442573559184,-0.05255323126201013,-0.9855546078662899,7.75,2,5
RANGE_GAP5_SUPPORT,2.0,0.75,YTD_2026,6,0.5,0.75,-0.125,-0.14625729414920843,-0.15688594122381275,-0.75,2.25,0,1
RANGE_GAP5_SUPPORT,2.0,0.75,FULL_2012_2026,138,0.5797101449275363,1.0156510505105532,0.00646054676153493,-0.010998269763460048,-0.019727678025957547,0.8915554530918204,14.206999397899427,6,15
RANGE_GAP5_SUPPORT,2.0,1.0,TRAIN_2012_2021,98,0.5306122448979592,1.096488612682358,0.043695139594117756,0.026706021376023573,0.01821146226697648,4.28212368022354,10.0,5,10
RANGE_GAP5_SUPPORT,2.0,1.0,OOS_2022_2026,40,0.5,0.9132222696066854,-0.043388865196657245,-0.06199844257355917,-0.07130323126201014,-1.7355546078662898,7.0,3,5
RANGE_GAP5_SUPPORT,2.0,1.0,YTD_2026,6,0.5,1.0,0.0,-0.021257294149208444,-0.031885941223812754,0.0,2.0,0,1
RANGE_GAP5_SUPPORT,2.0,1.0,FULL_2012_2026,138,0.5217391304347826,1.0395555430270134,0.018453399075052543,0.0009945825500575494,-0.007734825712439931,2.5465690723572507,10.956999397899425,8,15
RANGE_GAP5_SUPPORT,2.25,0.2,TRAIN_2012_2021,98,0.8673469387755102,1.3076923076923075,0.040816326530612235,0.025714888114528538,0.01816416890648669,3.999999999999999,4.199999999999996,7,10
RANGE_GAP5_SUPPORT,2.25,0.2,OOS_2022_2026,40,0.85,1.1333333333333335,0.019999999999999997,0.0034581534427538196,-0.004812769835869246,0.7999999999999999,2.2,3,5
RANGE_GAP5_SUPPORT,2.25,0.2,YTD_2026,6,0.8333333333333334,1.0,0.0,-0.018895372577074188,-0.02834305886561128,0.0,1.0,0,1
RANGE_GAP5_SUPPORT,2.25,0.2,FULL_2012_2026,138,0.8623188405797102,1.2526315789473683,0.034782608695652154,0.019263660673434414,0.011504186662325548,4.799999999999997,4.599999999999994,10,15
RANGE_GAP5_SUPPORT,2.25,0.25,TRAIN_2012_2021,98,0.7959183673469388,0.975,-0.00510204081632653,-0.02020347923241025,-0.027754198440452103,-0.5,8.5,5,10
RANGE_GAP5_SUPPORT,2.25,0.25,OOS_2022_2026,40,0.825,1.1785714285714286,0.03125,0.014708153442753818,0.006437230164130753,1.25,3.0,4,5
RANGE_GAP5_SUPPORT,2.25,0.25,YTD_2026,6,0.8333333333333334,1.25,0.041666666666666664,0.02277129408959248,0.013323607801055348,0.25,1.0,1,1
RANGE_GAP5_SUPPORT,2.25,0.25,FULL_2012_2026,138,0.8043478260869565,1.0277777777777777,0.005434782608695652,-0.010084165413522101,-0.017843639424631,0.75,10.25,9,15
RANGE_GAP5_SUPPORT,2.25,0.3,TRAIN_2012_2021,98,0.7142857142857143,0.781907386676209,-0.059769394972961805,-0.07487083338904553,-0.08242155259708739,-5.857400707350257,9.700000000000003,4,10
RANGE_GAP5_SUPPORT,2.25,0.3,OOS_2022_2026,40,0.775,1.0333333333333337,0.0075000000000000015,-0.009041846557246191,-0.01731276983586927,0.30000000000000004,3.0,3,5
RANGE_GAP5_SUPPORT,2.25,0.3,YTD_2026,6,0.8333333333333334,1.5,0.08333333333333333,0.06443796075625911,0.054990274467722054,0.5,1.0,1,1
RANGE_GAP5_SUPPORT,2.25,0.3,FULL_2012_2026,138,0.7318840579710145,0.8450138437889876,-0.04027101961848012,-0.055789967640697886,-0.06354944165180676,-5.557400707350256,11.200000000000003,7,15
RANGE_GAP5_SUPPORT,2.25,0.4,TRAIN_2012_2021,98,0.673469387755102,0.8555484063734343,-0.045483680687247514,-0.06058511910333122,-0.06813583831137306,-4.457400707350256,11.799999999999997,4,10
RANGE_GAP5_SUPPORT,2.25,0.4,OOS_2022_2026,40,0.75,1.2000000000000004,0.049999999999999996,0.03345815344275384,0.02518723016413076,1.9999999999999998,3.0,4,5
RANGE_GAP5_SUPPORT,2.25,0.4,YTD_2026,6,0.8333333333333334,2.0,0.16666666666666666,0.14777129408959247,0.13832360780105538,1.0,1.0,1,1
RANGE_GAP5_SUPPORT,2.25,0.4,FULL_2012_2026,138,0.6956521739130435,0.9398542084223149,-0.017807251502538108,-0.03332619952475583,-0.04108567353586471,-2.457400707350259,12.799999999999994,8,15
RANGE_GAP5_SUPPORT,2.25,0.5,TRAIN_2012_2021,98,0.6326530612244898,0.8893376835600695,-0.039361231707655674,-0.054462670123739385,-0.06201338933178124,-3.857400707350256,13.0,4,10
RANGE_GAP5_SUPPORT,2.25,0.5,OOS_2022_2026,40,0.7,1.1666666666666667,0.05,0.03345815344275383,0.02518723016413074,2.0,3.0,2,5
RANGE_GAP5_SUPPORT,2.25,0.5,YTD_2026,6,0.6666666666666666,1.0,0.0,-0.018895372577074226,-0.0283430588656113,0.0,1.0,0,1
RANGE_GAP5_SUPPORT,2.25,0.5,FULL_2012_2026,138,0.6521739130434783,0.960360568889625,-0.013459425415581565,-0.02897837343779933,-0.036737847448908185,-1.8574007073502559,14.5,6,15
RANGE_GAP5_SUPPORT,2.25,0.6,TRAIN_2012_2021,98,0.6020408163265306,0.9172828122089008,-0.03195365024074275,-0.0470550886568265,-0.05460580786486834,-3.1314577235927894,13.000000000000004,3,10
RANGE_GAP5_SUPPORT,2.25,0.6,OOS_2022_2026,40,0.65,1.074158768387338,0.025955568935568295,0.009413722378322104,0.0011427990996990323,1.0382227574227318,5.0,3,5
RANGE_GAP5_SUPPORT,2.25,0.6,YTD_2026,6,0.6666666666666666,1.2,0.06666666666666665,0.04777129408959243,0.038323607801055294,0.3999999999999999,1.0,1,1
RANGE_GAP5_SUPPORT,2.25,0.6,FULL_2012_2026,138,0.6159420289855072,0.9596347881378992,-0.015168369320072874,-0.030687317342290653,-0.03844679135339955,-2.0932349661700567,14.200000000000003,6,15
RANGE_GAP5_SUPPORT,2.25,0.75,TRAIN_2012_2021,98,0.5612244897959183,0.9769480483421381,-0.009697412557276377,-0.024798850973360095,-0.032349570181401936,-0.9503464306130849,13.0,4,10
RANGE_GAP5_SUPPORT,2.25,0.75,OOS_2022_2026,40,0.575,0.9402977982815012,-0.025373435730362,-0.04191528228760818,-0.050186205566231254,-1.01493742921448,7.8031601866372124,2,5
RANGE_GAP5_SUPPORT,2.25,0.75,YTD_2026,6,0.6666666666666666,1.5,0.16666666666666666,0.14777129408959244,0.13832360780105538,1.0,1.0,1,1
RANGE_GAP5_SUPPORT,2.25,0.75,FULL_2012_2026,138,0.5652173913043478,0.9662474823727557,-0.014241187390054819,-0.029760135412272584,-0.03751960942338145,-1.965283859827565,14.26493742921448,6,15
RANGE_GAP5_SUPPORT,2.25,1.0,TRAIN_2012_2021,98,0.5204081632653061,0.9862037486848698,-0.006366869947055768,-0.021468308363139482,-0.029019027571181334,-0.6239532548114652,10.636941473903992,5,10
RANGE_GAP5_SUPPORT,2.25,1.0,OOS_2022_2026,40,0.475,0.8493038765895041,-0.0764525274093989,-0.09299437396664512,-0.1012652972452682,-3.058101096375956,9.0,4,5
RANGE_GAP5_SUPPORT,2.25,1.0,YTD_2026,6,0.5,1.3082363212711543,0.11780605547308724,0.09891068289601301,0.08946299660747592,0.7068363328385234,1.0,1,1
RANGE_GAP5_SUPPORT,2.25,1.0,FULL_2012_2026,138,0.5072463768115942,0.9438021201641368,-0.02668155326947407,-0.04220050129169183,-0.049959975302800684,-3.6820543511874213,13.758820261044562,9,15
RANGE_GAP5_SUPPORT,2.5,0.2,TRAIN_2012_2021,98,0.8367346938775511,1.025,0.004081632653061215,-0.009509661921414104,-0.016305309208651777,0.39999999999999913,6.3999999999999995,6,10
RANGE_GAP5_SUPPORT,2.5,0.2,OOS_2022_2026,40,0.825,0.942857142857143,-0.009999999999999998,-0.024887661901521536,-0.03233149285228232,-0.3999999999999999,3.0,3,5
RANGE_GAP5_SUPPORT,2.5,0.2,YTD_2026,6,0.8333333333333334,1.0,0.0,-0.017005835319366763,-0.02550875297905016,0.0,1.0,0,1
RANGE_GAP5_SUPPORT,2.5,0.2,FULL_2012_2026,138,0.8333333333333334,1.0,-9.654113257610057e-18,-0.013967053219995971,-0.020950579829993963,-1.3322676295501878e-15,7.6,9,15
RANGE_GAP5_SUPPORT,2.5,0.25,TRAIN_2012_2021,98,0.8061224489795918,1.0394736842105263,0.007653061224489796,-0.005938233349985533,-0.012733880637223225,0.75,7.0,5,10
RANGE_GAP5_SUPPORT,2.5,0.25,OOS_2022_2026,40,0.8,1.0,0.0,-0.014887661901521554,-0.022331492852282336,0.0,3.0,3,5
RANGE_GAP5_SUPPORT,2.5,0.25,YTD_2026,6,0.8333333333333334,1.25,0.041666666666666664,0.024660831347299905,0.016157913687616505,0.25,1.0,1,1
RANGE_GAP5_SUPPORT,2.5,0.25,FULL_2012_2026,138,0.8043478260869565,1.0277777777777777,0.005434782608695652,-0.008532270611300338,-0.015515797221298326,0.75,7.25,8,15
RANGE_GAP5_SUPPORT,2.5,0.3,TRAIN_2012_2021,98,0.7448979591836735,0.9212650447427163,-0.019098577924645213,-0.03268987249912056,-0.039485519786358246,-1.8716606366152309,7.8000000000000025,5,10
RANGE_GAP5_SUPPORT,2.5,0.3,OOS_2022_2026,40,0.775,1.0333333333333337,0.0075000000000000015,-0.007387661901521575,-0.014831492852282352,0.30000000000000004,3.0,3,5
RANGE_GAP5_SUPPORT,2.5,0.3,YTD_2026,6,0.8333333333333334,1.5,0.08333333333333333,0.06632749801396653,0.05782458035428314,0.5,1.0,1,1
RANGE_GAP5_SUPPORT,2.5,0.3,FULL_2012_2026,138,0.7536231884057971,0.9520420812957141,-0.011388845192863985,-0.02535589841285997,-0.032339425022857984,-1.57166063661523,8.400000000000006,8,15
RANGE_GAP5_SUPPORT,2.5,0.4,TRAIN_2012_2021,98,0.6938775510204082,0.9453746985109674,-0.016037353434849303,-0.029628648009324608,-0.03642429529656229,-1.5716606366152317,10.2,6,10
RANGE_GAP5_SUPPORT,2.5,0.4,OOS_2022_2026,40,0.7,1.0674130377354383,0.01768354882189569,0.0027958869203741467,-0.004647944030386614,0.7073419528758276,3.0,3,5
RANGE_GAP5_SUPPORT,2.5,0.4,YTD_2026,6,0.6666666666666666,0.8,-0.06666666666666665,-0.08367250198603342,-0.0921754196457168,-0.3999999999999999,1.2,0,1
RANGE_GAP5_SUPPORT,2.5,0.4,FULL_2012_2026,138,0.6956521739130435,0.9779871722542496,-0.006263178867676848,-0.0202302320876728,-0.02721375869767078,-0.864318683739405,11.0,9,15
RANGE_GAP5_SUPPORT,2.5,0.5,TRAIN_2012_2021,98,0.6530612244897959,0.9603830893518123,-0.013248081135035837,-0.02683937570951119,-0.03363502299674886,-1.298311951233512,10.0,4,10
RANGE_GAP5_SUPPORT,2.5,0.5,OOS_2022_2026,40,0.7,1.2898924582212958,0.07604356086390716,0.0611558989623856,0.053712068011624835,3.0417424345562867,3.0,3,5
RANGE_GAP5_SUPPORT,2.5,0.5,YTD_2026,6,0.6666666666666666,1.0,0.0,-0.017005835319366763,-0.025508752979050142,0.0,1.0,0,1
RANGE_GAP5_SUPPORT,2.5,0.5,FULL_2012_2026,138,0.6666666666666666,1.0402971903028726,0.012633554226976635,-0.0013334989930193614,-0.008317025603017366,1.7434304833227756,11.5,7,15
RANGE_GAP5_SUPPORT,2.5,0.6,TRAIN_2012_2021,98,0.6326530612244898,1.048938935259669,0.017364163762923365,0.00377286918844799,-0.003022778098789665,1.7016880487664898,8.200000000000003,4,10
RANGE_GAP5_SUPPORT,2.5,0.6,OOS_2022_2026,40,0.625,1.038457823860243,0.012972456664569896,-0.001915205236951656,-0.00935903618771245,0.5188982665827958,5.092658047124171,3,5
RANGE_GAP5_SUPPORT,2.5,0.6,YTD_2026,6,0.6666666666666666,1.2,0.06666666666666665,0.04966083134729989,0.041157913687616454,0.3999999999999999,1.0,1,1
RANGE_GAP5_SUPPORT,2.5,0.6,FULL_2012_2026,138,0.6304347826086957,1.0460088607051532,0.016091205183690477,0.0021241519636944705,-0.004859374646303534,2.2205863153492857,9.400000000000002,7,15
RANGE_GAP5_SUPPORT,2.5,0.75,TRAIN_2012_2021,98,0.5714285714285714,1.0048797324848553,0.0019968891303202086,-0.011594405444155124,-0.018390052731392798,0.19569513477138045,8.5,5,10
RANGE_GAP5_SUPPORT,2.5,0.75,OOS_2022_2026,40,0.55,0.9223229069712876,-0.032027543335430106,-0.04691520523695165,-0.05435903618771243,-1.2811017334172041,6.315502215097663,2,5
RANGE_GAP5_SUPPORT,2.5,0.75,YTD_2026,6,0.6666666666666666,1.5,0.16666666666666666,0.1496608313472999,0.14115791368761652,1.0,1.0,1,1
RANGE_GAP5_SUPPORT,2.5,0.75,FULL_2012_2026,138,0.5652173913043478,0.9808219575578726,-0.007865265207578432,-0.021832318427574406,-0.0288158450375724,-1.0854065986458235,10.031101733417204,7,15
RANGE_GAP5_SUPPORT,2.5,1.0,TRAIN_2012_2021,98,0.5408163265306123,1.0994440867207567,0.04213497658829116,0.028543682013815828,0.021748034726578158,4.129227705652534,7.259279580020654,5,10
RANGE_GAP5_SUPPORT,2.5,1.0,OOS_2022_2026,40,0.45,0.7952910911922071,-0.10110831628890696,-0.11599597819042846,-0.12343980914118928,-4.044332651556278,8.492658047124172,4,5
RANGE_GAP5_SUPPORT,2.5,1.0,YTD_2026,6,0.5,1.3251777182188305,0.12269211659244521,0.1056862812730784,0.09718336361339501,0.7361526995546712,1.0,1,1
RANGE_GAP5_SUPPORT,2.5,1.0,FULL_2012_2026,138,0.5144927536231884,1.0013853718607242,0.0006151815514221568,-0.013351871668573826,-0.02033539827857183,0.08489505409625764,10.228401825476682,9,15
RANGE_GAP5_SUPPORT,3.0,0.2,TRAIN_2012_2021,98,0.826530612244898,0.9529411764705882,-0.008163265306122453,-0.019489344118185224,-0.02515238352421661,-0.8000000000000005,7.6000000000000005,6,10
RANGE_GAP5_SUPPORT,3.0,0.2,OOS_2022_2026,40,0.85,1.1333333333333335,0.019999999999999997,0.007593615082065397,0.0013904226230980754,0.7999999999999998,2.0,2,5
RANGE_GAP5_SUPPORT,3.0,0.2,YTD_2026,6,0.8333333333333334,1.0,0.0,-0.01417152943280564,-0.02125729414920848,0.0,1.0,0,1
RANGE_GAP5_SUPPORT,3.0,0.2,FULL_2012_2026,138,0.8333333333333334,1.0,-2.413528314402514e-18,-0.01163921101666331,-0.017458816524994963,-3.3306690738754696e-16,7.6000000000000005,8,15
RANGE_GAP5_SUPPORT,3.0,0.25,TRAIN_2012_2021,98,0.7653061224489796,0.8663288926653835,-0.029520923780741757,-0.04084700259280454,-0.04651004199883593,-2.893050530512692,8.75,4,10
RANGE_GAP5_SUPPORT,3.0,0.25,OOS_2022_2026,40,0.825,1.1785714285714286,0.03125,0.018843615082065373,0.012640422623098063,1.25,2.0,2,5
RANGE_GAP5_SUPPORT,3.0,0.25,YTD_2026,6,0.8333333333333334,1.25,0.041666666666666664,0.027495137233861027,0.020409372517458186,0.25,1.0,1,1
RANGE_GAP5_SUPPORT,3.0,0.25,FULL_2012_2026,138,0.782608695652174,0.9426370271294116,-0.011906163264584723,-0.023545374281248057,-0.0293649797895797,-1.643050530512692,8.75,6,15
RANGE_GAP5_SUPPORT,3.0,0.3,TRAIN_2012_2021,98,0.7244897959183674,0.9247201630059438,-0.017693830822279127,-0.029019909634341916,-0.03468294904037331,-1.7339954205833543,9.653794513870633,5,10
RANGE_GAP5_SUPPORT,3.0,0.3,OOS_2022_2026,40,0.8,1.33075145356638,0.059650769979017415,0.04724438506108278,0.04104119260211546,2.3860307991606966,2.0,3,5
RANGE_GAP5_SUPPORT,3.0,0.3,YTD_2026,6,0.8333333333333334,1.5,0.08333333333333333,0.06916180390052766,0.062076039184124854,0.5,1.0,1,1
RANGE_GAP5_SUPPORT,3.0,0.3,FULL_2012_2026,138,0.7463768115942029,1.0215563389715003,0.004724894047661897,-0.006914316969001429,-0.012733922477333086,0.6520353785773418,9.653794513870633,8,15
RANGE_GAP5_SUPPORT,3.0,0.4,TRAIN_2012_2021,98,0.6836734693877551,0.9763431866871469,-0.00652589982413527,-0.017851978636198043,-0.02351501804222943,-0.6395381827652565,8.853794513870628,5,10
RANGE_GAP5_SUPPORT,3.0,0.4,OOS_2022_2026,40,0.725,1.2326593032315294,0.05473629068491308,0.042329905766978454,0.03612671330801115,2.189451627396523,3.0,3,5
RANGE_GAP5_SUPPORT,3.0,0.4,YTD_2026,6,0.6666666666666666,0.8,-0.06666666666666665,-0.08083819609947229,-0.08792396081587511,-0.3999999999999999,1.2,0,1
RANGE_GAP5_SUPPORT,3.0,0.4,FULL_2012_2026,138,0.6956521739130435,1.0425279968772998,0.011231256845154096,-0.00040795417150919354,-0.006227559679840848,1.5499134446312652,10.65379451387063,8,15
RANGE_GAP5_SUPPORT,3.0,0.5,TRAIN_2012_2021,98,0.6632653061224489,1.0985211224221263,0.029188385890150458,0.017862307078087673,0.012199267672056273,2.8604618172347447,8.25379451387063,5,10
RANGE_GAP5_SUPPORT,3.0,0.5,OOS_2022_2026,40,0.675,1.1109279338865699,0.031643713887141586,0.019237328969206952,0.013034136510239634,1.2657485554856633,3.0,3,5
RANGE_GAP5_SUPPORT,3.0,0.5,YTD_2026,6,0.6666666666666666,1.0,0.0,-0.01417152943280564,-0.02125729414920846,0.0,1.0,0,1
RANGE_GAP5_SUPPORT,3.0,0.5,FULL_2012_2026,138,0.6666666666666666,1.1020214344317936,0.029900075164640636,0.018260864147977313,0.012441258639645647,4.126210372720408,9.25379451387063,8,15
RANGE_GAP5_SUPPORT,3.0,0.6,TRAIN_2012_2021,98,0.6122448979591837,1.0638309071603214,0.021547982260213806,0.010221903448150998,0.004558864042119586,2.111702261500953,7.625887539339207,5,10
RANGE_GAP5_SUPPORT,3.0,0.6,OOS_2022_2026,40,0.625,1.0861910956170018,0.027726068409174777,0.015319683491240138,0.009116491032272833,1.109042736366991,3.1196243317000576,2,5
RANGE_GAP5_SUPPORT,3.0,0.6,YTD_2026,6,0.6666666666666666,1.2,0.06666666666666665,0.052495137233861046,0.04540937251745817,0.3999999999999999,1.0,1,1
RANGE_GAP5_SUPPORT,3.0,0.6,FULL_2012_2026,138,0.6159420289855072,1.070092368993653,0.023338731868608277,0.011699520851944947,0.005879915343613289,3.2207449978679423,7.625887539339207,7,15
RANGE_GAP5_SUPPORT,3.0,0.75,TRAIN_2012_2021,98,0.5918367346938775,1.097876337114394,0.03503848523432357,0.023712406422260805,0.018049367016229414,3.43377155296371,6.697435584590863,6,10
RANGE_GAP5_SUPPORT,3.0,0.75,OOS_2022_2026,40,0.55,1.0059103357675807,0.0022292496498971027,-0.01017713526803754,-0.016380327727004852,0.0891699859958841,3.969624331700058,2,5
RANGE_GAP5_SUPPORT,3.0,0.75,YTD_2026,6,0.5,1.0135716110862012,0.0050212082714820765,-0.009150321161323546,-0.016236085877726365,0.03012724962889246,1.0,1,1
RANGE_GAP5_SUPPORT,3.0,0.75,FULL_2012_2026,138,0.5797101449275363,1.0702202477711398,0.025528561876518797,0.013889350859855487,0.008069745351523832,3.522941538959594,6.873669803189673,8,15
RANGE_GAP5_SUPPORT,3.0,1.0,TRAIN_2012_2021,98,0.5102040816326531,1.0788426076623985,0.031228551010377505,0.019902472198314727,0.01423943279228333,3.0603979990169954,10.687850560661758,6,10
RANGE_GAP5_SUPPORT,3.0,1.0,OOS_2022_2026,40,0.5,0.9299150292933446,-0.029938769779937723,-0.042345154697872374,-0.048548347156839686,-1.197550791197509,3.867254191722149,1,5
RANGE_GAP5_SUPPORT,3.0,1.0,YTD_2026,6,0.5,1.3514288147816016,0.13002120827148209,0.11584967883867647,0.10876391412227364,0.7801272496288925,1.0,1,1
RANGE_GAP5_SUPPORT,3.0,1.0,FULL_2012_2026,138,0.5072463768115942,1.0333224453135033,0.013498892810286127,0.0018596817936228087,-0.003959923714708842,1.8628472078194855,10.687850560661758,7,15
