dt,day,R,R_comm,R_stress,setup,priority
2012-01-02 08:00:00+00:00,2012-01-02,-0.6937508056220455,-0.7043830018767895,-0.7096991000041615,LON_H1|RISE_CANDLE|2.25|1.5,1
2012-01-03 09:00:00+00:00,2012-01-03,0.3,0.287963796618262,0.28194569492739296,LON_H2|RANGE_DI_CONT_G5|2.0|0.3,2
2012-01-04 07:00:00+00:00,2012-01-04,0.6,0.5898887013601491,0.5848330520402237,BASE,0
2012-01-05 07:00:00+00:00,2012-01-05,0.6,0.5911667009420726,0.5867500514131089,BASE,0
2012-01-10 09:00:00+00:00,2012-01-10,0.3,0.2905251988746417,0.28578779831196255,LON_H2|RANGE_DI_CONT_G5|2.0|0.3,2
2012-01-12 07:00:00+00:00,2012-01-12,-1.0,-1.0101051685912075,-1.0151577528868114,BASE,0
2012-01-17 07:00:00+00:00,2012-01-17,-1.0,-1.0087906181097266,-1.01318592716459,BASE,0
2012-01-19 07:00:00+00:00,2012-01-19,0.6,0.5931748900915172,0.5897623351372758,BASE,0
2012-01-25 08:00:00+00:00,2012-01-25,-1.0,-1.009680117792473,-1.0145201766887098,LON_H1|RISE_CANDLE|2.25|1.5,1
2012-01-26 09:00:00+00:00,2012-01-26,-1.0,-1.007347166790043,-1.0110207501850648,LON_H2|RANGE_DI_CONT_G5|2.0|0.3,2
2012-01-30 08:00:00+00:00,2012-01-30,0.29468671849891165,0.2872732161467377,0.2835664649706507,LON_H1|RISE_CANDLE|2.25|1.5,1
2012-02-01 07:00:00+00:00,2012-02-01,1.5,1.4921134630915749,1.4881701946373622,BASE,0
2012-02-06 07:00:00+00:00,2012-02-06,-1.0,-1.006966203552903,-1.0104493053293546,BASE,0
2012-02-07 08:00:00+00:00,2012-02-07,-1.0,-1.0071812415074637,-1.0107718622611954,LON_H1|RISE_CANDLE|2.25|1.5,1
2012-02-08 08:00:00+00:00,2012-02-08,-1.0,-1.0079817700532228,-1.0119726550798342,LON_H1|RISE_CANDLE|2.25|1.5,1
2012-02-09 07:00:00+00:00,2012-02-09,-0.24983720916548957,-0.25729503630475725,-0.2610239498743911,BASE,0
2012-02-14 07:00:00+00:00,2012-02-14,-1.0,-1.008902456168308,-1.013353684252462,BASE,0
2012-02-20 09:00:00+00:00,2012-02-20,0.3,0.29048737136973346,0.2857310570546002,LON_H2|RANGE_DI_CONT_G5|2.0|0.3,2
2012-02-22 07:00:00+00:00,2012-02-22,-0.33479065537752684,-0.3426220157372356,-0.34653769591709,BASE,0
2012-02-23 07:00:00+00:00,2012-02-23,-1.0,-1.0103245087777568,-1.015486763166635,BASE,0
2012-03-01 07:00:00+00:00,2012-03-01,-0.17076063007714387,-0.1795175854657153,-0.18389606316000104,BASE,0
2012-03-06 08:00:00+00:00,2012-03-06,1.5,1.4893205866502268,1.4839808799753402,LON_H1|RISE_CANDLE|2.25|1.5,1
2012-03-08 07:00:00+00:00,2012-03-08,1.5,1.4891307834404326,1.483696175160649,BASE,0
2012-03-12 07:00:00+00:00,2012-03-12,-1.0,-1.0086206659280872,-1.0129309988921307,BASE,0
2012-03-14 07:00:00+00:00,2012-03-14,-0.5831719167180045,-0.5919085746463643,-0.5962769036105442,BASE,0
2012-03-19 09:00:00+00:00,2012-03-19,0.3,0.28748859307760144,0.2812328896164022,LON_H2|RANGE_DI_CONT_G5|2.0|0.3,2
2012-03-21 07:00:00+00:00,2012-03-21,-1.0,-1.0093245812980494,-1.013986871947074,BASE,0
2012-03-22 08:00:00+00:00,2012-03-22,-0.9418385218878473,-0.9495427224758869,-0.9533948227699066,LON_H1|RISE_CANDLE|2.25|1.5,1
2012-03-26 08:00:00+00:00,2012-03-26,-1.0,-1.0093224436926318,-1.0139836655389478,LON_H2|RANGE_DI_CONT_G5|2.0|0.3,2
2012-03-28 07:00:00+00:00,2012-03-28,-1.0,-1.0109171920678006,-1.016375788101701,LON_H1|RISE_CANDLE|2.25|1.5,1
2012-04-02 06:00:00+00:00,2012-04-02,-1.0,-1.0102001003847436,-1.0153001505771155,BASE,0
2012-04-03 07:00:00+00:00,2012-04-03,1.5,1.4888808455773241,1.4833212683659862,LON_H1|RISE_CANDLE|2.25|1.5,1
2012-04-04 07:00:00+00:00,2012-04-04,1.5,1.4917234687166963,1.4875852030750443,LON_H1|RISE_CANDLE|2.25|1.5,1
2012-04-05 06:00:00+00:00,2012-04-05,0.6,0.5897953009965985,0.5846929514948979,BASE,0
2012-04-11 06:00:00+00:00,2012-04-11,-0.7474628312955499,-0.7569544228040649,-0.7617002185583224,BASE,0
2012-04-12 06:00:00+00:00,2012-04-12,-1.0,-1.010978206174105,-1.0164673092611576,BASE,0
2012-04-18 07:00:00+00:00,2012-04-18,-1.0,-1.0098192229128735,-1.0147288343693104,LON_H1|RISE_CANDLE|2.25|1.5,1
2012-04-19 07:00:00+00:00,2012-04-19,-1.0,-1.0098978021810945,-1.0148467032716417,LON_H1|RISE_CANDLE|2.25|1.5,1
2012-04-23 07:00:00+00:00,2012-04-23,-0.36357887005426787,-0.3736086319867997,-0.3786235129530657,LON_H1|RISE_CANDLE|2.25|1.5,1
2012-04-25 07:00:00+00:00,2012-04-25,-1.0,-1.013565709097595,-1.0203485636463923,LON_H1|RISE_CANDLE|2.25|1.5,1
2012-04-30 06:00:00+00:00,2012-04-30,-1.0,-1.0121238592757245,-1.0181857889135866,BASE,0
2012-05-01 06:00:00+00:00,2012-05-01,-1.0,-1.0165230427310017,-1.0247845640965025,BASE,0
2012-05-02 06:00:00+00:00,2012-05-02,-1.0,-1.0127754889124896,-1.0191632333687344,BASE,0
2012-05-03 08:00:00+00:00,2012-05-03,-1.0,-1.0132186330734476,-1.0198279496101716,LON_H2|RANGE_DI_CONT_G5|2.0|0.3,2
2012-05-08 06:00:00+00:00,2012-05-08,-0.425730214518089,-0.43715921356555454,-0.4428737130892873,BASE,0
2012-05-14 06:00:00+00:00,2012-05-14,1.5,1.4884445845254246,1.482666876788137,BASE,0
2012-05-16 06:00:00+00:00,2012-05-16,-1.0,-1.010162742413381,-1.0152441136200714,BASE,0
2012-05-23 06:00:00+00:00,2012-05-23,1.5,1.49137082475131,1.4870562371269649,BASE,0
2012-05-24 06:00:00+00:00,2012-05-24,0.6,0.5931019919436757,0.5896529879155137,BASE,0
2012-05-28 07:00:00+00:00,2012-05-28,0.8545650802344815,0.8467608329264041,0.8428587092723655,LON_H1|RISE_CANDLE|2.25|1.5,1
2012-05-30 06:00:00+00:00,2012-05-30,0.6,0.5907954471418667,0.5861931707128001,BASE,0
2012-06-04 07:00:00+00:00,2012-06-04,1.2166325910856632,1.2096202994943914,1.2061141536987554,LON_H1|RISE_CANDLE|2.25|1.5,1
2012-06-06 07:00:00+00:00,2012-06-06,-1.0,-1.0077213063971866,-1.0115819595957798,LON_H1|RISE_CANDLE|2.25|1.5,1
2012-06-14 06:00:00+00:00,2012-06-14,0.6,0.5918347212001123,0.5877520818001685,BASE,0
2012-06-20 08:00:00+00:00,2012-06-20,0.3,0.2894439121170521,0.2841658681755782,LON_H2|RANGE_DI_CONT_G5|2.0|0.3,2
2012-06-25 06:00:00+00:00,2012-06-25,0.0628789547816909,0.05320526943065881,0.04836842675514277,BASE,0
2012-06-26 08:00:00+00:00,2012-06-26,0.3,0.2888531675121394,0.2832797512682091,LON_H2|RANGE_DI_CONT_G5|2.0|0.3,2
2012-06-28 07:00:00+00:00,2012-06-28,0.10449912760267625,0.09454682973575676,0.08957068080229702,LON_H1|RISE_CANDLE|2.25|1.5,1
2012-07-05 07:00:00+00:00,2012-07-05,1.5,1.4872488077989647,1.4808732116984469,LON_H1|RISE_CANDLE|2.25|1.5,1
2012-07-10 08:00:00+00:00,2012-07-10,0.3,0.2875013813946772,0.28125207209201575,LON_H2|RANGE_DI_CONT_G5|2.0|0.3,2
2012-07-12 06:00:00+00:00,2012-07-12,1.5,1.4888452459301067,1.48326786889516,BASE,0
2012-07-16 08:00:00+00:00,2012-07-16,0.3,0.2873807682895979,0.2810711524343969,LON_H2|RANGE_DI_CONT_G5|2.0|0.3,2
2012-07-17 06:00:00+00:00,2012-07-17,0.6,0.5900467249855398,0.5850700874783098,BASE,0
2012-07-23 06:00:00+00:00,2012-07-23,-1.0,-1.009810152289652,-1.0147152284344783,BASE,0
2012-07-30 08:00:00+00:00,2012-07-30,0.3,0.2908444550513911,0.28626668257708665,LON_H2|RANGE_DI_CONT_G5|2.0|0.3,2
2012-08-08 07:00:00+00:00,2012-08-08,-1.0,-1.0118425014301968,-1.0177637521452954,LON_H1|RISE_CANDLE|2.25|1.5,1
2012-08-09 07:00:00+00:00,2012-08-09,1.5,1.4880931803591573,1.482139770538736,LON_H1|RISE_CANDLE|2.25|1.5,1
2012-08-14 06:00:00+00:00,2012-08-14,-1.0,-1.013298244799229,-1.0199473671988435,BASE,0
2012-08-16 07:00:00+00:00,2012-08-16,1.5,1.485970265391327,1.4789553980869905,LON_H1|RISE_CANDLE|2.25|1.5,1
2012-08-20 06:00:00+00:00,2012-08-20,-1.0,-1.012147407326329,-1.0182211109894936,BASE,0
2012-08-21 06:00:00+00:00,2012-08-21,1.5,1.4852108492541474,1.4778162738812213,BASE,0
2012-08-23 06:00:00+00:00,2012-08-23,0.02626981298531769,0.01671715371793417,0.01194082408424241,BASE,0
2012-08-27 06:00:00+00:00,2012-08-27,-1.0,-1.012769436698629,-1.0191541550479435,BASE,0
2012-08-28 06:00:00+00:00,2012-08-28,-1.0,-1.015233987974466,-1.0228509819616993,BASE,0
2012-08-29 08:00:00+00:00,2012-08-29,-1.0,-1.0145377613750566,-1.021806642062585,LON_H2|RANGE_DI_CONT_G5|2.0|0.3,2
2012-08-30 06:00:00+00:00,2012-08-30,1.5,1.48538898846775,1.478083482701625,BASE,0
2012-09-04 07:00:00+00:00,2012-09-04,1.5,1.485990072918654,1.4789851093779809,LON_H1|RISE_CANDLE|2.25|1.5,1
2012-09-10 06:00:00+00:00,2012-09-10,-0.6706028161127829,-0.6812052321778075,-0.6865064402103198,BASE,0
2012-09-11 06:00:00+00:00,2012-09-11,-1.0,-1.0119229498358502,-1.0178844247537753,BASE,0
2012-09-12 08:00:00+00:00,2012-09-12,0.3,0.28944014367574133,0.284160215513612,LON_H2|RANGE_DI_CONT_G5|2.0|0.3,2
2012-09-18 06:00:00+00:00,2012-09-18,-1.0,-1.009916922624812,-1.014875383937218,BASE,0
2012-09-19 08:00:00+00:00,2012-09-19,0.3,0.2893257981167504,0.28398869717512565,LON_H2|RANGE_DI_CONT_G5|2.0|0.3,2
2012-09-20 06:00:00+00:00,2012-09-20,-0.12730434069053892,-0.13656283819530454,-0.14119208694768734,BASE,0
2012-09-25 06:00:00+00:00,2012-09-25,0.20818334445872452,0.19838648119007887,0.19348804955575605,BASE,0
2012-09-26 06:00:00+00:00,2012-09-26,-1.0,-1.0099406147724965,-1.0149109221587447,BASE,0
2012-09-27 06:00:00+00:00,2012-09-27,-1.0,-1.0115588858816529,-1.0173383288224793,BASE,0
2012-10-03 06:00:00+00:00,2012-10-03,-1.0,-1.0127254351998352,-1.0190881527997526,BASE,0
2012-10-04 06:00:00+00:00,2012-10-04,1.5,1.4880272499722804,1.4820408749584206,BASE,0
2012-10-08 07:00:00+00:00,2012-10-08,-0.20895653412059528,-0.2202514819108983,-0.2258989558060498,LON_H1|RISE_CANDLE|2.25|1.5,1
2012-10-10 06:00:00+00:00,2012-10-10,0.6273562169431013,0.6179222888687693,0.6132053248316033,BASE,0
2012-10-15 06:00:00+00:00,2012-10-15,0.5527837768863468,0.5424994275489269,0.537357252880217,BASE,0
2012-10-16 06:00:00+00:00,2012-10-16,1.5,1.488470113200432,1.482705169800648,BASE,0
2012-10-17 06:00:00+00:00,2012-10-17,0.2963812610483096,0.2865018856800315,0.2815621979958925,BASE,0
2012-10-23 06:00:00+00:00,2012-10-23,1.5,1.486377126360715,1.4795656895410725,BASE,0
2012-10-25 06:00:00+00:00,2012-10-25,1.1663715022167251,1.155934173337828,1.1507155088983798,BASE,0
2012-10-29 07:00:00+00:00,2012-10-29,0.033287262052304444,0.0211828031241753,0.015130573660110728,BASE,0
2012-10-31 07:00:00+00:00,2012-10-31,1.5,1.4852444393284774,1.4778666589927163,BASE,0
2012-11-05 08:00:00+00:00,2012-11-05,-0.2803807791599576,-0.29021870123574633,-0.29513766227364063,LON_H1|RISE_CANDLE|2.25|1.5,1
2012-11-07 08:00:00+00:00,2012-11-07,1.5,1.490368591129615,1.4855528866944225,LON_H1|RISE_CANDLE|2.25|1.5,1
2012-11-08 09:00:00+00:00,2012-11-08,-0.657464558691177,-0.668068825766841,-0.6733709593046731,LON_H2|RANGE_DI_CONT_G5|2.0|0.3,2
2012-11-13 07:00:00+00:00,2012-11-13,-1.0,-1.0156137577318776,-1.0234206365978165,BASE,0
2012-11-15 08:00:00+00:00,2012-11-15,0.38024425753753194,0.36880834001760665,0.363090381257644,LON_H1|RISE_CANDLE|2.25|1.5,1
2012-11-19 07:00:00+00:00,2012-11-19,-1.0,-1.0121670738349169,-1.0182506107523752,BASE,0
2012-11-21 07:00:00+00:00,2012-11-21,1.286598544951932,1.2771901460857384,1.2724859466526417,BASE,0
2012-11-22 07:00:00+00:00,2012-11-22,0.8704798916389681,0.8573899684564267,0.850845006865156,BASE,0
2012-11-28 07:00:00+00:00,2012-11-28,-1.0,-1.0137403687633424,-1.0206105531450138,BASE,0
2012-11-29 08:00:00+00:00,2012-11-29,-0.10496926236464606,-0.1173185873487218,-0.12349324984075968,LON_H1|RISE_CANDLE|2.25|1.5,1
2012-12-03 07:00:00+00:00,2012-12-03,0.5825063224129401,0.5709141567927825,0.5651180739827036,BASE,0
2012-12-04 07:00:00+00:00,2012-12-04,0.7070070033786783,0.6945487301913887,0.688319593597744,BASE,0
2012-12-05 07:00:00+00:00,2012-12-05,-1.0,-1.0139240040005564,-1.0208860060008347,BASE,0
2012-12-11 07:00:00+00:00,2012-12-11,0.6,0.5878644536787365,0.5817966805181047,BASE,0
2012-12-12 07:00:00+00:00,2012-12-12,0.6,0.5866236796913477,0.5799355195370215,BASE,0
2012-12-13 07:00:00+00:00,2012-12-13,0.30431211590456714,0.29189121321458456,0.2856807618695933,BASE,0
2012-12-19 09:00:00+00:00,2012-12-19,0.3,0.2847907250450648,0.27718608756759716,LON_H2|RANGE_DI_CONT_G5|2.0|0.3,2
2012-12-24 08:00:00+00:00,2012-12-24,-1.0,-1.0127335817271277,-1.0191003725906915,LON_H1|RISE_CANDLE|2.25|1.5,1
2012-12-26 09:00:00+00:00,2012-12-26,0.3,0.2813364614527439,0.2720046921791158,LON_H2|RANGE_DI_CONT_G5|2.0|0.3,2
2012-12-27 07:00:00+00:00,2012-12-27,-1.0,-1.0150998688018855,-1.0226498032028284,BASE,0
2012-12-31 07:00:00+00:00,2012-12-31,-1.0,-1.0118563882512333,-1.0177845823768497,BASE,0
2013-01-08 07:00:00+00:00,2013-01-08,-1.0,-1.009402824519381,-1.0141042367790711,BASE,0
2013-01-10 09:00:00+00:00,2013-01-10,0.3,0.28766624633724014,0.2814993695058602,LON_H2|RANGE_DI_CONT_G5|2.0|0.3,2
2013-01-16 07:00:00+00:00,2013-01-16,-1.0,-1.0083664237324155,-1.0125496355986232,BASE,0
2013-01-17 08:00:00+00:00,2013-01-17,0.47145918846288515,0.4637931853984484,0.45996018386623,LON_H1|RISE_CANDLE|2.25|1.5,1
2013-01-21 07:00:00+00:00,2013-01-21,-0.10105782050244731,-0.11024489509357897,-0.1148384323891448,BASE,0
2013-01-22 07:00:00+00:00,2013-01-22,1.5,1.4877235272713887,1.481585290907083,BASE,0
2013-01-23 07:00:00+00:00,2013-01-23,-1.0,-1.011136366123311,-1.0167045491849667,BASE,0
2013-01-30 09:00:00+00:00,2013-01-30,0.3,0.28628458230435067,0.279426873456526,LON_H2|RANGE_DI_CONT_G5|2.0|0.3,2
2013-01-31 07:00:00+00:00,2013-01-31,0.6,0.589256061115928,0.583884091673892,BASE,0
2013-02-04 08:00:00+00:00,2013-02-04,1.5,1.491038438104716,1.486557657157074,LON_H1|RISE_CANDLE|2.25|1.5,1
2013-02-05 07:00:00+00:00,2013-02-05,1.5,1.4906482690137692,1.4859724035206539,BASE,0
2013-02-06 07:00:00+00:00,2013-02-06,0.09336940190285503,0.08488127445714086,0.08063721073428377,BASE,0
2013-02-12 08:00:00+00:00,2013-02-12,1.5,1.489765721420917,1.4846485821313755,LON_H1|RISE_CANDLE|2.25|1.5,1
2013-02-13 08:00:00+00:00,2013-02-13,-1.0,-1.0104544892652676,-1.0156817338979012,LON_H1|RISE_CANDLE|2.25|1.5,1
2013-02-14 09:00:00+00:00,2013-02-14,0.3,0.290404395983611,0.2856065939754165,LON_H2|RANGE_DI_CONT_G5|2.0|0.3,2
2013-02-18 08:00:00+00:00,2013-02-18,0.3021219921186656,0.29133192097157046,0.2859368853980229,LON_H1|RISE_CANDLE|2.25|1.5,1
2013-02-20 07:00:00+00:00,2013-02-20,1.5,1.4881308196674825,1.4821962295012236,BASE,0
2013-02-21 07:00:00+00:00,2013-02-21,1.5,1.491248781264063,1.4868731718960946,BASE,0
2013-02-25 07:00:00+00:00,2013-02-25,1.5,1.489750991455793,1.4846264871836894,BASE,0
2013-03-04 07:00:00+00:00,2013-03-04,0.3177637336362331,0.30827824905007617,0.3035355067569977,BASE,0
2013-03-05 07:00:00+00:00,2013-03-05,-1.0,-1.0109590328791722,-1.0164385493187584,BASE,0
2013-03-12 07:00:00+00:00,2013-03-12,-1.0,-1.0131366491458302,-1.0197049737187454,BASE,0
2013-03-25 09:00:00+00:00,2013-03-25,-1.0,-1.0085228589813162,-1.0127842884719744,LON_H2|RANGE_DI_CONT_G5|2.0|0.3,2
2013-03-26 08:00:00+00:00,2013-03-26,-0.355801689472515,-0.3644271849748782,-0.3687399327260598,LON_H1|RISE_CANDLE|2.25|1.5,1
2013-03-27 07:00:00+00:00,2013-03-27,1.5,1.4886472574478438,1.4829708861717659,BASE,0
2013-04-02 07:00:00+00:00,2013-04-02,0.9807056201512936,0.9671786460802418,0.960415159044716,LON_H1|RISE_CANDLE|2.25|1.5,1
2013-04-04 07:00:00+00:00,2013-04-04,-1.0,-1.0125283043022968,-1.0187924564534452,LON_H1|RISE_CANDLE|2.25|1.5,1
2013-04-10 07:00:00+00:00,2013-04-10,-1.0,-1.0115458834715494,-1.0173188252073242,LON_H1|RISE_CANDLE|2.25|1.5,1
2013-04-15 06:00:00+00:00,2013-04-15,-1.0,-1.0114198518980901,-1.017129777847135,BASE,0
2013-04-18 06:00:00+00:00,2013-04-18,-1.0,-1.0082290225720005,-1.012343533858001,BASE,0
2013-04-23 07:00:00+00:00,2013-04-23,-0.4084730450030256,-0.41660186181900594,-0.4206662702269961,LON_H1|RISE_CANDLE|2.25|1.5,1
2013-04-24 07:00:00+00:00,2013-04-24,-1.0,-1.0120439923809543,-1.0180659885714314,LON_H1|RISE_CANDLE|2.25|1.5,1
2013-04-25 06:00:00+00:00,2013-04-25,-1.0,-1.0123264978975182,-1.0184897468462772,BASE,0
2013-04-29 06:00:00+00:00,2013-04-29,0.794905570161726,0.7834680799435717,0.7777493348344946,BASE,0
2013-05-01 07:00:00+00:00,2013-05-01,1.5,1.4870869986595154,1.480630497989273,LON_H1|RISE_CANDLE|2.25|1.5,1
2013-05-06 07:00:00+00:00,2013-05-06,-1.0,-1.0102961905336612,-1.0154442858004917,LON_H1|RISE_CANDLE|2.25|1.5,1
2013-05-08 07:00:00+00:00,2013-05-08,-1.0,-1.0137580212808943,-1.0206370319213414,LON_H1|RISE_CANDLE|2.25|1.5,1
2013-05-13 06:00:00+00:00,2013-05-13,0.6,0.5907870397184035,0.5861805595776053,BASE,0
2013-05-15 06:00:00+00:00,2013-05-15,0.5394428311164383,0.5292164267350843,0.5241032245444073,BASE,0
2013-05-21 06:00:00+00:00,2013-05-21,-1.0,-1.0115815160098103,-1.0173722740147155,BASE,0
2013-05-27 07:00:00+00:00,2013-05-27,-0.37893782886281974,-0.39096760120767293,-0.3969824873800995,LON_H1|RISE_CANDLE|2.25|1.5,1
2013-05-28 06:00:00+00:00,2013-05-28,-1.0,-1.0126145376404352,-1.018921806460653,BASE,0
2013-06-03 06:00:00+00:00,2013-06-03,-1.0,-1.0100121439003242,-1.0150182158504863,BASE,0
2013-06-04 06:00:00+00:00,2013-06-04,0.6,0.5910137259213928,0.5865205888820892,BASE,0
2013-06-05 06:00:00+00:00,2013-06-05,-1.0,-1.0109187232571295,-1.0163780848856943,BASE,0
2013-06-06 06:00:00+00:00,2013-06-06,-1.0,-1.0113724821007308,-1.0170587231510964,BASE,0
2013-06-10 07:00:00+00:00,2013-06-10,0.9675930953198395,0.9588167407137639,0.9544285634107261,LON_H1|RISE_CANDLE|2.25|1.5,1
2013-06-11 08:00:00+00:00,2013-06-11,0.3,0.2882874106836761,0.28243111602551413,LON_H2|RANGE_DI_CONT_G5|2.0|0.3,2
2013-06-12 07:00:00+00:00,2013-06-12,-1.0,-1.0100621566013732,-1.0150932349020598,LON_H1|RISE_CANDLE|2.25|1.5,1
2013-06-13 07:00:00+00:00,2013-06-13,-0.39738622886853375,-0.40662776907477904,-0.41124853917790166,LON_H1|RISE_CANDLE|2.25|1.5,1
2013-06-17 07:00:00+00:00,2013-06-17,1.013425031193232,1.0009521077323922,0.9947156460019722,LON_H1|RISE_CANDLE|2.25|1.5,1
2013-06-20 06:00:00+00:00,2013-06-20,1.5,1.4913037458237515,1.4869556187356274,BASE,0
2013-06-24 06:00:00+00:00,2013-06-24,-1.0,-1.0095154762863934,-1.01427321442959,BASE,0
2013-06-26 08:00:00+00:00,2013-06-26,0.3,0.2889564392688429,0.28343465890326436,LON_H2|RANGE_DI_CONT_G5|2.0|0.3,2
2013-07-02 08:00:00+00:00,2013-07-02,0.3,0.2870800349283319,0.2806200523924978,LON_H2|RANGE_DI_CONT_G5|2.0|0.3,2
2013-07-16 06:00:00+00:00,2013-07-16,-1.0,-1.0104712525858945,-1.015706878878842,BASE,0
2013-07-22 06:00:00+00:00,2013-07-22,0.6,0.5878368992950205,0.5817553489425307,BASE,0
2013-07-23 06:00:00+00:00,2013-07-23,0.6,0.5864291005053142,0.5796436507579712,BASE,0
2013-07-25 08:00:00+00:00,2013-07-25,0.3,0.28857657086574057,0.28286485629861086,LON_H2|RANGE_DI_CONT_G5|2.0|0.3,2
2013-08-01 07:00:00+00:00,2013-08-01,0.6851111382647931,0.6759150156035213,0.6713169542728854,LON_H1|RISE_CANDLE|2.25|1.5,1
2013-08-06 06:00:00+00:00,2013-08-06,1.5,1.4853507575967806,1.4780261363951708,BASE,0
2013-08-08 06:00:00+00:00,2013-08-08,1.5,1.4865417771050131,1.4798126656575197,BASE,0
2013-08-12 07:00:00+00:00,2013-08-12,-0.06334578480502784,-0.07825067534738703,-0.08570312061856661,LON_H1|RISE_CANDLE|2.25|1.5,1
2013-08-13 06:00:00+00:00,2013-08-13,0.6,0.5838611696634787,0.575791754495218,BASE,0
2013-08-15 06:00:00+00:00,2013-08-15,1.5,1.4854188011739429,1.4781282017609143,BASE,0
2013-08-20 08:00:00+00:00,2013-08-20,0.3,0.2858042856345281,0.2787064284517921,LON_H2|RANGE_DI_CONT_G5|2.0|0.3,2
2013-08-22 07:00:00+00:00,2013-08-22,-1.0,-1.0112223243052312,-1.0168334864578468,LON_H1|RISE_CANDLE|2.25|1.5,1
2013-08-29 06:00:00+00:00,2013-08-29,0.5113024831255044,0.5008142270613921,0.495570099029336,BASE,0
2013-09-02 06:00:00+00:00,2013-09-02,0.6,0.5885669761268721,0.5828504641903083,BASE,0
2013-09-03 06:00:00+00:00,2013-09-03,-1.0,-1.0171755547072874,-1.025763332060931,BASE,0
2013-09-05 06:00:00+00:00,2013-09-05,1.5,1.4840001986710798,1.4760002980066198,BASE,0
2013-09-09 06:00:00+00:00,2013-09-09,1.5,1.4867832636071685,1.480174895410753,BASE,0
2013-09-11 08:00:00+00:00,2013-09-11,0.3,0.2837957791449264,0.27569366871738954,LON_H2|RANGE_DI_CONT_G5|2.0|0.3,2
2013-09-16 06:00:00+00:00,2013-09-16,-1.0,-1.0107059835970824,-1.0160589753956235,BASE,0
2013-09-17 06:00:00+00:00,2013-09-17,0.06191841136558144,0.04734937339720963,0.04006485441302373,BASE,0
2013-09-19 06:00:00+00:00,2013-09-19,-0.37986390040367796,-0.3904894640513346,-0.39580224587516294,BASE,0
2013-09-26 06:00:00+00:00,2013-09-26,-1.0,-1.0158516300356637,-1.0237774450534958,BASE,0
2013-10-01 07:00:00+00:00,2013-10-01,0.8033549270228677,0.7923122476136185,0.786790907908994,LON_H1|RISE_CANDLE|2.25|1.5,1
2013-10-02 07:00:00+00:00,2013-10-02,1.5,1.4860101943225312,1.4790152914837966,LON_H1|RISE_CANDLE|2.25|1.5,1
2013-10-09 06:00:00+00:00,2013-10-09,1.5,1.485432900748458,1.478149351122687,BASE,0
2013-10-15 08:00:00+00:00,2013-10-15,0.3,0.2812662560360176,0.27189938405402647,LON_H2|RANGE_DI_CONT_G5|2.0|0.3,2
2013-10-17 07:00:00+00:00,2013-10-17,1.1721504325730085,1.1628105884887616,1.158140666446638,LON_H1|RISE_CANDLE|2.25|1.5,1
2013-10-23 06:00:00+00:00,2013-10-23,-1.0,-1.0138509103504714,-1.0207763655257072,BASE,0
2013-10-24 06:00:00+00:00,2013-10-24,1.5,1.4844929724447486,1.4767394586671228,BASE,0
2013-10-28 08:00:00+00:00,2013-10-28,0.9159831366626731,0.9001219568070425,0.8921913668792274,LON_H1|RISE_CANDLE|2.25|1.5,1
2013-10-29 08:00:00+00:00,2013-10-29,-1.0,-1.0143320198515196,-1.021498029777279,LON_H1|RISE_CANDLE|2.25|1.5,1
2013-10-30 08:00:00+00:00,2013-10-30,-1.0,-1.013469900883847,-1.0202048513257704,LON_H1|RISE_CANDLE|2.25|1.5,1
2013-10-31 09:00:00+00:00,2013-10-31,0.3,0.2877931005203029,0.2816896507804544,LON_H2|RANGE_DI_CONT_G5|2.0|0.3,2
2013-11-05 07:00:00+00:00,2013-11-05,1.5,1.4852216801857003,1.4778325202785503,BASE,0
2013-11-18 08:00:00+00:00,2013-11-18,-0.05004467985346267,-0.0643431598115919,-0.07149239979065652,LON_H1|RISE_CANDLE|2.25|1.5,1
2013-11-19 07:00:00+00:00,2013-11-19,-1.0,-1.015982903652698,-1.023974355479047,BASE,0
2013-11-21 07:00:00+00:00,2013-11-21,-1.0,-1.01037727616391,-1.015565914245865,BASE,0
2013-11-26 07:00:00+00:00,2013-11-26,-1.0,-1.0157320868383497,-1.0235981302575243,BASE,0
2013-11-27 07:00:00+00:00,2013-11-27,0.6,0.5882445985930694,0.5823668978896042,BASE,0
2013-11-28 08:00:00+00:00,2013-11-28,-0.195372205644538,-0.20958109332777583,-0.21668553716939473,LON_H1|RISE_CANDLE|2.25|1.5,1
2013-12-05 07:00:00+00:00,2013-12-05,1.5,1.488781033579334,1.4831715503690006,BASE,0
2013-12-09 08:00:00+00:00,2013-12-09,0.7563579155763963,0.7418821659959863,0.7346442912057813,LON_H1|RISE_CANDLE|2.25|1.5,1
2013-12-17 08:00:00+00:00,2013-12-17,1.5,1.483263831525802,1.474895747288703,LON_H1|RISE_CANDLE|2.25|1.5,1
2013-12-18 07:00:00+00:00,2013-12-18,1.5,1.4805461743280057,1.4708192614920086,BASE,0
2013-12-19 07:00:00+00:00,2013-12-19,0.3583895492564247,0.35005490857604354,0.3458875882358529,BASE,0
2013-12-26 08:00:00+00:00,2013-12-26,0.3476323471719243,0.32858399938168503,0.31905982548656536,LON_H1|RISE_CANDLE|2.25|1.5,1
2014-01-02 07:00:00+00:00,2014-01-02,1.5,1.489459787606207,1.4841896814093107,BASE,0
2014-01-08 07:00:00+00:00,2014-01-08,1.5,1.4856830614821956,1.4785245922232935,BASE,0
2014-01-15 08:00:00+00:00,2014-01-15,0.48985063009461544,0.4767879466254262,0.47025660489083154,LON_H1|RISE_CANDLE|2.25|1.5,1
2014-01-23 07:00:00+00:00,2014-01-23,1.5,1.487845671342247,1.4817685070133704,BASE,0
2014-01-27 07:00:00+00:00,2014-01-27,-1.0,-1.0132865966386846,-1.0199298949580267,BASE,0
2014-01-28 08:00:00+00:00,2014-01-28,-1.0,-1.015346721559272,-1.023020082338908,LON_H1|RISE_CANDLE|2.25|1.5,1
2014-01-29 07:00:00+00:00,2014-01-29,1.5,1.483891179787272,1.4758367696809078,BASE,0
2014-01-30 07:00:00+00:00,2014-01-30,1.5,1.4885115753733382,1.4827673630600073,BASE,0
2014-02-04 07:00:00+00:00,2014-02-04,0.15954610075823833,0.14596770920434485,0.13917851342739812,BASE,0
2014-02-05 07:00:00+00:00,2014-02-05,1.5,1.483675466882119,1.4755132003231786,BASE,0
2014-02-10 07:00:00+00:00,2014-02-10,-0.0961783832594487,-0.11097505760704772,-0.11837339478084723,BASE,0
2014-02-13 07:00:00+00:00,2014-02-13,-1.0,-1.014604236809361,-1.0219063552140417,BASE,0
2014-02-18 09:00:00+00:00,2014-02-18,0.3,0.28149226693865603,0.272238400407984,LON_H2|RANGE_DI_CONT_G5|2.0|0.3,2
2014-02-20 07:00:00+00:00,2014-02-20,-0.34374270224851505,-0.35791765904226625,-0.3650051374391418,BASE,0
2014-02-24 08:00:00+00:00,2014-02-24,-1.0,-1.016407700077519,-1.0246115501162782,LON_H1|RISE_CANDLE|2.25|1.5,1
2014-02-25 07:00:00+00:00,2014-02-25,-1.0,-1.0190552996472366,-1.028582949470855,BASE,0
2014-02-26 08:00:00+00:00,2014-02-26,-1.0,-1.0193394095432164,-1.0290091143148248,LON_H1|RISE_CANDLE|2.25|1.5,1
2014-02-27 07:00:00+00:00,2014-02-27,-1.0,-1.0173411293268333,-1.02601169399025,BASE,0
2014-03-10 08:00:00+00:00,2014-03-10,0.2749755952343314,0.2590349810178503,0.2510646739096097,LON_H1|RISE_CANDLE|2.25|1.5,1
2014-03-11 09:00:00+00:00,2014-03-11,0.3,0.28040709923781665,0.27061064885672503,LON_H2|RANGE_DI_CONT_G5|2.0|0.3,2
2014-03-12 08:00:00+00:00,2014-03-12,1.5,1.4811377694509686,1.471706654176453,LON_H1|RISE_CANDLE|2.25|1.5,1
2014-03-18 09:00:00+00:00,2014-03-18,0.3,0.2797391357395067,0.2696087036092601,LON_H2|RANGE_DI_CONT_G5|2.0|0.3,2
2014-03-19 08:00:00+00:00,2014-03-19,1.5,1.4844823298819783,1.4767234948229675,LON_H1|RISE_CANDLE|2.25|1.5,1
2014-03-20 07:00:00+00:00,2014-03-20,0.6,0.5876058476410634,0.5814087714615951,BASE,0
2014-03-25 07:00:00+00:00,2014-03-25,-1.0,-1.014356567076925,-1.0215348506153874,BASE,0
2014-03-27 07:00:00+00:00,2014-03-27,1.0379855274509628,1.023468247346754,1.0162096072946496,BASE,0
2014-03-31 07:00:00+00:00,2014-03-31,-1.0,-1.0162764641104458,-1.0244146961656688,LON_H1|RISE_CANDLE|2.25|1.5,1
2014-04-01 07:00:00+00:00,2014-04-01,-0.07739939741292104,-0.09287927689550696,-0.10061921663679992,LON_H1|RISE_CANDLE|2.25|1.5,1
2014-04-02 07:00:00+00:00,2014-04-02,1.5,1.4816646904638722,1.4724970356958083,LON_H1|RISE_CANDLE|2.25|1.5,1
2014-04-08 06:00:00+00:00,2014-04-08,0.6,0.5764179566191423,0.5646269349287135,BASE,0
2014-04-10 06:00:00+00:00,2014-04-10,0.6,0.5861590822172508,0.5792386233258762,BASE,0
2014-04-14 08:00:00+00:00,2014-04-14,0.3,0.2850473375905632,0.2775710063858448,LON_H2|RANGE_DI_CONT_G5|2.0|0.3,2
2014-04-15 07:00:00+00:00,2014-04-15,-1.0,-1.0197101531700254,-1.029565229755038,LON_H1|RISE_CANDLE|2.25|1.5,1
2014-04-16 06:00:00+00:00,2014-04-16,-1.0,-1.0189729125866556,-1.0284593688799832,BASE,0
2014-04-17 06:00:00+00:00,2014-04-17,-1.0,-1.0196992107921043,-1.0295488161881563,BASE,0
2014-04-24 06:00:00+00:00,2014-04-24,-1.0,-1.021671984177296,-1.0325079762659441,BASE,0
2014-04-29 06:00:00+00:00,2014-04-29,-1.0,-1.0233292259780193,-1.034993838967029,BASE,0
2014-04-30 08:00:00+00:00,2014-04-30,-1.0,-1.0214620169499478,-1.0321930254249216,LON_H2|RANGE_DI_CONT_G5|2.0|0.3,2
2014-05-01 06:00:00+00:00,2014-05-01,-1.0,-1.0185850827305984,-1.0278776240958976,BASE,0
2014-05-05 07:00:00+00:00,2014-05-05,-0.23536299418984719,-0.2549765770389997,-0.26478336846357586,LON_H1|RISE_CANDLE|2.25|1.5,1
2014-05-06 06:00:00+00:00,2014-05-06,1.5,1.4703449190461877,1.4555173785692814,BASE,0
2014-05-08 07:00:00+00:00,2014-05-08,1.5,1.4756675841597413,1.463501376239612,LON_H1|RISE_CANDLE|2.25|1.5,1
2014-05-15 07:00:00+00:00,2014-05-15,-1.0,-1.0156852627546606,-1.023527894131991,LON_H1|RISE_CANDLE|2.25|1.5,1
2014-05-19 06:00:00+00:00,2014-05-19,-0.2475482321411928,-0.2681772514862906,-0.27849176115883956,BASE,0
2014-05-20 06:00:00+00:00,2014-05-20,-0.1920650104361286,-0.2153456177617241,-0.22698592142452184,BASE,0
2014-05-21 06:00:00+00:00,2014-05-21,-1.0,-1.0230831341974693,-1.034624701296204,BASE,0
2014-05-22 06:00:00+00:00,2014-05-22,-1.0,-1.0168463308609785,-1.025269496291468,BASE,0
2014-05-28 07:00:00+00:00,2014-05-28,1.5,1.4787168817688663,1.4680753226532994,LON_H1|RISE_CANDLE|2.25|1.5,1
2014-05-29 08:00:00+00:00,2014-05-29,0.3,0.27968917310212354,0.2695337596531853,LON_H2|RANGE_DI_CONT_G5|2.0|0.3,2
2014-06-02 06:00:00+00:00,2014-06-02,1.5,1.4791471115053862,1.4687206672580795,BASE,0
2014-06-03 08:00:00+00:00,2014-06-03,-1.0,-1.025686206598041,-1.0385293098970616,LON_H2|RANGE_DI_CONT_G5|2.0|0.3,2
2014-06-04 06:00:00+00:00,2014-06-04,-1.0,-1.0218330786216103,-1.0327496179324154,BASE,0
2014-06-05 07:00:00+00:00,2014-06-05,-1.0,-1.0227066848292583,-1.0340600272438876,LON_H1|RISE_CANDLE|2.25|1.5,1
2014-06-09 07:00:00+00:00,2014-06-09,1.5,1.4840140700576234,1.4760211050864354,LON_H1|RISE_CANDLE|2.25|1.5,1
2014-06-10 08:00:00+00:00,2014-06-10,0.3,0.2802190818478268,0.2703286227717402,LON_H2|RANGE_DI_CONT_G5|2.0|0.3,2
2014-06-16 06:00:00+00:00,2014-06-16,-1.0,-1.0198024614674164,-1.0297036922011245,BASE,0
2014-06-18 07:00:00+00:00,2014-06-18,1.5,1.47444756947197,1.4616713542079554,LON_H1|RISE_CANDLE|2.25|1.5,1
2014-06-24 07:00:00+00:00,2014-06-24,-1.0,-1.0233717904307236,-1.0350576856460854,LON_H1|RISE_CANDLE|2.25|1.5,1
2014-06-25 07:00:00+00:00,2014-06-25,-1.0,-1.0224239251584708,-1.033635887737706,LON_H1|RISE_CANDLE|2.25|1.5,1
2014-06-26 06:00:00+00:00,2014-06-26,1.5,1.4750571223034277,1.4625856834551416,BASE,0
2014-06-30 06:00:00+00:00,2014-06-30,1.5,1.4747176801693977,1.4620765202540964,BASE,0
2014-07-01 06:00:00+00:00,2014-07-01,0.6,0.5757438741212866,0.5636158111819299,BASE,0
2014-07-08 06:00:00+00:00,2014-07-08,-1.0,-1.0331432277032349,-1.0497148415548523,BASE,0
2014-07-09 07:00:00+00:00,2014-07-09,-1.0,-1.0267774283404496,-1.0401661425106743,LON_H1|RISE_CANDLE|2.25|1.5,1
2014-07-16 07:00:00+00:00,2014-07-16,1.5,1.4793669201731245,1.4690503802596868,LON_H1|RISE_CANDLE|2.25|1.5,1
2014-07-22 06:00:00+00:00,2014-07-22,1.5,1.4667571588361885,1.450135738254283,BASE,0
2014-07-30 06:00:00+00:00,2014-07-30,1.5,1.4663065274891842,1.4494597912337763,BASE,0
2014-08-05 07:00:00+00:00,2014-08-05,1.5,1.4737050947116326,1.4605576420674489,LON_H1|RISE_CANDLE|2.25|1.5,1
2014-08-12 08:00:00+00:00,2014-08-12,0.3,0.2734293079023567,0.26014396185353506,LON_H2|RANGE_DI_CONT_G5|2.0|0.3,2
2014-08-13 07:00:00+00:00,2014-08-13,-1.0,-1.024986163635763,-1.0374792454536441,LON_H1|RISE_CANDLE|2.25|1.5,1
2014-08-14 06:00:00+00:00,2014-08-14,1.5,1.4813494967091396,1.4720242450637095,BASE,0
2014-08-25 06:00:00+00:00,2014-08-25,-0.14327763049627848,-0.1576053935459079,-0.16476927507072262,BASE,0
2014-08-28 07:00:00+00:00,2014-08-28,1.5,1.4830920655832593,1.474638098374889,LON_H1|RISE_CANDLE|2.25|1.5,1
2014-09-02 08:00:00+00:00,2014-09-02,0.3,0.2751833636324968,0.2627750454487452,LON_H2|RANGE_DI_CONT_G5|2.0|0.3,2
2014-09-04 06:00:00+00:00,2014-09-04,1.5,1.4779130708505082,1.466869606275762,BASE,0
2014-09-09 06:00:00+00:00,2014-09-09,0.6,0.5871988471596856,0.5807982707395284,BASE,0
2014-09-10 08:00:00+00:00,2014-09-10,0.3,0.28624167779129533,0.279362516686943,LON_H2|RANGE_DI_CONT_G5|2.0|0.3,2
2014-09-11 06:00:00+00:00,2014-09-11,0.22147536971263732,0.20825295958053855,0.20164175451448915,BASE,0
2014-09-17 06:00:00+00:00,2014-09-17,-1.0,-1.0163226468722175,-1.0244839703083262,BASE,0
2014-09-23 07:00:00+00:00,2014-09-23,-0.3739712973383975,-0.39059224388677255,-0.3989027171609601,LON_H1|RISE_CANDLE|2.25|1.5,1
2014-09-24 06:00:00+00:00,2014-09-24,-1.0,-1.016650543869495,-1.0249758158042426,BASE,0
2014-09-25 06:00:00+00:00,2014-09-25,-1.0,-1.0152514990797725,-1.022877248619659,BASE,0
2014-09-30 08:00:00+00:00,2014-09-30,0.3,0.2846523258970668,0.27697848884560017,LON_H2|RANGE_DI_CONT_G5|2.0|0.3,2
2014-10-01 07:00:00+00:00,2014-10-01,-1.0,-1.0124903367636628,-1.0187355051454945,LON_H1|RISE_CANDLE|2.25|1.5,1
2014-10-08 08:00:00+00:00,2014-10-08,0.3,0.2891913148366077,0.28378697225491156,LON_H2|RANGE_DI_CONT_G5|2.0|0.3,2
2014-10-09 06:00:00+00:00,2014-10-09,-1.0,-1.0078698617157233,-1.0118047925735851,BASE,0
2014-10-14 08:00:00+00:00,2014-10-14,0.3,0.28888001960585513,0.28332002940878276,LON_H2|RANGE_DI_CONT_G5|2.0|0.3,2
2014-10-23 07:00:00+00:00,2014-10-23,-0.10449678229422953,-0.11643927169928185,-0.12241051640180803,LON_H1|RISE_CANDLE|2.25|1.5,1
2014-10-27 07:00:00+00:00,2014-10-27,0.6,0.5873227544494413,0.5809841316741619,BASE,0
2014-10-30 07:00:00+00:00,2014-10-30,-1.0,-1.0112981755875956,-1.0169472633813932,BASE,0
2014-11-03 09:00:00+00:00,2014-11-03,0.3,0.289654628057385,0.2844819420860775,LON_H2|RANGE_DI_CONT_G5|2.0|0.3,2
2014-11-05 08:00:00+00:00,2014-11-05,0.2481088196301711,0.23708176097994005,0.23156823165482454,LON_H1|RISE_CANDLE|2.25|1.5,1
2014-11-10 09:00:00+00:00,2014-11-10,0.3,0.28945004958107967,0.2841750743716195,LON_H2|RANGE_DI_CONT_G5|2.0|0.3,2
2014-11-11 07:00:00+00:00,2014-11-11,-1.0,-1.0118731212643015,-1.0178096818964524,BASE,0
2014-11-13 08:00:00+00:00,2014-11-13,0.21901107525398308,0.20819571351304533,0.20278803264257647,LON_H1|RISE_CANDLE|2.25|1.5,1
2014-11-18 07:00:00+00:00,2014-11-18,1.5,1.4864136324507973,1.479620448676196,BASE,0
2014-11-24 07:00:00+00:00,2014-11-24,-1.0,-1.0104879163946745,-1.0157318745920116,BASE,0
2014-11-26 07:00:00+00:00,2014-11-26,-1.0,-1.01292100408234,-1.0193815061235099,BASE,0
2014-12-02 07:00:00+00:00,2014-12-02,1.5,1.4854709517576699,1.4782064276365048,BASE,0
2014-12-03 07:00:00+00:00,2014-12-03,1.5,1.4841178630122975,1.4761767945184463,BASE,0
2014-12-08 07:00:00+00:00,2014-12-08,-1.0,-1.0106806386708633,-1.016020958006295,BASE,0
2014-12-09 07:00:00+00:00,2014-12-09,1.5,1.489850738061708,1.484776107092562,BASE,0
2014-12-16 08:00:00+00:00,2014-12-16,1.5,1.4899875907591145,1.4849813861386716,LON_H1|RISE_CANDLE|2.25|1.5,1
2014-12-17 07:00:00+00:00,2014-12-17,1.5,1.4909016465718548,1.486352469857782,BASE,0
2014-12-18 08:00:00+00:00,2014-12-18,-1.0,-1.007117488094739,-1.0106762321421088,LON_H1|RISE_CANDLE|2.25|1.5,1
2014-12-31 07:00:00+00:00,2014-12-31,-1.0,-1.0162856177737647,-1.024428426660647,BASE,0
2015-01-06 09:00:00+00:00,2015-01-06,0.3,0.28939902854495175,0.28409854281742764,LON_H2|RANGE_DI_CONT_G5|2.0|0.3,2
2015-01-07 07:00:00+00:00,2015-01-07,-1.0,-1.0094121960674478,-1.0141182941011717,BASE,0
2015-01-08 07:00:00+00:00,2015-01-08,0.5257536028613334,0.5150239374968162,0.5096591048145576,BASE,0
2015-01-12 07:00:00+00:00,2015-01-12,1.5,1.488708412176982,1.483062618265473,BASE,0
2015-01-21 08:00:00+00:00,2015-01-21,1.5,1.4901083344887982,1.4851625017331975,LON_H1|RISE_CANDLE|2.25|1.5,1
2015-01-22 07:00:00+00:00,2015-01-22,0.6,0.5922821387496118,0.5884232081244176,BASE,0
2015-01-28 09:00:00+00:00,2015-01-28,-1.0,-1.0075456923188602,-1.0113185384782903,LON_H2|RANGE_DI_CONT_G5|2.0|0.3,2
2015-02-02 08:00:00+00:00,2015-02-02,-0.20127742578685778,-0.20984242262885228,-0.2141249210498495,LON_H1|RISE_CANDLE|2.25|1.5,1
2015-02-10 09:00:00+00:00,2015-02-10,0.3,0.28925207983289886,0.28387811974934823,LON_H2|RANGE_DI_CONT_G5|2.0|0.3,2
2015-02-12 07:00:00+00:00,2015-02-12,1.5,1.4900078775268424,1.4850118162902635,BASE,0
2015-02-16 08:00:00+00:00,2015-02-16,1.5,1.488673798374121,1.4830106975611812,LON_H1|RISE_CANDLE|2.25|1.5,1
2015-02-17 07:00:00+00:00,2015-02-17,-1.0,-1.009171010186287,-1.0137565152794306,BASE,0
2015-02-19 07:00:00+00:00,2015-02-19,-1.0,-1.0109307853971037,-1.0163961780956554,BASE,0
2015-02-23 08:00:00+00:00,2015-02-23,-0.03232182753571993,-0.04040228441964183,-0.044442512861602786,LON_H1|RISE_CANDLE|2.25|1.5,1
2015-02-24 08:00:00+00:00,2015-02-24,-1.0,-1.0112784117639253,-1.016917617645888,LON_H1|RISE_CANDLE|2.25|1.5,1
2015-02-25 08:00:00+00:00,2015-02-25,-1.0,-1.0108186188025519,-1.0162279282038278,LON_H1|RISE_CANDLE|2.25|1.5,1
2015-03-02 07:00:00+00:00,2015-03-02,1.5,1.4883283691194085,1.482492553679113,BASE,0
2015-03-04 08:00:00+00:00,2015-03-04,1.5,1.4873331174218933,1.48099967613284,LON_H1|RISE_CANDLE|2.25|1.5,1
2015-03-05 07:00:00+00:00,2015-03-05,1.5,1.4878772824740374,1.481815923711056,BASE,0
2015-03-10 07:00:00+00:00,2015-03-10,0.6,0.5904087469411108,0.5856131204116661,BASE,0
2015-03-11 07:00:00+00:00,2015-03-11,1.5,1.4918129288045143,1.4877193932067714,BASE,0
2015-03-17 08:00:00+00:00,2015-03-17,-1.0,-1.0073619104890001,-1.0110428657335,LON_H1|RISE_CANDLE|2.25|1.5,1
2015-03-23 09:00:00+00:00,2015-03-23,0.3,0.29405619858644877,0.2910842978796732,LON_H2|RANGE_DI_CONT_G5|2.0|0.3,2
2015-03-26 07:00:00+00:00,2015-03-26,-1.0,-1.0081627384759353,-1.0122441077139028,BASE,0
2015-03-31 07:00:00+00:00,2015-03-31,-0.06727154391818585,-0.07518584320267814,-0.07914299284492429,LON_H1|RISE_CANDLE|2.25|1.5,1
2015-04-02 06:00:00+00:00,2015-04-02,1.5,1.4915615285473904,1.4873422928210858,BASE,0
2015-04-06 06:00:00+00:00,2015-04-06,0.6,0.5911558903425506,0.5867338355138259,BASE,0
2015-04-09 06:00:00+00:00,2015-04-09,-1.0,-1.0084616096353,-1.0126924144529499,BASE,0
2015-04-13 06:00:00+00:00,2015-04-13,0.6,0.5917039163445188,0.5875558745167783,BASE,0
2015-04-14 06:00:00+00:00,2015-04-14,1.5,1.4914814393033335,1.4872221589550003,BASE,0
2015-04-20 08:00:00+00:00,2015-04-20,0.3,0.2925889964461112,0.28888349466916674,LON_H2|RANGE_DI_CONT_G5|2.0|0.3,2
2015-04-21 06:00:00+00:00,2015-04-21,-1.0,-1.0086228445048258,-1.0129342667572387,BASE,0
2015-04-22 07:00:00+00:00,2015-04-22,-1.0,-1.0088497146676059,-1.0132745720014087,LON_H1|RISE_CANDLE|2.25|1.5,1
2015-04-23 06:00:00+00:00,2015-04-23,-1.0,-1.0091128227172839,-1.0136692340759257,BASE,0
2015-04-27 06:00:00+00:00,2015-04-27,-1.0,-1.0081037537896624,-1.0121556306844937,BASE,0
2015-04-28 06:00:00+00:00,2015-04-28,-1.0,-1.0097255298760333,-1.01458829481405,BASE,0
2015-04-29 06:00:00+00:00,2015-04-29,1.5,1.4892153151639873,1.4838229727459809,BASE,0
2015-04-30 07:00:00+00:00,2015-04-30,-1.0,-1.005324893426611,-1.0079873401399164,LON_H1|RISE_CANDLE|2.25|1.5,1
2015-05-04 06:00:00+00:00,2015-05-04,0.770297363164611,0.7627454282316243,0.7589694607651309,BASE,0
2015-05-05 06:00:00+00:00,2015-05-05,-1.0,-1.0091042361029323,-1.0136563541543984,BASE,0
2015-05-06 06:00:00+00:00,2015-05-06,-1.0,-1.0074146109296778,-1.0111219163945167,BASE,0
2015-05-12 06:00:00+00:00,2015-05-12,1.5,1.4911457729424924,1.4867186594137387,BASE,0
2015-05-14 06:00:00+00:00,2015-05-14,-1.0,-1.0075490385498342,-1.0113235578247515,BASE,0
2015-05-19 06:00:00+00:00,2015-05-19,1.5,1.491578911198223,1.4873683667973343,BASE,0
2015-05-20 07:00:00+00:00,2015-05-20,0.03219261225669841,0.025415220202653514,0.02202652417563107,LON_H1|RISE_CANDLE|2.25|1.5,1
2015-05-25 06:00:00+00:00,2015-05-25,0.11495913612529338,0.10777419011746225,0.10418171711354668,BASE,0
2015-05-26 06:00:00+00:00,2015-05-26,-1.0,-1.009741640920529,-1.0146124613807934,BASE,0
2015-05-28 07:00:00+00:00,2015-05-28,-1.0,-1.0072953790224555,-1.0109430685336833,LON_H1|RISE_CANDLE|2.25|1.5,1
2015-06-01 06:00:00+00:00,2015-06-01,0.016581166735219574,0.008290583367618077,0.00414529168381733,BASE,0
2015-06-02 06:00:00+00:00,2015-06-02,1.5,1.4917419445879079,1.487612916881862,BASE,0
2015-06-03 06:00:00+00:00,2015-06-03,-1.0,-1.0068269515737387,-1.010240427360608,BASE,0
2015-06-10 07:00:00+00:00,2015-06-10,-1.0,-1.0061862102866141,-1.009279315429921,LON_H1|RISE_CANDLE|2.25|1.5,1
2015-06-11 06:00:00+00:00,2015-06-11,1.5,1.4926371878432543,1.4889557817648815,BASE,0
2015-06-16 06:00:00+00:00,2015-06-16,-1.0,-1.0084546235290188,-1.0126819352935281,BASE,0
2015-06-17 07:00:00+00:00,2015-06-17,-1.0,-1.010511487455778,-1.0157672311836667,LON_H1|RISE_CANDLE|2.25|1.5,1
2015-06-18 06:00:00+00:00,2015-06-18,0.6,0.5926996412380975,0.5890494618571461,BASE,0
2015-06-22 06:00:00+00:00,2015-06-22,1.5,1.4903726282604792,1.4855589423907187,BASE,0
2015-06-23 07:00:00+00:00,2015-06-23,1.5,1.4925672078089054,1.4888508117133583,LON_H1|RISE_CANDLE|2.25|1.5,1
2015-07-01 06:00:00+00:00,2015-07-01,-1.0,-1.0083081435257621,-1.012462215288643,BASE,0
2015-07-07 06:00:00+00:00,2015-07-07,1.5,1.4907898055405242,1.4861847083107864,BASE,0
2015-07-08 06:00:00+00:00,2015-07-08,0.519581324665365,0.5125599554131305,0.5090492707870132,BASE,0
2015-07-09 06:00:00+00:00,2015-07-09,1.5,1.4922019788990046,1.488302968348507,BASE,0
2015-07-14 07:00:00+00:00,2015-07-14,-0.026139718938347965,-0.033608210063588696,-0.03734245562620905,LON_H1|RISE_CANDLE|2.25|1.5,1
2015-07-16 06:00:00+00:00,2015-07-16,0.6,0.5914874074423494,0.5872311111635242,BASE,0
2015-07-23 07:00:00+00:00,2015-07-23,-1.0,-1.0090899164585252,-1.0136348746877877,LON_H1|RISE_CANDLE|2.25|1.5,1
2015-07-27 06:00:00+00:00,2015-07-27,1.5,1.4894956514217168,1.4842434771325752,BASE,0
2015-08-04 07:00:00+00:00,2015-08-04,-1.0,-1.0113111415067004,-1.0169667122600508,LON_H1|RISE_CANDLE|2.25|1.5,1
2015-08-05 07:00:00+00:00,2015-08-05,-1.0,-1.0107569181983866,-1.01613537729758,LON_H1|RISE_CANDLE|2.25|1.5,1
2015-08-06 06:00:00+00:00,2015-08-06,-0.3164846153752518,-0.3263747596057288,-0.33131983172096735,BASE,0
2015-08-10 06:00:00+00:00,2015-08-10,-1.0,-1.009139589202235,-1.0137093838033526,BASE,0
2015-08-11 07:00:00+00:00,2015-08-11,0.042280616239318246,0.03459323146853692,0.030749539083146253,LON_H1|RISE_CANDLE|2.25|1.5,1
2015-08-12 06:00:00+00:00,2015-08-12,-1.0,-1.0095656051209385,-1.0143484076814075,BASE,0
2015-08-19 06:00:00+00:00,2015-08-19,-1.0,-1.0134896589770754,-1.0202344884656132,BASE,0
2015-08-20 08:00:00+00:00,2015-08-20,0.3,0.2897427921751409,0.2846141882627113,LON_H2|RANGE_DI_CONT_G5|2.0|0.3,2
2015-08-27 07:00:00+00:00,2015-08-27,1.5,1.4936744797885777,1.4905117196828666,LON_H1|RISE_CANDLE|2.25|1.5,1
2015-08-31 08:00:00+00:00,2015-08-31,0.3,0.291495387566985,0.28724308135047755,LON_H2|RANGE_DI_CONT_G5|2.0|0.3,2
2015-09-01 06:00:00+00:00,2015-09-01,-1.0,-1.0088284038105364,-1.0132426057158046,BASE,0
2015-09-08 06:00:00+00:00,2015-09-08,0.25877041432711423,0.24831504405126936,0.24308735891334696,BASE,0
2015-09-09 06:00:00+00:00,2015-09-09,0.888725303141083,0.877616236851819,0.872061703707187,BASE,0
2015-09-14 06:00:00+00:00,2015-09-14,-1.0,-1.0107616886633999,-1.0161425329951,BASE,0
2015-09-15 06:00:00+00:00,2015-09-15,-1.0,-1.011474468131318,-1.017211702196977,BASE,0
2015-09-16 06:00:00+00:00,2015-09-16,1.5,1.4879671734031235,1.4819507601046853,BASE,0
2015-09-17 06:00:00+00:00,2015-09-17,1.5,1.4887241837748382,1.4830862756622574,BASE,0
2015-09-21 08:00:00+00:00,2015-09-21,0.3,0.2911655629541713,0.2867483444312569,LON_H2|RANGE_DI_CONT_G5|2.0|0.3,2
2015-09-22 07:00:00+00:00,2015-09-22,-1.0,-1.0105362977893035,-1.0158044466839553,LON_H1|RISE_CANDLE|2.25|1.5,1
2015-09-24 06:00:00+00:00,2015-09-24,1.5,1.4917307984322454,1.487596197648368,BASE,0
2015-09-30 06:00:00+00:00,2015-09-30,1.5,1.4897720413987228,1.4846580620980843,BASE,0
2015-10-01 06:00:00+00:00,2015-10-01,-1.0,-1.0124360502356486,-1.0186540753534727,BASE,0
2015-10-05 07:00:00+00:00,2015-10-05,-1.0,-1.0082266408103278,-1.0123399612154915,LON_H1|RISE_CANDLE|2.25|1.5,1
2015-10-12 06:00:00+00:00,2015-10-12,0.6,0.5887457682603974,0.5831186523905961,BASE,0
2015-10-14 06:00:00+00:00,2015-10-14,1.5,1.4864062569426193,1.479609385413929,BASE,0
2015-10-15 06:00:00+00:00,2015-10-15,1.5,1.4882844322902635,1.4824266484353954,BASE,0
2015-10-22 06:00:00+00:00,2015-10-22,-1.0,-1.0147166356257913,-1.022074953438687,BASE,0
2015-10-28 09:00:00+00:00,2015-10-28,0.3,0.285941793164384,0.278912689746576,LON_H2|RANGE_DI_CONT_G5|2.0|0.3,2
2015-11-03 07:00:00+00:00,2015-11-03,1.5,1.4855572901637666,1.4783359352456498,BASE,0
2015-11-04 07:00:00+00:00,2015-11-04,1.5,1.4871703580005557,1.4807555370008334,BASE,0
2015-11-17 07:00:00+00:00,2015-11-17,0.06092433880333195,0.049319702840794934,0.04351738485952643,BASE,0
2015-11-18 08:00:00+00:00,2015-11-18,-1.0,-1.0131273961953562,-1.0196910942930344,LON_H1|RISE_CANDLE|2.25|1.5,1
2015-11-23 07:00:00+00:00,2015-11-23,-1.0,-1.0118929597853963,-1.0178394396780945,BASE,0
2015-11-24 08:00:00+00:00,2015-11-24,-0.4625090615443778,-0.4741445096335447,-0.4799622336781281,LON_H1|RISE_CANDLE|2.25|1.5,1
2015-11-25 08:00:00+00:00,2015-11-25,1.5,1.4895259743904274,1.4842889615856412,LON_H1|RISE_CANDLE|2.25|1.5,1
2015-11-26 07:00:00+00:00,2015-11-26,-0.13325125692969556,-0.14625137955698225,-0.1527514408706256,BASE,0
2015-11-30 07:00:00+00:00,2015-11-30,0.6,0.5845610827205245,0.5768416240807868,BASE,0
2015-12-01 07:00:00+00:00,2015-12-01,-1.0,-1.0153534666731947,-1.0230302000097922,BASE,0
2015-12-03 08:00:00+00:00,2015-12-03,-1.0,-1.013615196853759,-1.0204227952806386,LON_H1|RISE_CANDLE|2.25|1.5,1
2015-12-07 08:00:00+00:00,2015-12-07,-0.61431652960061,-0.6220681577343714,-0.625943971801252,LON_H1|RISE_CANDLE|2.25|1.5,1
2015-12-08 07:00:00+00:00,2015-12-08,0.567362286350635,0.5556034824884456,0.5497240805573509,BASE,0
2015-12-09 08:00:00+00:00,2015-12-09,1.5,1.4889425875889402,1.4834138813834101,LON_H1|RISE_CANDLE|2.25|1.5,1
2015-12-15 08:00:00+00:00,2015-12-15,1.5,1.4907522786017136,1.4861284179025704,LON_H1|RISE_CANDLE|2.25|1.5,1
2015-12-16 09:00:00+00:00,2015-12-16,-1.0,-1.0115385389951068,-1.0173078084926601,LON_H2|RANGE_DI_CONT_G5|2.0|0.3,2
2015-12-21 07:00:00+00:00,2015-12-21,-1.0,-1.0116703391261581,-1.0175055086892373,BASE,0
2015-12-24 07:00:00+00:00,2015-12-24,0.5455254631386247,0.5326136178572369,0.526157695216543,BASE,0
2015-12-28 08:00:00+00:00,2015-12-28,-0.12019889810170627,-0.13677805646055524,-0.14506763563997974,LON_H1|RISE_CANDLE|2.25|1.5,1
2015-12-29 07:00:00+00:00,2015-12-29,-1.0,-1.0168483577756666,-1.0252725366634998,BASE,0
2015-12-30 09:00:00+00:00,2015-12-30,0.3,0.2836400342106871,0.2754600513160307,LON_H2|RANGE_DI_CONT_G5|2.0|0.3,2
2016-01-05 08:00:00+00:00,2016-01-05,1.5,1.4903299837507347,1.485494975626102,LON_H1|RISE_CANDLE|2.25|1.5,1
2016-01-12 09:00:00+00:00,2016-01-12,0.3,0.29066472165536367,0.2859970824830455,LON_H2|RANGE_DI_CONT_G5|2.0|0.3,2
2016-01-13 07:00:00+00:00,2016-01-13,-1.0,-1.0105066476879125,-1.0157599715318688,BASE,0
2016-01-14 08:00:00+00:00,2016-01-14,-1.0,-1.0090359917113325,-1.0135539875669988,LON_H1|RISE_CANDLE|2.25|1.5,1
2016-01-19 08:00:00+00:00,2016-01-19,1.5,1.4878713667117236,1.4818070500675853,LON_H1|RISE_CANDLE|2.25|1.5,1
2016-01-26 08:00:00+00:00,2016-01-26,-0.4584597731735125,-0.4706853671248057,-0.4767981641004523,LON_H1|RISE_CANDLE|2.25|1.5,1
2016-02-02 07:00:00+00:00,2016-02-02,0.1851935696027003,0.17263807335845135,0.16636032523632688,BASE,0
2016-02-04 08:00:00+00:00,2016-02-04,1.5,1.4932579681230627,1.4898869521845939,LON_H1|RISE_CANDLE|2.25|1.5,1
2016-02-08 07:00:00+00:00,2016-02-08,0.6,0.5902045051868215,0.5853067577802322,BASE,0
2016-02-10 07:00:00+00:00,2016-02-10,-1.0,-1.0083791010568166,-1.012568651585225,BASE,0
2016-02-15 07:00:00+00:00,2016-02-15,1.5,1.4912757562294037,1.4869136343441054,BASE,0
2016-02-17 09:00:00+00:00,2016-02-17,0.3,0.28833557015176914,0.2825033552276537,LON_H2|RANGE_DI_CONT_G5|2.0|0.3,2
2016-02-18 07:00:00+00:00,2016-02-18,1.5,1.4881725826550523,1.4822588739825786,BASE,0
2016-02-22 07:00:00+00:00,2016-02-22,1.5,1.4878083052563134,1.4817124578844703,BASE,0
2016-02-23 07:00:00+00:00,2016-02-23,-1.0,-1.0121015205992612,-1.0181522808988919,BASE,0
2016-02-24 07:00:00+00:00,2016-02-24,-1.0,-1.0118009578817855,-1.0177014368226782,BASE,0
2016-03-01 08:00:00+00:00,2016-03-01,-0.28205990832526445,-0.2936912447510496,-0.2995069129639421,LON_H1|RISE_CANDLE|2.25|1.5,1
2016-03-02 07:00:00+00:00,2016-03-02,-1.0,-1.0129097999120438,-1.0193646998680657,BASE,0
2016-03-03 08:00:00+00:00,2016-03-03,1.5,1.4850383331389467,1.4775574997084202,LON_H1|RISE_CANDLE|2.25|1.5,1
2016-03-07 07:00:00+00:00,2016-03-07,-1.0,-1.010892730783191,-1.0163390961747862,BASE,0
2016-03-08 07:00:00+00:00,2016-03-08,-1.0,-1.0126681600536096,-1.0190022400804144,BASE,0
2016-03-10 07:00:00+00:00,2016-03-10,1.5,1.4875414096657578,1.4813121144986365,BASE,0
2016-03-15 07:00:00+00:00,2016-03-15,-1.0,-1.0119796680390625,-1.0179695020585935,BASE,0
2016-03-16 07:00:00+00:00,2016-03-16,-1.0,-1.013747825146755,-1.0206217377201328,BASE,0
2016-03-17 07:00:00+00:00,2016-03-17,1.5,1.4908862069203088,1.4863293103804633,BASE,0
2016-03-21 07:00:00+00:00,2016-03-21,-1.0,-1.01221638443035,-1.0183245766455251,BASE,0
2016-03-22 07:00:00+00:00,2016-03-22,1.5,1.486702238397716,1.4800533575965742,BASE,0
2016-03-23 08:00:00+00:00,2016-03-23,0.1616533005505763,0.14759649180704504,0.14056808743527938,LON_H1|RISE_CANDLE|2.25|1.5,1
2016-03-24 07:00:00+00:00,2016-03-24,-1.0,-1.014755174207665,-1.0221327613114974,BASE,0
2016-03-30 06:00:00+00:00,2016-03-30,1.5,1.4874976609978898,1.4812464914968346,BASE,0
2016-03-31 07:00:00+00:00,2016-03-31,1.5,1.488268481669815,1.4824027225047225,LON_H1|RISE_CANDLE|2.25|1.5,1
2016-04-04 07:00:00+00:00,2016-04-04,-1.0,-1.0107413119453428,-1.0161119679180144,LON_H1|RISE_CANDLE|2.25|1.5,1
2016-04-06 06:00:00+00:00,2016-04-06,-1.0,-1.0132302941532942,-1.0198454412299411,BASE,0
2016-04-12 06:00:00+00:00,2016-04-12,-1.0,-1.0130706490187182,-1.0196059735280774,BASE,0
2016-04-13 06:00:00+00:00,2016-04-13,1.5,1.4881953580523757,1.4822930370785634,BASE,0
2016-04-18 08:00:00+00:00,2016-04-18,0.3,0.2862385811733845,0.2793578717600768,LON_H2|RANGE_DI_CONT_G5|2.0|0.3,2
2016-04-19 07:00:00+00:00,2016-04-19,-1.0,-1.0154585351964274,-1.023187802794641,LON_H1|RISE_CANDLE|2.25|1.5,1
2016-04-21 06:00:00+00:00,2016-04-21,-1.0,-1.0137185508549789,-1.0205778262824683,BASE,0
2016-04-26 07:00:00+00:00,2016-04-26,1.5,1.4857215042096372,1.478582256314456,LON_H1|RISE_CANDLE|2.25|1.5,1
2016-04-27 06:00:00+00:00,2016-04-27,-1.0,-1.0122309914572762,-1.0183464871859145,BASE,0
2016-04-28 06:00:00+00:00,2016-04-28,-1.0,-1.0094367159885045,-1.0141550739827567,BASE,0
2016-05-02 06:00:00+00:00,2016-05-02,0.6,0.5883852981628327,0.582577947244249,BASE,0
2016-05-03 07:00:00+00:00,2016-05-03,-1.0,-1.0102331997548444,-1.0153497996322665,LON_H1|RISE_CANDLE|2.25|1.5,1
2016-05-05 07:00:00+00:00,2016-05-05,1.5,1.4876444290216186,1.4814666435324277,LON_H1|RISE_CANDLE|2.25|1.5,1
2016-05-11 06:00:00+00:00,2016-05-11,1.5,1.4840250367665113,1.476037555149767,BASE,0
2016-05-17 06:00:00+00:00,2016-05-17,-1.0,-1.0167985656864937,-1.0251978485297406,BASE,0
2016-05-18 06:00:00+00:00,2016-05-18,1.5,1.4830620344376542,1.4745930516564814,BASE,0
2016-05-19 06:00:00+00:00,2016-05-19,0.6,0.5878400985734892,0.5817601478602338,BASE,0
2016-05-23 06:00:00+00:00,2016-05-23,-1.0,-1.0162731291588867,-1.0244096937383298,BASE,0
2016-05-24 06:00:00+00:00,2016-05-24,1.5,1.4845687894646298,1.4768531841969446,BASE,0
2016-05-26 08:00:00+00:00,2016-05-26,0.3,0.2819695275287013,0.272954291293052,LON_H2|RANGE_DI_CONT_G5|2.0|0.3,2
2016-06-01 07:00:00+00:00,2016-06-01,1.2309121722628262,1.2176050136437688,1.21095143433424,LON_H1|RISE_CANDLE|2.25|1.5,1
2016-06-02 06:00:00+00:00,2016-06-02,-1.0,-1.0126291574591466,-1.01894373618872,BASE,0
2016-06-08 07:00:00+00:00,2016-06-08,-1.0,-1.0164723967569345,-1.0247085951354018,LON_H1|RISE_CANDLE|2.25|1.5,1
2016-06-14 06:00:00+00:00,2016-06-14,1.5,1.4857906416757287,1.478685962513593,BASE,0
2016-06-16 07:00:00+00:00,2016-06-16,1.5,1.4896076507132876,1.4844114760699314,LON_H1|RISE_CANDLE|2.25|1.5,1
2016-06-21 06:00:00+00:00,2016-06-21,-1.0,-1.0123511074410219,-1.0185266611615327,BASE,0
2016-06-23 06:00:00+00:00,2016-06-23,-1.0,-1.009485676320097,-1.0142285144801455,BASE,0
2016-06-28 06:00:00+00:00,2016-06-28,-0.46661700549175295,-0.47312037839059284,-0.4763720648400128,BASE,0
2016-07-06 08:00:00+00:00,2016-07-06,-1.0,-1.0109173646157072,-1.0163760469235608,LON_H2|RANGE_DI_CONT_G5|2.0|0.3,2
2016-07-07 06:00:00+00:00,2016-07-07,0.5450963566863665,0.5340843090765414,0.5285782852716289,BASE,0
2016-07-11 06:00:00+00:00,2016-07-11,-1.0,-1.0116713407427864,-1.0175070111141795,BASE,0
2016-07-12 06:00:00+00:00,2016-07-12,-1.0,-1.013765384931516,-1.0206480773972741,BASE,0
2016-07-20 06:00:00+00:00,2016-07-20,-1.0,-1.013321182191286,-1.019981773286929,BASE,0
2016-07-21 07:00:00+00:00,2016-07-21,-1.0,-1.0128275248251533,-1.0192412872377299,LON_H1|RISE_CANDLE|2.25|1.5,1
2016-07-26 06:00:00+00:00,2016-07-26,0.7926535494276956,0.7767208147658319,0.7687544474349,BASE,0
2016-07-28 06:00:00+00:00,2016-07-28,-0.6797422441428893,-0.6921011940363965,-0.6982806689831501,BASE,0
2016-08-01 06:00:00+00:00,2016-08-01,-0.04440304453767735,-0.05708962869129683,-0.06343292076810655,BASE,0
2016-08-02 06:00:00+00:00,2016-08-02,1.5,1.481942468563411,1.4729137028451167,BASE,0
2016-08-04 06:00:00+00:00,2016-08-04,-0.0950912340364143,-0.11238054931577124,-0.12102520695544972,BASE,0
2016-08-09 06:00:00+00:00,2016-08-09,-1.0,-1.0215711451933505,-1.0323567177900257,BASE,0
2016-08-10 06:00:00+00:00,2016-08-10,-1.0,-1.0172687934805082,-1.0259031902207625,BASE,0
2016-08-15 06:00:00+00:00,2016-08-15,1.5,1.4821454291464735,1.47321814371971,BASE,0
2016-08-16 06:00:00+00:00,2016-08-16,1.5,1.4842889311661147,1.476433396749172,BASE,0
2016-08-17 06:00:00+00:00,2016-08-17,0.6,0.5878986256111985,0.5818479384167977,BASE,0
2016-08-18 06:00:00+00:00,2016-08-18,0.9535434478203201,0.9425831783051437,0.9371030435475556,BASE,0
2016-08-22 06:00:00+00:00,2016-08-22,1.5,1.4857916361464014,1.478687454219602,BASE,0
2016-08-23 06:00:00+00:00,2016-08-23,-1.0,-1.0156757592114312,-1.0235136388171466,BASE,0
2016-08-24 06:00:00+00:00,2016-08-24,-1.0,-1.0190631337710154,-1.0285947006565233,BASE,0
2016-08-25 08:00:00+00:00,2016-08-25,-0.33334649080659284,-0.3516120519466827,-0.3607448325167276,LON_H2|RANGE_DI_CONT_G5|2.0|0.3,2
2016-08-29 06:00:00+00:00,2016-08-29,0.21871874224539126,0.20673415362920375,0.20074185932111,BASE,0
2016-08-30 06:00:00+00:00,2016-08-30,0.6,0.5848506509475048,0.5772759764212572,BASE,0
2016-08-31 06:00:00+00:00,2016-08-31,-1.0,-1.0155143003239642,-1.0232714504859464,BASE,0
2016-09-05 06:00:00+00:00,2016-09-05,0.9467801802163593,0.9318113236121477,0.9243268953100419,BASE,0
2016-09-07 06:00:00+00:00,2016-09-07,0.22467505411998923,0.21017988933805595,0.20293230694708933,BASE,0
2016-09-08 06:00:00+00:00,2016-09-08,1.5,1.482593942371592,1.4738909135573879,BASE,0
2016-09-14 07:00:00+00:00,2016-09-14,-1.0,-1.015027771112687,-1.0225416566690304,LON_H1|RISE_CANDLE|2.25|1.5,1
2016-09-20 06:00:00+00:00,2016-09-20,-1.0,-1.018591296618128,-1.0278869449271921,BASE,0
2016-09-21 06:00:00+00:00,2016-09-21,1.5,1.4835352678075096,1.4753029017112642,BASE,0
2016-09-22 06:00:00+00:00,2016-09-22,-0.9084396752081259,-0.9217015682768578,-0.9283325148112238,BASE,0
2016-09-28 06:00:00+00:00,2016-09-28,-1.0,-1.0166059779140606,-1.024908966871091,BASE,0
2016-10-04 06:00:00+00:00,2016-10-04,1.5,1.4812143922995566,1.4718215884493349,BASE,0
2016-10-06 06:00:00+00:00,2016-10-06,1.5,1.48198644893349,1.472979673400235,BASE,0
2016-10-11 06:00:00+00:00,2016-10-11,1.5,1.4824402341765424,1.4736603512648137,BASE,0
2016-10-12 06:00:00+00:00,2016-10-12,0.6,0.5875318228611327,0.5812977342916992,BASE,0
2016-10-20 06:00:00+00:00,2016-10-20,1.5,1.4832874032036478,1.4749311048054718,BASE,0
2016-10-26 06:00:00+00:00,2016-10-26,-0.32476373000607767,-0.34100191650637884,-0.34912100975652943,BASE,0
2016-11-01 07:00:00+00:00,2016-11-01,1.5,1.4824543357102349,1.4736815035653525,BASE,0
2016-11-02 07:00:00+00:00,2016-11-02,1.5,1.4831204334866297,1.4746806502299445,BASE,0
2016-11-07 07:00:00+00:00,2016-11-07,0.472265416839044,0.4611532893840079,0.45559722565648986,BASE,0
2016-11-14 07:00:00+00:00,2016-11-14,1.5,1.4915488953814262,1.4873233430721393,BASE,0
2016-11-16 08:00:00+00:00,2016-11-16,-1.0,-1.0090747860040072,-1.0136121790060109,LON_H1|RISE_CANDLE|2.25|1.5,1
2016-11-22 07:00:00+00:00,2016-11-22,-1.0,-1.011225518949864,-1.016838278424796,BASE,0
2016-11-23 08:00:00+00:00,2016-11-23,1.5,1.4877892733828846,1.4816839100743269,LON_H1|RISE_CANDLE|2.25|1.5,1
2016-11-24 07:00:00+00:00,2016-11-24,-1.0,-1.011180126335219,-1.0167701895028285,BASE,0
2016-11-28 07:00:00+00:00,2016-11-28,-1.0,-1.0095320984193672,-1.014298147629051,BASE,0
2016-11-30 08:00:00+00:00,2016-11-30,-1.0,-1.0110952549041818,-1.016642882356273,LON_H1|RISE_CANDLE|2.25|1.5,1
2016-12-08 08:00:00+00:00,2016-12-08,-1.0,-1.0123297564560065,-1.0184946346840098,LON_H1|RISE_CANDLE|2.25|1.5,1
2016-12-12 09:00:00+00:00,2016-12-12,0.3,0.288758381223998,0.28313757183599697,LON_H2|RANGE_DI_CONT_G5|2.0|0.3,2
2016-12-19 07:00:00+00:00,2016-12-19,1.5,1.4902208385341138,1.4853312578011706,BASE,0
2016-12-20 07:00:00+00:00,2016-12-20,-1.0,-1.0110581590255712,-1.0165872385383568,BASE,0
2016-12-22 07:00:00+00:00,2016-12-22,-1.0,-1.0144673490380447,-1.021701023557067,BASE,0
2016-12-26 07:00:00+00:00,2016-12-26,0.2140263996265912,0.19756283042454814,0.18933104582352658,BASE,0
2016-12-28 07:00:00+00:00,2016-12-28,1.5,1.4771889261585558,1.4657833892378338,BASE,0
2016-12-29 07:00:00+00:00,2016-12-29,-1.0,-1.0139882699134968,-1.0209824048702452,BASE,0
2017-01-03 07:00:00+00:00,2017-01-03,1.5,1.486663356950714,1.479995035426071,BASE,0
2017-01-05 07:00:00+00:00,2017-01-05,-1.0,-1.007839658071548,-1.011759487107322,BASE,0
2017-01-11 09:00:00+00:00,2017-01-11,0.3,0.28726205293831364,0.28089307940747044,LON_H2|RANGE_DI_CONT_G5|2.0|0.3,2
2017-01-12 07:00:00+00:00,2017-01-12,-1.0,-1.0072135438313938,-1.0108203157470905,BASE,0
2017-01-16 07:00:00+00:00,2017-01-16,0.04220481021922313,0.03227426663822965,0.027308994847732915,BASE,0
2017-01-17 08:00:00+00:00,2017-01-17,0.9457689645997851,0.9344083764364245,0.9287280823547442,LON_H1|RISE_CANDLE|2.25|1.5,1
2017-01-25 08:00:00+00:00,2017-01-25,0.6858025655478088,0.6717348206134941,0.6647009481463366,LON_H1|RISE_CANDLE|2.25|1.5,1
2017-01-26 07:00:00+00:00,2017-01-26,1.5,1.486396687180592,1.479595030770888,BASE,0
2017-01-31 08:00:00+00:00,2017-01-31,-1.0,-1.0115210494336515,-1.017281574150477,LON_H1|RISE_CANDLE|2.25|1.5,1
2017-02-06 07:00:00+00:00,2017-02-06,0.003276106281392132,-0.009828318844381526,-0.01638053140726835,BASE,0
2017-02-07 07:00:00+00:00,2017-02-07,-0.48167399116412224,-0.49426677524684415,-0.500563167288205,BASE,0
2017-02-08 07:00:00+00:00,2017-02-08,-1.0,-1.0138017506462884,-1.0207026259694327,BASE,0
2017-02-09 08:00:00+00:00,2017-02-09,-1.0,-1.0135526711111345,-1.0203290066667017,LON_H1|RISE_CANDLE|2.25|1.5,1
2017-02-15 07:00:00+00:00,2017-02-15,1.5,1.484066629283181,1.4760999439247715,BASE,0
2017-02-16 08:00:00+00:00,2017-02-16,1.071831786749805,1.0598893712985538,1.053918163572928,LON_H1|RISE_CANDLE|2.25|1.5,1
2017-02-21 07:00:00+00:00,2017-02-21,1.5,1.481637671476225,1.4724565072143374,BASE,0
2017-02-22 07:00:00+00:00,2017-02-22,-1.0,-1.014853036982095,-1.0222795554731425,BASE,0
2017-02-23 09:00:00+00:00,2017-02-23,-1.0,-1.0131500089825007,-1.019725013473751,LON_H2|RANGE_DI_CONT_G5|2.0|0.3,2
2017-02-27 07:00:00+00:00,2017-02-27,1.5,1.4862237991575893,1.4793356987363842,BASE,0
2017-03-01 07:00:00+00:00,2017-03-01,-1.0,-1.0118616696418614,-1.017792504462792,BASE,0
2017-03-02 07:00:00+00:00,2017-03-02,-1.0,-1.0142572623240629,-1.0213858934860942,BASE,0
2017-03-06 07:00:00+00:00,2017-03-06,0.6,0.5879269820847737,0.5818904731271606,BASE,0
2017-03-07 07:00:00+00:00,2017-03-07,-1.0,-1.015283904131298,-1.0229258561969468,BASE,0
2017-03-08 07:00:00+00:00,2017-03-08,0.3391345360472222,0.3208029395041337,0.31163714123258945,BASE,0
2017-03-13 07:00:00+00:00,2017-03-13,1.2434057159308418,1.2309716587715334,1.2247546301918792,BASE,0
2017-03-14 07:00:00+00:00,2017-03-14,1.3432524616596793,1.326031276253786,1.3174206835508393,BASE,0
2017-03-16 07:00:00+00:00,2017-03-16,-1.0,-1.0120215960384455,-1.0180323940576685,BASE,0
2017-03-20 07:00:00+00:00,2017-03-20,1.5,1.4832276179959025,1.4748414269938537,BASE,0
2017-03-21 07:00:00+00:00,2017-03-21,0.8137985719856439,0.7995214040560715,0.7923828200912854,BASE,0
2017-03-23 07:00:00+00:00,2017-03-23,0.3058799764887522,0.2893459237055756,0.2810788973139873,BASE,0
2017-03-27 06:00:00+00:00,2017-03-27,-0.07222892332091273,-0.0859868134772742,-0.09286575855545495,BASE,0
2017-03-29 06:00:00+00:00,2017-03-29,1.5,1.4855100994213135,1.4782651491319703,BASE,0
2017-03-30 06:00:00+00:00,2017-03-30,0.6,0.5857494717225701,0.5786242075838551,BASE,0
2017-04-03 06:00:00+00:00,2017-04-03,-0.10906730536508084,-0.12522542467842662,-0.13330448433509948,BASE,0
2017-04-05 07:00:00+00:00,2017-04-05,1.5,1.4805193207331542,1.4707789810997312,LON_H1|RISE_CANDLE|2.25|1.5,1
2017-04-11 06:00:00+00:00,2017-04-11,1.5,1.4794221869061417,1.4691332803592125,BASE,0
2017-04-12 06:00:00+00:00,2017-04-12,-1.0,-1.0203866163670638,-1.0305799245505958,BASE,0
2017-04-20 06:00:00+00:00,2017-04-20,-1.0,-1.0174396485501982,-1.0261594728252974,BASE,0
2017-04-24 07:00:00+00:00,2017-04-24,0.02426767260824125,0.01779629324603808,0.014560603564936497,LON_H1|RISE_CANDLE|2.25|1.5,1
2017-04-25 06:00:00+00:00,2017-04-25,1.5,1.4880476166042176,1.4820714249063263,BASE,0
2017-05-02 06:00:00+00:00,2017-05-02,-1.0,-1.0190418287553218,-1.0285627431329827,BASE,0
2017-05-03 07:00:00+00:00,2017-05-03,0.7411624940108003,0.7217856967817573,0.7120972981672359,LON_H1|RISE_CANDLE|2.25|1.5,1
2017-05-09 07:00:00+00:00,2017-05-09,-1.0,-1.0141535976243976,-1.0212303964365963,LON_H1|RISE_CANDLE|2.25|1.5,1
2017-05-10 08:00:00+00:00,2017-05-10,0.3,0.2841402800682677,0.27621042010240154,LON_H2|RANGE_DI_CONT_G5|2.0|0.3,2
2017-05-15 06:00:00+00:00,2017-05-15,1.5,1.4806608141981719,1.4709912212972578,BASE,0
2017-05-16 06:00:00+00:00,2017-05-16,1.5,1.481600282916654,1.4724004243749809,BASE,0
2017-05-24 06:00:00+00:00,2017-05-24,-1.0,-1.013106210992245,-1.0196593164883676,BASE,0
2017-05-25 06:00:00+00:00,2017-05-25,-1.0,-1.0114233745400216,-1.0171350618100325,BASE,0
2017-05-30 06:00:00+00:00,2017-05-30,1.5,1.4841089545414432,1.4761634318121646,BASE,0
2017-05-31 07:00:00+00:00,2017-05-31,-1.0,-1.0133714936950822,-1.0200572405426231,LON_H1|RISE_CANDLE|2.25|1.5,1
2017-06-06 06:00:00+00:00,2017-06-06,-0.14841570898619288,-0.1682044701843541,-0.17809885078343474,BASE,0
2017-06-08 08:00:00+00:00,2017-06-08,0.3,0.2863979471950656,0.27959692079259846,LON_H2|RANGE_DI_CONT_G5|2.0|0.3,2
2017-06-12 06:00:00+00:00,2017-06-12,0.03549814287411598,0.019721190485645496,0.011832714291410255,BASE,0
2017-06-13 06:00:00+00:00,2017-06-13,0.6048706197383041,0.586114941606884,0.576737102541174,BASE,0
2017-06-14 07:00:00+00:00,2017-06-14,-1.0,-1.0198792259291625,-1.0298188388937435,LON_H1|RISE_CANDLE|2.25|1.5,1
2017-06-15 06:00:00+00:00,2017-06-15,1.5,1.4871964920583998,1.4807947380875999,BASE,0
2017-06-22 06:00:00+00:00,2017-06-22,1.5,1.4774019622878,1.4661029434317001,BASE,0
2017-06-27 06:00:00+00:00,2017-06-27,-1.0,-1.019356330275919,-1.0290344954138786,BASE,0
2017-06-28 06:00:00+00:00,2017-06-28,-1.0,-1.011747093737395,-1.0176206406060924,BASE,0
2017-06-29 07:00:00+00:00,2017-06-29,-1.0,-1.0107736831567082,-1.0161605247350625,LON_H1|RISE_CANDLE|2.25|1.5,1
2017-07-03 07:00:00+00:00,2017-07-03,1.1252347109558207,1.1099772911462502,1.102348581241465,LON_H1|RISE_CANDLE|2.25|1.5,1
2017-07-04 06:00:00+00:00,2017-07-04,-1.0,-1.0141063767704375,-1.0211595651556562,BASE,0
2017-07-05 08:00:00+00:00,2017-07-05,0.3,0.2813797595580326,0.2720696393370489,LON_H2|RANGE_DI_CONT_G5|2.0|0.3,2
2017-07-10 06:00:00+00:00,2017-07-10,-1.0,-1.0168759238895249,-1.0253138858342874,BASE,0
2017-07-11 06:00:00+00:00,2017-07-11,1.5,1.4760160295707712,1.4640240443561567,BASE,0
2017-07-13 06:00:00+00:00,2017-07-13,1.5,1.4859638280410414,1.4789457420615624,BASE,0
2017-07-18 07:00:00+00:00,2017-07-18,1.5,1.4864454665805327,1.479668199870799,LON_H1|RISE_CANDLE|2.25|1.5,1
2017-07-26 07:00:00+00:00,2017-07-26,-1.0,-1.0139614816103972,-1.020942222415596,LON_H1|RISE_CANDLE|2.25|1.5,1
2017-07-27 06:00:00+00:00,2017-07-27,1.5,1.4906793262798343,1.4860189894197513,BASE,0
2017-08-10 06:00:00+00:00,2017-08-10,-1.0,-1.012180004616965,-1.0182700069254476,BASE,0
2017-08-15 06:00:00+00:00,2017-08-15,-1.0,-1.0128986684665087,-1.019348002699763,BASE,0
2017-08-17 08:00:00+00:00,2017-08-17,0.3,0.28772042944557424,0.28158064416836137,LON_H2|RANGE_DI_CONT_G5|2.0|0.3,2
2017-08-21 06:00:00+00:00,2017-08-21,-1.0,-1.0144465334336354,-1.0216698001504532,BASE,0
2017-08-22 08:00:00+00:00,2017-08-22,0.3,0.28355430415551264,0.27533145623326893,LON_H2|RANGE_DI_CONT_G5|2.0|0.3,2
2017-08-23 06:00:00+00:00,2017-08-23,-1.0,-1.0179020852776757,-1.0268531279165134,BASE,0
2017-08-28 06:00:00+00:00,2017-08-28,-1.0,-1.0107710748622705,-1.0161566122934058,BASE,0
2017-08-29 06:00:00+00:00,2017-08-29,1.5,1.4876944776226746,1.4815417164340121,BASE,0
2017-08-30 06:00:00+00:00,2017-08-30,1.5,1.4890297965346586,1.4835446948019877,BASE,0
2017-09-04 07:00:00+00:00,2017-09-04,-0.0875000520839754,-0.09843755859447657,-0.10390631184972715,LON_H1|RISE_CANDLE|2.25|1.5,1
2017-09-06 07:00:00+00:00,2017-09-06,-0.73943867427522,-0.7513651045054653,-0.757328319620588,LON_H1|RISE_CANDLE|2.25|1.5,1
2017-09-07 07:00:00+00:00,2017-09-07,1.5,1.4861960339804468,1.4792940509706702,LON_H1|RISE_CANDLE|2.25|1.5,1
2017-09-11 07:00:00+00:00,2017-09-11,-1.0,-1.0105110115021387,-1.0157665172532082,LON_H1|RISE_CANDLE|2.25|1.5,1
2017-09-12 08:00:00+00:00,2017-09-12,0.3,0.2855773874333055,0.27836608114995826,LON_H2|RANGE_DI_CONT_G5|2.0|0.3,2
2017-09-13 06:00:00+00:00,2017-09-13,1.5,1.4864557597035792,1.4796836395553687,BASE,0
2017-09-19 06:00:00+00:00,2017-09-19,-1.0,-1.012244217085416,-1.0183663256281241,BASE,0
2017-09-21 06:00:00+00:00,2017-09-21,-1.0,-1.008327900386675,-1.0124918505800125,BASE,0
2017-09-25 06:00:00+00:00,2017-09-25,1.5,1.4882554282023837,1.4823831423035756,BASE,0
2017-09-26 06:00:00+00:00,2017-09-26,0.6,0.5873664001330596,0.5810496001995895,BASE,0
2017-09-27 06:00:00+00:00,2017-09-27,-0.016430615173394853,-0.029575107312082998,-0.03614735338142707,BASE,0
2017-10-02 07:00:00+00:00,2017-10-02,-0.0,-0.011243175894293692,-0.016864763841440537,LON_H1|RISE_CANDLE|2.25|1.5,1
2017-10-04 06:00:00+00:00,2017-10-04,-0.046798396032625006,-0.06119790250420598,-0.06839765573999645,BASE,0
2017-10-09 06:00:00+00:00,2017-10-09,-1.0,-1.0150375124282782,-1.0225562686424174,BASE,0
2017-10-10 08:00:00+00:00,2017-10-10,0.3,0.28341157930509886,0.2751173689576483,LON_H2|RANGE_DI_CONT_G5|2.0|0.3,2
2017-10-11 07:00:00+00:00,2017-10-11,1.2057571815153845,1.192359879498547,1.1856612284901282,LON_H1|RISE_CANDLE|2.25|1.5,1
2017-10-16 06:00:00+00:00,2017-10-16,-1.0,-1.0134768927507511,-1.0202153391261268,BASE,0
2017-10-17 06:00:00+00:00,2017-10-17,-0.6267722071997758,-0.6431584086951945,-0.6513515094429038,BASE,0
2017-10-18 08:00:00+00:00,2017-10-18,0.3,0.2819460785251693,0.27291911778775396,LON_H2|RANGE_DI_CONT_G5|2.0|0.3,2
2017-10-19 07:00:00+00:00,2017-10-19,-1.0,-1.0137653084148153,-1.0206479626222227,LON_H1|RISE_CANDLE|2.25|1.5,1
2017-10-23 06:00:00+00:00,2017-10-23,0.7472333149237702,0.733459428934392,0.7265724859397029,BASE,0
2017-10-25 06:00:00+00:00,2017-10-25,-1.0,-1.0164494688133745,-1.0246742032200618,BASE,0
2017-10-26 06:00:00+00:00,2017-10-26,1.5,1.4837337071887378,1.4756005607831069,BASE,0
2017-11-01 07:00:00+00:00,2017-11-01,-1.0,-1.0156039787423647,-1.023405968113547,BASE,0
2017-11-02 07:00:00+00:00,2017-11-02,-1.0,-1.012296357470415,-1.0184445362056223,BASE,0
2017-11-06 08:00:00+00:00,2017-11-06,-0.12911165968053684,-0.14270236069953904,-0.14949771120904012,LON_H1|RISE_CANDLE|2.25|1.5,1
2017-11-07 07:00:00+00:00,2017-11-07,-0.0610182746196297,-0.07728981451818737,-0.0854255844674662,BASE,0
2017-11-09 07:00:00+00:00,2017-11-09,-1.0,-1.0188179501216277,-1.0282269251824416,BASE,0
2017-11-14 07:00:00+00:00,2017-11-14,1.5,1.4815509928342572,1.4723264892513859,BASE,0
2017-11-15 07:00:00+00:00,2017-11-15,1.5,1.485233414967327,1.4778501224509906,BASE,0
2017-11-22 07:00:00+00:00,2017-11-22,1.5,1.484839078897463,1.4772586183461947,BASE,0
2017-11-23 08:00:00+00:00,2017-11-23,0.16033115206044013,0.14638931275083375,0.13941839309603057,LON_H1|RISE_CANDLE|2.25|1.5,1
2017-11-30 07:00:00+00:00,2017-11-30,1.5,1.4848699125593703,1.4773048688390553,BASE,0
2017-12-05 07:00:00+00:00,2017-12-05,1.5,1.484652881047969,1.4769793215719536,BASE,0
2017-12-06 07:00:00+00:00,2017-12-06,0.970573422602967,0.9567574308221417,0.9498494349317291,BASE,0
2017-12-11 07:00:00+00:00,2017-12-11,-0.2165143782943535,-0.23455724315221493,-0.24357867558114565,BASE,0
2017-12-14 07:00:00+00:00,2017-12-14,0.6,0.5877435234126118,0.5816152851189178,BASE,0
2017-12-18 07:00:00+00:00,2017-12-18,1.5,1.484849293061528,1.4772739395922923,BASE,0
2017-12-19 07:00:00+00:00,2017-12-19,1.5,1.4821607305898485,1.4732410958847728,BASE,0
2017-12-21 08:00:00+00:00,2017-12-21,-1.0,-1.0171405152156632,-1.0257107728234949,LON_H1|RISE_CANDLE|2.25|1.5,1
2017-12-26 07:00:00+00:00,2017-12-26,-1.0,-1.0225608660762726,-1.0338412991144088,BASE,0
2017-12-27 09:00:00+00:00,2017-12-27,0.3,0.27981871721123236,0.26972807581684854,LON_H2|RANGE_DI_CONT_G5|2.0|0.3,2
2017-12-28 07:00:00+00:00,2017-12-28,0.5470253827536706,0.5284821494399863,0.519210532783144,BASE,0
2018-01-02 07:00:00+00:00,2018-01-02,1.5,1.483988922783127,1.4759833841746905,BASE,0
2018-01-04 09:00:00+00:00,2018-01-04,0.3,0.2839398587258322,0.27590978808874833,LON_H2|RANGE_DI_CONT_G5|2.0|0.3,2
2018-01-08 07:00:00+00:00,2018-01-08,1.0249983079570986,1.0113770679842466,1.0045664479978205,BASE,0
2018-01-09 08:00:00+00:00,2018-01-09,-0.1855144868711493,-0.20035564582084286,-0.20777622529568968,LON_H1|RISE_CANDLE|2.25|1.5,1
2018-01-11 07:00:00+00:00,2018-01-11,-1.0,-1.0112590891707318,-1.0168886337560978,BASE,0
2018-01-15 07:00:00+00:00,2018-01-15,1.5,1.4913855059144334,1.48707825887165,BASE,0
2018-01-24 07:00:00+00:00,2018-01-24,1.5,1.4896019023039724,1.4844028534559586,BASE,0
2018-01-29 07:00:00+00:00,2018-01-29,0.10594521007642095,0.09824010388904558,0.0943875507953579,BASE,0
2018-01-30 07:00:00+00:00,2018-01-30,1.5,1.4905194921694962,1.4857792382542443,BASE,0
2018-01-31 07:00:00+00:00,2018-01-31,0.507448556733463,0.4986994436863339,0.4943248871627693,BASE,0
2018-02-01 07:00:00+00:00,2018-02-01,1.5,1.4905273099809864,1.4857909649714793,BASE,0
2018-02-07 08:00:00+00:00,2018-02-07,1.5,1.4910549782668971,1.4865824674003456,LON_H1|RISE_CANDLE|2.25|1.5,1
2018-02-08 07:00:00+00:00,2018-02-08,0.6,0.5920956922327518,0.5881435383491278,BASE,0
2018-02-12 07:00:00+00:00,2018-02-12,-0.33317636969073916,-0.3431219329650887,-0.3480947146022635,BASE,0
2018-02-14 07:00:00+00:00,2018-02-14,-1.0,-1.0105259863103455,-1.0157889794655182,BASE,0
2018-02-15 08:00:00+00:00,2018-02-15,-0.42085841048843564,-0.42911053618428807,-0.43323659903221423,LON_H1|RISE_CANDLE|2.25|1.5,1
2018-02-20 07:00:00+00:00,2018-02-20,0.5895616761366055,0.5785930868131332,0.5731087921513969,BASE,0
2018-02-22 07:00:00+00:00,2018-02-22,1.5,1.4890027429565036,1.4835041144347554,BASE,0
2018-02-26 09:00:00+00:00,2018-02-26,-1.0,-1.0121737352188636,-1.0182606028282952,LON_H2|RANGE_DI_CONT_G5|2.0|0.3,2
2018-02-27 07:00:00+00:00,2018-02-27,-1.0,-1.0125648889007197,-1.0188473333510795,BASE,0
2018-02-28 08:00:00+00:00,2018-02-28,-0.011290992866763242,-0.022581985733515192,-0.028227482166891166,LON_H1|RISE_CANDLE|2.25|1.5,1
2018-03-01 09:00:00+00:00,2018-03-01,0.3,0.28509832256950335,0.27764748385425503,LON_H2|RANGE_DI_CONT_G5|2.0|0.3,2
2018-03-07 09:00:00+00:00,2018-03-07,0.3,0.2870904549034822,0.2806356823552233,LON_H2|RANGE_DI_CONT_G5|2.0|0.3,2
2018-03-08 08:00:00+00:00,2018-03-08,-1.0,-1.012814731780723,-1.0192220976710844,LON_H1|RISE_CANDLE|2.25|1.5,1
2018-03-14 07:00:00+00:00,2018-03-14,-1.0,-1.0123085265635958,-1.0184627898453937,BASE,0
2018-03-19 07:00:00+00:00,2018-03-19,-1.0,-1.0150511523602705,-1.0225767285404057,BASE,0
2018-03-20 08:00:00+00:00,2018-03-20,1.5,1.4854751236479318,1.4782126854718978,LON_H1|RISE_CANDLE|2.25|1.5,1
2018-03-22 08:00:00+00:00,2018-03-22,1.5,1.4893536744117075,1.4840305116175612,LON_H1|RISE_CANDLE|2.25|1.5,1
2018-03-26 06:00:00+00:00,2018-03-26,0.6,0.5885994269766975,0.5828991404650463,BASE,0
2018-03-28 06:00:00+00:00,2018-03-28,1.5,1.4858690475084495,1.4788035712626741,BASE,0
2018-03-29 06:00:00+00:00,2018-03-29,-0.0743662222406124,-0.08676059261404688,-0.09295777780076411,BASE,0
2018-04-04 06:00:00+00:00,2018-04-04,-1.0,-1.0157589786960006,-1.0236384680440012,BASE,0
2018-04-05 06:00:00+00:00,2018-04-05,1.5,1.4843218855885634,1.476482828382845,BASE,0
2018-04-11 06:00:00+00:00,2018-04-11,-1.0,-1.0145288272024198,-1.0217932408036297,BASE,0
2018-04-12 08:00:00+00:00,2018-04-12,0.3,0.2842427203307328,0.2763640804960992,LON_H2|RANGE_DI_CONT_G5|2.0|0.3,2
2018-04-16 07:00:00+00:00,2018-04-16,0.6072289563206014,0.5924184939713192,0.5850132627966781,LON_H1|RISE_CANDLE|2.25|1.5,1
2018-04-17 06:00:00+00:00,2018-04-17,-1.0,-1.0180309527070954,-1.0270464290606431,BASE,0
2018-04-18 07:00:00+00:00,2018-04-18,-1.0,-1.015838905183434,-1.0237583577751512,LON_H1|RISE_CANDLE|2.25|1.5,1
2018-04-19 06:00:00+00:00,2018-04-19,-1.0,-1.0158455521700454,-1.023768328255068,BASE,0
2018-04-23 06:00:00+00:00,2018-04-23,0.6,0.5865402618113582,0.5798103927170373,BASE,0
2018-04-24 07:00:00+00:00,2018-04-24,-1.0,-1.0140522031516381,-1.021078304727457,LON_H1|RISE_CANDLE|2.25|1.5,1
2018-04-25 06:00:00+00:00,2018-04-25,1.1675334331289926,1.1518090771272549,1.1439468991263861,BASE,0
2018-05-01 06:00:00+00:00,2018-05-01,1.5,1.4855551919298036,1.4783327878947052,BASE,0
2018-05-03 06:00:00+00:00,2018-05-03,-1.0,-1.0094911536245592,-1.014236730436839,BASE,0
2018-05-07 06:00:00+00:00,2018-05-07,0.3574713843388322,0.345455539487107,0.3394476170612444,BASE,0
2018-05-08 08:00:00+00:00,2018-05-08,0.3,0.2870523469956256,0.2805785204934384,LON_H2|RANGE_DI_CONT_G5|2.0|0.3,2
2018-05-09 06:00:00+00:00,2018-05-09,-1.0,-1.0126254400466832,-1.018938160070025,BASE,0
2018-05-14 06:00:00+00:00,2018-05-14,0.6,0.588121645762022,0.582182468643033,BASE,0
2018-05-16 08:00:00+00:00,2018-05-16,0.3,0.288330983998438,0.282496475997657,LON_H2|RANGE_DI_CONT_G5|2.0|0.3,2
2018-05-21 06:00:00+00:00,2018-05-21,-1.0,-1.0135332405652429,-1.0202998608478644,BASE,0
2018-05-22 06:00:00+00:00,2018-05-22,-1.0,-1.013081475633032,-1.0196222134495478,BASE,0
2018-05-23 07:00:00+00:00,2018-05-23,-1.0,-1.0099782830357402,-1.0149674245536104,LON_H1|RISE_CANDLE|2.25|1.5,1
2018-05-29 06:00:00+00:00,2018-05-29,1.5,1.487803678901302,1.481705518351953,BASE,0
2018-05-31 06:00:00+00:00,2018-05-31,-1.0,-1.0097031388650648,-1.0145547082975972,BASE,0
2018-06-05 06:00:00+00:00,2018-06-05,-1.0,-1.0136817934942044,-1.0205226902413067,BASE,0
2018-06-06 06:00:00+00:00,2018-06-06,-1.0,-1.0116047650159483,-1.0174071475239224,BASE,0
2018-06-07 06:00:00+00:00,2018-06-07,-0.19333346118533368,-0.20622235859769067,-0.21266680730386917,BASE,0
2018-06-11 06:00:00+00:00,2018-06-11,-1.0,-1.0129138210231292,-1.0193707315346936,BASE,0
2018-06-18 06:00:00+00:00,2018-06-18,-1.0,-1.011821963736493,-1.0177329456047395,BASE,0
2018-06-19 07:00:00+00:00,2018-06-19,-0.28117903107939285,-0.29265572622549074,-0.29839407379853966,LON_H1|RISE_CANDLE|2.25|1.5,1
2018-06-21 06:00:00+00:00,2018-06-21,-1.0,-1.013175027704069,-1.0197625415561036,BASE,0
2018-06-27 08:00:00+00:00,2018-06-27,0.3,0.2866361202213453,0.27995418033201797,LON_H2|RANGE_DI_CONT_G5|2.0|0.3,2
2018-07-03 07:00:00+00:00,2018-07-03,-0.2564546671218773,-0.26798071957679526,-0.27374374580425426,LON_H1|RISE_CANDLE|2.25|1.5,1
2018-07-05 07:00:00+00:00,2018-07-05,-1.0,-1.0126729888068158,-1.0190094832102237,LON_H1|RISE_CANDLE|2.25|1.5,1
2018-07-09 06:00:00+00:00,2018-07-09,0.4743495383293569,0.4604999167722963,0.45357510599376605,BASE,0
2018-07-10 06:00:00+00:00,2018-07-10,-1.0,-1.015189214488433,-1.0227838217326493,BASE,0
2018-07-11 08:00:00+00:00,2018-07-11,0.3,0.2849804645046026,0.27747069675690395,LON_H2|RANGE_DI_CONT_G5|2.0|0.3,2
2018-07-12 08:00:00+00:00,2018-07-12,0.3,0.28552817405602443,0.27829226108403665,LON_H2|RANGE_DI_CONT_G5|2.0|0.3,2
2018-07-16 06:00:00+00:00,2018-07-16,-1.0,-1.0152912534541982,-1.0229368801812975,BASE,0
2018-07-17 06:00:00+00:00,2018-07-17,-1.0,-1.016297228707498,-1.024445843061247,BASE,0
2018-07-18 06:00:00+00:00,2018-07-18,-1.0,-1.0157542042833017,-1.0236313064249523,BASE,0
2018-07-19 06:00:00+00:00,2018-07-19,1.5,1.4854567854713046,1.478185178206957,BASE,0
2018-07-23 06:00:00+00:00,2018-07-23,-1.0,-1.0107414073553116,-1.0161121110329674,BASE,0
2018-07-24 06:00:00+00:00,2018-07-24,-1.0,-1.0132257016704689,-1.0198385525057032,BASE,0
2018-07-25 07:00:00+00:00,2018-07-25,-1.0,-1.0141146143244144,-1.0211719214866215,LON_H1|RISE_CANDLE|2.25|1.5,1
2018-07-26 06:00:00+00:00,2018-07-26,1.5,1.4870392552688814,1.480558882903322,BASE,0
2018-07-30 06:00:00+00:00,2018-07-30,-1.0,-1.0184342042006256,-1.0276513063009383,BASE,0
2018-07-31 06:00:00+00:00,2018-07-31,-1.0,-1.0180336912911823,-1.0270505369367735,BASE,0
2018-08-01 06:00:00+00:00,2018-08-01,-1.0,-1.0172674319063513,-1.0259011478595268,BASE,0
2018-08-02 06:00:00+00:00,2018-08-02,1.5,1.4815854078864512,1.4723781118296768,BASE,0
2018-08-07 08:00:00+00:00,2018-08-07,0.3,0.2814137111355348,0.2721205667033022,LON_H2|RANGE_DI_CONT_G5|2.0|0.3,2
2018-08-08 06:00:00+00:00,2018-08-08,-1.0,-1.0163912242038822,-1.024586836305823,BASE,0
2018-08-13 06:00:00+00:00,2018-08-13,-0.22994560024699154,-0.23736320025495955,-0.24107200025894357,BASE,0
2018-08-14 08:00:00+00:00,2018-08-14,0.3,0.2891634959012831,0.2837452438519246,LON_H2|RANGE_DI_CONT_G5|2.0|0.3,2
2018-08-16 06:00:00+00:00,2018-08-16,0.22834078968666996,0.21720221458000372,0.21163292702667058,BASE,0
2018-08-21 06:00:00+00:00,2018-08-21,-1.0,-1.0114620261275276,-1.0171930391912913,BASE,0
2018-08-22 08:00:00+00:00,2018-08-22,0.3,0.28665817694893236,0.2799872654233985,LON_H2|RANGE_DI_CONT_G5|2.0|0.3,2
2018-09-04 06:00:00+00:00,2018-09-04,1.5,1.483866034580043,1.4757990518700645,BASE,0
2018-09-05 06:00:00+00:00,2018-09-05,-1.0,-1.013786102718961,-1.0206791540784415,BASE,0
2018-09-11 06:00:00+00:00,2018-09-11,-1.0,-1.0155571643604935,-1.0233357465407402,BASE,0
2018-09-17 07:00:00+00:00,2018-09-17,1.5,1.4855713527934886,1.478357029190233,LON_H1|RISE_CANDLE|2.25|1.5,1
2018-09-19 07:00:00+00:00,2018-09-19,-1.0,-1.0122508868110356,-1.0183763302165534,LON_H1|RISE_CANDLE|2.25|1.5,1
2018-09-20 06:00:00+00:00,2018-09-20,1.5,1.4839064904766137,1.4758597357149208,BASE,0
2018-09-24 06:00:00+00:00,2018-09-24,1.5,1.4845590102012427,1.476838515301864,BASE,0
2018-09-27 06:00:00+00:00,2018-09-27,-1.0,-1.010457846595958,-1.015686769893937,BASE,0
2018-10-01 06:00:00+00:00,2018-10-01,-1.0,-1.0144798008335674,-1.021719701250351,BASE,0
2018-10-02 06:00:00+00:00,2018-10-02,-1.0,-1.0149077160690116,-1.0223615741035175,BASE,0
2018-10-03 06:00:00+00:00,2018-10-03,1.5,1.4878226286755745,1.4817339430133618,BASE,0
2018-10-08 07:00:00+00:00,2018-10-08,-0.24047254494441422,-0.2550466385774067,-0.26233368539390295,LON_H1|RISE_CANDLE|2.25|1.5,1
2018-10-09 06:00:00+00:00,2018-10-09,-1.0,-1.0147939424614847,-1.022190913692227,BASE,0
2018-10-22 06:00:00+00:00,2018-10-22,-1.0,-1.012771372994022,-1.019157059491033,BASE,0
2018-10-23 06:00:00+00:00,2018-10-23,-0.016402944275642848,-0.03280588855136035,-0.0410073606892191,BASE,0
2018-10-24 06:00:00+00:00,2018-10-24,1.5,1.4839577885223656,1.4759366827835485,BASE,0
2018-11-01 07:00:00+00:00,2018-11-01,1.5,1.4860488430880643,1.4790732646320963,BASE,0
2018-11-06 07:00:00+00:00,2018-11-06,-1.0,-1.0163160722527596,-1.0244741083791395,BASE,0
2018-11-08 07:00:00+00:00,2018-11-08,-1.0,-1.0123727289362878,-1.0185590934044315,BASE,0
2018-11-12 07:00:00+00:00,2018-11-12,0.5456875103324739,0.5338888614604198,0.5279895370243928,BASE,0
2018-11-15 07:00:00+00:00,2018-11-15,-0.5787935532606062,-0.5889034843219273,-0.5939584498525878,BASE,0
2018-11-19 08:00:00+00:00,2018-11-19,0.7026401806930161,0.6899227113592049,0.6835639766922993,LON_H1|RISE_CANDLE|2.25|1.5,1
2018-11-20 07:00:00+00:00,2018-11-20,-1.0,-1.0156969038272583,-1.0235453557408876,BASE,0
2018-11-22 07:00:00+00:00,2018-11-22,-1.0,-1.0141593109745248,-1.0212389664617874,BASE,0
2018-11-27 07:00:00+00:00,2018-11-27,0.569192540172424,0.5544083183497625,0.5470162074384317,BASE,0
2018-11-28 07:00:00+00:00,2018-11-28,-1.0,-1.0156678886641353,-1.023501832996203,BASE,0
2018-11-29 07:00:00+00:00,2018-11-29,-1.0,-1.0126105208460139,-1.0189157812690208,BASE,0
2018-12-04 07:00:00+00:00,2018-12-04,-1.0,-1.0141436889119324,-1.0212155333678987,BASE,0
2018-12-06 07:00:00+00:00,2018-12-06,-1.0,-1.0153173264124082,-1.0229759896186126,BASE,0
2018-12-10 07:00:00+00:00,2018-12-10,1.5,1.4887917551487,1.4831876327230498,BASE,0
2018-12-13 07:00:00+00:00,2018-12-13,-1.0,-1.0149966039689364,-1.0224949059534048,BASE,0
2018-12-18 08:00:00+00:00,2018-12-18,-1.0,-1.0159342334274621,-1.0239013501411933,LON_H1|RISE_CANDLE|2.25|1.5,1
2018-12-19 07:00:00+00:00,2018-12-19,-1.0,-1.0147058468191255,-1.0220587702286883,BASE,0
2018-12-20 07:00:00+00:00,2018-12-20,1.5,1.4880032715409126,1.4820049073113688,BASE,0
2018-12-26 07:00:00+00:00,2018-12-26,1.5,1.4857105252627145,1.478565787894072,BASE,0
2019-01-02 07:00:00+00:00,2019-01-02,1.5,1.4878332487145456,1.4817498730718186,BASE,0
2019-01-07 07:00:00+00:00,2019-01-07,1.2314865834869695,1.219323753032777,1.2132423378056805,BASE,0
2019-01-09 08:00:00+00:00,2019-01-09,-1.0,-1.0137214681310365,-1.0205822021965547,LON_H1|RISE_CANDLE|2.25|1.5,1
2019-01-10 07:00:00+00:00,2019-01-10,-1.0,-1.0105559810162348,-1.0158339715243523,BASE,0
2019-01-14 07:00:00+00:00,2019-01-14,-1.0,-1.013489988453631,-1.0202349826804467,BASE,0
2019-01-15 08:00:00+00:00,2019-01-15,1.5,1.4841957405503554,1.4762936108255333,LON_H1|RISE_CANDLE|2.25|1.5,1
2019-01-17 07:00:00+00:00,2019-01-17,-0.17969419226506708,-0.19566700935529308,-0.2036534179004061,BASE,0
2019-01-22 08:00:00+00:00,2019-01-22,-1.0,-1.0230585532332528,-1.0345878298498792,LON_H1|RISE_CANDLE|2.25|1.5,1
2019-01-23 08:00:00+00:00,2019-01-23,-1.0,-1.0230695489616628,-1.0346043234424942,LON_H1|RISE_CANDLE|2.25|1.5,1
2019-01-24 07:00:00+00:00,2019-01-24,1.5,1.4789450850345747,1.4684176275518621,BASE,0
2019-01-29 07:00:00+00:00,2019-01-29,-1.0,-1.0202010933101682,-1.030301639965252,BASE,0
2019-01-31 07:00:00+00:00,2019-01-31,1.5,1.4860495713749342,1.4790743570624014,BASE,0
2019-02-05 07:00:00+00:00,2019-02-05,0.7131787627332041,0.6892063673472145,0.6772201696542198,BASE,0
2019-02-06 08:00:00+00:00,2019-02-06,-1.0,-1.020374657775889,-1.0305619866638334,LON_H1|RISE_CANDLE|2.25|1.5,1
2019-02-07 09:00:00+00:00,2019-02-07,0.3,0.27522830256382896,0.26284245384574345,LON_H2|RANGE_DI_CONT_G5|2.0|0.3,2
2019-02-11 08:00:00+00:00,2019-02-11,1.5,1.4771071762848047,1.465660764427207,LON_H1|RISE_CANDLE|2.25|1.5,1
2019-02-12 07:00:00+00:00,2019-02-12,0.6,0.5802497546953147,0.5703746320429721,BASE,0
2019-02-19 08:00:00+00:00,2019-02-19,-1.0,-1.0182657627333649,-1.0273986441000473,LON_H1|RISE_CANDLE|2.25|1.5,1
2019-02-20 08:00:00+00:00,2019-02-20,-1.0,-1.0156348797914838,-1.0234523196872258,LON_H1|RISE_CANDLE|2.25|1.5,1
2019-02-21 07:00:00+00:00,2019-02-21,-0.12471592569004396,-0.1393883875359312,-0.1467246184588748,BASE,0
2019-02-26 07:00:00+00:00,2019-02-26,1.5,1.48027202464853,1.470408036972795,BASE,0
2019-02-27 08:00:00+00:00,2019-02-27,-1.0,-1.0183619463396907,-1.027542919509536,LON_H1|RISE_CANDLE|2.25|1.5,1
2019-02-28 08:00:00+00:00,2019-02-28,-1.0,-1.0204854568848092,-1.0307281853272139,LON_H1|RISE_CANDLE|2.25|1.5,1
2019-03-04 07:00:00+00:00,2019-03-04,1.5,1.481611326874222,1.4724169903113329,BASE,0
2019-03-05 07:00:00+00:00,2019-03-05,-1.0,-1.0205206883585445,-1.0307810325378166,BASE,0
2019-03-11 08:00:00+00:00,2019-03-11,-0.06515613883151876,-0.08687485177533663,-0.09773420824724555,LON_H1|RISE_CANDLE|2.25|1.5,1
2019-03-12 07:00:00+00:00,2019-03-12,1.5,1.4820483556443778,1.4730725334665666,BASE,0
2019-03-18 07:00:00+00:00,2019-03-18,-1.0,-1.019628479971714,-1.0294427199575709,BASE,0
2019-03-20 07:00:00+00:00,2019-03-20,-1.0,-1.0241946309442607,-1.0362919464163909,BASE,0
2019-03-28 07:00:00+00:00,2019-03-28,0.5488931143900012,0.5327491992608838,0.5246772416963252,BASE,0
2019-04-01 06:00:00+00:00,2019-04-01,0.9885028810992501,0.9685331259255289,0.9585482483386681,BASE,0
2019-04-03 06:00:00+00:00,2019-04-03,-1.0,-1.020322025404552,-1.030483038106828,BASE,0
2019-04-08 08:00:00+00:00,2019-04-08,0.3,0.27257786395098743,0.25886679592648115,LON_H2|RANGE_DI_CONT_G5|2.0|0.3,2
2019-04-09 06:00:00+00:00,2019-04-09,0.6,0.5770860446327448,0.5656290669491173,BASE,0
2019-04-18 07:00:00+00:00,2019-04-18,1.5,1.4803540100241406,1.470531015036211,LON_H1|RISE_CANDLE|2.25|1.5,1
2019-04-23 06:00:00+00:00,2019-04-23,-1.0,-1.0348857834440834,-1.0523286751661252,BASE,0
2019-04-24 06:00:00+00:00,2019-04-24,-1.0,-1.022647851926539,-1.0339717778898085,BASE,0
2019-04-25 08:00:00+00:00,2019-04-25,0.3,0.2826030127013274,0.2739045190519912,LON_H2|RANGE_DI_CONT_G5|2.0|0.3,2
2019-04-30 07:00:00+00:00,2019-04-30,1.5,1.4784873952563016,1.4677310928844525,LON_H1|RISE_CANDLE|2.25|1.5,1
2019-05-01 06:00:00+00:00,2019-05-01,0.6,0.5765375477614034,0.5648063216421052,BASE,0
2019-05-02 06:00:00+00:00,2019-05-02,-1.0,-1.0185758379310963,-1.0278637568966444,BASE,0
2019-05-07 06:00:00+00:00,2019-05-07,1.5,1.478800918883357,1.4682013783250356,BASE,0
2019-05-09 07:00:00+00:00,2019-05-09,-1.0,-1.0203220844005232,-1.0304831266007848,LON_H1|RISE_CANDLE|2.25|1.5,1
2019-05-14 07:00:00+00:00,2019-05-14,-1.0,-1.021794090840134,-1.0326911362602007,LON_H1|RISE_CANDLE|2.25|1.5,1
2019-05-15 07:00:00+00:00,2019-05-15,-1.0,-1.0240946795378885,-1.0361420193068325,LON_H1|RISE_CANDLE|2.25|1.5,1
2019-05-16 08:00:00+00:00,2019-05-16,-1.0,-1.026152891805067,-1.0392293377076007,LON_H2|RANGE_DI_CONT_G5|2.0|0.3,2
2019-05-23 06:00:00+00:00,2019-05-23,1.5,1.4735418054118303,1.4603127081177454,BASE,0
2019-05-28 06:00:00+00:00,2019-05-28,-1.0,-1.031561414774978,-1.0473421221624672,BASE,0
2019-05-29 06:00:00+00:00,2019-05-29,1.5,1.47515051572958,1.4627257735943697,BASE,0
2019-06-03 08:00:00+00:00,2019-06-03,0.3,0.2805559103535521,0.2708338655303282,LON_H2|RANGE_DI_CONT_G5|2.0|0.3,2
2019-06-04 06:00:00+00:00,2019-06-04,-1.0,-1.0155695352264398,-1.0233543028396597,BASE,0
2019-06-05 06:00:00+00:00,2019-06-05,-1.0,-1.017400874853592,-1.0261013122803881,BASE,0
2019-06-12 06:00:00+00:00,2019-06-12,1.5,1.4774177095001104,1.4661265642501657,BASE,0
2019-06-17 06:00:00+00:00,2019-06-17,-1.0,-1.0210472538256348,-1.0315708807384523,BASE,0
2019-06-18 08:00:00+00:00,2019-06-18,0.3,0.28023699625082155,0.2703554943762323,LON_H2|RANGE_DI_CONT_G5|2.0|0.3,2
2019-06-20 06:00:00+00:00,2019-06-20,0.34732801186015244,0.33171776413610166,0.32391264027407624,BASE,0
2019-06-24 08:00:00+00:00,2019-06-24,0.3,0.28355793286594494,0.2753368992989174,LON_H2|RANGE_DI_CONT_G5|2.0|0.3,2
2019-06-27 06:00:00+00:00,2019-06-27,0.6263017323724859,0.6074655900454946,0.5980475188819989,BASE,0
2019-07-01 06:00:00+00:00,2019-07-01,-1.0,-1.0169865843287293,-1.0254798764930941,BASE,0
2019-07-02 06:00:00+00:00,2019-07-02,-1.0,-1.0176088712238436,-1.0264133068357655,BASE,0
2019-07-03 06:00:00+00:00,2019-07-03,-1.0,-1.0201680897864784,-1.0302521346797178,BASE,0
2019-07-09 08:00:00+00:00,2019-07-09,-1.0,-1.028032729593702,-1.042049094390553,LON_H2|RANGE_DI_CONT_G5|2.0|0.3,2
2019-07-10 08:00:00+00:00,2019-07-10,-1.0,-1.0302065491615968,-1.0453098237423952,LON_H2|RANGE_DI_CONT_G5|2.0|0.3,2
2019-07-11 06:00:00+00:00,2019-07-11,-1.0,-1.0186017504835128,-1.027902625725269,BASE,0
2019-07-15 06:00:00+00:00,2019-07-15,-1.0,-1.0231041597840953,-1.034656239676143,BASE,0
2019-07-16 06:00:00+00:00,2019-07-16,1.5,1.4708127300989546,1.4562190951484317,BASE,0
2019-07-17 07:00:00+00:00,2019-07-17,0.6976652389914512,0.6747909688605839,0.6633538337951502,LON_H1|RISE_CANDLE|2.25|1.5,1
2019-07-23 06:00:00+00:00,2019-07-23,-1.0,-1.0247903750208698,-1.0371855625313047,BASE,0
2019-07-24 06:00:00+00:00,2019-07-24,0.6,0.5760866045445293,0.564129906816794,BASE,0
2019-07-25 06:00:00+00:00,2019-07-25,-1.0,-1.0277117641872344,-1.0415676462808516,BASE,0
2019-07-29 06:00:00+00:00,2019-07-29,-1.0,-1.0244333045525011,-1.0366499568287517,BASE,0
2019-07-31 06:00:00+00:00,2019-07-31,1.5,1.4711787762458228,1.4567681643687345,BASE,0
2019-08-01 06:00:00+00:00,2019-08-01,-1.0,-1.0127893966801849,-1.0191840950202775,BASE,0
2019-08-05 06:00:00+00:00,2019-08-05,0.6,0.5864593154081948,0.5796889731122923,BASE,0
2019-08-12 07:00:00+00:00,2019-08-12,-1.0,-1.0176897494836163,-1.0265346242254243,LON_H1|RISE_CANDLE|2.25|1.5,1
2019-08-15 06:00:00+00:00,2019-08-15,0.6,0.5825287092888068,0.5737930639332104,BASE,0
2019-08-19 07:00:00+00:00,2019-08-19,-1.0,-1.020557356303107,-1.0308360344546603,LON_H1|RISE_CANDLE|2.25|1.5,1
2019-08-20 06:00:00+00:00,2019-08-20,-1.0,-1.0269683185186478,-1.0404524777779716,BASE,0
2019-08-21 06:00:00+00:00,2019-08-21,-1.0,-1.0243756612315789,-1.0365634918473685,BASE,0
2019-08-22 06:00:00+00:00,2019-08-22,1.5,1.4729342387797293,1.4594013581695942,BASE,0
2019-09-02 06:00:00+00:00,2019-09-02,0.5139240708250874,0.49415776040874076,0.4842746052005675,BASE,0
2019-09-04 06:00:00+00:00,2019-09-04,1.5,1.4794168041928177,1.4691252062892266,BASE,0
2019-09-10 06:00:00+00:00,2019-09-10,-1.0,-1.0231396375695339,-1.0347094563543007,BASE,0
2019-09-12 06:00:00+00:00,2019-09-12,-1.0,-1.0264579339313302,-1.0396869008969953,BASE,0
2019-09-17 07:00:00+00:00,2019-09-17,1.5,1.4845638899221811,1.4768458348832718,LON_H1|RISE_CANDLE|2.25|1.5,1
2019-09-23 06:00:00+00:00,2019-09-23,1.5,1.4778776720459585,1.466816508068938,BASE,0
2019-09-24 06:00:00+00:00,2019-09-24,1.5,1.477259637214216,1.465889455821324,BASE,0
2019-09-26 07:00:00+00:00,2019-09-26,-1.0,-1.021579389225852,-1.0323690838387782,LON_H1|RISE_CANDLE|2.25|1.5,1
2019-09-30 07:00:00+00:00,2019-09-30,1.5,1.4796315625917125,1.4694473438875686,LON_H1|RISE_CANDLE|2.25|1.5,1
2019-10-01 07:00:00+00:00,2019-10-01,1.5,1.4790928578822353,1.468639286823353,LON_H1|RISE_CANDLE|2.25|1.5,1
2019-10-07 06:00:00+00:00,2019-10-07,-1.0,-1.021489296800352,-1.0322339452005278,BASE,0
2019-10-08 08:00:00+00:00,2019-10-08,-1.0,-1.025281128474727,-1.0379216927120907,LON_H2|RANGE_DI_CONT_G5|2.0|0.3,2
2019-10-09 06:00:00+00:00,2019-10-09,1.5,1.4757019536933296,1.4635529305399944,BASE,0
2019-10-10 06:00:00+00:00,2019-10-10,-0.12175519841861374,-0.14123603016558545,-0.1509764460390713,BASE,0
2019-10-16 07:00:00+00:00,2019-10-16,-1.0,-1.0157197964727442,-1.0235796947091165,LON_H1|RISE_CANDLE|2.25|1.5,1
2019-10-17 06:00:00+00:00,2019-10-17,0.6,0.5824644116887714,0.5736966175331571,BASE,0
2019-10-29 07:00:00+00:00,2019-10-29,-1.0,-1.0295891739181395,-1.044383760877209,BASE,0
2019-10-30 08:00:00+00:00,2019-10-30,1.5,1.4723774614002887,1.458566192100433,LON_H1|RISE_CANDLE|2.25|1.5,1
2019-11-05 09:00:00+00:00,2019-11-05,0.3,0.2751680502899272,0.2627520754348908,LON_H2|RANGE_DI_CONT_G5|2.0|0.3,2
2019-11-11 07:00:00+00:00,2019-11-11,-1.0,-1.0286257129706469,-1.0429385694559705,BASE,0
2019-11-13 07:00:00+00:00,2019-11-13,0.35716073549461946,0.32914812878915967,0.31514182543642977,BASE,0
2019-11-18 07:00:00+00:00,2019-11-18,-1.0,-1.0288915414253785,-1.0433373121380678,BASE,0
2019-11-20 07:00:00+00:00,2019-11-20,-1.0,-1.0324487785840224,-1.0486731678760337,BASE,0
2019-11-21 08:00:00+00:00,2019-11-21,-1.0,-1.0283580082400503,-1.0425370123600757,LON_H1|RISE_CANDLE|2.25|1.5,1
2019-11-27 07:00:00+00:00,2019-11-27,0.2414039416057704,0.20921674939166413,0.193123153284611,BASE,0
2019-11-28 08:00:00+00:00,2019-11-28,-1.0,-1.0312274476911603,-1.0468411715367403,LON_H1|RISE_CANDLE|2.25|1.5,1
2019-12-03 08:00:00+00:00,2019-12-03,-1.0,-1.024169945549988,-1.036254918324982,LON_H1|RISE_CANDLE|2.25|1.5,1
2019-12-04 08:00:00+00:00,2019-12-04,-1.0,-1.0283494417694272,-1.0425241626541408,LON_H1|RISE_CANDLE|2.25|1.5,1
2019-12-05 08:00:00+00:00,2019-12-05,0.6952553434894391,0.6712810213001491,0.6592938602055041,LON_H1|RISE_CANDLE|2.25|1.5,1
2019-12-10 07:00:00+00:00,2019-12-10,1.5,1.4652184267339479,1.4478276401009218,BASE,0
2019-12-18 07:00:00+00:00,2019-12-18,0.8384646721264478,0.8150111148641702,0.8032843362330315,BASE,0
2019-12-19 07:00:00+00:00,2019-12-19,-1.0,-1.0256784545142221,-1.038517681771333,BASE,0
2019-12-24 08:00:00+00:00,2019-12-24,-0.21516037868907617,-0.24703599034671797,-0.2629737961755389,LON_H1|RISE_CANDLE|2.25|1.5,1
2019-12-26 07:00:00+00:00,2019-12-26,0.9788736733477209,0.9439138992995884,0.926434012275522,BASE,0
2019-12-31 07:00:00+00:00,2019-12-31,0.6,0.579127728672962,0.5686915930094429,BASE,0
2020-01-06 08:00:00+00:00,2020-01-06,0.6909247701273546,0.6707517841382329,0.660665291143672,LON_H1|RISE_CANDLE|2.25|1.5,1
2020-01-08 07:00:00+00:00,2020-01-08,0.6,0.5827809018323369,0.5741713527485054,BASE,0
2020-01-09 07:00:00+00:00,2020-01-09,0.6,0.581011401813187,0.5715171027197805,BASE,0
2020-01-14 07:00:00+00:00,2020-01-14,1.5,1.4734880366289134,1.4602320549433703,BASE,0
2020-01-15 08:00:00+00:00,2020-01-15,1.5,1.4716764583651063,1.4575146875476594,LON_H1|RISE_CANDLE|2.25|1.5,1
2020-01-16 07:00:00+00:00,2020-01-16,0.6,0.5734613034581135,0.5601919551871704,BASE,0
2020-01-20 08:00:00+00:00,2020-01-20,-0.6615747128965211,-0.6906549200568088,-0.7051950236369527,LON_H1|RISE_CANDLE|2.25|1.5,1
2020-01-21 08:00:00+00:00,2020-01-21,-1.0,-1.032108787658497,-1.0481631814877452,LON_H1|RISE_CANDLE|2.25|1.5,1
2020-01-28 07:00:00+00:00,2020-01-28,-0.20151271502167592,-0.2337547494251333,-0.249875766626862,BASE,0
2020-01-29 07:00:00+00:00,2020-01-29,-1.0,-1.0306571585164435,-1.0459857377746653,BASE,0
2020-02-04 08:00:00+00:00,2020-02-04,-1.0,-1.0244552342595892,-1.0366828513893838,LON_H1|RISE_CANDLE|2.25|1.5,1
2020-02-05 09:00:00+00:00,2020-02-05,0.3,0.27126197968652543,0.2568929695297882,LON_H2|RANGE_DI_CONT_G5|2.0|0.3,2
2020-02-06 07:00:00+00:00,2020-02-06,-1.0,-1.0265143223844817,-1.0397714835767224,BASE,0
2020-02-11 07:00:00+00:00,2020-02-11,-1.0,-1.0268618674488892,-1.0402928011733337,BASE,0
2020-02-12 07:00:00+00:00,2020-02-12,-1.0,-1.0238749312742172,-1.035812396911326,BASE,0
2020-02-20 07:00:00+00:00,2020-02-20,-0.1595946274306664,-0.1789394307555991,-0.18861183241806545,BASE,0
2020-02-24 07:00:00+00:00,2020-02-24,1.5,1.4834604610158673,1.4751906915238007,BASE,0
2020-02-27 07:00:00+00:00,2020-02-27,1.5,1.4868715392089993,1.4803073088134988,BASE,0
2020-03-02 07:00:00+00:00,2020-03-02,1.5,1.491084962204014,1.486627443306021,BASE,0
2020-03-05 09:00:00+00:00,2020-03-05,0.3,0.28744149412446046,0.2811622411866907,LON_H2|RANGE_DI_CONT_G5|2.0|0.3,2
2020-03-09 08:00:00+00:00,2020-03-09,-0.49401858469793536,-0.4980596365155055,-0.5000801624242905,LON_H1|RISE_CANDLE|2.25|1.5,1
2020-03-16 07:00:00+00:00,2020-03-16,-0.06428425310038514,-0.0684996139594268,-0.07060729438894763,BASE,0
2020-03-17 07:00:00+00:00,2020-03-17,1.5,1.4936335353651196,1.4904503030476794,BASE,0
2020-03-18 07:00:00+00:00,2020-03-18,1.5,1.493703896255782,1.490555844383673,BASE,0
2020-03-24 07:00:00+00:00,2020-03-24,0.5722736020808216,0.5676584923866215,0.5653509375395214,BASE,0
2020-03-25 07:00:00+00:00,2020-03-25,-1.0,-1.0057393561875272,-1.0086090342812908,BASE,0
2020-03-26 07:00:00+00:00,2020-03-26,1.5,1.4929098870366582,1.4893648305549871,BASE,0
2020-03-31 07:00:00+00:00,2020-03-31,-0.747644917221471,-0.7549747693510931,-0.7586396954159041,LON_H1|RISE_CANDLE|2.25|1.5,1
2020-04-01 06:00:00+00:00,2020-04-01,0.9024550725959636,0.8954863075566124,0.8920019250369369,BASE,0
2020-04-07 06:00:00+00:00,2020-04-07,1.5,1.4904996923748872,1.4857495385623307,BASE,0
2020-04-13 06:00:00+00:00,2020-04-13,-1.0,-1.0155167956599513,-1.023275193489927,BASE,0
2020-04-15 07:00:00+00:00,2020-04-15,1.5,1.4869641117177148,1.480446167576572,LON_H1|RISE_CANDLE|2.25|1.5,1
2020-04-20 06:00:00+00:00,2020-04-20,0.11793503629560838,0.10583913513708793,0.0997911845578277,BASE,0
2020-04-21 06:00:00+00:00,2020-04-21,-1.0,-1.0134254662002973,-1.020138199300446,BASE,0
2020-04-22 06:00:00+00:00,2020-04-22,-1.0,-1.013085350419592,-1.019628025629388,BASE,0
2020-04-27 06:00:00+00:00,2020-04-27,0.4110032114097945,0.3990031176460057,0.3930030707641113,BASE,0
2020-04-29 07:00:00+00:00,2020-04-29,-1.0,-1.0130221325575086,-1.019533198836263,LON_H1|RISE_CANDLE|2.25|1.5,1
2020-04-30 06:00:00+00:00,2020-04-30,-1.0,-1.0129916333983406,-1.019487450097511,BASE,0
2020-05-05 07:00:00+00:00,2020-05-05,-1.0,-1.015081337258593,-1.0226220058878894,LON_H1|RISE_CANDLE|2.25|1.5,1
2020-05-06 07:00:00+00:00,2020-05-06,0.8568020447727331,0.8441555201266411,0.837832257803595,LON_H1|RISE_CANDLE|2.25|1.5,1
2020-05-11 07:00:00+00:00,2020-05-11,0.44350796286612454,0.42847379463337404,0.4209567105169988,LON_H1|RISE_CANDLE|2.25|1.5,1
2020-05-14 06:00:00+00:00,2020-05-14,-1.0,-1.0168495761066567,-1.025274364159985,BASE,0
2020-05-19 06:00:00+00:00,2020-05-19,0.11845015359914167,0.104912993187814,0.09814441298215015,BASE,0
2020-05-20 06:00:00+00:00,2020-05-20,-1.0,-1.0143959787549688,-1.021593968132453,BASE,0
2020-05-25 06:00:00+00:00,2020-05-25,-1.0,-1.018133200625659,-1.0271998009384886,BASE,0
2020-05-26 06:00:00+00:00,2020-05-26,-1.0,-1.0216346345952714,-1.0324519518929072,BASE,0
2020-06-01 06:00:00+00:00,2020-06-01,0.08314325996777792,0.07126565140095496,0.06532684711754348,BASE,0
2020-06-02 08:00:00+00:00,2020-06-02,0.3,0.2872623603333,0.28089354049994997,LON_H2|RANGE_DI_CONT_G5|2.0|0.3,2
2020-06-03 06:00:00+00:00,2020-06-03,0.7333983280651242,0.7210723057447022,0.7149092945844912,BASE,0
2020-06-09 07:00:00+00:00,2020-06-09,-1.0,-1.0119207558594643,-1.0178811337891966,LON_H1|RISE_CANDLE|2.25|1.5,1
2020-06-10 06:00:00+00:00,2020-06-10,-1.0,-1.0125024208014997,-1.0187536312022494,BASE,0
2020-06-11 08:00:00+00:00,2020-06-11,-1.0,-1.0085313257024988,-1.0127969885537482,LON_H2|RANGE_DI_CONT_G5|2.0|0.3,2
2020-06-15 07:00:00+00:00,2020-06-15,1.5,1.4910952825024986,1.486642923753748,LON_H1|RISE_CANDLE|2.25|1.5,1
2020-06-16 06:00:00+00:00,2020-06-16,-1.0,-1.0106642574486089,-1.0159963861729133,BASE,0
2020-06-23 07:00:00+00:00,2020-06-23,-0.05804931408271333,-0.06910632628895384,-0.0746348323920741,LON_H1|RISE_CANDLE|2.25|1.5,1
2020-06-25 06:00:00+00:00,2020-06-25,1.5,1.48572318645256,1.4785847796788398,BASE,0
2020-06-29 07:00:00+00:00,2020-06-29,-1.0,-1.0139640363657387,-1.020946054548608,LON_H1|RISE_CANDLE|2.25|1.5,1
2020-06-30 07:00:00+00:00,2020-06-30,-1.0,-1.0128219067539908,-1.0192328601309861,LON_H1|RISE_CANDLE|2.25|1.5,1
2020-07-02 06:00:00+00:00,2020-07-02,-1.0,-1.015736394619401,-1.0236045919291015,BASE,0
2020-07-07 08:00:00+00:00,2020-07-07,-1.0,-1.0153593614749685,-1.0230390422124527,LON_H2|RANGE_DI_CONT_G5|2.0|0.3,2
2020-07-08 06:00:00+00:00,2020-07-08,1.5,1.4844425458685009,1.4766638188027514,BASE,0
2020-07-09 06:00:00+00:00,2020-07-09,1.5,1.4859413255022784,1.4789119882534174,BASE,0
2020-07-15 06:00:00+00:00,2020-07-15,-0.289571587717538,-0.3038714192097625,-0.31102133495587475,BASE,0
2020-07-16 08:00:00+00:00,2020-07-16,0.3,0.28355551619413355,0.27533327429120036,LON_H2|RANGE_DI_CONT_G5|2.0|0.3,2
2020-07-22 06:00:00+00:00,2020-07-22,0.6,0.5889040813637014,0.5833561220455522,BASE,0
2020-07-23 06:00:00+00:00,2020-07-23,-1.0,-1.0129995138788996,-1.0194992708183495,BASE,0
2020-07-30 08:00:00+00:00,2020-07-30,-1.0,-1.0121941532228245,-1.0182912298342366,LON_H2|RANGE_DI_CONT_G5|2.0|0.3,2
2020-08-03 07:00:00+00:00,2020-08-03,-1.0,-1.0085031631302068,-1.0127547446953102,LON_H1|RISE_CANDLE|2.25|1.5,1
2020-08-05 06:00:00+00:00,2020-08-05,1.5,1.4887424284518207,1.4831136426777312,BASE,0
2020-08-06 06:00:00+00:00,2020-08-06,-0.051944582881812196,-0.06233349945817578,-0.06752795774635757,BASE,0
2020-08-10 06:00:00+00:00,2020-08-10,0.6096313632827636,0.5981288847302593,0.5923776454540071,BASE,0
2020-08-11 07:00:00+00:00,2020-08-11,1.5,1.487901719764911,1.4818525796473665,LON_H1|RISE_CANDLE|2.25|1.5,1
2020-08-13 07:00:00+00:00,2020-08-13,-1.0,-1.0119596457713629,-1.0179394686570444,LON_H1|RISE_CANDLE|2.25|1.5,1
2020-08-18 06:00:00+00:00,2020-08-18,-1.0,-1.0150077050169148,-1.0225115575253723,BASE,0
2020-08-19 06:00:00+00:00,2020-08-19,1.5,1.4867256237716588,1.4800884356574884,BASE,0
2020-08-31 08:00:00+00:00,2020-08-31,0.3,0.28819192008739,0.28228788013108497,LON_H2|RANGE_DI_CONT_G5|2.0|0.3,2
2020-09-01 06:00:00+00:00,2020-09-01,-1.0,-1.0103829203823902,-1.0155743805735855,BASE,0
2020-09-02 06:00:00+00:00,2020-09-02,1.5,1.4887389648952432,1.4831084473428646,BASE,0
2020-09-03 06:00:00+00:00,2020-09-03,-1.0,-1.0110006367621924,-1.0165009551432886,BASE,0
2020-09-07 06:00:00+00:00,2020-09-07,0.3815621908852412,0.367934969782197,0.36112135923067484,BASE,0
2020-09-09 07:00:00+00:00,2020-09-09,1.5,1.4865600104190924,1.4798400156286384,LON_H1|RISE_CANDLE|2.25|1.5,1
2020-09-10 06:00:00+00:00,2020-09-10,-1.0,-1.014895250486111,-1.0223428757291666,BASE,0
2020-09-14 07:00:00+00:00,2020-09-14,-0.07394179101480033,-0.0880259416842832,-0.09506801701902462,LON_H1|RISE_CANDLE|2.25|1.5,1
2020-09-15 06:00:00+00:00,2020-09-15,1.5,1.4830195902761631,1.4745293854142447,BASE,0
2020-09-16 06:00:00+00:00,2020-09-16,-1.0,-1.016963775771664,-1.025445663657496,BASE,0
2020-09-21 07:00:00+00:00,2020-09-21,1.5,1.4872989815507052,1.4809484723260578,LON_H1|RISE_CANDLE|2.25|1.5,1
2020-09-22 06:00:00+00:00,2020-09-22,0.8621079925721418,0.8501757020175102,0.8442095567401946,BASE,0
2020-09-28 07:00:00+00:00,2020-09-28,1.5,1.485102405083683,1.4776536076255247,LON_H1|RISE_CANDLE|2.25|1.5,1
2020-09-29 07:00:00+00:00,2020-09-29,1.5,1.4849653452569986,1.4774480178854978,LON_H1|RISE_CANDLE|2.25|1.5,1
2020-10-06 06:00:00+00:00,2020-10-06,0.6,0.5838603223126113,0.5757904834689169,BASE,0
2020-10-12 06:00:00+00:00,2020-10-12,-1.0,-1.0160357804237838,-1.0240536706356758,BASE,0
2020-10-13 06:00:00+00:00,2020-10-13,1.5,1.4811811806609578,1.4717717709914366,BASE,0
2020-10-15 06:00:00+00:00,2020-10-15,1.5,1.4828492810586789,1.4742739215880183,BASE,0
2020-10-19 07:00:00+00:00,2020-10-19,1.5,1.4825556380218639,1.4738334570327956,LON_H1|RISE_CANDLE|2.25|1.5,1
2020-10-20 06:00:00+00:00,2020-10-20,0.6,0.5838184959138628,0.5757277438707943,BASE,0
2020-10-21 06:00:00+00:00,2020-10-21,-0.06163910526980249,-0.07807620000843046,-0.08629474737774445,BASE,0
2020-10-26 08:00:00+00:00,2020-10-26,0.16771833818360124,0.15247121653054643,0.14484765570401903,LON_H1|RISE_CANDLE|2.25|1.5,1
2020-10-28 08:00:00+00:00,2020-10-28,0.1513236383806161,0.13656035658738602,0.129178715690771,LON_H1|RISE_CANDLE|2.25|1.5,1
2020-10-29 07:00:00+00:00,2020-10-29,1.5,1.483898352067275,1.4758475281009127,BASE,0
2020-11-02 07:00:00+00:00,2020-11-02,-1.0,-1.0149511967833604,-1.0224267951750405,BASE,0
2020-11-03 07:00:00+00:00,2020-11-03,1.5,1.4821417178382328,1.4732125767573492,BASE,0
2020-11-05 08:00:00+00:00,2020-11-05,1.5,1.4911180674234388,1.486677101135158,LON_H1|RISE_CANDLE|2.25|1.5,1
2020-11-10 09:00:00+00:00,2020-11-10,0.3,0.2902465722586935,0.28536985838804024,LON_H2|RANGE_DI_CONT_G5|2.0|0.3,2
2020-11-11 07:00:00+00:00,2020-11-11,1.5,1.4875585757435092,1.4813378636152639,BASE,0
2020-11-12 07:00:00+00:00,2020-11-12,1.5,1.4846051817790789,1.4769077726686184,BASE,0
2020-11-16 07:00:00+00:00,2020-11-16,-1.0,-1.018967210892244,-1.028450816338366,BASE,0
2020-11-18 07:00:00+00:00,2020-11-18,-1.0,-1.0187099431063957,-1.0280649146595937,BASE,0
2020-11-19 07:00:00+00:00,2020-11-19,-1.0,-1.018139818538899,-1.0272097278083487,BASE,0
2020-11-25 07:00:00+00:00,2020-11-25,-1.0,-1.0145462133347882,-1.0218193200021823,BASE,0
2020-11-26 07:00:00+00:00,2020-11-26,1.5,1.4847219988617233,1.4770829982925848,BASE,0
2020-11-30 08:00:00+00:00,2020-11-30,-1.0,-1.0185037802669057,-1.0277556704003585,LON_H1|RISE_CANDLE|2.25|1.5,1
2020-12-03 08:00:00+00:00,2020-12-03,-1.0,-1.014073259738355,-1.0211098896075326,LON_H1|RISE_CANDLE|2.25|1.5,1
2020-12-07 07:00:00+00:00,2020-12-07,-1.0,-1.014155905823344,-1.021233858735016,BASE,0
2020-12-08 08:00:00+00:00,2020-12-08,-1.0,-1.0142879484126819,-1.021431922619023,LON_H1|RISE_CANDLE|2.25|1.5,1
2020-12-09 07:00:00+00:00,2020-12-09,1.5,1.4837959054525167,1.475693858178775,BASE,0
2020-12-14 07:00:00+00:00,2020-12-14,-1.0,-1.014601553657995,-1.0219023304869925,BASE,0
2020-12-15 07:00:00+00:00,2020-12-15,-1.0,-1.0148082220571337,-1.0222123330857005,BASE,0
2020-12-16 07:00:00+00:00,2020-12-16,-1.0,-1.015967592171008,-1.023951388256512,BASE,0
2020-12-17 07:00:00+00:00,2020-12-17,0.7205009644890976,0.7084423709411624,0.7024130741671948,BASE,0
2020-12-24 07:00:00+00:00,2020-12-24,0.7663293760661715,0.7529437101086832,0.7462508771299391,BASE,0
2020-12-28 07:00:00+00:00,2020-12-28,-1.0,-1.0157595117582232,-1.023639267637335,BASE,0
2020-12-31 07:00:00+00:00,2020-12-31,-1.0,-1.0139157312388332,-1.0208735968582496,BASE,0
2021-01-04 08:00:00+00:00,2021-01-04,-1.0,-1.0108756144863627,-1.0163134217295442,LON_H1|RISE_CANDLE|2.25|1.5,1
2021-01-06 08:00:00+00:00,2021-01-06,-0.04028028566710821,-0.04975799994172171,-0.05449685707902846,LON_H1|RISE_CANDLE|2.25|1.5,1
2021-01-07 09:00:00+00:00,2021-01-07,0.3,0.28898792936680356,0.2834818940502054,LON_H2|RANGE_DI_CONT_G5|2.0|0.3,2
2021-01-11 09:00:00+00:00,2021-01-11,0.3,0.2899206251173797,0.28488093767606953,LON_H2|RANGE_DI_CONT_G5|2.0|0.3,2
2021-01-13 07:00:00+00:00,2021-01-13,1.5,1.4860652824652425,1.4790979236978636,BASE,0
2021-01-18 07:00:00+00:00,2021-01-18,-0.40405187386321706,-0.4179846970998818,-0.4249511087182141,BASE,0
2021-01-19 07:00:00+00:00,2021-01-19,1.5,1.4815107672908716,1.4722661509363073,BASE,0
2021-01-20 07:00:00+00:00,2021-01-20,-1.0,-1.0173002955802775,-1.0259504433704163,BASE,0
2021-01-25 09:00:00+00:00,2021-01-25,0.3,0.28332789585469637,0.27499184378204455,LON_H2|RANGE_DI_CONT_G5|2.0|0.3,2
2021-01-27 08:00:00+00:00,2021-01-27,1.5,1.4827220805016539,1.4740831207524807,LON_H1|RISE_CANDLE|2.25|1.5,1
2021-02-01 08:00:00+00:00,2021-02-01,1.0774136164940988,1.063775469449869,1.0569563959277541,LON_H1|RISE_CANDLE|2.25|1.5,1
2021-02-03 08:00:00+00:00,2021-02-03,-0.09066627804772444,-0.10715105587457527,-0.11539344478800068,LON_H1|RISE_CANDLE|2.25|1.5,1
2021-02-04 07:00:00+00:00,2021-02-04,1.5,1.4828572135115003,1.4742858202672504,BASE,0
2021-02-09 07:00:00+00:00,2021-02-09,1.3686972285319896,1.3513719471581673,1.342709306471256,BASE,0
2021-02-10 07:00:00+00:00,2021-02-10,-1.0,-1.0207486872510576,-1.0311230308765866,BASE,0
2021-02-17 07:00:00+00:00,2021-02-17,1.5,1.483580270665209,1.4753704059978134,BASE,0
2021-02-23 07:00:00+00:00,2021-02-23,0.9702848219968822,0.9541134082969338,0.9460277014469597,BASE,0
2021-02-24 07:00:00+00:00,2021-02-24,1.5,1.4839904235248842,1.4759856352873262,BASE,0
2021-02-25 07:00:00+00:00,2021-02-25,1.5,1.4854673051463505,1.4782009577195259,BASE,0
2021-03-01 08:00:00+00:00,2021-03-01,0.14430866687752367,0.13381349110461382,0.1285659032181589,LON_H1|RISE_CANDLE|2.25|1.5,1
2021-03-02 07:00:00+00:00,2021-03-02,-1.0,-1.013216125205236,-1.0198241878078542,BASE,0
2021-03-04 08:00:00+00:00,2021-03-04,1.5,1.4863405388855828,1.4795108083283743,LON_H1|RISE_CANDLE|2.25|1.5,1
2021-03-08 07:00:00+00:00,2021-03-08,0.5897860283795447,0.5783338724886795,0.572607794543247,BASE,0
2021-03-11 07:00:00+00:00,2021-03-11,1.5,1.4850379048282805,1.477556857242421,BASE,0
2021-03-15 08:00:00+00:00,2021-03-15,-0.362583214739967,-0.3755326152663943,-0.3820073155296079,LON_H1|RISE_CANDLE|2.25|1.5,1
2021-03-16 07:00:00+00:00,2021-03-16,-1.0,-1.0169445001196387,-1.025416750179458,BASE,0
2021-03-17 07:00:00+00:00,2021-03-17,-1.0,-1.0175824072532824,-1.0263736108799237,BASE,0
2021-03-22 07:00:00+00:00,2021-03-22,1.5,1.4852015598138688,1.477802339720803,BASE,0
2021-03-23 07:00:00+00:00,2021-03-23,1.5,1.4845745625457933,1.47686184381869,BASE,0
2021-03-24 07:00:00+00:00,2021-03-24,-1.0,-1.0153071764173565,-1.0229607646260346,BASE,0
2021-03-25 07:00:00+00:00,2021-03-25,1.5,1.4823202159686424,1.4734803239529635,BASE,0
2021-03-30 06:00:00+00:00,2021-03-30,1.0130078769955837,0.996053770267625,0.9875767169036456,BASE,0
2021-04-05 06:00:00+00:00,2021-04-05,-1.0,-1.0201493430677442,-1.0302240146016162,BASE,0
2021-04-06 06:00:00+00:00,2021-04-06,0.6,0.5823654141981688,0.5735481212972533,BASE,0
2021-04-07 07:00:00+00:00,2021-04-07,-0.4216910426337941,-0.43926150274353826,-0.44804673279841034,LON_H1|RISE_CANDLE|2.25|1.5,1
2021-04-12 07:00:00+00:00,2021-04-12,-1.0,-1.017901398772614,-1.0268520981589209,LON_H1|RISE_CANDLE|2.25|1.5,1
2021-04-14 06:00:00+00:00,2021-04-14,0.053097813032808035,0.033789517384484796,0.024135369560323177,BASE,0
2021-04-19 07:00:00+00:00,2021-04-19,0.5687383461005435,0.5549507498314389,0.5480569516968865,LON_H1|RISE_CANDLE|2.25|1.5,1
2021-04-20 06:00:00+00:00,2021-04-20,-1.0,-1.015221669948145,-1.0228325049222173,BASE,0
2021-04-27 06:00:00+00:00,2021-04-27,-1.0,-1.0184233024060323,-1.0276349536090483,BASE,0
2021-04-28 06:00:00+00:00,2021-04-28,-1.0,-1.019842955795657,-1.0297644336934855,BASE,0
2021-05-04 06:00:00+00:00,2021-05-04,1.5,1.479416174186317,1.4691242612794753,BASE,0
2021-05-05 06:00:00+00:00,2021-05-05,-1.0,-1.0176549345069956,-1.0264824017604934,BASE,0
2021-05-06 07:00:00+00:00,2021-05-06,1.5,1.4824389615961844,1.4736584423942765,LON_H1|RISE_CANDLE|2.25|1.5,1
2021-05-11 07:00:00+00:00,2021-05-11,0.1349856016328953,0.12114092454233805,0.11421858599705942,LON_H1|RISE_CANDLE|2.25|1.5,1
2021-05-17 08:00:00+00:00,2021-05-17,0.3,0.28187259368003653,0.27280889052005486,LON_H2|RANGE_DI_CONT_G5|2.0|0.3,2
2021-05-18 06:00:00+00:00,2021-05-18,1.5,1.48164338718524,1.4724650807778599,BASE,0
2021-05-19 06:00:00+00:00,2021-05-19,1.5,1.4815625904970555,1.4723438857455835,BASE,0
2021-05-25 06:00:00+00:00,2021-05-25,-1.0,-1.016683405552096,-1.0250251083281439,BASE,0
2021-06-01 06:00:00+00:00,2021-06-01,-1.0,-1.0192724846538166,-1.0289087269807249,BASE,0
2021-06-02 06:00:00+00:00,2021-06-02,1.5,1.4798943045922748,1.4698414568884122,BASE,0
2021-06-03 06:00:00+00:00,2021-06-03,-1.0,-1.020978147894664,-1.031467221841996,BASE,0
2021-06-09 07:00:00+00:00,2021-06-09,1.5,1.4747236412398328,1.462085461859749,LON_H1|RISE_CANDLE|2.25|1.5,1
2021-06-15 06:00:00+00:00,2021-06-15,-1.0,-1.0239276960631731,-1.0358915440947596,BASE,0
2021-06-16 07:00:00+00:00,2021-06-16,-1.0,-1.0226944542873662,-1.0340416814310494,LON_H1|RISE_CANDLE|2.25|1.5,1
2021-06-17 06:00:00+00:00,2021-06-17,1.5,1.4876490787627994,1.481473618144199,BASE,0
2021-06-21 06:00:00+00:00,2021-06-21,-1.0,-1.0105332835063034,-1.0157999252594552,BASE,0
2021-06-22 06:00:00+00:00,2021-06-22,1.5,1.483897687586831,1.4758465313802465,BASE,0
2021-06-23 06:00:00+00:00,2021-06-23,-1.0,-1.0166247414592522,-1.0249371121888784,BASE,0
2021-06-24 06:00:00+00:00,2021-06-24,-0.34753241311611227,-0.3651289909954076,-0.3739272799350552,BASE,0
2021-06-29 07:00:00+00:00,2021-06-29,0.2821473464684168,0.26394429185755314,0.2548427645521213,LON_H1|RISE_CANDLE|2.25|1.5,1
2021-07-05 06:00:00+00:00,2021-07-05,0.08839838709294033,0.0715605990752409,0.06314170506639118,BASE,0
2021-07-06 07:00:00+00:00,2021-07-06,1.5,1.4805153219643163,1.4707729829464744,LON_H1|RISE_CANDLE|2.25|1.5,1
2021-07-08 07:00:00+00:00,2021-07-08,1.5,1.4843192724645238,1.4764789086967856,LON_H1|RISE_CANDLE|2.25|1.5,1
2021-07-13 06:00:00+00:00,2021-07-13,1.5,1.480264547364085,1.4703968210461273,BASE,0
2021-07-14 06:00:00+00:00,2021-07-14,-1.0,-1.0159847641726951,-1.0239771462590426,BASE,0
2021-07-15 06:00:00+00:00,2021-07-15,1.5,1.4812797417494707,1.471919612624206,BASE,0
2021-07-19 06:00:00+00:00,2021-07-19,1.5,1.4780719760477177,1.4671079640715765,BASE,0
2021-07-20 06:00:00+00:00,2021-07-20,-1.0,-1.018976825098067,-1.0284652376471004,BASE,0
2021-07-21 06:00:00+00:00,2021-07-21,-1.0,-1.0202968549510525,-1.0304452824265788,BASE,0
2021-07-22 06:00:00+00:00,2021-07-22,-1.0,-1.0197070448204042,-1.0295605672306063,BASE,0
2021-07-27 07:00:00+00:00,2021-07-27,-1.0,-1.0201264520008122,-1.0301896780012185,LON_H1|RISE_CANDLE|2.25|1.5,1
2021-07-28 07:00:00+00:00,2021-07-28,-1.0,-1.0189727384066507,-1.028459107609976,LON_H1|RISE_CANDLE|2.25|1.5,1
2021-08-02 08:00:00+00:00,2021-08-02,0.3,0.2800038281456181,0.2700057422184271,LON_H2|RANGE_DI_CONT_G5|2.0|0.3,2
2021-08-03 07:00:00+00:00,2021-08-03,-1.0,-1.0204941125031013,-1.030741168754652,LON_H1|RISE_CANDLE|2.25|1.5,1
2021-08-05 06:00:00+00:00,2021-08-05,-0.20565964944585288,-0.22675294682492064,-0.2372995955144545,BASE,0
2021-08-09 06:00:00+00:00,2021-08-09,0.6,0.581450095462748,0.572175143194122,BASE,0
2021-08-10 06:00:00+00:00,2021-08-10,0.6,0.5781003991851911,0.5671505987777866,BASE,0
2021-08-11 06:00:00+00:00,2021-08-11,-1.0,-1.0256283396446206,-1.038442509466931,BASE,0
2021-08-17 06:00:00+00:00,2021-08-17,-1.0,-1.0260490701363474,-1.039073605204521,BASE,0
2021-08-19 06:00:00+00:00,2021-08-19,-0.20248731338953574,-0.21836867130244017,-0.2263093502588924,BASE,0
2021-08-23 06:00:00+00:00,2021-08-23,-1.0,-1.0193688681310067,-1.02905330219651,BASE,0
2021-09-02 06:00:00+00:00,2021-09-02,1.5,1.4764553306213795,1.4646829959320693,BASE,0
2021-09-08 08:00:00+00:00,2021-09-08,0.3,0.277123575148401,0.26568536272260157,LON_H2|RANGE_DI_CONT_G5|2.0|0.3,2
2021-09-13 06:00:00+00:00,2021-09-13,-1.0,-1.021981493619744,-1.032972240429616,BASE,0
2021-09-15 07:00:00+00:00,2021-09-15,-0.06522111384973621,-0.08528914888042992,-0.09532316639577676,LON_H1|RISE_CANDLE|2.25|1.5,1
2021-09-16 06:00:00+00:00,2021-09-16,1.5,1.4783670433513052,1.4675505650269578,BASE,0
2021-09-20 06:00:00+00:00,2021-09-20,-1.0,-1.0225475771811245,-1.0338213657716866,BASE,0
2021-09-22 06:00:00+00:00,2021-09-22,-1.0,-1.0220889513688334,-1.03313342705325,BASE,0
2021-09-23 08:00:00+00:00,2021-09-23,0.3,0.2833259723058712,0.2749889584588068,LON_H2|RANGE_DI_CONT_G5|2.0|0.3,2
2021-09-27 06:00:00+00:00,2021-09-27,0.64327885078738,0.6212864114442197,0.6102901917726395,BASE,0
2021-09-28 06:00:00+00:00,2021-09-28,-1.0,-1.0194693700823367,-1.029204055123505,BASE,0
2021-09-30 06:00:00+00:00,2021-09-30,-1.0,-1.018651577188316,-1.027977365782474,BASE,0
2021-10-04 08:00:00+00:00,2021-10-04,0.3,0.27930896302803354,0.26896344454205035,LON_H2|RANGE_DI_CONT_G5|2.0|0.3,2
2021-10-05 06:00:00+00:00,2021-10-05,0.6,0.5807336077997117,0.5711004116995676,BASE,0
2021-10-06 06:00:00+00:00,2021-10-06,1.5,1.478798874194648,1.4681983112919723,BASE,0
2021-10-11 07:00:00+00:00,2021-10-11,1.0632460511508215,1.043184804902692,1.033154181778627,LON_H1|RISE_CANDLE|2.25|1.5,1
2021-10-14 07:00:00+00:00,2021-10-14,-1.0,-1.0190680210394705,-1.0286020315592057,LON_H1|RISE_CANDLE|2.25|1.5,1
2021-10-19 07:00:00+00:00,2021-10-19,-1.0,-1.0179345726968414,-1.0269018590452623,LON_H1|RISE_CANDLE|2.25|1.5,1
2021-10-27 08:00:00+00:00,2021-10-27,0.3,0.2770184566914928,0.26552768503723917,LON_H2|RANGE_DI_CONT_G5|2.0|0.3,2
2021-10-28 06:00:00+00:00,2021-10-28,-1.0,-1.0200744594677724,-1.0301116892016586,BASE,0
2021-11-04 07:00:00+00:00,2021-11-04,1.5,1.4828885547629063,1.4743328321443594,BASE,0
2021-11-09 07:00:00+00:00,2021-11-09,-0.14750262355146992,-0.16538172943649976,-0.17432128237901467,BASE,0
2021-11-10 08:00:00+00:00,2021-11-10,1.5,1.481527983951576,1.472291975927364,LON_H1|RISE_CANDLE|2.25|1.5,1
2021-11-11 07:00:00+00:00,2021-11-11,0.48324581961559687,0.47035926442584813,0.46391598683097374,BASE,0
2021-11-16 07:00:00+00:00,2021-11-16,-1.0,-1.0160502126970614,-1.024075319045592,BASE,0
2021-11-22 07:00:00+00:00,2021-11-22,0.8692883045767681,0.8570877669686723,0.8509874981646243,BASE,0
2021-11-24 08:00:00+00:00,2021-11-24,0.5523730474078978,0.5374440461266026,0.5299795454859549,LON_H1|RISE_CANDLE|2.25|1.5,1
2021-11-30 07:00:00+00:00,2021-11-30,1.5,1.4860025762807425,1.4790038644211139,BASE,0
2021-12-06 07:00:00+00:00,2021-12-06,-1.0,-1.0146848463605675,-1.0220272695408512,BASE,0
2021-12-07 08:00:00+00:00,2021-12-07,1.5,1.4827656173035995,1.4741484259553992,LON_H1|RISE_CANDLE|2.25|1.5,1
2021-12-13 07:00:00+00:00,2021-12-13,-1.0,-1.016996131655549,-1.0254941974833234,BASE,0
2021-12-14 07:00:00+00:00,2021-12-14,-1.0,-1.0186198257237709,-1.0279297385856563,BASE,0
2021-12-16 08:00:00+00:00,2021-12-16,0.5085965683596613,0.4944688859052273,0.4874050446780103,LON_H1|RISE_CANDLE|2.25|1.5,1
2021-12-21 07:00:00+00:00,2021-12-21,-1.0,-1.0175613395498408,-1.0263420093247615,BASE,0
2021-12-22 07:00:00+00:00,2021-12-22,1.5,1.481691140311028,1.472536710466542,BASE,0
2021-12-27 07:00:00+00:00,2021-12-27,-1.0,-1.017426892605104,-1.026140338907656,BASE,0
2021-12-29 07:00:00+00:00,2021-12-29,-1.0,-1.0206024966959932,-1.03090374504399,BASE,0
2022-01-04 08:00:00+00:00,2022-01-04,-1.0,-1.0155338761874981,-1.0233008142812472,LON_H1|RISE_CANDLE|2.25|1.5,1
2022-01-05 07:00:00+00:00,2022-01-05,1.5,1.4834649894888632,1.4751974842332949,BASE,0
2022-01-11 08:00:00+00:00,2022-01-11,-1.0,-1.017677064138885,-1.0265155962083274,LON_H1|RISE_CANDLE|2.25|1.5,1
2022-01-13 07:00:00+00:00,2022-01-13,-0.194632565065946,-0.21085194548810696,-0.21896163569918745,BASE,0
2022-01-18 07:00:00+00:00,2022-01-18,1.5,1.483847366332137,1.4757710494982055,BASE,0
2022-01-20 07:00:00+00:00,2022-01-20,-1.0,-1.017709624957545,-1.0265644374363174,BASE,0
2022-01-24 07:00:00+00:00,2022-01-24,-1.0,-1.0190566725967223,-1.0285850088950836,BASE,0
2022-01-25 08:00:00+00:00,2022-01-25,-0.498741864267058,-0.5148303115014804,-0.5228745351186916,LON_H1|RISE_CANDLE|2.25|1.5,1
2022-01-26 07:00:00+00:00,2022-01-26,1.5,1.4797971676245318,1.4696957514367976,BASE,0
2022-01-27 07:00:00+00:00,2022-01-27,1.5,1.4839805413695337,1.4759708120543005,BASE,0
2022-02-01 07:00:00+00:00,2022-02-01,-1.0,-1.0142100329075066,-1.0213150493612597,BASE,0
2022-02-02 08:00:00+00:00,2022-02-02,1.5,1.4831754984305419,1.4747632476458128,LON_H1|RISE_CANDLE|2.25|1.5,1
2022-02-09 08:00:00+00:00,2022-02-09,-0.08741905544184715,-0.10262236943172208,-0.11022402642665954,LON_H1|RISE_CANDLE|2.25|1.5,1
2022-02-14 07:00:00+00:00,2022-02-14,1.5,1.4892275056829911,1.4838412585244867,BASE,0
2022-02-16 07:00:00+00:00,2022-02-16,-1.0,-1.0157413412791045,-1.0236120119186567,BASE,0
2022-02-17 07:00:00+00:00,2022-02-17,-0.14875372823156285,-0.15763454782747774,-0.16207495762543517,BASE,0
2022-02-21 07:00:00+00:00,2022-02-21,-1.0,-1.0150912790157096,-1.0226369185235644,BASE,0
2022-02-23 07:00:00+00:00,2022-02-23,-1.0,-1.0131221114114415,-1.0196831671171622,BASE,0
2022-02-24 07:00:00+00:00,2022-02-24,-1.0,-1.0091781844595409,-1.0137672766893113,BASE,0
2022-03-01 07:00:00+00:00,2022-03-01,-1.0,-1.0097851751754814,-1.014677762763222,BASE,0
2022-03-02 07:00:00+00:00,2022-03-02,-1.0,-1.0093688967417178,-1.0140533451125766,BASE,0
2022-03-03 08:00:00+00:00,2022-03-03,0.4906035102375602,0.48059119370209963,0.4755850354343693,LON_H1|RISE_CANDLE|2.25|1.5,1
2022-03-09 07:00:00+00:00,2022-03-09,0.6,0.5923238955784654,0.5884858433676982,BASE,0
2022-03-14 08:00:00+00:00,2022-03-14,-0.42559588195238107,-0.4341077995914287,-0.4383637584109525,LON_H1|RISE_CANDLE|2.25|1.5,1
2022-03-17 07:00:00+00:00,2022-03-17,1.5,1.491215806064567,1.4868237090968506,BASE,0
2022-03-22 07:00:00+00:00,2022-03-22,1.5,1.4881360653966293,1.482204098094944,BASE,0
2022-03-24 07:00:00+00:00,2022-03-24,-1.0,-1.0142029460501354,-1.021304419075203,BASE,0
2022-03-28 06:00:00+00:00,2022-03-28,-1.0,-1.0127411098109311,-1.019111664716397,BASE,0
2022-03-29 07:00:00+00:00,2022-03-29,-1.0,-1.0112385912326542,-1.0168578868489813,LON_H1|RISE_CANDLE|2.25|1.5,1
2022-03-30 07:00:00+00:00,2022-03-30,0.44661939938794926,0.43635228675834037,0.4312187304435359,LON_H1|RISE_CANDLE|2.25|1.5,1
2022-03-31 08:00:00+00:00,2022-03-31,0.3,0.2882427672257709,0.28236415083865635,LON_H2|RANGE_DI_CONT_G5|2.0|0.3,2
2022-04-04 07:00:00+00:00,2022-04-04,1.5,1.4850658121911713,1.477598718286757,LON_H1|RISE_CANDLE|2.25|1.5,1
2022-04-06 06:00:00+00:00,2022-04-06,1.5,1.4843973093558909,1.4765959640338362,BASE,0
2022-04-07 06:00:00+00:00,2022-04-07,1.5,1.4866394617763456,1.4799591926645186,BASE,0
2022-04-11 07:00:00+00:00,2022-04-11,-1.0,-1.0103220673998554,-1.0154831010997831,LON_H1|RISE_CANDLE|2.25|1.5,1
2022-04-12 06:00:00+00:00,2022-04-12,-1.0,-1.014065436120497,-1.0210981541807458,BASE,0
2022-04-13 06:00:00+00:00,2022-04-13,-1.0,-1.012430966652428,-1.0186464499786423,BASE,0
2022-04-14 07:00:00+00:00,2022-04-14,1.5,1.4873454215198754,1.4810181322798128,LON_H1|RISE_CANDLE|2.25|1.5,1
2022-04-20 06:00:00+00:00,2022-04-20,-1.0,-1.014669979570389,-1.0220049693555837,BASE,0
2022-04-21 06:00:00+00:00,2022-04-21,-1.0,-1.0103170416627287,-1.0154755624940932,BASE,0
2022-04-25 07:00:00+00:00,2022-04-25,-0.6102796126736579,-0.6192543128600358,-0.6237416629532248,LON_H1|RISE_CANDLE|2.25|1.5,1
2022-04-26 06:00:00+00:00,2022-04-26,1.5,1.4885964257248638,1.4828946385872959,BASE,0
2022-04-27 06:00:00+00:00,2022-04-27,1.5,1.4881773421172166,1.482266013175825,BASE,0
2022-04-28 06:00:00+00:00,2022-04-28,-1.0,-1.008315319217938,-1.012472978826907,BASE,0
2022-05-02 07:00:00+00:00,2022-05-02,0.5920182226752875,0.58349997486701,0.5792408509628713,LON_H1|RISE_CANDLE|2.25|1.5,1
2022-05-04 07:00:00+00:00,2022-05-04,1.5,1.488304623604137,1.4824569354062056,LON_H1|RISE_CANDLE|2.25|1.5,1
2022-05-11 07:00:00+00:00,2022-05-11,-1.0,-1.013179207151381,-1.0197688107270715,LON_H1|RISE_CANDLE|2.25|1.5,1
2022-05-12 07:00:00+00:00,2022-05-12,1.5,1.491136457367779,1.4867046860516686,LON_H1|RISE_CANDLE|2.25|1.5,1
2022-05-16 08:00:00+00:00,2022-05-16,-1.0,-1.0118196031038178,-1.0177294046557266,LON_H2|RANGE_DI_CONT_G5|2.0|0.3,2
2022-05-17 06:00:00+00:00,2022-05-17,1.5,1.487698044911138,1.4815470673667073,BASE,0
2022-05-23 06:00:00+00:00,2022-05-23,1.5,1.488357791058048,1.482536686587072,BASE,0
2022-05-24 06:00:00+00:00,2022-05-24,1.5,1.4883484667069025,1.4825227000603536,BASE,0
2022-05-25 08:00:00+00:00,2022-05-25,0.3,0.28693285772759014,0.28039928659138524,LON_H2|RANGE_DI_CONT_G5|2.0|0.3,2
2022-05-30 07:00:00+00:00,2022-05-30,-1.0,-1.0118744604951406,-1.0178116907427108,LON_H1|RISE_CANDLE|2.25|1.5,1
2022-05-31 08:00:00+00:00,2022-05-31,0.3,0.28551372686513626,0.2782705902977044,LON_H2|RANGE_DI_CONT_G5|2.0|0.3,2
2022-06-13 06:00:00+00:00,2022-06-13,1.277351256485228,1.2660472630650044,1.2603952663548927,BASE,0
2022-06-20 06:00:00+00:00,2022-06-20,0.5949355337120883,0.5852617851964442,0.5804249109386221,BASE,0
2022-06-21 07:00:00+00:00,2022-06-21,-1.0,-1.0115887535660573,-1.017383130349086,LON_H1|RISE_CANDLE|2.25|1.5,1
2022-06-22 07:00:00+00:00,2022-06-22,1.5,1.489243842075323,1.4838657631129846,LON_H1|RISE_CANDLE|2.25|1.5,1
2022-06-23 07:00:00+00:00,2022-06-23,-1.0,-1.0086981505207375,-1.013047225781106,LON_H1|RISE_CANDLE|2.25|1.5,1
2022-06-27 06:00:00+00:00,2022-06-27,0.44031972179043,0.42833823276211785,0.42234748824796176,BASE,0
2022-06-28 07:00:00+00:00,2022-06-28,-1.0,-1.0124813573606977,-1.0187220360410465,LON_H1|RISE_CANDLE|2.25|1.5,1
2022-07-05 07:00:00+00:00,2022-07-05,1.5,1.4886900605463127,1.4830350908194692,LON_H1|RISE_CANDLE|2.25|1.5,1
2022-07-06 08:00:00+00:00,2022-07-06,0.3,0.2901529423499651,0.2852294135249477,LON_H2|RANGE_DI_CONT_G5|2.0|0.3,2
2022-07-11 06:00:00+00:00,2022-07-11,1.5,1.4901746064184547,1.485261909627682,BASE,0
2022-07-12 06:00:00+00:00,2022-07-12,-1.0,-1.0083246963623194,-1.012487044543479,BASE,0
2022-07-14 06:00:00+00:00,2022-07-14,-0.4903919207439499,-0.498883555735187,-0.5031293732308055,BASE,0
2022-07-18 07:00:00+00:00,2022-07-18,-0.13028095007128662,-0.1391135568557826,-0.14352986024803058,LON_H1|RISE_CANDLE|2.25|1.5,1
2022-07-19 06:00:00+00:00,2022-07-19,1.5,1.4909002031810838,1.4863503047716258,BASE,0
2022-07-20 07:00:00+00:00,2022-07-20,1.5,1.4905860553792685,1.4858790830689028,LON_H1|RISE_CANDLE|2.25|1.5,1
2022-07-25 06:00:00+00:00,2022-07-25,-1.0,-1.0089749532313725,-1.013462429847059,BASE,0
2022-07-26 06:00:00+00:00,2022-07-26,1.5,1.4893178732927583,1.4839768099391375,BASE,0
2022-07-28 06:00:00+00:00,2022-07-28,1.5,1.4922613249310048,1.488391987396507,BASE,0
2022-08-01 08:00:00+00:00,2022-08-01,-0.15719541293243355,-0.16644220192845888,-0.1710655964264715,LON_H2|RANGE_DI_CONT_G5|2.0|0.3,2
2022-08-04 07:00:00+00:00,2022-08-04,1.5,1.4883877893854907,1.482581684078236,LON_H1|RISE_CANDLE|2.25|1.5,1
2022-08-09 06:00:00+00:00,2022-08-09,1.5,1.4838124733190867,1.47571870997863,BASE,0
2022-08-10 08:00:00+00:00,2022-08-10,0.3,0.28184936176435144,0.27277404264652716,LON_H2|RANGE_DI_CONT_G5|2.0|0.3,2
2022-08-11 06:00:00+00:00,2022-08-11,0.294377200405571,0.2832686268053614,0.27771434000525663,BASE,0
2022-08-15 06:00:00+00:00,2022-08-15,1.5,1.4862921785947476,1.4794382678921214,BASE,0
2022-08-22 06:00:00+00:00,2022-08-22,1.5,1.4847657586016365,1.4771486379024548,BASE,0
2022-08-23 06:00:00+00:00,2022-08-23,-1.0,-1.0125393973754468,-1.0188090960631702,BASE,0
2022-08-25 07:00:00+00:00,2022-08-25,0.4167428531789995,0.4076832259359781,0.4031534123144674,LON_H1|RISE_CANDLE|2.25|1.5,1
2022-08-30 06:00:00+00:00,2022-08-30,0.6,0.5904747776943574,0.5857121665415361,BASE,0
2022-09-05 06:00:00+00:00,2022-09-05,0.29811447035760047,0.29011139732786617,0.28610986081299905,BASE,0
2022-09-06 06:00:00+00:00,2022-09-06,-1.0,-1.0106696834577078,-1.0160045251865617,BASE,0
2022-09-12 06:00:00+00:00,2022-09-12,-0.5358674658063202,-0.5439256231868667,-0.5479547018771399,BASE,0
2022-09-13 06:00:00+00:00,2022-09-13,-1.0,-1.0107328043690091,-1.016099206553514,BASE,0
2022-09-15 06:00:00+00:00,2022-09-15,1.5,1.487366657877599,1.4810499868163987,BASE,0
2022-09-26 06:00:00+00:00,2022-09-26,-0.587595566590759,-0.5928419555781764,-0.5954651500718852,BASE,0
2022-09-28 07:00:00+00:00,2022-09-28,1.5,1.4926651578394365,1.4889977367591547,LON_H1|RISE_CANDLE|2.25|1.5,1
2022-10-03 06:00:00+00:00,2022-10-03,-0.4239174677715915,-0.43067312462850926,-0.43405095305696817,BASE,0
2022-10-04 06:00:00+00:00,2022-10-04,1.5,1.4925491176001258,1.4888236764001885,BASE,0
2022-10-10 07:00:00+00:00,2022-10-10,-1.0,-1.0091295071839055,-1.0136942607758583,LON_H1|RISE_CANDLE|2.25|1.5,1
2022-10-18 06:00:00+00:00,2022-10-18,-1.0,-1.0094885673234335,-1.0142328509851504,BASE,0
2022-10-19 08:00:00+00:00,2022-10-19,0.3,0.28899731779452453,0.2834959766917868,LON_H2|RANGE_DI_CONT_G5|2.0|0.3,2
2022-10-24 06:00:00+00:00,2022-10-24,0.21544077439258077,0.20891226607765404,0.20564801192019064,BASE,0
2022-10-26 06:00:00+00:00,2022-10-26,1.5,1.4897066619256771,1.4845599928885156,BASE,0
2022-10-31 07:00:00+00:00,2022-10-31,1.1287415237080998,1.1187747111367259,1.113791304851039,BASE,0
2022-11-02 07:00:00+00:00,2022-11-02,1.5,1.488699797764232,1.483049696646348,BASE,0
2022-11-03 07:00:00+00:00,2022-11-03,0.4448262323088864,0.43662667042300835,0.4325268894800693,BASE,0
2022-11-07 07:00:00+00:00,2022-11-07,0.6,0.5932753537657506,0.5899130306486259,BASE,0
2022-11-10 07:00:00+00:00,2022-11-10,-1.0,-1.0098367885631225,-1.014755182844684,BASE,0
2022-11-16 07:00:00+00:00,2022-11-16,-0.30390930478217054,-0.30943492850548276,-0.3121977403671389,BASE,0
2022-11-17 09:00:00+00:00,2022-11-17,0.3,0.2907685336229144,0.2861528004343716,LON_H2|RANGE_DI_CONT_G5|2.0|0.3,2
2022-11-21 08:00:00+00:00,2022-11-21,0.19662043619845596,0.18797777966225976,0.18365645139416167,LON_H1|RISE_CANDLE|2.25|1.5,1
2022-11-28 07:00:00+00:00,2022-11-28,-1.0,-1.0084228738100347,-1.0126343107150522,BASE,0
2022-12-06 07:00:00+00:00,2022-12-06,-0.773764372813534,-0.7826327323873281,-0.7870669121742252,BASE,0
2022-12-07 07:00:00+00:00,2022-12-07,1.5,1.4890844246121069,1.4836266369181603,BASE,0
2022-12-14 07:00:00+00:00,2022-12-14,0.6,0.5906426844428738,0.5859640266643108,BASE,0
2022-12-15 08:00:00+00:00,2022-12-15,-1.0,-1.01029830810344,-1.0154474621551601,LON_H1|RISE_CANDLE|2.25|1.5,1
2022-12-19 08:00:00+00:00,2022-12-19,-1.0,-1.0100171125580173,-1.0150256688370258,LON_H1|RISE_CANDLE|2.25|1.5,1
2022-12-20 07:00:00+00:00,2022-12-20,0.14395134367132523,0.13466416020865674,0.1300205684773225,BASE,0
2022-12-21 07:00:00+00:00,2022-12-21,-1.0,-1.0113022967315748,-1.016953445097362,BASE,0
2022-12-22 07:00:00+00:00,2022-12-22,1.5,1.4872886946240689,1.4809330419361035,BASE,0
2022-12-26 07:00:00+00:00,2022-12-26,-0.07368856628399212,-0.08708648742654303,-0.09378544799781847,BASE,0
2022-12-27 07:00:00+00:00,2022-12-27,-1.0,-1.0154962358927053,-1.023244353839058,BASE,0
2022-12-29 08:00:00+00:00,2022-12-29,1.5,1.4867426283516834,1.480113942527525,LON_H1|RISE_CANDLE|2.25|1.5,1
2023-01-03 07:00:00+00:00,2023-01-03,1.5,1.489524220671777,1.4842863310076655,BASE,0
2023-01-04 07:00:00+00:00,2023-01-04,-0.009873337726326514,-0.019746675452643157,-0.024683344315801475,BASE,0
2023-01-10 07:00:00+00:00,2023-01-10,0.03440048168045896,0.02457177262890129,0.019657418103122458,BASE,0
2023-01-16 08:00:00+00:00,2023-01-16,-0.4406355626169797,-0.45037336510575227,-0.45524226635013854,LON_H1|RISE_CANDLE|2.25|1.5,1
2023-01-17 07:00:00+00:00,2023-01-17,-1.0,-1.0127415179684929,-1.0191122769527394,BASE,0
2023-01-18 08:00:00+00:00,2023-01-18,-1.0,-1.0092102516241443,-1.0138153774362164,LON_H1|RISE_CANDLE|2.25|1.5,1
2023-01-19 07:00:00+00:00,2023-01-19,0.42195190830941964,0.411784392446542,0.40670063451510324,BASE,0
2023-01-31 07:00:00+00:00,2023-01-31,0.6,0.5869837970288011,0.5804756955432017,BASE,0
2023-02-01 07:00:00+00:00,2023-02-01,1.5,1.4855629542130862,1.4783444313196292,BASE,0
2023-02-06 07:00:00+00:00,2023-02-06,1.5,1.489862096570673,1.4847931448560097,BASE,0
2023-02-09 08:00:00+00:00,2023-02-09,-0.8548852062294401,-0.8681392404345476,-0.8747662575371012,LON_H1|RISE_CANDLE|2.25|1.5,1
2023-02-14 07:00:00+00:00,2023-02-14,0.6,0.5857850054157318,0.5786775081235978,BASE,0
2023-02-20 07:00:00+00:00,2023-02-20,-1.0,-1.0142866641988906,-1.021429996298336,BASE,0
2023-02-21 07:00:00+00:00,2023-02-21,-1.0,-1.019730196007846,-1.029595294011769,BASE,0
2023-02-22 07:00:00+00:00,2023-02-22,1.5,1.4846425532909229,1.4769638299363845,BASE,0
2023-02-23 07:00:00+00:00,2023-02-23,0.5716651439250375,0.5562147346297678,0.548489529982133,BASE,0
2023-02-27 07:00:00+00:00,2023-02-27,1.5,1.485526554725812,1.4782898320887181,BASE,0
2023-02-28 08:00:00+00:00,2023-02-28,-1.0,-1.0136495944993014,-1.0204743917489518,LON_H1|RISE_CANDLE|2.25|1.5,1
2023-03-01 07:00:00+00:00,2023-03-01,0.34839763848740724,0.3367843838711612,0.3309777565630382,BASE,0
2023-03-02 08:00:00+00:00,2023-03-02,-1.0,-1.0136126148731073,-1.020418922309661,LON_H1|RISE_CANDLE|2.25|1.5,1
2023-03-06 07:00:00+00:00,2023-03-06,-1.0,-1.014204443099995,-1.0213066646499924,BASE,0
2023-03-08 09:00:00+00:00,2023-03-08,-1.0,-1.0151144368261558,-1.0226716552392336,LON_H2|RANGE_DI_CONT_G5|2.0|0.3,2
2023-03-09 08:00:00+00:00,2023-03-09,0.6415617062824018,0.6254217891432217,0.6173518305736316,LON_H1|RISE_CANDLE|2.25|1.5,1
2023-03-15 09:00:00+00:00,2023-03-15,0.3,0.2894152982235625,0.28412294733534377,LON_H2|RANGE_DI_CONT_G5|2.0|0.3,2
2023-03-20 07:00:00+00:00,2023-03-20,-1.0,-1.0100073246795342,-1.0150109870193014,BASE,0
2023-03-21 08:00:00+00:00,2023-03-21,1.5,1.4863871971011877,1.4795807956517815,LON_H1|RISE_CANDLE|2.25|1.5,1
2023-03-22 07:00:00+00:00,2023-03-22,0.6,0.5848897255503388,0.5773345883255082,BASE,0
2023-03-23 07:00:00+00:00,2023-03-23,1.5,1.4899621008159585,1.4849431512239377,BASE,0
2023-03-27 06:00:00+00:00,2023-03-27,-1.0,-1.0120457393086442,-1.0180686089629662,BASE,0
2023-03-30 06:00:00+00:00,2023-03-30,-1.0,-1.015070585730843,-1.0226058785962648,BASE,0
2023-04-05 06:00:00+00:00,2023-04-05,-1.0,-1.0130550971866639,-1.019582645779996,BASE,0
2023-04-11 06:00:00+00:00,2023-04-11,0.6,0.5843906656685205,0.5765859985027808,BASE,0
2023-04-13 06:00:00+00:00,2023-04-13,0.6,0.5859380463175032,0.5789070694762549,BASE,0
2023-04-24 06:00:00+00:00,2023-04-24,-1.0,-1.01580654146038,-1.0237098121905701,BASE,0
2023-04-26 08:00:00+00:00,2023-04-26,0.3,0.28509508399127564,0.27764262598691347,LON_H2|RANGE_DI_CONT_G5|2.0|0.3,2
2023-04-27 06:00:00+00:00,2023-04-27,1.5,1.4863884193409909,1.4795826290114864,BASE,0
2023-05-01 08:00:00+00:00,2023-05-01,-1.0,-1.015828574132104,-1.023742861198156,LON_H2|RANGE_DI_CONT_G5|2.0|0.3,2
2023-05-02 08:00:00+00:00,2023-05-02,0.3,0.28416349658398327,0.2762452448759749,LON_H2|RANGE_DI_CONT_G5|2.0|0.3,2
2023-05-03 06:00:00+00:00,2023-05-03,1.5,1.4848726527160314,1.477308979074047,BASE,0
2023-05-04 06:00:00+00:00,2023-05-04,1.5,1.486870602662466,1.480305903993699,BASE,0
2023-05-08 07:00:00+00:00,2023-05-08,-1.0,-1.014145827980377,-1.0212187419705654,LON_H1|RISE_CANDLE|2.25|1.5,1
2023-05-09 06:00:00+00:00,2023-05-09,1.5,1.4829307719883078,1.4743961579824616,BASE,0
2023-05-10 06:00:00+00:00,2023-05-10,0.6,0.584031736360799,0.5760476045411984,BASE,0
2023-05-11 06:00:00+00:00,2023-05-11,0.32315314903401804,0.3108425528803411,0.30468725480350267,BASE,0
2023-05-16 06:00:00+00:00,2023-05-16,-1.0,-1.0203367872146512,-1.0305051808219767,BASE,0
2023-05-17 07:00:00+00:00,2023-05-17,-0.3516547018762372,-0.36820315843511864,-0.3764773867145593,LON_H1|RISE_CANDLE|2.25|1.5,1
2023-05-18 06:00:00+00:00,2023-05-18,1.5,1.4819967117733672,1.472995067660051,BASE,0
2023-05-25 06:00:00+00:00,2023-05-25,0.2952210678968474,0.27881989745813485,0.2706193122387786,BASE,0
2023-05-31 06:00:00+00:00,2023-05-31,1.5,1.4849861257852806,1.4774791886779206,BASE,0
2023-06-01 06:00:00+00:00,2023-06-01,1.5,1.4854764055419556,1.4782146083129335,BASE,0
2023-06-05 06:00:00+00:00,2023-06-05,-1.0,-1.016983513273684,-1.0254752699105258,BASE,0
2023-06-06 06:00:00+00:00,2023-06-06,1.5,1.4810430555939416,1.4715645833909121,BASE,0
2023-06-07 06:00:00+00:00,2023-06-07,-1.0,-1.0195295308460544,-1.0292942962690814,BASE,0
2023-06-08 08:00:00+00:00,2023-06-08,0.3,0.28078228048267667,0.27117342072401496,LON_H2|RANGE_DI_CONT_G5|2.0|0.3,2
2023-06-12 07:00:00+00:00,2023-06-12,-1.0,-1.0181110648599416,-1.0271665972899127,LON_H1|RISE_CANDLE|2.25|1.5,1
2023-06-13 06:00:00+00:00,2023-06-13,-0.3407766552286954,-0.3584793386172005,-0.367330680311453,BASE,0
2023-06-14 08:00:00+00:00,2023-06-14,0.3,0.28244220643066825,0.27366330964600233,LON_H2|RANGE_DI_CONT_G5|2.0|0.3,2
2023-06-22 06:00:00+00:00,2023-06-22,0.6,0.5831639404764805,0.5747459107147207,BASE,0
2023-06-27 06:00:00+00:00,2023-06-27,1.5,1.4828705872867813,1.474305880930172,BASE,0
2023-06-29 06:00:00+00:00,2023-06-29,1.5,1.4839757191709382,1.4759635787564072,BASE,0
2023-07-11 07:00:00+00:00,2023-07-11,0.0533046801573916,0.036903240108958804,0.028702520084742413,LON_H1|RISE_CANDLE|2.25|1.5,1
2023-07-17 07:00:00+00:00,2023-07-17,-1.0,-1.015414138554944,-1.0231212078324161,LON_H1|RISE_CANDLE|2.25|1.5,1
2023-07-18 07:00:00+00:00,2023-07-18,0.4652911576275045,0.4509745066235797,0.4438161811216173,LON_H1|RISE_CANDLE|2.25|1.5,1
2023-07-24 07:00:00+00:00,2023-07-24,-1.0,-1.0118286812930921,-1.0177430219396382,LON_H1|RISE_CANDLE|2.25|1.5,1
2023-07-25 08:00:00+00:00,2023-07-25,0.3,0.2838968635820594,0.2758452953730891,LON_H2|RANGE_DI_CONT_G5|2.0|0.3,2
2023-07-27 06:00:00+00:00,2023-07-27,1.5,1.4865880968985756,1.4798821453478634,BASE,0
2023-07-31 08:00:00+00:00,2023-07-31,0.3,0.2865143389652626,0.2797715084478939,LON_H2|RANGE_DI_CONT_G5|2.0|0.3,2
2023-08-03 07:00:00+00:00,2023-08-03,-1.0,-1.013599517643044,-1.020399276464566,LON_H1|RISE_CANDLE|2.25|1.5,1
2023-08-09 07:00:00+00:00,2023-08-09,-0.469555398378871,-0.4863252340352591,-0.49471015186345313,LON_H1|RISE_CANDLE|2.25|1.5,1
2023-08-10 06:00:00+00:00,2023-08-10,1.5,1.4812727163366786,1.4719090745050178,BASE,0
2023-08-21 07:00:00+00:00,2023-08-21,0.32047102289805407,0.30291096684884317,0.2941309388242377,LON_H1|RISE_CANDLE|2.25|1.5,1
2023-08-22 06:00:00+00:00,2023-08-22,-1.0,-1.0183591469080038,-1.0275387203620057,BASE,0
2023-09-05 06:00:00+00:00,2023-09-05,1.5,1.481320609181357,1.4719809137720354,BASE,0
2023-09-07 07:00:00+00:00,2023-09-07,0.6140641088109692,0.5954561055136669,0.5861521038650158,LON_H1|RISE_CANDLE|2.25|1.5,1
2023-09-11 06:00:00+00:00,2023-09-11,0.37538841672703743,0.3599084820166463,0.35216851466145077,BASE,0
2023-09-20 06:00:00+00:00,2023-09-20,1.5,1.4796089864228872,1.4694134796343306,BASE,0
2023-09-25 07:00:00+00:00,2023-09-25,1.5,1.4832479447802904,1.4748719171704354,LON_H1|RISE_CANDLE|2.25|1.5,1
2023-09-26 06:00:00+00:00,2023-09-26,-1.0,-1.0168604539726733,-1.02529068095901,BASE,0
2023-09-27 08:00:00+00:00,2023-09-27,0.3,0.2804973602008285,0.2707460403012428,LON_H2|RANGE_DI_CONT_G5|2.0|0.3,2
2023-10-04 06:00:00+00:00,2023-10-04,-1.0,-1.0149732642664073,-1.022459896399611,BASE,0
2023-10-09 06:00:00+00:00,2023-10-09,-0.8729842933986071,-0.8836630003514956,-0.8890023538279399,BASE,0
2023-10-10 08:00:00+00:00,2023-10-10,-1.0,-1.0137590601296307,-1.020638590194446,LON_H2|RANGE_DI_CONT_G5|2.0|0.3,2
2023-10-11 06:00:00+00:00,2023-10-11,-1.0,-1.0156718096028265,-1.02350771440424,BASE,0
2023-10-18 06:00:00+00:00,2023-10-18,1.5,1.4847739027220055,1.4771608540830083,BASE,0
2023-10-23 07:00:00+00:00,2023-10-23,1.5,1.4828159496331454,1.4742239244497182,LON_H1|RISE_CANDLE|2.25|1.5,1
2023-10-24 06:00:00+00:00,2023-10-24,-1.0,-1.0167810708969547,-1.0251716063454321,BASE,0
2023-10-26 07:00:00+00:00,2023-10-26,-1.0,-1.0184338609399122,-1.0276507914098685,LON_H1|RISE_CANDLE|2.25|1.5,1
2023-10-30 08:00:00+00:00,2023-10-30,1.5,1.4837068578202217,1.4755602867303328,LON_H1|RISE_CANDLE|2.25|1.5,1
2023-10-31 07:00:00+00:00,2023-10-31,1.5,1.484667263587613,1.4770008953814195,BASE,0
2023-11-01 07:00:00+00:00,2023-11-01,1.5,1.4849635569347348,1.4774453354021022,BASE,0
2023-11-02 09:00:00+00:00,2023-11-02,0.3,0.28498293680237485,0.27747440520356226,LON_H2|RANGE_DI_CONT_G5|2.0|0.3,2
2023-11-06 07:00:00+00:00,2023-11-06,0.29560797559720003,0.2800496610920862,0.2722705038395292,BASE,0
2023-11-07 09:00:00+00:00,2023-11-07,0.3,0.2801862153437542,0.2702793230156313,LON_H2|RANGE_DI_CONT_G5|2.0|0.3,2
2023-11-08 07:00:00+00:00,2023-11-08,-1.0,-1.0191437797054015,-1.0287156695581021,BASE,0
2023-11-14 07:00:00+00:00,2023-11-14,1.5,1.4774984067339454,1.466247610100918,BASE,0
2023-11-15 07:00:00+00:00,2023-11-15,-1.0,-1.013236046592176,-1.0198540698882639,BASE,0
2023-11-20 08:00:00+00:00,2023-11-20,0.4706570929411148,0.45522571284468477,0.4475100227964698,LON_H1|RISE_CANDLE|2.25|1.5,1
2023-11-21 07:00:00+00:00,2023-11-21,-1.0,-1.0151893050228105,-1.0227839575342157,BASE,0
2023-11-22 07:00:00+00:00,2023-11-22,0.6,0.5853119933859589,0.5779679900789382,BASE,0
2023-11-27 07:00:00+00:00,2023-11-27,-0.455463887682343,-0.4723329205594673,-0.48076743699802943,BASE,0
2023-11-30 07:00:00+00:00,2023-11-30,1.5,1.4868190241785655,1.4802285362678484,BASE,0
2023-12-04 08:00:00+00:00,2023-12-04,-1.0,-1.0118880413521905,-1.017832062028286,LON_H1|RISE_CANDLE|2.25|1.5,1
2023-12-05 08:00:00+00:00,2023-12-05,-1.0,-1.0124935597607267,-1.0187403396410901,LON_H1|RISE_CANDLE|2.25|1.5,1
2023-12-11 07:00:00+00:00,2023-12-11,-1.0,-1.0163204204712941,-1.0244806307069414,BASE,0
2023-12-12 07:00:00+00:00,2023-12-12,-1.0,-1.0194581135483862,-1.0291871703225794,BASE,0
2023-12-19 07:00:00+00:00,2023-12-19,1.5,1.481733035960141,1.4725995539402117,BASE,0
2023-12-26 07:00:00+00:00,2023-12-26,0.6,0.5823732642288451,0.5735598963432677,BASE,0
2023-12-27 08:00:00+00:00,2023-12-27,1.5,1.4779845845253596,1.4669768767880393,LON_H1|RISE_CANDLE|2.25|1.5,1
2024-01-02 09:00:00+00:00,2024-01-02,0.3,0.28658130013713007,0.2798719502056951,LON_H2|RANGE_DI_CONT_G5|2.0|0.3,2
2024-01-03 07:00:00+00:00,2024-01-03,0.6,0.5862924977264908,0.5794387465897363,BASE,0
2024-01-04 07:00:00+00:00,2024-01-04,0.13211038340755032,0.11656798535960354,0.10879678633563016,BASE,0
2024-01-11 07:00:00+00:00,2024-01-11,-1.0,-1.019683782337185,-1.0295256735057774,BASE,0
2024-01-15 09:00:00+00:00,2024-01-15,0.3,0.2820323173724118,0.2730484760586177,LON_H2|RANGE_DI_CONT_G5|2.0|0.3,2
2024-01-16 08:00:00+00:00,2024-01-16,0.9038126991532679,0.8880942174288631,0.8802349765666606,LON_H1|RISE_CANDLE|2.25|1.5,1
2024-01-22 07:00:00+00:00,2024-01-22,0.6142351525156341,0.5945796276351334,0.584751865194883,BASE,0
2024-01-23 07:00:00+00:00,2024-01-23,1.5,1.4817428305375147,1.472614245806272,BASE,0
2024-01-25 07:00:00+00:00,2024-01-25,-1.0,-1.0174230929999137,-1.0261346394998705,BASE,0
2024-01-29 07:00:00+00:00,2024-01-29,1.5,1.4817498038727726,1.4726247058091586,BASE,0
2024-01-31 07:00:00+00:00,2024-01-31,1.5,1.4815518302586133,1.47232774538792,BASE,0
2024-02-01 07:00:00+00:00,2024-02-01,-1.0,-1.0121103474151814,-1.018165521122772,BASE,0
2024-02-05 07:00:00+00:00,2024-02-05,-1.0,-1.014932547125821,-1.0223988206887318,BASE,0
2024-02-07 07:00:00+00:00,2024-02-07,-0.04753607071494545,-0.06866321325493917,-0.07922678452493603,BASE,0
2024-02-14 07:00:00+00:00,2024-02-14,-1.0,-1.0185756786943092,-1.027863518041464,BASE,0
2024-02-15 08:00:00+00:00,2024-02-15,-1.0,-1.022847520940729,-1.0342712814110937,LON_H1|RISE_CANDLE|2.25|1.5,1
2024-02-19 07:00:00+00:00,2024-02-19,0.15026991896465103,0.13023392976936202,0.12021593517171751,BASE,0
2024-02-20 09:00:00+00:00,2024-02-20,0.3,0.27516581598325784,0.2627487239748868,LON_H2|RANGE_DI_CONT_G5|2.0|0.3,2
2024-02-21 07:00:00+00:00,2024-02-21,-1.0,-1.0211670811819828,-1.0317506217729744,BASE,0
2024-02-22 07:00:00+00:00,2024-02-22,1.5,1.4802314675636317,1.4703472013454475,BASE,0
2024-02-26 09:00:00+00:00,2024-02-26,0.3,0.2748422926012183,0.26226343890182746,LON_H2|RANGE_DI_CONT_G5|2.0|0.3,2
2024-02-27 07:00:00+00:00,2024-02-27,-1.0,-1.0259290608538179,-1.038893591280727,BASE,0
2024-02-28 08:00:00+00:00,2024-02-28,-1.0,-1.0230456340346215,-1.0345684510519322,LON_H1|RISE_CANDLE|2.25|1.5,1
2024-03-04 07:00:00+00:00,2024-03-04,0.13626838965904392,0.11530402201918512,0.10482183819925572,BASE,0
2024-03-05 08:00:00+00:00,2024-03-05,1.5,1.474989928882022,1.4624848933230332,LON_H1|RISE_CANDLE|2.25|1.5,1
2024-03-06 07:00:00+00:00,2024-03-06,1.5,1.4745830481056856,1.4618745721585285,BASE,0
2024-03-18 09:00:00+00:00,2024-03-18,0.3,0.26861001107789856,0.25291501661684784,LON_H2|RANGE_DI_CONT_G5|2.0|0.3,2
2024-03-19 07:00:00+00:00,2024-03-19,-0.8115556518016663,-0.836148247310808,-0.8484445450653788,BASE,0
2024-03-20 08:00:00+00:00,2024-03-20,-1.0,-1.0263086136497737,-1.0394629204746604,LON_H1|RISE_CANDLE|2.25|1.5,1
2024-03-21 07:00:00+00:00,2024-03-21,1.5,1.479896058625488,1.4698440879382317,BASE,0
2024-03-27 08:00:00+00:00,2024-03-27,-1.0,-1.0250735555231396,-1.0376103332847093,LON_H1|RISE_CANDLE|2.25|1.5,1
2024-03-28 07:00:00+00:00,2024-03-28,-1.0,-1.0226385921166845,-1.0339578881750269,BASE,0
2024-04-02 06:00:00+00:00,2024-04-02,1.5,1.476235258821312,1.4643528882319679,BASE,0
2024-04-04 07:00:00+00:00,2024-04-04,-1.0,-1.021973076567559,-1.0329596148513382,LON_H1|RISE_CANDLE|2.25|1.5,1
2024-04-08 08:00:00+00:00,2024-04-08,-1.0,-1.020761332287788,-1.0311419984316819,LON_H2|RANGE_DI_CONT_G5|2.0|0.3,2
2024-04-10 06:00:00+00:00,2024-04-10,-1.0,-1.0276709936399016,-1.041506490459852,BASE,0
2024-04-11 07:00:00+00:00,2024-04-11,-1.0,-1.0169132364554025,-1.0253698546831038,LON_H1|RISE_CANDLE|2.25|1.5,1
2024-04-18 07:00:00+00:00,2024-04-18,1.5,1.4821288238176293,1.473193235726444,LON_H1|RISE_CANDLE|2.25|1.5,1
2024-04-22 07:00:00+00:00,2024-04-22,0.021003317782727675,0.0042006635565063725,-0.004200663556604277,LON_H1|RISE_CANDLE|2.25|1.5,1
2024-04-25 07:00:00+00:00,2024-04-25,-1.0,-1.020362817967675,-1.0305442269515124,LON_H1|RISE_CANDLE|2.25|1.5,1
2024-04-29 06:00:00+00:00,2024-04-29,-0.38462944577881064,-0.4003286068310073,-0.40817818735710565,BASE,0
2024-04-30 06:00:00+00:00,2024-04-30,-1.0,-1.0183535726159745,-1.0275303589239617,BASE,0
2024-05-01 07:00:00+00:00,2024-05-01,1.5,1.479722936607215,1.4695844049108227,LON_H1|RISE_CANDLE|2.25|1.5,1
2024-05-02 06:00:00+00:00,2024-05-02,-1.0,-1.0146165371431126,-1.0219248057146688,BASE,0
2024-05-08 06:00:00+00:00,2024-05-08,-0.2567630410071642,-0.2790902619643135,-0.2902538724428882,BASE,0
2024-05-09 06:00:00+00:00,2024-05-09,-1.0,-1.0291240240743946,-1.0436860361115918,BASE,0
2024-05-13 07:00:00+00:00,2024-05-13,1.5,1.4741958144952818,1.4612937217429227,LON_H1|RISE_CANDLE|2.25|1.5,1
2024-05-15 06:00:00+00:00,2024-05-15,1.5,1.4735603822587136,1.4603405733880706,BASE,0
2024-05-20 06:00:00+00:00,2024-05-20,1.5,1.4734360374347921,1.4601540561521882,BASE,0
2024-05-23 06:00:00+00:00,2024-05-23,-1.0,-1.0237346231958828,-1.0356019347938241,BASE,0
2024-05-30 06:00:00+00:00,2024-05-30,1.5,1.477517775431906,1.466276663147859,BASE,0
2024-06-04 08:00:00+00:00,2024-06-04,0.3,0.2775126000037595,0.26626890000563924,LON_H2|RANGE_DI_CONT_G5|2.0|0.3,2
2024-06-10 06:00:00+00:00,2024-06-10,-0.5132003875417234,-0.5294924633366982,-0.5376385012341857,BASE,0
2024-06-11 08:00:00+00:00,2024-06-11,0.3,0.27694969925874363,0.2654245488881154,LON_H2|RANGE_DI_CONT_G5|2.0|0.3,2
2024-06-20 06:00:00+00:00,2024-06-20,1.5,1.469294729603809,1.4539420944057133,BASE,0
2024-06-26 06:00:00+00:00,2024-06-26,1.5,1.4756572259501644,1.4634858389252465,BASE,0
2024-07-01 07:00:00+00:00,2024-07-01,0.4611968627713017,0.44689618485591265,0.4397458458982181,LON_H1|RISE_CANDLE|2.25|1.5,1
2024-07-03 07:00:00+00:00,2024-07-03,1.5,1.4769903995841387,1.4654855993762081,LON_H1|RISE_CANDLE|2.25|1.5,1
2024-07-04 06:00:00+00:00,2024-07-04,1.0895547031425044,1.0659967636150978,1.0542177938513944,BASE,0
2024-07-09 06:00:00+00:00,2024-07-09,0.6963280736447244,0.6700515425637928,0.6569132770233271,BASE,0
2024-07-11 08:00:00+00:00,2024-07-11,0.3,0.2671035783986569,0.25065536759798535,LON_H2|RANGE_DI_CONT_G5|2.0|0.3,2
2024-07-15 08:00:00+00:00,2024-07-15,0.3,0.27605227994526005,0.26407841991789005,LON_H2|RANGE_DI_CONT_G5|2.0|0.3,2
2024-07-16 06:00:00+00:00,2024-07-16,-1.0,-1.0262694707808553,-1.039404206171283,BASE,0
2024-07-17 07:00:00+00:00,2024-07-17,1.5,1.4771212811937804,1.4656819217906705,LON_H1|RISE_CANDLE|2.25|1.5,1
2024-07-22 07:00:00+00:00,2024-07-22,-0.040066049424961864,-0.06296093481064963,-0.0744083775034935,LON_H1|RISE_CANDLE|2.25|1.5,1
2024-07-23 06:00:00+00:00,2024-07-23,1.5,1.4725311596651707,1.4587967394977561,BASE,0
2024-07-29 07:00:00+00:00,2024-07-29,1.5,1.4776160194268106,1.4664240291402162,LON_H1|RISE_CANDLE|2.25|1.5,1
2024-07-30 06:00:00+00:00,2024-07-30,-1.0,-1.0250905203480531,-1.0376357805220797,BASE,0
2024-08-01 06:00:00+00:00,2024-08-01,1.1788538642883524,1.1615812801962146,1.152944988150146,BASE,0
2024-08-05 06:00:00+00:00,2024-08-05,0.6,0.58906689079699,0.583600336195485,BASE,0
2024-08-07 06:00:00+00:00,2024-08-07,0.2958110272103146,0.2784103785508847,0.2697100542211697,BASE,0
2024-08-08 06:00:00+00:00,2024-08-08,-1.0,-1.0210479725308026,-1.031571958796204,BASE,0
2024-08-13 07:00:00+00:00,2024-08-13,-1.0,-1.026129969580771,-1.0391949543711567,LON_H1|RISE_CANDLE|2.25|1.5,1
2024-08-14 06:00:00+00:00,2024-08-14,1.5,1.479881080238434,1.4698216203576508,BASE,0
2024-08-19 06:00:00+00:00,2024-08-19,-1.0,-1.0210941432393996,-1.0316412148590994,BASE,0
2024-08-21 06:00:00+00:00,2024-08-21,-1.0,-1.0207585599095979,-1.0311378398643967,BASE,0
2024-08-28 06:00:00+00:00,2024-08-28,-1.0,-1.017668709565945,-1.0265030643489175,BASE,0
2024-09-03 06:00:00+00:00,2024-09-03,-1.0,-1.0233149037151585,-1.0349723555727377,BASE,0
2024-09-05 06:00:00+00:00,2024-09-05,1.5,1.478481822171529,1.4677227332572935,BASE,0
2024-09-09 08:00:00+00:00,2024-09-09,0.3,0.28356931069934177,0.27535396604901263,LON_H2|RANGE_DI_CONT_G5|2.0|0.3,2
2024-09-11 06:00:00+00:00,2024-09-11,-1.0,-1.020128621553214,-1.0301929323298211,BASE,0
2024-09-16 06:00:00+00:00,2024-09-16,0.24999239018404085,0.23038514389509687,0.22058152075062487,BASE,0
2024-09-17 06:00:00+00:00,2024-09-17,0.6,0.5802505591732456,0.5703758387598684,BASE,0
2024-09-18 07:00:00+00:00,2024-09-18,-1.0,-1.021704871687725,-1.0325573075315877,LON_H1|RISE_CANDLE|2.25|1.5,1
2024-09-19 06:00:00+00:00,2024-09-19,0.5506718379940724,0.5398211613833528,0.534395823077993,BASE,0
2024-09-23 07:00:00+00:00,2024-09-23,-1.0,-1.0139622070659309,-1.020943310598896,LON_H1|RISE_CANDLE|2.25|1.5,1
2024-09-25 06:00:00+00:00,2024-09-25,0.6,0.582456902477459,0.5736853537161885,BASE,0
2024-10-01 06:00:00+00:00,2024-10-01,1.5,1.4853197373760947,1.477979606064142,BASE,0
2024-10-07 06:00:00+00:00,2024-10-07,-0.23589500611700787,-0.25274464941108304,-0.26116947105812066,BASE,0
2024-10-10 06:00:00+00:00,2024-10-10,-1.0,-1.0252910913142559,-1.0379366369713836,BASE,0
2024-10-15 06:00:00+00:00,2024-10-15,-0.4761814792712253,-0.49859001947222364,-0.5097942895727229,BASE,0
2024-10-16 06:00:00+00:00,2024-10-16,-1.0,-1.0232459409898322,-1.0348689114847485,BASE,0
2024-10-23 07:00:00+00:00,2024-10-23,-0.27362694411425686,-0.29551709964339984,-0.3064621774079713,LON_H1|RISE_CANDLE|2.25|1.5,1
2024-10-24 07:00:00+00:00,2024-10-24,1.446927399791562,1.427699128697986,1.418084993151198,LON_H1|RISE_CANDLE|2.25|1.5,1
2024-10-29 07:00:00+00:00,2024-10-29,-1.0,-1.0217845806450538,-1.0326768709675809,BASE,0
2024-10-30 08:00:00+00:00,2024-10-30,-1.0,-1.018490935181444,-1.0277364027721658,LON_H1|RISE_CANDLE|2.25|1.5,1
2024-10-31 09:00:00+00:00,2024-10-31,0.3,0.2802303922189991,0.27034558832849864,LON_H2|RANGE_DI_CONT_G5|2.0|0.3,2
2024-11-04 08:00:00+00:00,2024-11-04,-0.9280360655760634,-0.9428254849477935,-0.9502201946336585,LON_H1|RISE_CANDLE|2.25|1.5,1
2024-11-05 07:00:00+00:00,2024-11-05,1.5,1.4785123320256752,1.4677684980385128,BASE,0
2024-11-06 07:00:00+00:00,2024-11-06,-1.0,-1.0058910059610515,-1.0088365089415774,BASE,0
2024-11-11 07:00:00+00:00,2024-11-11,1.5,1.4878248136204528,1.4817372204306791,BASE,0
2024-11-12 07:00:00+00:00,2024-11-12,0.3496502494715237,0.3341102383839025,0.32634023284009195,BASE,0
2024-11-13 08:00:00+00:00,2024-11-13,1.5,1.4841410879607086,1.476211631941063,LON_H1|RISE_CANDLE|2.25|1.5,1
2024-11-14 07:00:00+00:00,2024-11-14,-1.0,-1.012814284543492,-1.0192214268152378,BASE,0
2024-11-20 07:00:00+00:00,2024-11-20,1.5,1.4868696729557953,1.4803045094336928,BASE,0
2024-11-21 07:00:00+00:00,2024-11-21,1.5,1.4833410038679513,1.475011505801927,BASE,0
2024-11-26 09:00:00+00:00,2024-11-26,0.3,0.2904167122391652,0.28562506835874785,LON_H2|RANGE_DI_CONT_G5|2.0|0.3,2
2024-11-27 07:00:00+00:00,2024-11-27,1.5,1.4877485561770278,1.4816228342655418,BASE,0
2024-12-02 07:00:00+00:00,2024-12-02,-1.0,-1.0114366351063624,-1.0171549526595436,BASE,0
2024-12-04 08:00:00+00:00,2024-12-04,-1.0,-1.0113357601620832,-1.0170036402431246,LON_H1|RISE_CANDLE|2.25|1.5,1
2024-12-05 07:00:00+00:00,2024-12-05,1.5,1.4866958253090308,1.480043737963546,BASE,0
2024-12-09 08:00:00+00:00,2024-12-09,-0.6538014561538715,-0.6666210925490452,-0.673030910746632,LON_H1|RISE_CANDLE|2.25|1.5,1
2024-12-10 08:00:00+00:00,2024-12-10,1.5,1.4842905641709325,1.4764358462563987,LON_H1|RISE_CANDLE|2.25|1.5,1
2024-12-17 08:00:00+00:00,2024-12-17,-1.0,-1.0143455233389216,-1.0215182850083824,LON_H1|RISE_CANDLE|2.25|1.5,1
2024-12-24 07:00:00+00:00,2024-12-24,-0.11614475656440544,-0.13335138716654008,-0.14195470246760739,BASE,0
2025-01-06 08:00:00+00:00,2025-01-06,1.5,1.485721456412094,1.478582184618141,LON_H1|RISE_CANDLE|2.25|1.5,1
2025-01-07 07:00:00+00:00,2025-01-07,-1.0,-1.0113730346692378,-1.0170595520038566,BASE,0
2025-01-08 07:00:00+00:00,2025-01-08,1.5,1.4857686862591177,1.4786530293886766,BASE,0
2025-01-09 07:00:00+00:00,2025-01-09,-1.0,-1.0148580930650344,-1.0222871395975515,BASE,0
2025-01-20 08:00:00+00:00,2025-01-20,-1.0,-1.0143409426831835,-1.0215114140247752,LON_H1|RISE_CANDLE|2.25|1.5,1
2025-01-22 09:00:00+00:00,2025-01-22,-1.0,-1.0114942596317458,-1.0172413894476187,LON_H2|RANGE_DI_CONT_G5|2.0|0.3,2
2025-01-27 08:00:00+00:00,2025-01-27,-0.020213034834134794,-0.031763340453638,-0.03753849326338961,LON_H1|RISE_CANDLE|2.25|1.5,1
2025-01-28 07:00:00+00:00,2025-01-28,-0.19579968180292165,-0.20715038799439772,-0.21282574109013574,BASE,0
2025-01-29 09:00:00+00:00,2025-01-29,0.3,0.28357855083333916,0.2753678262500088,LON_H2|RANGE_DI_CONT_G5|2.0|0.3,2
2025-01-30 07:00:00+00:00,2025-01-30,-1.0,-1.014889652273926,-1.0223344784108888,BASE,0
2025-02-03 07:00:00+00:00,2025-02-03,-1.0,-1.0065448834011987,-1.0098173251017981,BASE,0
2025-02-05 08:00:00+00:00,2025-02-05,-0.10691014519315034,-0.11846799872754556,-0.12424692549474316,LON_H1|RISE_CANDLE|2.25|1.5,1
2025-02-12 07:00:00+00:00,2025-02-12,-1.0,-1.0180032738108422,-1.0270049107162633,BASE,0
2025-02-13 07:00:00+00:00,2025-02-13,-0.42008147900615506,-0.43143503249280674,-0.43711180923613263,BASE,0
2025-02-18 07:00:00+00:00,2025-02-18,-1.0,-1.0186820113321382,-1.0280230169982072,BASE,0
2025-02-19 08:00:00+00:00,2025-02-19,1.5,1.480993827357144,1.4714907410357159,LON_H1|RISE_CANDLE|2.25|1.5,1
2025-03-04 07:00:00+00:00,2025-03-04,1.5,1.4878651372797784,1.4817977059196676,BASE,0
2025-03-05 07:00:00+00:00,2025-03-05,1.5,1.4912609427793697,1.4868914141690546,BASE,0
2025-03-10 09:00:00+00:00,2025-03-10,0.3,0.2905062459480452,0.2857593689220678,LON_H2|RANGE_DI_CONT_G5|2.0|0.3,2
2025-03-11 07:00:00+00:00,2025-03-11,0.40298470253760127,0.3941278958884229,0.3896994925638337,BASE,0
2025-03-12 08:00:00+00:00,2025-03-12,-1.0,-1.0118315786387508,-1.0177473679581264,LON_H1|RISE_CANDLE|2.25|1.5,1
2025-03-13 07:00:00+00:00,2025-03-13,0.34468749663314924,0.3325931985056718,0.3265460494419331,BASE,0
2025-03-17 09:00:00+00:00,2025-03-17,0.3,0.2859924618324225,0.2789886927486338,LON_H2|RANGE_DI_CONT_G5|2.0|0.3,2
2025-03-18 07:00:00+00:00,2025-03-18,-1.0,-1.01623957153413,-1.0243593573011949,BASE,0
2025-03-20 07:00:00+00:00,2025-03-20,1.5,1.4879674015085695,1.4819511022628542,BASE,0
2025-03-25 07:00:00+00:00,2025-03-25,-1.0,-1.0144143941690464,-1.0216215912535698,BASE,0
2025-03-31 07:00:00+00:00,2025-03-31,0.1894472185458778,0.17796556893703852,0.1722247441326189,LON_H1|RISE_CANDLE|2.25|1.5,1
2025-04-01 06:00:00+00:00,2025-04-01,-1.0,-1.0142987382649717,-1.0214481073974575,BASE,0
2025-04-03 06:00:00+00:00,2025-04-03,1.5,1.4938793379110624,1.4908190068665936,BASE,0
2025-04-09 07:00:00+00:00,2025-04-09,-1.0,-1.0052300189047783,-1.0078450283571672,LON_H1|RISE_CANDLE|2.25|1.5,1
2025-04-10 07:00:00+00:00,2025-04-10,1.5,1.4945524314209886,1.491828647131483,LON_H1|RISE_CANDLE|2.25|1.5,1
2025-04-14 06:00:00+00:00,2025-04-14,-1.0,-1.0042926565352788,-1.006438984802918,BASE,0
2025-04-16 06:00:00+00:00,2025-04-16,-0.49955896792331744,-0.5072444905067532,-0.5110872517984713,BASE,0
2025-05-01 07:00:00+00:00,2025-05-01,-1.0,-1.0103550127480418,-1.0155325191220628,LON_H1|RISE_CANDLE|2.25|1.5,1
2025-05-06 07:00:00+00:00,2025-05-06,-1.0,-1.0104497003767692,-1.0156745505651539,LON_H1|RISE_CANDLE|2.25|1.5,1
2025-05-07 07:00:00+00:00,2025-05-07,1.123982073715948,1.1146737335609507,1.1100195634834522,LON_H1|RISE_CANDLE|2.25|1.5,1
2025-05-08 06:00:00+00:00,2025-05-08,-1.0,-1.0092477703591665,-1.0138716555387497,BASE,0
2025-05-12 07:00:00+00:00,2025-05-12,0.10539934744570068,0.09813042693220439,0.09449596667545625,LON_H1|RISE_CANDLE|2.25|1.5,1
2025-05-14 06:00:00+00:00,2025-05-14,1.5,1.4876691504144017,1.4815037256216028,BASE,0
2025-05-19 06:00:00+00:00,2025-05-19,1.5,1.4894424722449462,1.4841637083674195,BASE,0
2025-05-20 06:00:00+00:00,2025-05-20,-1.0,-1.01167977742179,-1.017519666132685,BASE,0
2025-05-21 07:00:00+00:00,2025-05-21,-1.0,-1.0107176669305808,-1.0160765003958714,LON_H1|RISE_CANDLE|2.25|1.5,1
2025-05-26 06:00:00+00:00,2025-05-26,0.6931745192161094,0.6829431609988974,0.6778274818902914,BASE,0
2025-05-28 06:00:00+00:00,2025-05-28,-1.0,-1.0128517867608857,-1.0192776801413286,BASE,0
2025-06-02 06:00:00+00:00,2025-06-02,0.966400044150624,0.955259986004795,0.9496899569318805,BASE,0
2025-06-09 07:00:00+00:00,2025-06-09,-0.11597922097998158,-0.12923398909197673,-0.1358613731479743,LON_H1|RISE_CANDLE|2.25|1.5,1
2025-06-11 08:00:00+00:00,2025-06-11,0.3,0.2857196132563492,0.27857941988452384,LON_H2|RANGE_DI_CONT_G5|2.0|0.3,2
2025-06-12 06:00:00+00:00,2025-06-12,-1.0,-1.0115727832712338,-1.0173591749068507,BASE,0
2025-06-16 06:00:00+00:00,2025-06-16,0.08564903524001193,0.07663334732001179,0.07212550336001172,BASE,0
2025-06-19 06:00:00+00:00,2025-06-19,0.436072252510483,0.4259310373358203,0.4208604297484889,BASE,0
2025-06-24 06:00:00+00:00,2025-06-24,-0.5353063350167379,-0.5449514942062291,-0.5497740738009748,BASE,0
2025-06-26 06:00:00+00:00,2025-06-26,0.549650340657658,0.5387120254206901,0.5332428678022061,BASE,0
2025-06-30 07:00:00+00:00,2025-06-30,-1.0,-1.0098155816985117,-1.0147233725477678,LON_H1|RISE_CANDLE|2.25|1.5,1
2025-07-01 06:00:00+00:00,2025-07-01,0.6,0.5888226215693674,0.5832339323540511,BASE,0
2025-07-02 06:00:00+00:00,2025-07-02,-0.8508909855834567,-0.8639816161308947,-0.8705269314046138,BASE,0
2025-07-07 06:00:00+00:00,2025-07-07,1.5,1.4838618184481867,1.4757927276722802,BASE,0
2025-07-15 06:00:00+00:00,2025-07-15,1.5,1.4832509490314394,1.474876423547159,BASE,0
2025-07-21 06:00:00+00:00,2025-07-21,1.5,1.4846691988761074,1.477003798314161,BASE,0
2025-07-22 08:00:00+00:00,2025-07-22,-1.0,-1.0183603577601208,-1.0275405366401813,LON_H2|RANGE_DI_CONT_G5|2.0|0.3,2
2025-07-28 06:00:00+00:00,2025-07-28,1.5,1.4877793445600744,1.4816690168401119,BASE,0
2025-07-29 06:00:00+00:00,2025-07-29,-1.0,-1.010453297735292,-1.0156799466029378,BASE,0
2025-07-31 06:00:00+00:00,2025-07-31,0.17715583202650914,0.1690107363011538,0.1649381884384761,BASE,0
2025-08-05 06:00:00+00:00,2025-08-05,0.36173308502468793,0.3500642758303444,0.3442298712331726,BASE,0
2025-08-07 06:00:00+00:00,2025-08-07,-1.0,-1.0137074072962045,-1.0205611109443067,BASE,0
2025-08-13 06:00:00+00:00,2025-08-13,0.1190925397981515,0.10548196382122271,0.09867667583275833,BASE,0
2025-08-14 07:00:00+00:00,2025-08-14,1.5,1.4836881576621115,1.4755322364931673,LON_H1|RISE_CANDLE|2.25|1.5,1
2025-08-18 07:00:00+00:00,2025-08-18,0.5236987551123851,0.5075849472627741,0.49952804333796874,LON_H1|RISE_CANDLE|2.25|1.5,1
2025-08-21 06:00:00+00:00,2025-08-21,-1.0,-1.0161973778947557,-1.0242960668421335,BASE,0
2025-08-27 07:00:00+00:00,2025-08-27,-1.0,-1.0133446061508755,-1.0200169092263134,LON_H1|RISE_CANDLE|2.25|1.5,1
2025-09-01 07:00:00+00:00,2025-09-01,-1.0,-1.0151615033303456,-1.0227422549955185,LON_H1|RISE_CANDLE|2.25|1.5,1
2025-09-02 07:00:00+00:00,2025-09-02,-1.0,-1.0134734844805218,-1.0202102267207827,LON_H1|RISE_CANDLE|2.25|1.5,1
2025-09-03 06:00:00+00:00,2025-09-03,0.6,0.5871071076923066,0.5806606615384599,BASE,0
2025-09-04 06:00:00+00:00,2025-09-04,0.2466145527418534,0.23017358255906137,0.22195309746766534,BASE,0
2025-09-08 06:00:00+00:00,2025-09-08,1.1325610556031467,1.1189974501468212,1.1122156474186584,BASE,0
2025-09-10 06:00:00+00:00,2025-09-10,-1.0,-1.0144196997973334,-1.021629549696,BASE,0
2025-09-16 06:00:00+00:00,2025-09-16,1.5,1.4820724795150804,1.4731087192726207,BASE,0
2025-09-22 08:00:00+00:00,2025-09-22,0.3,0.2832744724662378,0.27491170869935677,LON_H2|RANGE_DI_CONT_G5|2.0|0.3,2
2025-09-24 06:00:00+00:00,2025-09-24,1.5,1.4835934938200086,1.4753902407300128,BASE,0
2025-09-25 07:00:00+00:00,2025-09-25,1.5,1.4822997800491966,1.4734496700737951,LON_H1|RISE_CANDLE|2.25|1.5,1
2025-09-29 06:00:00+00:00,2025-09-29,-1.0,-1.016887857185968,-1.0253317857789521,BASE,0
2025-09-30 06:00:00+00:00,2025-09-30,-1.0,-1.0164115091801496,-1.0246172637702244,BASE,0
2025-10-01 06:00:00+00:00,2025-10-01,-1.0,-1.013513487907757,-1.0202702318616355,BASE,0
2025-10-02 06:00:00+00:00,2025-10-02,-1.0,-1.014616271755054,-1.0219244076325809,BASE,0
2025-10-06 06:00:00+00:00,2025-10-06,-1.0,-1.0146003014468232,-1.0219004521702348,BASE,0
2025-10-07 06:00:00+00:00,2025-10-07,0.987203437397064,0.9715954779125263,0.9637914981702574,BASE,0
2025-10-08 08:00:00+00:00,2025-10-08,-1.0,-1.0157709944079987,-1.0236564916119981,LON_H2|RANGE_DI_CONT_G5|2.0|0.3,2
2025-10-09 07:00:00+00:00,2025-10-09,1.5,1.485292293630443,1.4779384404456644,LON_H1|RISE_CANDLE|2.25|1.5,1
2025-10-13 06:00:00+00:00,2025-10-13,1.5,1.4872494592685188,1.480874188902778,BASE,0
2025-10-15 06:00:00+00:00,2025-10-15,-1.0,-1.0150535007792745,-1.0225802511689117,BASE,0
2025-10-16 06:00:00+00:00,2025-10-16,-1.0,-1.0155271703345232,-1.023290755501785,BASE,0
2025-10-21 06:00:00+00:00,2025-10-21,-1.0,-1.0184615038935634,-1.027692255840345,BASE,0
2025-10-23 07:00:00+00:00,2025-10-23,0.7631287804759322,0.7427786796632385,0.7326036292568916,LON_H1|RISE_CANDLE|2.25|1.5,1
2025-10-27 07:00:00+00:00,2025-10-27,0.6,0.5834086651875783,0.5751129977813674,BASE,0
2025-10-28 07:00:00+00:00,2025-10-28,-1.0,-1.017569900669813,-1.0263548510047193,BASE,0
2025-10-29 08:00:00+00:00,2025-10-29,-1.0,-1.0188150711948851,-1.0282226067923277,LON_H1|RISE_CANDLE|2.25|1.5,1
2025-11-04 09:00:00+00:00,2025-11-04,0.3,0.2808289138413575,0.27124337076203625,LON_H2|RANGE_DI_CONT_G5|2.0|0.3,2
2025-11-05 09:00:00+00:00,2025-11-05,0.3,0.2772295980746085,0.2658443971119128,LON_H2|RANGE_DI_CONT_G5|2.0|0.3,2
2025-11-06 07:00:00+00:00,2025-11-06,1.5,1.4781168908334938,1.4671753362502407,BASE,0
2025-11-11 07:00:00+00:00,2025-11-11,1.5,1.4805550930083453,1.4708326395125177,BASE,0
2025-11-12 09:00:00+00:00,2025-11-12,0.3,0.2770159888860059,0.2655239833290089,LON_H2|RANGE_DI_CONT_G5|2.0|0.3,2
2025-11-13 07:00:00+00:00,2025-11-13,1.5,1.4816645456497526,1.472496818474629,BASE,0
2025-11-17 08:00:00+00:00,2025-11-17,0.45665604436806806,0.43942374080700625,0.43080758902647537,LON_H1|RISE_CANDLE|2.25|1.5,1
2025-11-19 07:00:00+00:00,2025-11-19,1.5,1.4808943419586713,1.471341512938007,BASE,0
2025-11-20 07:00:00+00:00,2025-11-20,-1.0,-1.0172304008135238,-1.025845601220286,BASE,0
2025-11-25 07:00:00+00:00,2025-11-25,1.5,1.4801994781057775,1.4702992171586662,BASE,0
2025-12-01 07:00:00+00:00,2025-12-01,1.5,1.4833894586450678,1.4750841879676015,BASE,0
2025-12-03 07:00:00+00:00,2025-12-03,-1.0,-1.022264738436225,-1.0333971076543373,BASE,0
2025-12-08 07:00:00+00:00,2025-12-08,1.5,1.4805027710339989,1.4707541565509983,BASE,0
2025-12-09 08:00:00+00:00,2025-12-09,-1.0,-1.0206624041529007,-1.0309936062293508,LON_H1|RISE_CANDLE|2.25|1.5,1
2025-12-11 07:00:00+00:00,2025-12-11,1.5,1.483234627258052,1.4748519408870782,BASE,0
2025-12-17 07:00:00+00:00,2025-12-17,1.5,1.4856264731067972,1.4784397096601958,BASE,0
2025-12-18 08:00:00+00:00,2025-12-18,-1.0,-1.0187088148937975,-1.0280632223406965,LON_H1|RISE_CANDLE|2.25|1.5,1
2025-12-23 07:00:00+00:00,2025-12-23,0.42179516968852715,0.4021767897030161,0.39236759971026064,BASE,0
2025-12-31 07:00:00+00:00,2025-12-31,-1.0,-1.0228964734553918,-1.0343447101830876,BASE,0
2026-01-05 07:00:00+00:00,2026-01-05,-1.0,-1.0156945695206518,-1.023541854280978,BASE,0
2026-01-06 08:00:00+00:00,2026-01-06,1.5,1.4833518837939341,1.475027825690901,LON_H1|RISE_CANDLE|2.25|1.5,1
2026-01-07 07:00:00+00:00,2026-01-07,-0.17023871252359332,-0.18769909329523887,-0.19642928368106166,BASE,0
2026-01-08 07:00:00+00:00,2026-01-08,1.5,1.4755587549724616,1.4633381324586923,BASE,0
2026-01-12 07:00:00+00:00,2026-01-12,-0.5716814216428394,-0.5863399196336814,-0.5936691686291024,BASE,0
2026-01-15 08:00:00+00:00,2026-01-15,-1.0,-1.022277792175825,-1.0334166882637374,LON_H1|RISE_CANDLE|2.25|1.5,1
2026-01-19 07:00:00+00:00,2026-01-19,-0.6829206782455692,-0.6964438599930068,-0.7032054508667257,BASE,0
2026-01-20 07:00:00+00:00,2026-01-20,1.5,1.4832365550585755,1.4748548325878634,BASE,0
2026-01-27 09:00:00+00:00,2026-01-27,0.3,0.28736842740618485,0.2810526411092773,LON_H2|RANGE_DI_CONT_G5|2.0|0.3,2
2026-02-03 09:00:00+00:00,2026-02-03,0.3,0.28686688982714964,0.28030033474072447,LON_H2|RANGE_DI_CONT_G5|2.0|0.3,2
2026-02-05 09:00:00+00:00,2026-02-05,-1.0,-1.016669590699758,-1.0250043860496372,LON_H2|RANGE_DI_CONT_G5|2.0|0.3,2
2026-02-09 07:00:00+00:00,2026-02-09,1.5,1.484093695720995,1.4761405435814923,BASE,0
2026-02-11 07:00:00+00:00,2026-02-11,-1.0,-1.0154066864723847,-1.0231100297085771,BASE,0
2026-02-17 08:00:00+00:00,2026-02-17,-1.0,-1.0232350919028133,-1.03485263785422,LON_H1|RISE_CANDLE|2.25|1.5,1
2026-02-18 07:00:00+00:00,2026-02-18,1.5,1.4789301913956499,1.4683952870934749,BASE,0
2026-02-23 07:00:00+00:00,2026-02-23,0.862074503908121,0.8493501569869679,0.8429879835263914,BASE,0
2026-02-25 07:00:00+00:00,2026-02-25,-0.38860250808776875,-0.4068896849389575,-0.41603327336455187,BASE,0
2026-03-02 07:00:00+00:00,2026-03-02,-1.0,-1.009743830593019,-1.0146157458895284,BASE,0
2026-03-03 07:00:00+00:00,2026-03-03,1.5,1.4900511718723364,1.4850767578085045,BASE,0
2026-03-05 07:00:00+00:00,2026-03-05,-1.0,-1.0103597333390484,-1.0155396000085726,BASE,0
2026-03-17 08:00:00+00:00,2026-03-17,0.6056489845698398,0.5943810964848201,0.5887471524423102,LON_H1|RISE_CANDLE|2.25|1.5,1
2026-03-23 09:00:00+00:00,2026-03-23,-1.0,-1.010300264320886,-1.015450396481329,LON_H2|RANGE_DI_CONT_G5|2.0|0.3,2
2026-03-24 08:00:00+00:00,2026-03-24,-0.5184050507833695,-0.5265689098508242,-0.5306508393845515,LON_H1|RISE_CANDLE|2.25|1.5,1
2026-03-26 07:00:00+00:00,2026-03-26,0.9440357178055568,0.9308784255713327,0.9242997794542207,BASE,0
2026-03-30 07:00:00+00:00,2026-03-30,1.5,1.4860084110077276,1.4790126165115913,LON_H1|RISE_CANDLE|2.25|1.5,1
2026-04-01 06:00:00+00:00,2026-04-01,-0.39326753045767565,-0.4045037456136087,-0.41012185319157524,BASE,0
2026-04-02 06:00:00+00:00,2026-04-02,0.018002257342900216,0.007715253146959365,0.0025717510489889402,BASE,0
2026-04-06 06:00:00+00:00,2026-04-06,0.3558891187177434,0.33852867390224467,0.32984845149449527,BASE,0
2026-04-08 07:00:00+00:00,2026-04-08,0.24617850171867717,0.23722655620163519,0.2327505834431142,LON_H1|RISE_CANDLE|2.25|1.5,1
2026-04-14 06:00:00+00:00,2026-04-14,0.5518202446669996,0.5369061840003232,0.529449153666985,BASE,0
2026-04-21 07:00:00+00:00,2026-04-21,1.5,1.4807969855043375,1.4711954782565062,LON_H1|RISE_CANDLE|2.25|1.5,1
2026-04-27 07:00:00+00:00,2026-04-27,-1.0,-1.0167666309617598,-1.0251499464426395,LON_H1|RISE_CANDLE|2.25|1.5,1
2026-04-28 06:00:00+00:00,2026-04-28,-1.0,-1.0196362150518208,-1.029454322577731,BASE,0
2026-05-05 06:00:00+00:00,2026-05-05,0.43841132964886015,0.4212187284861601,0.4126224279048101,BASE,0
2026-05-06 06:00:00+00:00,2026-05-06,1.5,1.4836148034675398,1.4754222052013095,BASE,0
2026-05-07 06:00:00+00:00,2026-05-07,0.6,0.5844795705620398,0.5767193558430597,BASE,0
2026-05-12 07:00:00+00:00,2026-05-12,0.14898331947940802,0.13036040454447478,0.12104894707700818,LON_H1|RISE_CANDLE|2.25|1.5,1
2026-05-13 06:00:00+00:00,2026-05-13,0.5537362680541528,0.5326415530806612,0.5220941955939153,BASE,0
2026-05-14 06:00:00+00:00,2026-05-14,0.6,0.5794780760243052,0.5692171140364578,BASE,0
2026-05-19 06:00:00+00:00,2026-05-19,1.5,1.483104174118685,1.4746562611780274,BASE,0
2026-05-20 06:00:00+00:00,2026-05-20,-1.0,-1.0160804080794206,-1.0241206121191309,BASE,0
2026-05-27 07:00:00+00:00,2026-05-27,-1.0,-1.0247469794117123,-1.0371204691175686,LON_H1|RISE_CANDLE|2.25|1.5,1
2026-06-02 07:00:00+00:00,2026-06-02,1.5,1.4778859976151537,1.4668289964227308,LON_H1|RISE_CANDLE|2.25|1.5,1
2026-06-03 07:00:00+00:00,2026-06-03,0.7935905377734359,0.7721421448606425,0.7614179484042458,LON_H1|RISE_CANDLE|2.25|1.5,1
2026-06-08 08:00:00+00:00,2026-06-08,0.3,0.28440314078764717,0.27660471118147073,LON_H2|RANGE_DI_CONT_G5|2.0|0.3,2
2026-06-09 08:00:00+00:00,2026-06-09,0.3,0.2795340576061942,0.26930108640929135,LON_H2|RANGE_DI_CONT_G5|2.0|0.3,2
2026-06-11 08:00:00+00:00,2026-06-11,0.3,0.28127077031509595,0.2719061554726439,LON_H2|RANGE_DI_CONT_G5|2.0|0.3,2
2026-06-15 07:00:00+00:00,2026-06-15,0.5852163984415414,0.5707666108257025,0.563541717017783,LON_H1|RISE_CANDLE|2.25|1.5,1
2026-06-16 08:00:00+00:00,2026-06-16,0.3,0.2790095562471505,0.26851433437072575,LON_H2|RANGE_DI_CONT_G5|2.0|0.3,2
2026-06-18 06:00:00+00:00,2026-06-18,0.6,0.5873372069229367,0.581005810384405,BASE,0
2026-06-22 07:00:00+00:00,2026-06-22,0.8002084831338028,0.783709339151663,0.7754597671605931,LON_H1|RISE_CANDLE|2.25|1.5,1
2026-06-23 06:00:00+00:00,2026-06-23,0.6,0.5828353997530221,0.5742530996295331,BASE,0
2026-06-25 07:00:00+00:00,2026-06-25,-1.0,-1.0168718998195718,-1.0253078497293575,LON_H1|RISE_CANDLE|2.25|1.5,1
2026-06-29 07:00:00+00:00,2026-06-29,-1.0,-1.0152019122193698,-1.0228028683290549,LON_H1|RISE_CANDLE|2.25|1.5,1
2026-07-02 06:00:00+00:00,2026-07-02,1.5,1.4820882823930426,1.473132423589564,BASE,0
2026-07-06 06:00:00+00:00,2026-07-06,-1.0,-1.0225233418883737,-1.0337850128325605,BASE,0
2026-07-08 08:00:00+00:00,2026-07-08,0.3,0.28054461384699025,0.2708169207704854,LON_H2|RANGE_DI_CONT_G5|2.0|0.3,2
2026-07-09 07:00:00+00:00,2026-07-09,0.21128618352044018,0.19367900156040482,0.18487541058038715,LON_H1|RISE_CANDLE|2.25|1.5,1
2026-07-16 06:00:00+00:00,2026-07-16,-1.0,-1.019571804208548,-1.029357706312822,BASE,0
2026-07-23 06:00:00+00:00,2026-07-23,1.5,1.4739113354565259,1.4608670031847888,BASE,0
2026-07-27 07:00:00+00:00,2026-07-27,1.1514104084347114,1.1337642719069765,1.1249412036431088,LON_H1|RISE_CANDLE|2.25|1.5,1
2026-07-29 06:00:00+00:00,2026-07-29,-1.0,-1.020084857099084,-1.0301272856486259,BASE,0
2026-07-30 08:00:00+00:00,2026-07-30,0.3,0.2839357917085966,0.27590368756289496,LON_H2|RANGE_DI_CONT_G5|2.0|0.3,2
