filter,sl_atr,rr,period,trades,wr,pf,ev,ev_comm,ev_stress,total,maxdd,positive_years,years
NONE,0.75,0.2,TRAIN,422,0.18246445497630331,0.044637681159420274,-0.7810426540284361,-0.8264251437904286,-0.849116388671425,-329.6,329.8000000000003,0,10
NONE,0.75,0.2,OOS,190,0.1631578947368421,0.03899371069182391,-0.8042105263157895,-0.8537396071896449,-0.8785041476265724,-152.8,152.80000000000004,0,5
NONE,0.75,0.2,YTD2026,28,0.25,0.06666666666666667,-0.7000000000000001,-0.7536979817164858,-0.7805469725747287,-19.6,19.6,0,1
NONE,0.75,0.2,FULL,612,0.17647058823529413,0.04285714285714285,-0.788235294117647,-0.8349051242575055,-0.858240039327435,-482.4,482.40000000000066,0,15
NONE,0.75,0.25,TRAIN,422,0.18246445497630331,0.05579710144927536,-0.7719194312796208,-0.8173019210416136,-0.83999316592261,-325.75,326.0,0,10
NONE,0.75,0.25,OOS,190,0.15789473684210525,0.046875,-0.8026315789473685,-0.8521606598212238,-0.8769252002581512,-152.5,152.5,0,5
NONE,0.75,0.25,YTD2026,28,0.25,0.08333333333333333,-0.6875,-0.7411979817164861,-0.7680469725747286,-19.25,19.25,0,1
NONE,0.75,0.25,FULL,612,0.17483660130718953,0.05297029702970297,-0.7814542483660131,-0.8281240785058717,-0.8514589935758008,-478.25,478.25,0,15
NONE,0.75,0.3,TRAIN,422,0.18246445497630331,0.06695652173913044,-0.7627962085308057,-0.8081786982927984,-0.8308699431737948,-321.9,322.1999999999997,0,10
NONE,0.75,0.3,OOS,190,0.15789473684210525,0.05625000000000001,-0.7947368421052632,-0.8442659229791185,-0.8690304634160462,-151.0,150.99999999999997,0,5
NONE,0.75,0.3,YTD2026,28,0.25,0.1,-0.6749999999999999,-0.728697981716486,-0.7555469725747288,-18.9,18.9,0,1
NONE,0.75,0.3,FULL,612,0.17483660130718953,0.06356435643564355,-0.7727124183006535,-0.8193822484405121,-0.8427171635104413,-472.9,472.89999999999935,0,15
NONE,0.75,0.4,TRAIN,422,0.17535545023696683,0.0850574712643678,-0.7545023696682464,-0.7998848594302391,-0.8225761043112356,-318.4,318.79999999999984,0,10
NONE,0.75,0.4,OOS,190,0.15789473684210525,0.07500000000000002,-0.7789473684210526,-0.8284764492949079,-0.8532409897318357,-148.0,147.99999999999991,0,5
NONE,0.75,0.4,YTD2026,28,0.25,0.13333333333333333,-0.65,-0.7036979817164859,-0.7305469725747288,-18.2,18.2,0,1
NONE,0.75,0.4,FULL,612,0.16993464052287582,0.08188976377952756,-0.7620915032679738,-0.8087613334078323,-0.8320962484777616,-466.4,466.40000000000055,0,15
NONE,0.75,0.5,TRAIN,422,0.16824644549763032,0.10113960113960115,-0.7476303317535545,-0.7930128215155472,-0.8157040663965436,-315.5,316.0,0,10
NONE,0.75,0.5,OOS,190,0.14736842105263157,0.08641975308641975,-0.7789473684210526,-0.8284764492949079,-0.8532409897318355,-148.0,148.0,0,5
NONE,0.75,0.5,YTD2026,28,0.21428571428571427,0.13636363636363635,-0.6785714285714286,-0.7322694102879146,-0.7591184011461573,-19.0,19.0,0,1
NONE,0.75,0.5,FULL,612,0.16176470588235295,0.09649122807017543,-0.7573529411764706,-0.8040227713163292,-0.8273576863862584,-463.5,463.5,0,15
NONE,0.75,0.6,TRAIN,422,0.16824644549763032,0.1213675213675214,-0.7308056872037915,-0.7761881769657842,-0.7988794218467805,-308.4,309.00000000000017,0,10
NONE,0.75,0.6,OOS,190,0.14210526315789473,0.09938650306748466,-0.7726315789473683,-0.8221606598212239,-0.8469252002581513,-146.79999999999998,146.8000000000001,0,5
NONE,0.75,0.6,YTD2026,28,0.17857142857142858,0.13043478260869565,-0.7142857142857143,-0.7679836960022002,-0.794832686860443,-20.0,20.0,0,1
NONE,0.75,0.6,FULL,612,0.16013071895424835,0.11439688715953306,-0.7437908496732026,-0.7904606798130611,-0.8137955948829905,-455.20000000000005,455.19999999999953,0,15
NONE,0.75,0.75,TRAIN,422,0.16587677725118483,0.14914772727272727,-0.7097156398104265,-0.7550981295724192,-0.7777893744534154,-299.5,300.25,0,10
NONE,0.75,0.75,OOS,190,0.12631578947368421,0.10843373493975904,-0.7789473684210526,-0.8284764492949079,-0.8532409897318355,-148.0,148.0,0,5
NONE,0.75,0.75,YTD2026,28,0.14285714285714285,0.125,-0.75,-0.8036979817164859,-0.8305469725747286,-21.0,21.0,0,1
NONE,0.75,0.75,FULL,612,0.15359477124183007,0.1361003861003861,-0.7312091503267973,-0.7778789804666559,-0.8012138955365852,-447.5,447.5,0,15
NONE,0.75,1.0,TRAIN,422,0.15639810426540285,0.1853932584269663,-0.6872037914691943,-0.732586281231187,-0.7552775261121832,-290.0,291.0,0,10
NONE,0.75,1.0,OOS,190,0.11052631578947368,0.1242603550295858,-0.7789473684210526,-0.8284764492949079,-0.8532409897318354,-148.0,148.0,0,5
NONE,0.75,1.0,YTD2026,28,0.14285714285714285,0.16666666666666666,-0.7142857142857143,-0.7679836960022002,-0.794832686860443,-20.0,20.0,0,1
NONE,0.75,1.0,FULL,612,0.14215686274509803,0.1657142857142857,-0.7156862745098039,-0.7623561046496624,-0.7856910197195917,-438.0,438.0,0,15
NONE,1.0,0.2,TRAIN,422,0.3957345971563981,0.13098039215686272,-0.5251184834123223,-0.5591553507338167,-0.576173784394564,-221.6,222.00000000000023,0,10
NONE,1.0,0.2,OOS,190,0.3736842105263158,0.11932773109243693,-0.5515789473684211,-0.5887257580238124,-0.6072991633515082,-104.8,104.79999999999987,0,5
NONE,1.0,0.2,YTD2026,28,0.39285714285714285,0.12941176470588237,-0.5285714285714286,-0.568844914858793,-0.5889816580024752,-14.8,14.799999999999997,0,1
NONE,1.0,0.2,FULL,612,0.3888888888888889,0.1272727272727273,-0.5333333333333333,-0.5683357059382272,-0.5858368922406741,-326.4,326.60000000000105,0,15
NONE,1.0,0.25,TRAIN,422,0.3886255924170616,0.15891472868217055,-0.514218009478673,-0.5482548768001675,-0.5652733104609147,-217.0,217.5,0,10
NONE,1.0,0.25,OOS,190,0.3631578947368421,0.14256198347107438,-0.5460526315789473,-0.5831994422343388,-0.6017728475620345,-103.75,103.75,0,5
NONE,1.0,0.25,YTD2026,28,0.39285714285714285,0.16176470588235295,-0.5089285714285714,-0.5492020577159358,-0.569338800859618,-14.25,14.25,0,1
NONE,1.0,0.25,FULL,612,0.380718954248366,0.1536939313984169,-0.5241013071895425,-0.5591036797944364,-0.5766048660968833,-320.75,321.0,0,15
NONE,1.0,0.3,TRAIN,422,0.38388625592417064,0.18692307692307691,-0.5009478672985782,-0.5349847346200728,-0.55200316828082,-211.4,211.99999999999977,0,10
NONE,1.0,0.3,OOS,190,0.35789473684210527,0.1672131147540984,-0.5347368421052632,-0.5718836527606547,-0.5904570580883504,-101.6,101.60000000000011,0,5
NONE,1.0,0.3,YTD2026,28,0.39285714285714285,0.1941176470588235,-0.48928571428571427,-0.5295592005730787,-0.5496959437167608,-13.7,13.700000000000003,0,1
NONE,1.0,0.3,FULL,612,0.3758169934640523,0.1806282722513088,-0.511437908496732,-0.546440281101626,-0.5639414674040729,-313.0,313.299999999999,0,15
NONE,1.0,0.4,TRAIN,422,0.36729857819905215,0.23220973782771534,-0.48578199052132687,-0.5198188578428214,-0.5368372915035688,-204.99999999999994,205.79999999999973,0,10
NONE,1.0,0.4,OOS,190,0.3473684210526316,0.21290322580645157,-0.5136842105263157,-0.5508310211817072,-0.5694044265094029,-97.6,97.59999999999985,0,5
NONE,1.0,0.4,YTD2026,28,0.35714285714285715,0.2222222222222222,-0.5,-0.5402734862873644,-0.5604102294310465,-14.0,13.999999999999998,0,1
NONE,1.0,0.4,FULL,612,0.3611111111111111,0.22608695652173916,-0.49444444444444446,-0.5294468170493383,-0.5469480033517854,-302.6,303.0000000000004,0,15
NONE,1.0,0.5,TRAIN,422,0.35071090047393366,0.27007299270072993,-0.47393364928909953,-0.507970516610594,-0.5249889502713414,-200.0,201.0,0,10
NONE,1.0,0.5,OOS,190,0.3263157894736842,0.2421875,-0.5105263157894737,-0.5476731264448651,-0.5662465317725608,-97.0,97.0,0,5
NONE,1.0,0.5,YTD2026,28,0.25,0.16666666666666666,-0.625,-0.6652734862873644,-0.6854102294310466,-17.5,17.5,0,1
NONE,1.0,0.5,FULL,612,0.3431372549019608,0.26119402985074625,-0.4852941176470588,-0.5202964902519528,-0.5377976765543997,-297.0,297.5,0,15
NONE,1.0,0.6,TRAIN,422,0.32701421800947866,0.2915492957746479,-0.47677725118483416,-0.5108141185063286,-0.5278325521670759,-201.20000000000002,202.40000000000026,0,10
NONE,1.0,0.6,OOS,190,0.2894736842105263,0.2444444444444445,-0.5368421052631579,-0.5739889159185494,-0.5925623212462452,-102.0,102.0000000000001,0,5
NONE,1.0,0.6,YTD2026,28,0.25,0.2,-0.6,-0.6402734862873645,-0.6604102294310467,-16.8,16.800000000000004,0,1
NONE,1.0,0.6,FULL,612,0.315359477124183,0.2763723150357995,-0.49542483660130715,-0.530427209206201,-0.547928395508648,-303.2,303.79999999999984,0,15
NONE,1.0,0.75,TRAIN,422,0.2962085308056872,0.31565656565656564,-0.4816350710900474,-0.5156719384115419,-0.5326903720722891,-203.25,204.75,0,10
NONE,1.0,0.75,OOS,190,0.26842105263157895,0.2751798561151079,-0.5302631578947369,-0.5674099685501283,-0.585983373877824,-100.75,100.75,0,5
NONE,1.0,0.75,YTD2026,28,0.25,0.25,-0.5625,-0.6027734862873644,-0.6229102294310466,-15.75,15.75,0,1
NONE,1.0,0.75,FULL,612,0.2875816993464052,0.30275229357798167,-0.49673202614379086,-0.5317343987486848,-0.5492355850511317,-304.0,304.75,0,15
NONE,1.0,1.0,TRAIN,422,0.25829383886255924,0.34824281150159747,-0.4834123222748815,-0.5174491895963761,-0.5344676232571233,-204.0,206.0,0,10
NONE,1.0,1.0,OOS,190,0.18421052631578946,0.22580645161290322,-0.631578947368421,-0.6687257580238124,-0.6872991633515082,-120.0,120.0,0,5
NONE,1.0,1.0,YTD2026,28,0.14285714285714285,0.16666666666666666,-0.7142857142857143,-0.7545592005730787,-0.774695943716761,-20.0,20.0,0,1
NONE,1.0,1.0,FULL,612,0.23529411764705882,0.3076923076923077,-0.5294117647058824,-0.5644141373107763,-0.5819153236132232,-324.0,325.0,0,15
NONE,1.25,0.2,TRAIN,422,0.5710900473933649,0.2662983425414365,-0.314691943127962,-0.3419214369851577,-0.3555361839137555,-132.79999999999995,133.1999999999996,0,10
NONE,1.25,0.2,OOS,190,0.5947368421052631,0.29350649350649355,-0.28631578947368425,-0.3160332379979974,-0.330891962260154,-54.400000000000006,54.39999999999987,0,5
NONE,1.25,0.2,YTD2026,28,0.6071428571428571,0.30909090909090914,-0.2714285714285714,-0.3036473604584629,-0.31975675497340866,-7.6,7.799999999999999,0,1
NONE,1.25,0.2,FULL,612,0.5784313725490197,0.27441860465116275,-0.30588235294117644,-0.3338842510250916,-0.3478852000670492,-187.2,187.4000000000009,0,15
NONE,1.25,0.25,TRAIN,422,0.5592417061611374,0.3172043010752688,-0.3009478672985782,-0.32817736115577384,-0.34179210808437155,-127.0,127.5,0,10
NONE,1.25,0.25,OOS,190,0.5842105263157895,0.3512658227848101,-0.26973684210526316,-0.2994542906295763,-0.3143130148917329,-51.25,51.25,0,5
NONE,1.25,0.25,YTD2026,28,0.5714285714285714,0.3333333333333333,-0.2857142857142857,-0.3179330747441772,-0.3340424692591229,-8.0,8.5,0,1
NONE,1.25,0.25,FULL,612,0.5669934640522876,0.3273584905660377,-0.29125816993464054,-0.31926006801855566,-0.3332610170605132,-178.25,178.5,0,15
NONE,1.25,0.3,TRAIN,422,0.542654028436019,0.3559585492227978,-0.2945497630331754,-0.32177925689037096,-0.33539400381896883,-124.30000000000003,124.90000000000036,0,10
NONE,1.25,0.3,OOS,190,0.5789473684210527,0.4124999999999998,-0.24736842105263157,-0.27708586957694475,-0.2919445938391013,-47.0,47.0000000000001,0,5
NONE,1.25,0.3,YTD2026,28,0.5714285714285714,0.39999999999999997,-0.2571428571428572,-0.2893616461727486,-0.30547104068769443,-7.200000000000001,8.000000000000002,0,1
NONE,1.25,0.3,FULL,612,0.553921568627451,0.3725274725274725,-0.27990196078431373,-0.3079038588682288,-0.32190480791018644,-171.3,171.5999999999991,0,15
NONE,1.25,0.4,TRAIN,422,0.518957345971564,0.43152709359605906,-0.2734597156398104,-0.30068920949700606,-0.3143039564256038,-115.4,116.39999999999978,0,10
NONE,1.25,0.4,OOS,190,0.5421052631578948,0.47356321839080445,-0.24105263157894743,-0.27077008010326054,-0.28562880436541715,-45.80000000000001,45.80000000000009,0,5
NONE,1.25,0.4,YTD2026,28,0.4642857142857143,0.34666666666666673,-0.35,-0.3822187890298915,-0.3983281835448372,-9.799999999999999,9.799999999999997,0,1
NONE,1.25,0.4,FULL,612,0.5261437908496732,0.4441379310344827,-0.2633986928104575,-0.29140059089437265,-0.3054015399363302,-161.2,161.7999999999992,0,15
NONE,1.25,0.5,TRAIN,422,0.48578199052132703,0.47235023041474655,-0.2713270142180095,-0.2985565080752051,-0.3121712550038029,-114.5,116.0,0,10
NONE,1.25,0.5,OOS,190,0.5052631578947369,0.5157433315234263,-0.23720816013589546,-0.26692560866020865,-0.28178433292236527,-45.06955042582014,45.06955042582014,0,5
NONE,1.25,0.5,YTD2026,28,0.4642857142857143,0.43333333333333335,-0.30357142857142855,-0.33579021760132,-0.35189961211626575,-8.5,8.5,0,1
NONE,1.25,0.5,FULL,612,0.4918300653594771,0.48537497407700164,-0.26073455951931396,-0.288736457603229,-0.30273740664518667,-159.56955042582013,160.56955042582015,0,15
NONE,1.25,0.6,TRAIN,422,0.44549763033175355,0.48370058603433136,-0.28531307023934804,-0.31254256409654374,-0.32615731102514156,-120.40211564100488,122.40211564100508,0,10
NONE,1.25,0.6,OOS,190,0.46842105263157896,0.5388346358274765,-0.24054084606998097,-0.2702582945942942,-0.28511701885645074,-45.70276075329638,45.70276075329632,0,5
NONE,1.25,0.6,YTD2026,28,0.4642857142857143,0.5199999999999999,-0.2571428571428572,-0.2893616461727486,-0.3054710406876944,-7.200000000000001,7.200000000000003,0,1
NONE,1.25,0.6,FULL,612,0.4526143790849673,0.500143127008443,-0.2714131967227145,-0.2994150948066296,-0.3134160438485872,-166.10487639430127,167.504876394302,0,15
NONE,1.25,0.75,TRAIN,422,0.41232227488151657,0.5279081033008489,-0.27654529772749975,-0.30377479158469534,-0.31738953851329316,-116.7021156410049,119.4521156410049,0,10
NONE,1.25,0.75,OOS,190,0.4052631578947368,0.5197890638220398,-0.28080400396471783,-0.310521452489031,-0.3253801767511876,-53.35276075329639,53.60276075329639,0,5
NONE,1.25,0.75,YTD2026,28,0.39285714285714285,0.4852941176470588,-0.3125,-0.34471878902989145,-0.3608281835448372,-8.75,9.0,0,1
NONE,1.25,0.75,FULL,612,0.41013071895424835,0.5253905609502166,-0.27786744508872757,-0.3058693431726427,-0.3198702922146003,-170.0548763943013,172.3048763943013,0,15
NONE,1.25,1.0,TRAIN,422,0.3744075829383886,0.5962972485556737,-0.25179009068777597,-0.2790195845449716,-0.2926343314735694,-106.25541827024146,110.25541827024145,0,10
NONE,1.25,1.0,OOS,190,0.3368421052631579,0.5194497170263961,-0.3116173975957899,-0.3413348461201031,-0.3561935703822596,-59.20730554320008,59.20730554320008,0,5
NONE,1.25,1.0,YTD2026,28,0.2857142857142857,0.4,-0.42857142857142855,-0.46079021760132,-0.47689961211626575,-12.0,12.0,0,1
NONE,1.25,1.0,FULL,612,0.3627450980392157,0.5717942815515259,-0.27036392779974106,-0.29836582588365623,-0.31236677492561377,-165.46272381344153,168.46272381344156,0,15
NONE,1.5,0.2,TRAIN,422,0.7109004739336493,0.4918032786885245,-0.14691943127962084,-0.1696106761606172,-0.1809562986011154,-62.0,64.19999999999985,0,10
NONE,1.5,0.2,OOS,190,0.6842105263157895,0.4333333333333333,-0.17894736842105263,-0.2037119088579803,-0.2160941790764441,-34.0,34.20000000000005,1,5
NONE,1.5,0.2,YTD2026,28,0.6428571428571429,0.36000000000000004,-0.2285714285714286,-0.25542041942967153,-0.2688449148587929,-6.4,7.199999999999999,0,1
NONE,1.5,0.2,FULL,612,0.7026143790849673,0.4725274725274725,-0.1568627450980392,-0.18019766016796848,-0.1918651177029331,-96.0,97.59999999999947,1,15
NONE,1.5,0.25,TRAIN,422,0.6872037914691943,0.5492424242424242,-0.14099526066350712,-0.16368650554450348,-0.17503212798500165,-59.5,60.75,0,10
NONE,1.5,0.25,OOS,190,0.6736842105263158,0.5161290322580645,-0.15789473684210525,-0.1826592772790329,-0.1950415474974967,-30.0,30.25,1,5
NONE,1.5,0.25,YTD2026,28,0.6071428571428571,0.38636363636363635,-0.24107142857142858,-0.2679204194296715,-0.28134491485879287,-6.75,7.75,0,1
NONE,1.5,0.25,FULL,612,0.6830065359477124,0.538659793814433,-0.14624183006535948,-0.16957674513528875,-0.18124420267025337,-89.5,90.0,1,15
NONE,1.5,0.3,TRAIN,422,0.6753554502369669,0.6240875912408759,-0.12203791469194313,-0.1447291595729395,-0.15607478201343766,-51.5,54.10000000000008,0,10
NONE,1.5,0.3,OOS,190,0.6473684210526316,0.5507462686567162,-0.15842105263157896,-0.1831855930685066,-0.19556786328697043,-30.1,30.399999999999945,1,5
NONE,1.5,0.3,YTD2026,28,0.5357142857142857,0.3461538461538461,-0.30357142857142855,-0.3304204194296715,-0.34384491485879304,-8.5,8.5,0,1
NONE,1.5,0.3,FULL,612,0.6666666666666666,0.5999999999999999,-0.13333333333333333,-0.15666824840326263,-0.16833570593822725,-81.6,82.60000000000049,1,15
NONE,1.5,0.4,TRAIN,422,0.6184834123222749,0.6484472049689441,-0.13412322274881516,-0.1568144676298115,-0.1681600900703097,-56.599999999999994,61.80000000000007,0,10
NONE,1.5,0.4,OOS,190,0.5842105263157895,0.5688081106164175,-0.17714715099043923,-0.2019116914273668,-0.21429396164583067,-33.657958688183456,34.05795868818352,0,5
NONE,1.5,0.4,YTD2026,28,0.5,0.4000000000000001,-0.29999999999999993,-0.3268489908582429,-0.3402734862873644,-8.399999999999999,8.399999999999997,0,1
NONE,1.5,0.4,FULL,612,0.6078431372549019,0.6224431966897537,-0.14748032465389452,-0.1708152397238238,-0.18248269725878843,-90.25795868818345,91.65795868818316,0,15
NONE,1.5,0.5,TRAIN,422,0.5545023696682464,0.6282134366494189,-0.16408159899304944,-0.18677284387404583,-0.198118466314544,-69.24243477506687,75.74243477506687,0,10
NONE,1.5,0.5,OOS,190,0.5473684210526316,0.6184171724752483,-0.16887175768989643,-0.1936362981268241,-0.2060185683452879,-32.08563396108032,32.58563396108032,0,5
NONE,1.5,0.5,YTD2026,28,0.5,0.5,-0.25,-0.2768489908582429,-0.2902734862873643,-7.0,7.0,0,1
NONE,1.5,0.5,FULL,612,0.5522875816993464,0.6251663054825131,-0.1655687397649464,-0.18890365483487567,-0.20057111236984032,-101.3280687361472,103.32806873614719,0,15
NONE,1.5,0.6,TRAIN,422,0.5284360189573459,0.6783530133999004,-0.15033752316366558,-0.17302876804466194,-0.18437439048516016,-63.44243477506688,72.64243477506685,1,10
NONE,1.5,0.6,OOS,190,0.48947368421052634,0.5868394380463362,-0.2067664945320017,-0.23153103496892938,-0.24391330518739313,-39.28563396108032,40.28563396108025,0,5
NONE,1.5,0.6,YTD2026,28,0.42857142857142855,0.4499999999999999,-0.31428571428571433,-0.3411347051439573,-0.3545592005730787,-8.8,8.800000000000002,0,1
NONE,1.5,0.6,FULL,612,0.5163398692810458,0.6485863667478722,-0.16785632146429283,-0.1911912365342221,-0.20285869406918672,-102.72806873614721,105.3280687361477,1,15
NONE,1.5,0.75,TRAIN,422,0.48578199052132703,0.7120968302570634,-0.14684592235765176,-0.16953716723864812,-0.18088278967914628,-61.968979234929044,69.96897923492904,0,10
NONE,1.5,0.75,OOS,190,0.4368421052631579,0.5975650757001969,-0.22064607694386001,-0.24541061738078765,-0.25779288759925145,-41.9227546193334,43.6727546193334,0,5
NONE,1.5,0.75,YTD2026,28,0.2857142857142857,0.3,-0.5,-0.526848990858243,-0.5402734862873644,-14.0,14.0,0,1
NONE,1.5,0.75,FULL,612,0.47058823529411764,0.6747439154310807,-0.16975773505598438,-0.19309265012591365,-0.2047601076608783,-103.89173385426244,106.14173385426244,0,15
NONE,1.5,1.0,TRAIN,422,0.4265402843601896,0.7440765355623287,-0.14512832920738059,-0.16781957408837692,-0.17916519652887514,-61.24415492551461,72.67304114010457,3,10
NONE,1.5,1.0,OOS,190,0.4,0.6772815873625032,-0.18882892052257483,-0.21359346095950246,-0.22597573117796627,-35.87749489928922,38.87749489928922,1,5
NONE,1.5,1.0,YTD2026,28,0.25,0.3333333333333333,-0.5,-0.526848990858243,-0.5402734862873644,-14.0,14.0,0,1
NONE,1.5,1.0,FULL,612,0.41830065359477125,0.722889039413228,-0.15869550624967946,-0.18203042131960875,-0.19369787885457335,-97.12164982480382,108.55053603939379,4,15
NONE,1.75,0.2,TRAIN,422,0.7772511848341233,0.6978723404255318,-0.06729857819905215,-0.08674821666847757,-0.0964730359031903,-28.400000000000006,29.800000000000054,1,10
NONE,1.75,0.2,OOS,190,0.7421052631578947,0.5755102040816326,-0.1094736842105263,-0.1307004331564643,-0.14131380762943327,-20.799999999999997,21.000000000000057,1,5
NONE,1.75,0.2,YTD2026,28,0.6785714285714286,0.4222222222222223,-0.18571428571428572,-0.20872770644992245,-0.22023441681774086,-5.2,5.799999999999998,0,1
NONE,1.75,0.2,FULL,612,0.7663398692810458,0.655944055944056,-0.0803921568627451,-0.10039351263697018,-0.11039419052408274,-49.2,49.9999999999998,2,15
NONE,1.75,0.25,TRAIN,422,0.7582938388625592,0.7843137254901961,-0.052132701421800945,-0.0715823398912264,-0.08130715912593911,-22.0,24.5,3,10
NONE,1.75,0.25,OOS,190,0.7210526315789474,0.6462264150943396,-0.09868421052631579,-0.11991095947225376,-0.13052433394522275,-18.75,19.5,1,5
NONE,1.75,0.25,YTD2026,28,0.6071428571428571,0.38636363636363635,-0.24107142857142858,-0.26408484930706533,-0.27559155967488375,-6.75,6.75,0,1
NONE,1.75,0.25,FULL,612,0.7467320261437909,0.7370967741935484,-0.06658496732026144,-0.08658632309448652,-0.09658700098159907,-40.75,42.5,4,15
NONE,1.75,0.3,TRAIN,422,0.7227488151658767,0.7820512820512819,-0.06042654028436018,-0.07987617875378564,-0.08960099798849837,-25.499999999999996,28.199999999999953,1,10
NONE,1.75,0.3,OOS,190,0.6789473684210526,0.6344262295081967,-0.11736842105263157,-0.13859516999856958,-0.14920854447153858,-22.299999999999997,23.49999999999995,1,5
NONE,1.75,0.3,YTD2026,28,0.5714285714285714,0.39999999999999997,-0.2571428571428572,-0.2801562778784939,-0.2916629882463123,-7.200000000000001,7.200000000000002,0,1
NONE,1.75,0.3,FULL,612,0.7091503267973857,0.7314606741573031,-0.07810457516339869,-0.09810593093762379,-0.10810660882473631,-47.800000000000004,48.90000000000011,2,15
NONE,1.75,0.4,TRAIN,422,0.6445497630331753,0.7378623939491055,-0.09159471101807748,-0.11104434948750291,-0.12076916872221563,-38.6529680496287,44.45296804962875,2,10
NONE,1.75,0.4,OOS,190,0.6421052631578947,0.7278185491469834,-0.09605094145045164,-0.11727769039638959,-0.1278910648693586,-18.24967887558581,20.849678875585802,2,5
NONE,1.75,0.4,YTD2026,28,0.5714285714285714,0.5333333333333333,-0.19999999999999998,-0.22301342073563676,-0.23452013110345518,-5.6,5.599999999999998,0,1
NONE,1.75,0.4,FULL,612,0.6437908496732027,0.7347228682681319,-0.09297818125035051,-0.11297953702457558,-0.12298021491168815,-56.90264692521451,58.70264692521477,4,15
NONE,1.75,0.5,TRAIN,422,0.6090047393364929,0.7909981673018358,-0.08045727025978364,-0.09990690872920908,-0.10963172796392182,-33.952968049628694,40.952968049628694,1,10
NONE,1.75,0.5,OOS,190,0.5842105263157895,0.7221089055892247,-0.11157459930892631,-0.13280134825486428,-0.1434147227278333,-21.199173868696,24.48666854265091,2,5
NONE,1.75,0.5,YTD2026,28,0.5,0.5,-0.25,-0.2730134207356368,-0.2845201311034552,-7.0,7.0,0,1
NONE,1.75,0.5,FULL,612,0.6013071895424836,0.7689854986153138,-0.09011787895151094,-0.11011923472573602,-0.12011991261284856,-55.152141918324695,57.65214191832469,3,15
NONE,1.75,0.6,TRAIN,422,0.566350710900474,0.794666896033329,-0.0878032418237647,-0.10725288029319015,-0.11697769952790286,-37.0529680496287,44.46343292076804,4,10
NONE,1.75,0.6,OOS,190,0.5105263157894737,0.6455501020076861,-0.16670446694014315,-0.1879312158860812,-0.19854459035905017,-31.6738487186272,34.86134339258207,1,5
NONE,1.75,0.6,YTD2026,28,0.35714285714285715,0.33333333333333326,-0.42857142857142855,-0.4515848493070654,-0.4630915596748838,-12.0,12.000000000000002,0,1
NONE,1.75,0.6,FULL,612,0.5490196078431373,0.7452803349454744,-0.11229872020956846,-0.13230007598379356,-0.14230075387090613,-68.7268167682559,72.53728163939512,5,15
NONE,1.75,0.75,TRAIN,422,0.5165876777251185,0.8020085891054987,-0.09451648666594996,-0.11396612513537542,-0.12369094437008814,-39.885957373030884,54.00840731453662,3,10
NONE,1.75,0.75,OOS,190,0.4842105263157895,0.716781043830609,-0.14065634301773375,-0.1618830919636717,-0.1724964664366407,-26.72470517336941,29.762199847324318,1,5
NONE,1.75,0.75,YTD2026,28,0.35714285714285715,0.4166666666666667,-0.375,-0.3980134207356367,-0.4095201311034552,-10.5,10.5,0,1
NONE,1.75,0.75,FULL,612,0.5065359477124183,0.7748221377121042,-0.10884095187320311,-0.12884230764742818,-0.13884298553454072,-66.6106625464003,77.98311248790601,4,15
NONE,1.75,1.0,TRAIN,422,0.45734597156398105,0.8406455612046546,-0.08495166917966222,-0.10440130764908767,-0.11412612688380039,-35.84960439381746,57.97205433532319,4,10
NONE,1.75,1.0,OOS,190,0.4368421052631579,0.7949192647797728,-0.10915524968255226,-0.13038199862849023,-0.1409953731014592,-20.73949743968493,25.52699211363984,1,5
NONE,1.75,1.0,YTD2026,28,0.32142857142857145,0.47368421052631576,-0.35714285714285715,-0.38015627787849393,-0.39166298824631235,-10.0,10.0,0,1
NONE,1.75,1.0,FULL,612,0.45098039215686275,0.8264649910942948,-0.09246585266912155,-0.11246720844334664,-0.1224678863304592,-56.58910183350239,78.71155177500812,5,15
NONE,2.0,0.2,TRAIN,422,0.8080568720379147,0.8419753086419751,-0.03033175355450237,-0.04735018721524963,-0.05585940404562326,-12.8,15.400000000000022,3,10
NONE,2.0,0.2,OOS,190,0.8052631578947368,0.827027027027027,-0.03368421052631579,-0.05225761585401151,-0.06154431851785936,-6.4,10.399999999999993,2,5
NONE,2.0,0.2,YTD2026,28,0.75,0.6000000000000002,-0.09999999999999999,-0.1201367431436822,-0.1302051147155233,-2.8,3.4,0,1
NONE,2.0,0.2,FULL,612,0.8071895424836601,0.8372881355932205,-0.03137254901960784,-0.04887373532205478,-0.05762432847327826,-19.2,22.800000000000093,5,15
NONE,2.0,0.25,TRAIN,422,0.7843601895734598,0.9093406593406593,-0.019549763033175356,-0.03656819669392262,-0.04507741352429626,-8.25,14.0,3,10
NONE,2.0,0.25,OOS,190,0.7631578947368421,0.8055555555555556,-0.046052631578947366,-0.06462603690664309,-0.07391273957049097,-8.75,11.25,2,5
NONE,2.0,0.25,YTD2026,28,0.6071428571428571,0.38636363636363635,-0.24107142857142858,-0.26120817171511074,-0.27127654328695183,-6.75,7.0,0,1
NONE,2.0,0.25,FULL,612,0.7777777777777778,0.875,-0.027777777777777776,-0.04527896408022473,-0.0540295572314482,-17.0,21.5,5,15
NONE,2.0,0.3,TRAIN,422,0.7393364928909952,0.8509090909090908,-0.03886255924170617,-0.05588099290245343,-0.06439020973282708,-16.400000000000002,21.59999999999998,4,10
NONE,2.0,0.3,OOS,190,0.7315789473684211,0.8332755666189516,-0.043912994821776796,-0.06248640014947252,-0.07177310281332039,-8.343469016137592,11.3434690161376,2,5
NONE,2.0,0.3,YTD2026,28,0.6071428571428571,0.4636363636363636,-0.21071428571428577,-0.23085102885796793,-0.240919400429809,-5.900000000000001,6.400000000000001,0,1
NONE,2.0,0.3,FULL,612,0.7369281045751634,0.845395321856947,-0.0404305049283294,-0.05793169123077634,-0.06668228438199982,-24.743469016137592,27.643469016137455,6,15
NONE,2.0,0.4,TRAIN,422,0.6658767772511849,0.8128943732984677,-0.061306509581576095,-0.07832494324232335,-0.08683416007269697,-25.87134704342511,33.07134704342518,1,10
NONE,2.0,0.4,OOS,190,0.6789473684210526,0.8802702649840024,-0.03670672176373157,-0.05528012709142729,-0.06456682975527514,-6.9742771351089985,12.388334974819543,2,5
NONE,2.0,0.4,YTD2026,28,0.6071428571428571,0.6181818181818183,-0.15,-0.17013674314368218,-0.18020511471552328,-4.2,5.199999999999999,0,1
NONE,2.0,0.4,FULL,612,0.6699346405228758,0.8328649958100903,-0.05366932055316031,-0.07117050685560723,-0.07992110000683073,-32.84562417853411,37.04562417853439,3,15
NONE,2.0,0.5,TRAIN,422,0.6255924170616114,0.8474676427374237,-0.056122996634761085,-0.07314143029550835,-0.08165064712588198,-23.68390457986918,32.468061342116165,3,10
NONE,2.0,0.5,OOS,190,0.6,0.7823479632938743,-0.0828400927831516,-0.10141349811084735,-0.11070020077469524,-15.739617628798806,22.05367546850935,2,5
NONE,2.0,0.5,YTD2026,28,0.4642857142857143,0.43333333333333335,-0.30357142857142855,-0.3237081717151108,-0.3337765432869519,-8.5,10.0,0,1
NONE,2.0,0.5,FULL,612,0.6176470588235294,0.8267759261424428,-0.0644175199488039,-0.08191870625125085,-0.09066929940247434,-39.42352220866799,45.20767897091497,5,15
NONE,2.0,0.6,TRAIN,422,0.5876777251184834,0.85958120974461,-0.05683479106289368,-0.07385322472364099,-0.0823624415540146,-23.984281828541132,37.41642552735867,4,10
NONE,2.0,0.6,OOS,190,0.5684210526315789,0.8207300448535962,-0.073892724362099,-0.09246612968979473,-0.10175283235364259,-14.039617628798808,20.05367546850936,2,5
NONE,2.0,0.6,YTD2026,28,0.35714285714285715,0.33333333333333326,-0.42857142857142855,-0.4487081717151108,-0.4587765432869519,-12.0,12.000000000000002,0,1
NONE,2.0,0.6,FULL,612,0.5816993464052288,0.8473676655350668,-0.06213055466885611,-0.0796317409713031,-0.08838233412252655,-38.02389945733994,48.256043156157304,6,15
NONE,2.0,0.75,TRAIN,422,0.5402843601895735,0.8891651711895797,-0.049703942113162404,-0.06672237577390966,-0.0752315926042833,-20.975063571754536,38.600906190728665,4,10
NONE,2.0,0.75,OOS,190,0.5157894736842106,0.8084788285512621,-0.08902257670079058,-0.10759598202848632,-0.11688268469233418,-16.91428957315021,20.478347412860757,1,5
NONE,2.0,0.75,YTD2026,28,0.32142857142857145,0.35526315789473684,-0.4375,-0.4576367431436822,-0.46770511471552334,-12.25,12.25,0,1
NONE,2.0,0.75,FULL,612,0.5326797385620915,0.8634921166184999,-0.06191070775311233,-0.07941189405555928,-0.08816248720678276,-37.889353144904746,55.51519576387888,5,15
NONE,2.0,1.0,TRAIN,422,0.4834123222748815,0.916347417655376,-0.0419734015571186,-0.05899183521786587,-0.0675010520482395,-17.71277545710405,38.32875023914333,5,10
NONE,2.0,1.0,OOS,190,0.47368421052631576,0.9222951558739657,-0.038438294565686454,-0.0570116998933822,-0.06629840255723006,-7.303275967480426,13.117333807190974,2,5
NONE,2.0,1.0,YTD2026,28,0.32142857142857145,0.47368421052631576,-0.35714285714285715,-0.37727960028653934,-0.38734797185838044,-10.0,10.0,0,1
NONE,2.0,1.0,FULL,612,0.4803921568627451,0.9181758718655186,-0.04087590102056288,-0.05837708732300982,-0.06712768047423329,-25.016051424584482,45.63202620662376,7,15
NONE,2.25,0.2,TRAIN,422,0.8293838862559242,0.972222222222222,-0.004739336492891002,-0.01986683308022189,-0.027430581373887344,-2.0000000000000027,6.000000000000002,6,10
NONE,2.25,0.2,OOS,190,0.8105263157894737,0.8655609355698926,-0.025178215677900084,-0.041687909302518505,-0.04994275611482772,-4.783860978801016,7.98386097880101,2,5
NONE,2.25,0.2,YTD2026,28,0.6785714285714286,0.44269123292940155,-0.17085217781432194,-0.1887515050531506,-0.1977011686725649,-4.783860978801014,5.383860978801015,0,1
NONE,2.25,0.2,FULL,612,0.8235294117647058,0.9369435069806824,-0.011084740161439574,-0.026641350208059078,-0.034419655231368834,-6.78386097880102,10.783860978801002,8,15
NONE,2.25,0.25,TRAIN,422,0.7914691943127962,0.9488636363636364,-0.01066350710900474,-0.025791003696335642,-0.0333547519900011,-4.5,11.5,2,10
NONE,2.25,0.25,OOS,190,0.7842105263157895,0.9178525428977184,-0.017546636730531657,-0.03405633035515008,-0.0423111771674593,-3.333860978801015,6.5,1,5
NONE,2.25,0.25,YTD2026,28,0.6785714285714286,0.5533640411617519,-0.13692360638575055,-0.15482293362457916,-0.16377259724399343,-3.833860978801015,4.833860978801015,0,1
NONE,2.25,0.25,FULL,612,0.7892156862745098,0.9390758613159662,-0.01280042643594937,-0.02835703648256889,-0.03613534150587865,-7.833860978801015,14.75,3,15
NONE,2.25,0.3,TRAIN,422,0.7369668246445498,0.8621224931193284,-0.03532868889202405,-0.05045618547935496,-0.0580199337730204,-14.90870671243415,20.80870671243412,4,10
NONE,2.25,0.3,OOS,190,0.7578947368421053,0.9681214611253718,-0.007486842653982381,-0.023996536278600804,-0.03225138309091001,-1.4225001042566523,6.400000000000001,3,5
NONE,2.25,0.3,YTD2026,28,0.6785714285714286,0.6640368493941021,-0.10299503495717913,-0.12089436219600772,-0.12984402581542204,-2.8838609788010157,4.283860978801016,0,1
NONE,2.25,0.3,FULL,612,0.7434640522875817,0.8930871993377629,-0.026684978458645096,-0.04224158850526461,-0.050019893528574375,-16.3312068166908,21.20870671243404,7,15
NONE,2.25,0.4,TRAIN,422,0.6753554502369669,0.8509531918723947,-0.047242013831726576,-0.06236951041905748,-0.0699332587127229,-19.936129836988616,28.076759840707492,3,10
NONE,2.25,0.4,OOS,190,0.6842105263157895,0.9095385525814939,-0.02704617888308839,-0.04355587250770678,-0.05181071932001599,-5.138773987786794,11.573492067529504,2,5
NONE,2.25,0.4,YTD2026,28,0.6071428571428571,0.6424876530048993,-0.13513789210003627,-0.15303721933886488,-0.16198688295827915,-3.783860978801015,5.983860978801015,0,1
NONE,2.25,0.4,FULL,612,0.6781045751633987,0.8684172360632769,-0.040972065073162436,-0.056528675119781935,-0.06430698014309169,-25.07490382477541,30.615533828494517,5,15
NONE,2.25,0.5,TRAIN,422,0.6350710900473934,0.8775931978788392,-0.0437292526531158,-0.058856749240446704,-0.06642049753411215,-18.453744619614866,27.795078997283564,3,10
NONE,2.25,0.5,OOS,190,0.6157894736842106,0.847559428988935,-0.054967960359291614,-0.07147765398391005,-0.07973250079621927,-10.443912468265406,15.778630548008113,2,5
NONE,2.25,0.5,YTD2026,28,0.42857142857142855,0.3939355197113376,-0.32967567930158015,-0.3475750065404088,-0.3565246701598231,-9.230919020444244,9.230919020444244,0,1
NONE,2.25,0.5,FULL,612,0.6290849673202614,0.8682090359637368,-0.047218393934444894,-0.06277500398106439,-0.07055330900437416,-28.897657087880276,36.0382870915991,5,15
NONE,2.25,0.6,TRAIN,422,0.5829383886255924,0.8509245227065152,-0.060084216585992556,-0.07521171317332345,-0.08277546146698891,-25.35553939928886,38.42211238676513,3,10
NONE,2.25,0.6,OOS,190,0.5789473684210527,0.8582050988364849,-0.05635330180670466,-0.07286299543132312,-0.08111784224363232,-10.707127343273886,14.34184542301661,1,5
NONE,2.25,0.6,YTD2026,28,0.42857142857142855,0.472722623653605,-0.2868185364444373,-0.304717863683266,-0.3136675273026802,-8.030919020444244,8.630919020444244,0,1
NONE,2.25,0.6,FULL,612,0.5816993464052288,0.8531630155970497,-0.05892592604993912,-0.07448253609655864,-0.0822608411198684,-36.06266674256274,49.129239730038876,4,15
NONE,2.25,0.75,TRAIN,422,0.533175355450237,0.8734981912837647,-0.05656629872281593,-0.07169379531014683,-0.0792575436038123,-23.870978061028325,43.65981867503207,4,10
NONE,2.25,0.75,OOS,190,0.5263157894736842,0.8723583479757276,-0.05606369727158379,-0.07257339089620221,-0.08082823770851147,-10.65210248160092,14.236820561343627,1,5
NONE,2.25,0.75,YTD2026,28,0.35714285714285715,0.45174574870109996,-0.3250806847312956,-0.34298001197012423,-0.3519296755895386,-9.102259172476277,9.102259172476277,0,1
NONE,2.25,0.75,FULL,612,0.5310457516339869,0.8731486700563869,-0.05641026232455759,-0.0719668723711771,-0.07974517739448686,-34.523080542629245,54.31192115663299,5,15
NONE,2.25,1.0,TRAIN,422,0.48104265402843605,0.8772616425122792,-0.0605954313417065,-0.07572292792903744,-0.08328667622270289,-25.571272026200145,38.84599260947094,4,10
NONE,2.25,1.0,OOS,190,0.46842105263157896,0.9336518292967113,-0.031947528900938306,-0.04845722252555672,-0.05671206933786597,-6.070030491178278,14.260516461595572,2,5
NONE,2.25,1.0,YTD2026,28,0.2857142857142857,0.47050471553287787,-0.32153634596258346,-0.339435673201412,-0.3483853368208264,-9.003017686952337,10.003017686952337,0,1
NONE,2.25,1.0,FULL,612,0.477124183006536,0.8944682155121338,-0.051701474701598735,-0.06725808474821825,-0.07503638977152802,-31.641302517378428,47.11190532164537,6,15
NONE,2.5,0.2,TRAIN,422,0.8341232227488151,1.0057142857142856,0.0009478672985781926,-0.012666879630019601,-0.019474253094318508,0.39999999999999725,5.0,5,10
NONE,2.5,0.2,OOS,190,0.8157894736842105,0.897887722237555,-0.01855513095221534,-0.03341385521437193,-0.040843217345450204,-3.5254748809209144,6.599999999999994,1,5
NONE,2.5,0.2,YTD2026,28,0.7142857142857143,0.5315279186089729,-0.12590981717574692,-0.14201921169069268,-0.15007390894816552,-3.5254748809209135,4.125474880920913,0,1
NONE,2.5,0.2,FULL,612,0.8284313725490197,0.970098438830519,-0.005106985099543986,-0.01910793414150153,-0.026108408662480306,-3.12547488092092,7.599999999999994,6,15
NONE,2.5,0.25,TRAIN,422,0.7890995260663507,0.9432912147396646,-0.01185254113753039,-0.025467288066128198,-0.032274661530427115,-5.001772360037824,11.25,2,10
NONE,2.5,0.25,OOS,190,0.7842105263157895,0.9416017318305263,-0.012159211020163072,-0.027017935282319657,-0.03444729741339795,-2.310250093830984,5.25,1,5
NONE,2.5,0.25,YTD2026,28,0.7142857142857143,0.6644098982612159,-0.0901955314614612,-0.10630492597640695,-0.11435962323387983,-2.5254748809209135,3.5254748809209135,0,1
NONE,2.5,0.25,FULL,612,0.7875816993464052,0.942768079915404,-0.011947749107628771,-0.025948698149586332,-0.0329491726705651,-7.312022453868808,11.25,3,15
NONE,2.5,0.3,TRAIN,422,0.7393364928909952,0.8853639681387389,-0.028687647660744945,-0.042302394589342755,-0.04910976805364166,-12.106187312834367,19.706187312834338,4,10
NONE,2.5,0.3,OOS,190,0.7473684210526316,0.9294347351829978,-0.016927067688297638,-0.031785791950454216,-0.03921515408153251,-3.2161428607765514,8.016605163738124,3,5
NONE,2.5,0.3,YTD2026,28,0.7142857142857143,0.7972918779134589,-0.0544812457471755,-0.07059064026212124,-0.07864533751959413,-1.525474880920914,2.9254748809209143,0,1
NONE,2.5,0.3,FULL,612,0.7418300653594772,0.8986499624718309,-0.025036487211782543,-0.03903743625374011,-0.04603791077471889,-15.322330173610915,20.02279247657237,7,15
NONE,2.5,0.4,TRAIN,422,0.6824644549763034,0.894583701583563,-0.0320199829043919,-0.0456347298329897,-0.05244210329728859,-13.512432785653381,24.527481157435588,4,10
NONE,2.5,0.4,OOS,190,0.6473684210526316,0.8029316448179511,-0.06311673299243704,-0.07797545725459361,-0.08540481938567189,-11.992179268563039,17.643425540331453,1,5
NONE,2.5,0.4,YTD2026,28,0.5714285714285714,0.576170292513697,-0.16813668279999355,-0.1842460773149393,-0.1923007745724122,-4.70782711839982,6.907827118399819,0,1
NONE,2.5,0.4,FULL,612,0.6715686274509803,0.8650796052904083,-0.041674202702968004,-0.055675151744925544,-0.06267562626590434,-25.50461205421642,32.93117905756346,5,15
NONE,2.5,0.5,TRAIN,422,0.6398104265402843,0.9113233725448566,-0.030597394900559394,-0.044212141829157205,-0.05101951529345611,-12.912100648036064,26.922725970358236,4,10
NONE,2.5,0.5,OOS,190,0.6105263157894737,0.8509062029709954,-0.052653012079351774,-0.06751173634150835,-0.07494109847258665,-10.004072295076837,14.109025058651016,1,5
NONE,2.5,0.5,YTD2026,28,0.4642857142857143,0.48674114767658816,-0.2447900223783599,-0.2608994168933057,-0.2689541141507786,-6.854120626594077,7.60782711839982,0,1
NONE,2.5,0.5,FULL,612,0.630718954248366,0.8922646516014379,-0.03744472703123024,-0.05144567607318779,-0.05844615059416657,-22.916172943112905,34.511389452250675,5,15
NONE,2.5,0.6,TRAIN,422,0.5924170616113744,0.9075285710435815,-0.03549298338428924,-0.04910773031288705,-0.055915103777186,-14.97803898817006,32.71954900550212,4,10
NONE,2.5,0.6,OOS,190,0.5631578947368421,0.8215721981612245,-0.07146426490651799,-0.08632298916867456,-0.09375235129975287,-13.578210332238417,15.829456604006875,1,5
NONE,2.5,0.6,YTD2026,28,0.42857142857142855,0.5015981255348,-0.2555043080926456,-0.2716137026075914,-0.27966839986506425,-7.154120626594078,7.1541206265940795,0,1
NONE,2.5,0.6,FULL,612,0.5833333333333334,0.880053034006263,-0.04666053810524261,-0.06066148714720019,-0.06766196166817896,-28.556249320408476,46.29775933774041,5,15
NONE,2.5,0.75,TRAIN,422,0.5379146919431279,0.8998699992628842,-0.04302815178532075,-0.05664289871391857,-0.06345027217821748,-18.157880053405357,35.593125819272146,5,10
NONE,2.5,0.75,OOS,190,0.5157894736842106,0.8674033965137637,-0.056758477782095966,-0.07161720204425255,-0.07904656417533085,-10.784110778598233,14.889063542172412,1,5
NONE,2.5,0.75,YTD2026,28,0.35714285714285715,0.49841689927832905,-0.2695587097052005,-0.28566810422014627,-0.2937228014776192,-7.547643871745615,8.051350363551357,0,1
NONE,2.5,0.75,FULL,612,0.5310457516339869,0.8898175265247051,-0.04729083469281632,-0.06129178373477388,-0.06829225825575268,-28.94199083200359,46.88094308967612,6,15
NONE,2.5,1.0,TRAIN,422,0.495260663507109,0.9233833639576482,-0.03559636049670993,-0.049211107425307744,-0.056018480889606634,-15.02166412961159,30.308606565281835,5,10
NONE,2.5,1.0,OOS,190,0.47368421052631576,0.9623558278203477,-0.017284034140252348,-0.03214275840240893,-0.0395721205334872,-3.2839664866479463,12.905896140795946,2,5
NONE,2.5,1.0,YTD2026,28,0.2857142857142857,0.51919979641821,-0.2645830905276453,-0.2806924850425911,-0.2887471823000639,-7.408326534774068,9.162033026579813,0,1
NONE,2.5,1.0,FULL,612,0.48856209150326796,0.9353842316230625,-0.02991116113767897,-0.043912110179636546,-0.05091258470061531,-18.30563061625953,37.25640524532765,7,15
NONE,3.0,0.2,TRAIN,422,0.8317535545023697,1.0000747844908782,1.2433504240405568e-05,-0.011333188936257767,-0.017006000156506853,0.00524693878945115,9.599999999999994,5,10
NONE,3.0,0.2,OOS,190,0.8157894736842105,0.9529744404282261,-0.008051203655687596,-0.0204334738741514,-0.02662460898338332,-1.5297286945806432,5.8629556280953565,3,5
NONE,3.0,0.2,YTD2026,28,0.75,0.6523870801064865,-0.07992484764645577,-0.0933493430755772,-0.10006159079013797,-2.2378957341007615,3.2378957341007615,0,1
NONE,3.0,0.2,FULL,612,0.826797385620915,0.9851546003566735,-0.002490983261096721,-0.014158440796061347,-0.01999216956354366,-1.5244817557911934,9.599999999999994,8,15
NONE,3.0,0.25,TRAIN,422,0.7819905213270142,0.9552145463036359,-0.009156622607175452,-0.02050224504767362,-0.026175056267922717,-3.864094740228041,13.973105590570217,5,10
NONE,3.0,0.25,OOS,190,0.7789473684210526,0.9617659604007028,-0.0076998454343330846,-0.020082115652796904,-0.026273250762028813,-1.462970632523286,8.376793264543794,3,5
NONE,3.0,0.25,YTD2026,28,0.75,0.8154838501331079,-0.04242484764645576,-0.055849343075577214,-0.06256159079013797,-1.1878957341007612,2.937895734100761,0,1
NONE,3.0,0.25,FULL,612,0.7810457516339869,0.9572273375345111,-0.008704355184234194,-0.02037181271919883,-0.026205541486681142,-5.327065372751327,13.973105590570217,8,15
NONE,3.0,0.3,TRAIN,422,0.7440758293838863,0.9645609698372338,-0.008189785544259684,-0.01953540798475786,-0.025208219205006942,-3.4560894996775864,17.568351114193373,5,10
NONE,3.0,0.3,OOS,190,0.7421052631578947,0.9644300894779659,-0.008162638281871379,-0.020544908500335184,-0.0267360436095671,-1.5509012735555618,8.576793264543795,3,5
NONE,3.0,0.3,YTD2026,28,0.6785714285714286,0.6755238722569326,-0.09778199050359866,-0.11120648593272009,-0.11791873364728081,-2.7378957341007624,4.137895734100763,0,1
NONE,3.0,0.3,FULL,612,0.7434640522875817,0.964520533095613,-0.00818135747260318,-0.01984881500756782,-0.025682543775050137,-5.006990773233147,17.568351114193373,8,15
NONE,3.0,0.4,TRAIN,422,0.6895734597156398,0.96935258407141,-0.008585665253417297,-0.019931287693915455,-0.025604098914164538,-3.623150736942099,18.566063865619462,4,10
NONE,3.0,0.4,OOS,190,0.6578947368421053,0.8782714588129967,-0.03621883629389777,-0.04860110651236157,-0.054792241621593456,-6.881578895840576,10.52035359367033,2,5
NONE,3.0,0.4,YTD2026,28,0.5,0.4617249074960155,-0.23315835198196658,-0.24658284741108805,-0.2532950951256488,-6.528433855495064,6.7231892653331835,0,1
NONE,3.0,0.4,FULL,612,0.6797385620915033,0.9398879937363592,-0.017164590903239664,-0.02883204843820428,-0.03466577720568659,-10.504729632782674,22.69409880845194,6,15
NONE,3.0,0.5,TRAIN,422,0.6350710900473934,0.9575730602335886,-0.0137783416857849,-0.025123964126283087,-0.030796775346532166,-5.814460191401228,20.816600003593344,5,10
NONE,3.0,0.5,OOS,190,0.6105263157894737,0.8705996545908058,-0.044277797385234345,-0.056660067603698176,-0.06285120271293006,-8.412781503194525,12.017764749926693,2,5
NONE,3.0,0.5,YTD2026,28,0.4642857142857143,0.4951085614282428,-0.23672978055339516,-0.25015427598251666,-0.25686652369707735,-6.628433855495064,6.628433855495064,0,1
NONE,3.0,0.5,FULL,612,0.6274509803921569,0.9295890292831025,-0.02324712695195385,-0.03491458448691848,-0.040748313254400786,-14.227241694595756,30.439747504832688,7,15
NONE,3.0,0.6,TRAIN,422,0.5853080568720379,0.935965112421657,-0.02311739106189394,-0.03446301350239214,-0.04013582472264122,-9.755539028119243,23.316123531130785,5,10
NONE,3.0,0.6,OOS,190,0.5631578947368421,0.9094292428491922,-0.03270813082064196,-0.04509040103910579,-0.0512815361483377,-6.2145448559219725,9.545620849670037,2,5
NONE,3.0,0.6,YTD2026,28,0.35714285714285715,0.43397861486960193,-0.27948450144277487,-0.29290899687189637,-0.29962124458645706,-7.825566040397696,7.825566040397698,0,1
NONE,3.0,0.6,FULL,612,0.5784313725490197,0.9277249482027421,-0.026094908307256894,-0.03776236584222155,-0.043596094609703866,-15.97008388404122,30.067127132113487,7,15
NONE,3.0,0.75,TRAIN,422,0.5450236966824644,0.927009970735274,-0.028458155670159607,-0.039803778110657786,-0.04547658933090688,-12.009341692807354,23.009130356600505,3,10
NONE,3.0,0.75,OOS,190,0.5263157894736842,0.9762125439626504,-0.009185845261980408,-0.021568115480444235,-0.02775925058967614,-1.7453105997762774,8.67089033609286,2,5
NONE,3.0,0.75,YTD2026,28,0.2857142857142857,0.4247446333567464,-0.2902191045090979,-0.3036435999382193,-0.31035584765278007,-8.12613492625474,8.67089033609286,0,1
NONE,3.0,0.75,FULL,612,0.5392156862745098,0.9421842782045565,-0.022474922046705283,-0.03414237958166992,-0.03997610834915223,-13.754652292583634,26.49033081558045,5,15
NONE,3.0,1.0,TRAIN,422,0.504739336492891,0.9634873961261441,-0.015254326287493973,-0.02659994872799215,-0.032272759948241234,-6.437325693322457,29.751275890705855,6,10
NONE,3.0,1.0,OOS,190,0.5,1.0771003227841023,0.030835843083235757,0.018453572864771936,0.012262437755540022,5.858810185814794,8.501151881181695,3,5
NONE,3.0,1.0,YTD2026,28,0.2857142857142857,0.5197708889939828,-0.2422779006280844,-0.2557023960572059,-0.2624146437717666,-6.783781217586363,8.501151881181695,0,1
NONE,3.0,1.0,FULL,612,0.5032679738562091,0.9977069755106273,-0.0009452867769733017,-0.012612744311937945,-0.01844647307942025,-0.5785155075076607,29.751275890705855,9,15
DI_SUPPORT,0.75,0.2,TRAIN,208,0.16346153846153846,0.03908045977011495,-0.8038461538461538,-0.8496188552589582,-0.8725052059653602,-167.2,167.40000000000003,0,10
DI_SUPPORT,0.75,0.2,OOS,96,0.14583333333333334,0.034146341463414644,-0.8250000000000001,-0.8733594220788975,-0.8975391331183462,-79.2,79.19999999999997,0,5
DI_SUPPORT,0.75,0.2,YTD2026,16,0.1875,0.04615384615384616,-0.7749999999999999,-0.8268533076925653,-0.8527799615388476,-12.399999999999999,12.4,0,1
DI_SUPPORT,0.75,0.2,FULL,304,0.15789473684210525,0.0375,-0.8105263157894737,-0.8571158763599916,-0.8804106566452505,-246.39999999999998,246.4000000000002,0,15
DI_SUPPORT,0.75,0.25,TRAIN,208,0.16346153846153846,0.04885057471264368,-0.7956730769230769,-0.8414457783358811,-0.8643321290422832,-165.5,165.75,0,10
DI_SUPPORT,0.75,0.25,OOS,96,0.14583333333333334,0.042682926829268296,-0.8177083333333334,-0.866067755412231,-0.8902474664516795,-78.5,78.5,0,5
DI_SUPPORT,0.75,0.25,YTD2026,16,0.1875,0.057692307692307696,-0.765625,-0.8174783076925652,-0.8434049615388477,-12.25,12.25,0,1
DI_SUPPORT,0.75,0.25,FULL,304,0.15789473684210525,0.046875,-0.8026315789473685,-0.8492211395178862,-0.8725159198031454,-244.0,244.0,0,15
DI_SUPPORT,0.75,0.3,TRAIN,208,0.16346153846153846,0.05862068965517242,-0.7875000000000001,-0.8332727014128043,-0.8561590521192064,-163.8,164.1,0,10
DI_SUPPORT,0.75,0.3,OOS,96,0.14583333333333334,0.05121951219512194,-0.8104166666666667,-0.8587760887455641,-0.8829557997850128,-77.8,77.80000000000003,0,5
DI_SUPPORT,0.75,0.3,YTD2026,16,0.1875,0.06923076923076922,-0.7562500000000001,-0.8081033076925652,-0.8340299615388477,-12.100000000000001,12.1,0,1
DI_SUPPORT,0.75,0.3,FULL,304,0.15789473684210525,0.05625,-0.7947368421052632,-0.8413264026757811,-0.8646211829610401,-241.60000000000002,241.59999999999982,0,15
DI_SUPPORT,0.75,0.4,TRAIN,208,0.15865384615384615,0.07542857142857143,-0.7778846153846154,-0.8236573167974195,-0.8465436675038217,-161.8,162.19999999999996,0,10
DI_SUPPORT,0.75,0.4,OOS,96,0.14583333333333334,0.06829268292682929,-0.7958333333333333,-0.8441927554122307,-0.8683724664516794,-76.39999999999999,76.39999999999998,0,5
DI_SUPPORT,0.75,0.4,YTD2026,16,0.1875,0.09230769230769233,-0.7375,-0.7893533076925652,-0.8152799615388477,-11.8,11.8,0,1
DI_SUPPORT,0.75,0.4,FULL,304,0.15460526315789475,0.07315175097276261,-0.7835526315789473,-0.8301421921494653,-0.8534369724347243,-238.2,238.19999999999987,0,15
DI_SUPPORT,0.75,0.5,TRAIN,208,0.15384615384615385,0.09090909090909091,-0.7692307692307693,-0.8150034706435734,-0.8378898213499755,-160.0,160.5,0,10
DI_SUPPORT,0.75,0.5,OOS,96,0.13541666666666666,0.0783132530120482,-0.796875,-0.8452344220788977,-0.8694141331183461,-76.5,76.5,0,5
DI_SUPPORT,0.75,0.5,YTD2026,16,0.125,0.07142857142857142,-0.8125,-0.8643533076925652,-0.8902799615388477,-13.0,13.0,0,1
DI_SUPPORT,0.75,0.5,FULL,304,0.14802631578947367,0.08687258687258688,-0.7779605263157895,-0.8245500868863074,-0.8478448671715663,-236.5,236.5,0,15
DI_SUPPORT,0.75,0.6,TRAIN,208,0.15384615384615385,0.10909090909090909,-0.7538461538461539,-0.799618855258958,-0.8225052059653601,-156.8,157.40000000000006,0,10
DI_SUPPORT,0.75,0.6,OOS,96,0.13541666666666666,0.0939759036144578,-0.7833333333333333,-0.8316927554122309,-0.8558724664516796,-75.2,75.19999999999999,0,5
DI_SUPPORT,0.75,0.6,YTD2026,16,0.125,0.08571428571428572,-0.8,-0.8518533076925652,-0.8777799615388477,-12.8,13.0,0,1
DI_SUPPORT,0.75,0.6,FULL,304,0.14802631578947367,0.10424710424710427,-0.7631578947368421,-0.8097474553073599,-0.8330422355926189,-232.0,232.00000000000014,0,15
DI_SUPPORT,0.75,0.75,TRAIN,208,0.15384615384615385,0.13636363636363635,-0.7307692307692307,-0.7765419321820348,-0.799428282888437,-152.0,152.75,0,10
DI_SUPPORT,0.75,0.75,OOS,96,0.13541666666666666,0.11746987951807229,-0.7630208333333334,-0.811380255412231,-0.8355599664516795,-73.25,73.25,0,5
DI_SUPPORT,0.75,0.75,YTD2026,16,0.125,0.10714285714285714,-0.78125,-0.8331033076925652,-0.8590299615388477,-12.5,13.0,0,1
DI_SUPPORT,0.75,0.75,FULL,304,0.14802631578947367,0.1303088803088803,-0.740953947368421,-0.7875435079389389,-0.8108382882241979,-225.25,225.25,0,15
DI_SUPPORT,0.75,1.0,TRAIN,208,0.13942307692307693,0.16201117318435754,-0.7211538461538461,-0.7669265475666502,-0.7898128982730525,-150.0,151.0,0,10
DI_SUPPORT,0.75,1.0,OOS,96,0.11458333333333333,0.12941176470588237,-0.7708333333333334,-0.819192755412231,-0.8433724664516795,-74.0,74.0,0,5
DI_SUPPORT,0.75,1.0,YTD2026,16,0.125,0.14285714285714285,-0.75,-0.8018533076925652,-0.8277799615388477,-12.0,13.0,0,1
DI_SUPPORT,0.75,1.0,FULL,304,0.13157894736842105,0.15151515151515152,-0.7368421052631579,-0.7834316658336757,-0.8067264461189348,-224.0,224.0,0,15
DI_SUPPORT,1.0,0.2,TRAIN,208,0.41346153846153844,0.14098360655737702,-0.5038461538461537,-0.5381756799057571,-0.5553404429355585,-104.79999999999998,105.19999999999993,0,10
DI_SUPPORT,1.0,0.2,OOS,96,0.3645833333333333,0.11475409836065575,-0.5624999999999999,-0.5987695665591731,-0.6169043498387596,-53.99999999999999,53.999999999999964,0,5
DI_SUPPORT,1.0,0.2,YTD2026,16,0.375,0.12,-0.55,-0.5888899807694239,-0.6083349711541358,-8.8,8.8,0,1
DI_SUPPORT,1.0,0.2,FULL,304,0.3980263157894737,0.13224043715846995,-0.5223684210526316,-0.55731059148052,-0.5747816766944641,-158.8,159.0000000000001,0,15
DI_SUPPORT,1.0,0.25,TRAIN,208,0.40865384615384615,0.17276422764227642,-0.4891826923076923,-0.5235122183672954,-0.5406769813970971,-101.75,102.25,0,10
DI_SUPPORT,1.0,0.25,OOS,96,0.3541666666666667,0.13709677419354838,-0.5572916666666666,-0.5935612332258398,-0.6116960165054263,-53.5,53.5,0,5
DI_SUPPORT,1.0,0.25,YTD2026,16,0.375,0.15,-0.53125,-0.5701399807694238,-0.5895849711541358,-8.5,8.5,0,1
DI_SUPPORT,1.0,0.25,FULL,304,0.39144736842105265,0.1608108108108108,-0.5106907894736842,-0.5456329599015727,-0.5631040451155168,-155.25,155.5,0,15
DI_SUPPORT,1.0,0.3,TRAIN,208,0.40384615384615385,0.2032258064516129,-0.47500000000000003,-0.5093295260596032,-0.5264942890894048,-98.80000000000001,99.40000000000006,0,10
DI_SUPPORT,1.0,0.3,OOS,96,0.3541666666666667,0.16451612903225807,-0.5395833333333334,-0.5758528998925064,-0.593987683172093,-51.80000000000001,51.80000000000004,0,5
DI_SUPPORT,1.0,0.3,YTD2026,16,0.375,0.18,-0.5125,-0.5513899807694238,-0.5708349711541358,-8.2,8.2,0,1
DI_SUPPORT,1.0,0.3,FULL,304,0.3881578947368421,0.19032258064516117,-0.4953947368421052,-0.5303369072699937,-0.5478079924839379,-150.6,150.89999999999992,0,15
DI_SUPPORT,1.0,0.4,TRAIN,208,0.3942307692307692,0.2603174603174603,-0.4480769230769231,-0.48240644913652625,-0.4995712121663278,-93.2,93.99999999999997,0,10
DI_SUPPORT,1.0,0.4,OOS,96,0.34375,0.20952380952380953,-0.5187499999999999,-0.5550195665591731,-0.5731543498387596,-49.8,49.800000000000026,0,5
DI_SUPPORT,1.0,0.4,YTD2026,16,0.3125,0.18181818181818182,-0.5625,-0.6013899807694238,-0.6208349711541359,-9.0,9.0,0,1
DI_SUPPORT,1.0,0.4,FULL,304,0.3782894736842105,0.24338624338624337,-0.47039473684210525,-0.5053369072699937,-0.5228079924839379,-143.0,143.39999999999978,0,15
DI_SUPPORT,1.0,0.5,TRAIN,208,0.375,0.3,-0.4375,-0.47182952605960315,-0.4889942890894048,-91.0,92.0,0,10
DI_SUPPORT,1.0,0.5,OOS,96,0.34375,0.2619047619047619,-0.484375,-0.5206445665591731,-0.5387793498387596,-46.5,46.5,0,5
DI_SUPPORT,1.0,0.5,YTD2026,16,0.3125,0.22727272727272727,-0.53125,-0.5701399807694238,-0.5895849711541358,-8.5,8.5,0,1
DI_SUPPORT,1.0,0.5,FULL,304,0.3651315789473684,0.28756476683937826,-0.45230263157894735,-0.48724480200683584,-0.50471588722078,-137.5,138.0,0,15
DI_SUPPORT,1.0,0.6,TRAIN,208,0.34615384615384615,0.3176470588235294,-0.4461538461538461,-0.48048337221344933,-0.4976481352432509,-92.8,94.0,0,10
DI_SUPPORT,1.0,0.6,OOS,96,0.3125,0.27272727272727276,-0.5,-0.5362695665591731,-0.5544043498387597,-48.0,47.99999999999998,0,5
DI_SUPPORT,1.0,0.6,YTD2026,16,0.3125,0.2727272727272727,-0.5,-0.5388899807694238,-0.5583349711541359,-8.0,8.2,0,1
DI_SUPPORT,1.0,0.6,FULL,304,0.3355263157894737,0.30297029702970296,-0.46315789473684216,-0.49810006516473065,-0.5155711503786747,-140.8,141.40000000000018,0,15
DI_SUPPORT,1.0,0.75,TRAIN,208,0.2980769230769231,0.3184931506849315,-0.47836538461538464,-0.5126949106749877,-0.5298596737047894,-99.5,101.0,0,10
DI_SUPPORT,1.0,0.75,OOS,96,0.28125,0.29347826086956524,-0.5078125,-0.5440820665591731,-0.5622168498387596,-48.75,48.75,0,5
DI_SUPPORT,1.0,0.75,YTD2026,16,0.3125,0.3409090909090909,-0.453125,-0.4920149807694239,-0.5114599711541358,-7.25,7.75,0,1
DI_SUPPORT,1.0,0.75,FULL,304,0.29276315789473684,0.31046511627906975,-0.4876644736842105,-0.522606644112099,-0.5400777293260431,-148.25,149.0,0,15
DI_SUPPORT,1.0,1.0,TRAIN,208,0.27884615384615385,0.38666666666666666,-0.4423076923076923,-0.47663721836729545,-0.4938019813970971,-92.0,94.0,0,10
DI_SUPPORT,1.0,1.0,OOS,96,0.1875,0.23076923076923078,-0.625,-0.6612695665591732,-0.6794043498387596,-60.0,60.0,0,5
DI_SUPPORT,1.0,1.0,YTD2026,16,0.1875,0.23076923076923078,-0.625,-0.6638899807694238,-0.6833349711541358,-10.0,10.0,0,1
DI_SUPPORT,1.0,1.0,FULL,304,0.25,0.3333333333333333,-0.5,-0.5349421704278885,-0.5524132556418326,-152.0,153.0,0,15
DI_SUPPORT,1.25,0.2,TRAIN,208,0.5913461538461539,0.28941176470588237,-0.29038461538461535,-0.3178482362322979,-0.33158004665613916,-60.39999999999999,60.799999999999926,0,10
DI_SUPPORT,1.25,0.2,OOS,96,0.5625,0.257142857142857,-0.32499999999999996,-0.35401565324733847,-0.36852347987100775,-31.199999999999996,31.20000000000003,0,5
DI_SUPPORT,1.25,0.2,YTD2026,16,0.5,0.2,-0.4,-0.4311119846155391,-0.4466679769233086,-6.4,6.3999999999999995,0,1
DI_SUPPORT,1.25,0.2,FULL,304,0.5822368421052632,0.2787401574803149,-0.3013157894736842,-0.32926952581599495,-0.34324639398715034,-91.6,91.79999999999977,0,15
DI_SUPPORT,1.25,0.25,TRAIN,208,0.5673076923076923,0.3277777777777778,-0.29086538461538464,-0.31832900546306714,-0.33206081588690844,-60.5,61.0,0,10
DI_SUPPORT,1.25,0.25,OOS,96,0.5520833333333334,0.3081395348837209,-0.3098958333333333,-0.3389114865806718,-0.3534193132043411,-29.75,29.75,0,5
DI_SUPPORT,1.25,0.25,YTD2026,16,0.4375,0.19444444444444445,-0.453125,-0.4842369846155391,-0.49979297692330865,-7.25,7.25,0,1
DI_SUPPORT,1.25,0.25,FULL,304,0.5625,0.32142857142857145,-0.296875,-0.32482873634231074,-0.3388056045134661,-90.25,90.5,0,15
DI_SUPPORT,1.25,0.3,TRAIN,208,0.5625,0.3857142857142855,-0.26875000000000004,-0.2962136208476825,-0.30994543127152385,-55.900000000000006,56.50000000000007,0,10
DI_SUPPORT,1.25,0.3,OOS,96,0.5520833333333334,0.36976744186046523,-0.2822916666666667,-0.3113073199140052,-0.32581514653767446,-27.100000000000005,27.099999999999973,0,5
DI_SUPPORT,1.25,0.3,YTD2026,16,0.4375,0.23333333333333334,-0.43124999999999997,-0.46236198461553907,-0.47791797692330873,-6.8999999999999995,6.900000000000001,0,1
DI_SUPPORT,1.25,0.3,FULL,304,0.5592105263157895,0.38059701492537307,-0.2730263157894737,-0.3009800521317844,-0.3149569203029398,-83.0,83.30000000000022,0,15
DI_SUPPORT,1.25,0.4,TRAIN,208,0.5336538461538461,0.4577319587628865,-0.2528846153846154,-0.28034823623229793,-0.2940800466561392,-52.599999999999994,53.400000000000055,0,10
DI_SUPPORT,1.25,0.4,OOS,96,0.5416666666666666,0.4727272727272726,-0.24166666666666667,-0.27068231991400515,-0.28519014653767444,-23.2,23.200000000000024,1,5
DI_SUPPORT,1.25,0.4,YTD2026,16,0.4375,0.3111111111111111,-0.38749999999999996,-0.41861198461553906,-0.43416797692330866,-6.199999999999999,6.199999999999999,0,1
DI_SUPPORT,1.25,0.4,FULL,304,0.5361842105263158,0.46241134751773044,-0.24934210526315792,-0.2772958416054686,-0.29127270977662395,-75.80000000000001,76.19999999999987,1,15
DI_SUPPORT,1.25,0.5,TRAIN,208,0.4951923076923077,0.49047619047619045,-0.25721153846153844,-0.284675159309221,-0.2984069697330623,-53.5,54.5,0,10
DI_SUPPORT,1.25,0.5,OOS,96,0.5104166666666666,0.5212765957446809,-0.234375,-0.2633906532473385,-0.27789847987100774,-22.5,22.5,0,5
DI_SUPPORT,1.25,0.5,YTD2026,16,0.4375,0.3888888888888889,-0.34375,-0.3748619846155391,-0.39041797692330865,-5.5,5.5,0,1
DI_SUPPORT,1.25,0.5,FULL,304,0.5,0.5,-0.25,-0.2779537363423107,-0.2919306045134661,-76.0,76.5,0,15
DI_SUPPORT,1.25,0.6,TRAIN,208,0.4423076923076923,0.479157866961535,-0.28847170981252357,-0.3159353306602061,-0.3296671410840473,-60.0021156410049,61.202115641004845,0,10
DI_SUPPORT,1.25,0.6,OOS,96,0.46875,0.5294117647058825,-0.25,-0.2790156532473385,-0.2935234798710078,-24.0,23.99999999999999,0,5
DI_SUPPORT,1.25,0.6,YTD2026,16,0.4375,0.4666666666666667,-0.30000000000000004,-0.3311119846155391,-0.3466679769233087,-4.800000000000001,4.999999999999999,0,1
DI_SUPPORT,1.25,0.6,FULL,304,0.4506578947368421,0.49457854181321775,-0.276322748819095,-0.30427648516140576,-0.31825335333256116,-84.00211564100489,84.60211564100507,0,15
DI_SUPPORT,1.25,0.75,TRAIN,208,0.4230769230769231,0.553681448060611,-0.2557794021202158,-0.2832430229678984,-0.2969748333917396,-53.202115641004895,54.702115641004895,0,10
DI_SUPPORT,1.25,0.75,OOS,96,0.40625,0.5131578947368421,-0.2890625,-0.3180781532473385,-0.33258597987100774,-27.75,28.0,0,5
DI_SUPPORT,1.25,0.75,YTD2026,16,0.375,0.45,-0.34375,-0.3748619846155391,-0.3904179769233086,-5.5,5.75,0,1
DI_SUPPORT,1.25,0.75,FULL,304,0.41776315789473684,0.5405723969515942,-0.2662898540822529,-0.29424359042456366,-0.308220458595719,-80.9521156410049,81.9521156410049,0,15
DI_SUPPORT,1.25,1.0,TRAIN,208,0.3942307692307692,0.6465281912876287,-0.21276643399154546,-0.24023005483922805,-0.25396186526306924,-44.25541827024146,46.255418270241464,1,10
DI_SUPPORT,1.25,1.0,OOS,96,0.3541666666666667,0.5483870967741935,-0.2916666666666667,-0.32068231991400514,-0.33519014653767437,-28.0,29.0,0,5
DI_SUPPORT,1.25,1.0,YTD2026,16,0.3125,0.45454545454545453,-0.375,-0.4061119846155391,-0.4216679769233086,-6.0,7.0,0,1
DI_SUPPORT,1.25,1.0,FULL,304,0.3815789473684211,0.6140245636496718,-0.23768229694158372,-0.26563603328389446,-0.27961290145504986,-72.25541827024145,74.25541827024146,1,15
DI_SUPPORT,1.5,0.2,TRAIN,208,0.7211538461538461,0.5172413793103448,-0.1346153846153846,-0.15750173532178674,-0.16894491067498776,-28.0,32.60000000000004,1,10
DI_SUPPORT,1.5,0.2,OOS,96,0.6666666666666666,0.39999999999999997,-0.20000000000000004,-0.22417971103944875,-0.2362695665591731,-19.200000000000003,19.400000000000023,1,5
DI_SUPPORT,1.5,0.2,YTD2026,16,0.5625,0.2571428571428572,-0.32499999999999996,-0.3509266538462826,-0.3638899807694239,-5.199999999999999,5.199999999999999,0,1
DI_SUPPORT,1.5,0.2,FULL,304,0.7039473684210527,0.4755555555555555,-0.15526315789473685,-0.17855793817999577,-0.19020532832262524,-47.2,51.399999999999935,2,15
DI_SUPPORT,1.5,0.25,TRAIN,208,0.7067307692307693,0.6024590163934426,-0.11658653846153846,-0.1394728891679406,-0.15091606452114162,-24.25,30.0,1,10
DI_SUPPORT,1.5,0.25,OOS,96,0.65625,0.4772727272727273,-0.1796875,-0.20386721103944874,-0.21595706655917313,-17.25,17.5,1,5
DI_SUPPORT,1.5,0.25,YTD2026,16,0.5,0.25,-0.375,-0.4009266538462826,-0.41388998076942385,-6.0,6.0,0,1
DI_SUPPORT,1.5,0.25,FULL,304,0.6907894736842105,0.5585106382978723,-0.13651315789473684,-0.15980793817999578,-0.17145532832262525,-41.5,46.25,2,15
DI_SUPPORT,1.5,0.3,TRAIN,208,0.6971153846153846,0.6904761904761905,-0.09375,-0.11663635070640212,-0.12807952605960315,-19.5,26.299999999999976,2,10
DI_SUPPORT,1.5,0.3,OOS,96,0.6458333333333334,0.5470588235294119,-0.16041666666666665,-0.18459637770611545,-0.1966862332258398,-15.399999999999999,15.699999999999976,1,5
DI_SUPPORT,1.5,0.3,YTD2026,16,0.5,0.3,-0.35,-0.3759266538462826,-0.38888998076942394,-5.6,5.6000000000000005,0,1
DI_SUPPORT,1.5,0.3,FULL,304,0.680921052631579,0.6402061855670101,-0.11480263157894736,-0.13809741186420632,-0.1497448020068358,-34.9,40.09999999999994,3,15
DI_SUPPORT,1.5,0.4,TRAIN,208,0.6201923076923077,0.6531645569620252,-0.13173076923076926,-0.1546171199371713,-0.16606029529037242,-27.400000000000006,30.600000000000044,0,10
DI_SUPPORT,1.5,0.4,OOS,96,0.6041666666666666,0.6105263157894736,-0.15416666666666665,-0.17834637770611542,-0.1904362332258398,-14.799999999999999,15.199999999999987,1,5
DI_SUPPORT,1.5,0.4,YTD2026,16,0.5,0.4,-0.3,-0.32592665384628255,-0.3388899807694239,-4.8,5.000000000000001,0,1
DI_SUPPORT,1.5,0.4,FULL,304,0.6151315789473685,0.6393162393162392,-0.13881578947368423,-0.1621105697589431,-0.1737579599015726,-42.2,42.60000000000014,1,15
DI_SUPPORT,1.5,0.5,TRAIN,208,0.5576923076923077,0.6427131553416914,-0.15501170564935998,-0.17789805635576206,-0.18934123170896316,-32.242434775066876,36.742434775066876,1,10
DI_SUPPORT,1.5,0.5,OOS,96,0.5625,0.6428571428571429,-0.15625,-0.18042971103944874,-0.19251956655917313,-15.0,15.5,1,5
DI_SUPPORT,1.5,0.5,YTD2026,16,0.5,0.5,-0.25,-0.27592665384628257,-0.28888998076942385,-4.0,4.5,0,1
DI_SUPPORT,1.5,0.5,FULL,304,0.5592105263157895,0.6427588855617924,-0.15540274597061474,-0.17869752625587368,-0.19034491639850315,-47.242434775066876,47.742434775066876,2,15
DI_SUPPORT,1.5,0.6,TRAIN,208,0.5336538461538461,0.6992681377506627,-0.13770401334166765,-0.16059036404806978,-0.17203353940127084,-28.642434775066874,34.64243477506684,1,10
DI_SUPPORT,1.5,0.6,OOS,96,0.5,0.6,-0.19999999999999998,-0.22417971103944878,-0.23626956655917317,-19.2,20.199999999999996,1,5
DI_SUPPORT,1.5,0.6,YTD2026,16,0.4375,0.4666666666666667,-0.30000000000000004,-0.3259266538462826,-0.3388899807694239,-4.800000000000001,4.999999999999999,0,1
DI_SUPPORT,1.5,0.6,FULL,304,0.5230263157894737,0.6660037589406123,-0.15737643018114103,-0.1806712104664,-0.19231860060902947,-47.84243477506688,48.642434775066754,2,15
DI_SUPPORT,1.5,0.75,TRAIN,208,0.5,0.7582317039954033,-0.11884124632177426,-0.14172759702817633,-0.1531707723813774,-24.718979234929044,30.300549534091633,0,10
DI_SUPPORT,1.5,0.75,OOS,96,0.4583333333333333,0.6346153846153846,-0.19791666666666666,-0.22209637770611543,-0.23418623322583976,-19.0,21.0,1,5
DI_SUPPORT,1.5,0.75,YTD2026,16,0.3125,0.3409090909090909,-0.453125,-0.4790516538462826,-0.49201498076942385,-7.25,7.5,0,1
DI_SUPPORT,1.5,0.75,FULL,304,0.4868421052631579,0.7165567355139018,-0.14381243169384553,-0.1671072119791045,-0.17875460212173397,-43.718979234929044,45.80054953409163,1,15
DI_SUPPORT,1.5,1.0,TRAIN,208,0.4519230769230769,0.820210023065398,-0.09701954211198484,-0.11990589281838694,-0.13134906817158803,-20.180064759292847,27.60895097388281,2,10
DI_SUPPORT,1.5,1.0,OOS,96,0.4166666666666667,0.7017010664293605,-0.17400771124953976,-0.19818742228898856,-0.2102772778087129,-16.704740279955818,19.704740279955818,1,5
DI_SUPPORT,1.5,1.0,YTD2026,16,0.25,0.3333333333333333,-0.5,-0.5259266538462826,-0.5388899807694238,-8.0,8.0,0,1
DI_SUPPORT,1.5,1.0,FULL,304,0.4407894736842105,0.7807639607179836,-0.12133159552384427,-0.14462637580910323,-0.15627376595173273,-36.88480503924866,42.31369125383863,3,15
DI_SUPPORT,1.75,0.2,TRAIN,208,0.7836538461538461,0.7244444444444443,-0.05961538461538461,-0.07923225664944357,-0.08904069266647302,-12.399999999999999,16.999999999999996,3,10
DI_SUPPORT,1.75,0.2,OOS,96,0.6979166666666666,0.46206896551724125,-0.1625,-0.18322546660524183,-0.19358819990786266,-15.600000000000001,16.400000000000023,1,5
DI_SUPPORT,1.75,0.2,YTD2026,16,0.5625,0.2571428571428572,-0.32499999999999996,-0.3472228461539565,-0.35833426923093475,-5.199999999999999,5.2,0,1
DI_SUPPORT,1.75,0.2,FULL,304,0.756578947368421,0.6216216216216216,-0.09210526315789473,-0.11207221768811668,-0.12205569495322767,-28.0,32.20000000000005,4,15
DI_SUPPORT,1.75,0.25,TRAIN,208,0.7740384615384616,0.8563829787234043,-0.03245192307692308,-0.05206879511098203,-0.06187723112801151,-6.75,13.75,2,10
DI_SUPPORT,1.75,0.25,OOS,96,0.6875,0.55,-0.140625,-0.1613504666052418,-0.17171319990786268,-13.5,14.5,1,5
DI_SUPPORT,1.75,0.25,YTD2026,16,0.5625,0.32142857142857145,-0.296875,-0.3190978461539565,-0.33020926923093474,-4.75,4.75,0,1
DI_SUPPORT,1.75,0.25,FULL,304,0.7467105263157895,0.737012987012987,-0.06661184210526316,-0.0865787966354851,-0.09656227390059607,-20.25,26.25,3,15
DI_SUPPORT,1.75,0.3,TRAIN,208,0.7307692307692307,0.8142857142857142,-0.049999999999999996,-0.06961687203405896,-0.07942530805108844,-10.399999999999999,17.200000000000006,2,10
DI_SUPPORT,1.75,0.3,OOS,96,0.6666666666666666,0.6,-0.13333333333333333,-0.1540587999385751,-0.16442153324119604,-12.799999999999999,13.999999999999982,1,5
DI_SUPPORT,1.75,0.3,YTD2026,16,0.5625,0.3857142857142857,-0.26875000000000004,-0.29097284615395647,-0.3020842692309348,-4.300000000000001,4.300000000000001,0,1
DI_SUPPORT,1.75,0.3,FULL,304,0.7105263157894737,0.7363636363636362,-0.07631578947368423,-0.09628274400390617,-0.10626622126901715,-23.200000000000003,28.399999999999952,3,15
DI_SUPPORT,1.75,0.4,TRAIN,208,0.6490384615384616,0.7587913858858543,-0.0825279098980282,-0.10214478193208716,-0.11195321794911663,-17.165805258789867,20.407801235771586,2,10
DI_SUPPORT,1.75,0.4,OOS,96,0.625,0.6666666666666665,-0.125,-0.14572546660524177,-0.15608819990786266,-12.0,13.599999999999987,0,5
DI_SUPPORT,1.75,0.4,YTD2026,16,0.5625,0.5142857142857143,-0.2125,-0.2347228461539565,-0.24583426923093477,-3.4,3.8,0,1
DI_SUPPORT,1.75,0.4,FULL,304,0.6414473684210527,0.7278441085908076,-0.09594014887759826,-0.1159071034078202,-0.12589058067293118,-29.16580525878987,29.607801235771678,2,15
DI_SUPPORT,1.75,0.5,TRAIN,208,0.6201923076923077,0.835862462442882,-0.06089329451341283,-0.0805101665474718,-0.09031860256450128,-12.665805258789868,19.063432920768108,3,10
DI_SUPPORT,1.75,0.5,OOS,96,0.5729166666666666,0.6838668662155856,-0.13242193047963635,-0.15314739708487815,-0.16351013038749904,-12.71250532604509,14.5,1,5
DI_SUPPORT,1.75,0.5,YTD2026,16,0.5,0.5,-0.25,-0.2722228461539565,-0.28333426923093474,-4.0,4.0,0,1
DI_SUPPORT,1.75,0.5,FULL,304,0.6052631578947368,0.7837904595969386,-0.08348128481853605,-0.103448239348758,-0.11343171661386897,-25.378310584834956,27.775938246813197,4,15
DI_SUPPORT,1.75,0.6,TRAIN,208,0.5721153846153846,0.8191285537719496,-0.07579714066725897,-0.09541401270131794,-0.10522244871834745,-15.765805258789866,20.263432920768125,4,10
DI_SUPPORT,1.75,0.6,OOS,96,0.5104166666666666,0.6361914333051825,-0.1751302638129697,-0.19585573041821147,-0.2062184637208324,-16.81250532604509,18.8,1,5
DI_SUPPORT,1.75,0.6,YTD2026,16,0.375,0.36,-0.4,-0.4222228461539565,-0.43333426923093477,-6.4,6.4,0,1
DI_SUPPORT,1.75,0.6,FULL,304,0.5526315789473685,0.7557450649810591,-0.10716549534485181,-0.1271324498750738,-0.13711592714018478,-32.57831058483495,34.67593824681318,5,15
DI_SUPPORT,1.75,0.75,TRAIN,208,0.5384615384615384,0.8778197419274714,-0.055313473019838535,-0.07493034505389748,-0.08473878107092696,-11.505202388126415,19.652830050104658,3,10
DI_SUPPORT,1.75,0.75,OOS,96,0.4895833333333333,0.716601290715209,-0.14232668521653427,-0.16305215182177607,-0.17341488512439698,-13.663361780787291,16.4508564547422,1,5
DI_SUPPORT,1.75,0.75,YTD2026,16,0.375,0.45,-0.34375,-0.3659728461539565,-0.3770842692309348,-5.5,5.75,0,1
DI_SUPPORT,1.75,0.75,FULL,304,0.5230263157894737,0.8232275403077127,-0.0827913295030056,-0.10275828403322755,-0.11274176129833853,-25.168564168913704,29.816191830891945,4,15
DI_SUPPORT,1.75,1.0,TRAIN,208,0.46634615384615385,0.8737404904169135,-0.0659375844436234,-0.08555445647768235,-0.09536289249471183,-13.715017564273667,22.124630296618232,3,10
DI_SUPPORT,1.75,1.0,OOS,96,0.4375,0.7826313855010526,-0.11659967742842552,-0.13732514403366727,-0.14768787733628821,-11.193569033128849,17.781324666755502,3,5
DI_SUPPORT,1.75,1.0,YTD2026,16,0.3125,0.45454545454545453,-0.375,-0.39722284615395653,-0.4083342692309348,-6.0,6.0,0,1
DI_SUPPORT,1.75,1.0,FULL,304,0.45723684210526316,0.8444393778072736,-0.08193614012303459,-0.10190309465325653,-0.11188657191836753,-24.908586597402515,33.31819932974708,6,15
DI_SUPPORT,2.0,0.2,TRAIN,208,0.8221153846153846,0.9243243243243242,-0.013461538461538466,-0.03062630149134003,-0.039208683006240835,-2.8000000000000007,9.999999999999991,5,10
DI_SUPPORT,2.0,0.2,OOS,96,0.78125,0.7142857142857141,-0.0625,-0.08063478327958655,-0.08970217491937983,-6.0,7.599999999999994,1,5
DI_SUPPORT,2.0,0.2,YTD2026,16,0.625,0.3333333333333333,-0.25,-0.2694449903847119,-0.27916748557706794,-4.0,4.0,0,1
DI_SUPPORT,2.0,0.2,FULL,304,0.8092105263157895,0.8482758620689655,-0.028947368421052635,-0.046418453634996824,-0.05515399624196893,-8.8,15.399999999999979,6,15
DI_SUPPORT,2.0,0.25,TRAIN,208,0.7884615384615384,0.9318181818181818,-0.014423076923076924,-0.0315878399528785,-0.0401702214677793,-3.0,10.25,3,10
DI_SUPPORT,2.0,0.25,OOS,96,0.75,0.75,-0.0625,-0.08063478327958656,-0.08970217491937983,-6.0,7.0,1,5
DI_SUPPORT,2.0,0.25,YTD2026,16,0.5625,0.32142857142857145,-0.296875,-0.3163199903847119,-0.32604248557706794,-4.75,4.75,0,1
DI_SUPPORT,2.0,0.25,FULL,304,0.7763157894736842,0.8676470588235294,-0.029605263157894735,-0.047076348371838946,-0.055811890978811056,-9.0,15.0,4,15
DI_SUPPORT,2.0,0.3,TRAIN,208,0.7451923076923077,0.8773584905660378,-0.03125000000000001,-0.048414763029801605,-0.056997144544702394,-6.500000000000002,11.000000000000005,4,10
DI_SUPPORT,2.0,0.3,OOS,96,0.7395833333333334,0.8520000000000002,-0.03854166666666667,-0.05667644994625324,-0.06574384158604653,-3.7,5.0,1,5
DI_SUPPORT,2.0,0.3,YTD2026,16,0.5625,0.3857142857142857,-0.26875000000000004,-0.2881949903847119,-0.29791748557706793,-4.300000000000001,4.300000000000001,0,1
DI_SUPPORT,2.0,0.3,FULL,304,0.743421052631579,0.869230769230769,-0.03355263157894737,-0.05102371679289158,-0.05975925939986369,-10.200000000000001,12.80000000000001,5,15
DI_SUPPORT,2.0,0.4,TRAIN,208,0.6634615384615384,0.8115250720587289,-0.061634998083851616,-0.0787997611136532,-0.08738214262855398,-12.820079601441137,18.655503805672073,3,10
DI_SUPPORT,2.0,0.4,OOS,96,0.6770833333333334,0.8613280931215659,-0.04360356416968181,-0.06173834744926835,-0.07080573908906164,-4.1859421602894535,5.8000000000000025,2,5
DI_SUPPORT,2.0,0.4,YTD2026,16,0.5625,0.5142857142857143,-0.2125,-0.2319449903847119,-0.2416674855770679,-3.4,3.8,0,1
DI_SUPPORT,2.0,0.4,FULL,304,0.6677631578947368,0.8268332078149856,-0.0559408610583243,-0.07341194627226849,-0.0821474888792406,-17.006021761730587,19.641445965961502,5,15
DI_SUPPORT,2.0,0.5,TRAIN,208,0.625,0.8550372525362073,-0.05298115193000546,-0.07014591495980704,-0.07872829647470783,-11.020079601441136,18.055503805672096,2,10
DI_SUPPORT,2.0,0.5,OOS,96,0.59375,0.7463479591617326,-0.10089523083634848,-0.11903001411593502,-0.12809740575572834,-9.685942160289454,12.0,1,5
DI_SUPPORT,2.0,0.5,YTD2026,16,0.375,0.3,-0.4375,-0.4569449903847119,-0.4666674855770679,-7.0,7.0,0,1
DI_SUPPORT,2.0,0.5,FULL,304,0.6151315789473685,0.8186958844873362,-0.06811191368990326,-0.08558299890384748,-0.09431854151081956,-20.70602176173059,24.741445965961553,3,15
DI_SUPPORT,2.0,0.6,TRAIN,208,0.6009615384615384,0.9133140559209507,-0.03376587543082025,-0.05093063846062184,-0.05951301997552264,-7.0233020896106115,14.658726293841578,3,10
DI_SUPPORT,2.0,0.6,OOS,96,0.59375,0.8956175509940792,-0.04152023083634846,-0.05965501411593504,-0.06872240575572831,-3.9859421602894525,8.399999999999999,3,5
DI_SUPPORT,2.0,0.6,YTD2026,16,0.375,0.36,-0.4,-0.41944499038471195,-0.42916748557706796,-6.4,6.4,0,1
DI_SUPPORT,2.0,0.6,FULL,304,0.5986842105263158,0.9076452339638897,-0.03621461924309233,-0.053685704457036534,-0.06242124706400863,-11.009244249900068,16.24466845413105,6,15
DI_SUPPORT,2.0,0.75,TRAIN,208,0.5480769230769231,0.9133525843039398,-0.03833318312312795,-0.055497946152929536,-0.06408032766783033,-7.973302089610614,15.008726293841574,1,10
DI_SUPPORT,2.0,0.75,OOS,96,0.5416666666666666,0.8700823966323014,-0.05844389692334225,-0.07657868020292881,-0.08564607184272209,-5.610614104640856,11.278555209966864,3,5
DI_SUPPORT,2.0,0.75,YTD2026,16,0.3125,0.3409090909090909,-0.453125,-0.4725699903847119,-0.4822924855770679,-7.25,7.25,0,1
DI_SUPPORT,2.0,0.75,FULL,304,0.5460526315789473,0.8995317219066618,-0.04468393484951141,-0.06215502006345561,-0.07089056267042772,-13.583916194251469,19.86934039848243,4,15
DI_SUPPORT,2.0,1.0,TRAIN,208,0.49038461538461536,0.9495281284568969,-0.02487585370264729,-0.04204061673244888,-0.05062299824734968,-5.174177570150636,16.202696773803584,5,10
DI_SUPPORT,2.0,1.0,OOS,96,0.4791666666666667,0.9239257902885732,-0.03758844000492558,-0.055723223284512145,-0.06479061492430542,-3.6084902404728556,9.808659083411065,3,5
DI_SUPPORT,2.0,1.0,YTD2026,16,0.3125,0.45454545454545453,-0.375,-0.3944449903847119,-0.4041674855770679,-6.0,6.0,0,1
DI_SUPPORT,2.0,1.0,FULL,304,0.4868421052631579,0.9414293114057457,-0.02889035464020886,-0.04636143985415306,-0.05509698246112517,-8.782667810623494,16.202696773803584,8,15
DI_SUPPORT,2.25,0.2,TRAIN,208,0.8365384615384616,1.0235294117647056,0.0038461538461538455,-0.011411413291447549,-0.01904019686024826,0.7999999999999998,6.0,6,10
DI_SUPPORT,2.25,0.2,OOS,96,0.8020833333333334,0.8105263157894734,-0.03750000000000001,-0.05361980735963251,-0.06167971103944875,-3.6000000000000014,5.199999999999999,1,5
DI_SUPPORT,2.25,0.2,YTD2026,16,0.625,0.3333333333333333,-0.25,-0.2672844358975217,-0.27592665384628257,-4.0,3.9999999999999996,0,1
DI_SUPPORT,2.25,0.2,FULL,304,0.8256578947368421,0.9471698113207547,-0.009210526315789481,-0.024740379839295428,-0.0325053066010484,-2.8000000000000025,8.199999999999992,7,15
DI_SUPPORT,2.25,0.25,TRAIN,208,0.7932692307692307,0.9593023255813954,-0.008413461538461538,-0.02367102867606295,-0.031299812244863646,-1.75,9.0,2,10
DI_SUPPORT,2.25,0.25,OOS,96,0.7916666666666666,0.95,-0.010416666666666666,-0.026536474026299172,-0.03459637770611542,-1.0,4.0,2,5
DI_SUPPORT,2.25,0.25,YTD2026,16,0.625,0.4166666666666667,-0.21875,-0.23603443589752174,-0.24467665384628262,-3.5,3.5,0,1
DI_SUPPORT,2.25,0.25,FULL,304,0.7927631578947368,0.9563492063492064,-0.009046052631578948,-0.024575906155084915,-0.0323408329168379,-2.75,9.75,4,15
DI_SUPPORT,2.25,0.3,TRAIN,208,0.7355769230769231,0.8660783442683526,-0.034064220553437774,-0.0493217876910392,-0.0569505712598399,-7.085357875115057,10.385357875115066,4,10
DI_SUPPORT,2.25,0.3,OOS,96,0.7604166666666666,0.9521739130434782,-0.011458333333333329,-0.027578140692965852,-0.0356380443727821,-1.0999999999999996,3.9999999999999996,3,5
DI_SUPPORT,2.25,0.3,YTD2026,16,0.625,0.49999999999999994,-0.1875,-0.20478443589752177,-0.2134266538462826,-3.0,3.2,0,1
DI_SUPPORT,2.25,0.3,FULL,304,0.743421052631579,0.8921655948740511,-0.026925519326036366,-0.042455372849542344,-0.050220299611295316,-8.185357875115056,10.385357875115066,7,15
DI_SUPPORT,2.25,0.4,TRAIN,208,0.6634615384615384,0.81024919817963,-0.061948835938053184,-0.07720640307565454,-0.08483518664445527,-12.885357875115062,20.04933671615296,3,10
DI_SUPPORT,2.25,0.4,OOS,96,0.6875,0.9051858326685119,-0.02880502000268013,-0.04492482736231262,-0.05298473104212887,-2.7652819202572925,5.800000000000001,2,5
DI_SUPPORT,2.25,0.4,YTD2026,16,0.5625,0.5142857142857143,-0.21249999999999997,-0.22978443589752173,-0.23842665384628256,-3.3999999999999995,4.0,0,1
DI_SUPPORT,2.25,0.4,FULL,304,0.6710526315789473,0.8387729038586407,-0.05148236774793537,-0.06701222127144132,-0.07477714803319428,-15.650639795372351,20.214618636410226,5,15
DI_SUPPORT,2.25,0.5,TRAIN,208,0.625,0.8484580608765816,-0.055303145104278056,-0.07056071224187949,-0.07818949581068016,-11.503054181689835,16.867033022727753,2,10
DI_SUPPORT,2.25,0.5,OOS,96,0.6354166666666666,0.9020375411570793,-0.0345035412697971,-0.050623348629429625,-0.05868325230924586,-3.3123399619005216,9.14705804164323,2,5
DI_SUPPORT,2.25,0.5,YTD2026,16,0.4375,0.4047619413613746,-0.32169112760270185,-0.3389755635002237,-0.3476177814489845,-5.14705804164323,6.14705804164323,0,1
DI_SUPPORT,2.25,0.5,FULL,304,0.6282894736842105,0.8649697527846576,-0.04873484915654723,-0.0642647026800532,-0.07202962944180617,-14.815394143590359,19.679372984628277,4,15
DI_SUPPORT,2.25,0.6,TRAIN,208,0.5865384615384616,0.8703919477362064,-0.05135140757389821,-0.06660897471149964,-0.07423775828030033,-10.681092775370827,17.44507161640876,3,10
DI_SUPPORT,2.25,0.6,OOS,96,0.6041666666666666,0.927319077252951,-0.027870362884468772,-0.0439901702441013,-0.05205007392391753,-2.675554836909002,9.44705804164323,2,5
DI_SUPPORT,2.25,0.6,YTD2026,16,0.4375,0.4857143296336495,-0.27794112760270184,-0.2952255635002236,-0.30386778144898446,-4.4470580416432295,5.84705804164323,0,1
DI_SUPPORT,2.25,0.6,FULL,304,0.5921052631578947,0.8879692592316167,-0.043936340829867866,-0.05946619435337384,-0.06723112111512682,-13.356647612279831,19.120626453317787,5,15
DI_SUPPORT,2.25,0.75,TRAIN,208,0.5240384615384616,0.8427592493471371,-0.07147357970692747,-0.08673114684452889,-0.09435993041332959,-14.866504579040914,20.73048342007883,2,10
DI_SUPPORT,2.25,0.75,OOS,96,0.5520833333333334,0.9323929158223497,-0.02887802466553044,-0.04499783202516295,-0.05305773570497918,-2.772290367890922,11.200218228280441,3,5
DI_SUPPORT,2.25,0.75,YTD2026,16,0.375,0.4664634524406254,-0.32169112760270185,-0.3389755635002236,-0.3476177814489845,-5.14705804164323,5.39705804164323,0,1
DI_SUPPORT,2.25,0.75,FULL,304,0.5328947368421053,0.8698743733273748,-0.05802235179911789,-0.07355220532262387,-0.08131713208437681,-17.63879494693184,23.752773787969755,5,15
DI_SUPPORT,2.25,1.0,TRAIN,208,0.4807692307692308,0.8778345963170419,-0.05995315185375935,-0.07521071899136077,-0.08283950256016147,-12.470255585581945,20.710110457780306,4,10
DI_SUPPORT,2.25,1.0,OOS,96,0.4791666666666667,0.9608371972339053,-0.018534380921774535,-0.03465418828140703,-0.042714091961223284,-1.7793005684903553,12.957228428879874,3,5
DI_SUPPORT,2.25,1.0,YTD2026,16,0.25,0.39809643992394866,-0.37798853475745553,-0.39527297065497735,-0.4039151886037382,-6.0478165561192885,7.047816556119289,0,1
DI_SUPPORT,2.25,1.0,FULL,304,0.48026315789473684,0.9033995525889298,-0.04687353998050099,-0.062403393504006956,-0.07016832026575992,-14.249556154072302,20.710110457780306,7,15
DI_SUPPORT,2.5,0.2,TRAIN,208,0.8221153846153846,0.9243243243243242,-0.013461538461538457,-0.027193348885379724,-0.03405925409730035,-2.799999999999999,9.799999999999997,4,10
DI_SUPPORT,2.5,0.2,OOS,96,0.8020833333333334,0.8105263157894734,-0.03750000000000001,-0.05200782662366924,-0.059261739935503883,-3.6000000000000014,4.6,1,5
DI_SUPPORT,2.5,0.2,YTD2026,16,0.6875,0.44000000000000006,-0.175,-0.19055599230776954,-0.1983339884616543,-2.8,2.8,0,1
DI_SUPPORT,2.5,0.2,FULL,304,0.8157894736842105,0.8857142857142859,-0.021052631578947368,-0.03502949975010272,-0.042017933835680414,-6.4,10.799999999999983,5,15
DI_SUPPORT,2.5,0.25,TRAIN,208,0.7932692307692307,0.9581218975244037,-0.008657492338705022,-0.02238930276254628,-0.029255207974466926,-1.8007584064506443,9.25,4,10
DI_SUPPORT,2.5,0.25,OOS,96,0.7916666666666666,0.95,-0.010416666666666666,-0.024924493290335914,-0.03217840660217055,-1.0,3.75,2,5
DI_SUPPORT,2.5,0.25,YTD2026,16,0.6875,0.55,-0.140625,-0.15618099230776955,-0.16395898846165433,-2.25,2.25,0,1
DI_SUPPORT,2.5,0.25,FULL,304,0.7927631578947368,0.9555435173579263,-0.009213021073850804,-0.02318988924500617,-0.030178323330583855,-2.8007584064506443,9.25,6,15
DI_SUPPORT,2.5,0.3,TRAIN,208,0.7307692307692307,0.8682329844638654,-0.03319794884253453,-0.04692975926637582,-0.05379566447829643,-6.905173359247183,15.332754316181312,4,10
DI_SUPPORT,2.5,0.3,OOS,96,0.75,0.8999999999999999,-0.024999999999999994,-0.03950782662366926,-0.04676173993550389,-2.3999999999999995,4.6,1,5
DI_SUPPORT,2.5,0.3,YTD2026,16,0.6875,0.6599999999999999,-0.10625,-0.12180599230776956,-0.12958398846165434,-1.7,1.9,0,1
DI_SUPPORT,2.5,0.3,FULL,304,0.7368421052631579,0.8782115750117839,-0.03060912289226046,-0.044585991063415854,-0.051574425148993526,-9.30517335924718,15.332754316181312,5,15
DI_SUPPORT,2.5,0.4,TRAIN,208,0.6682692307692307,0.8600238871178764,-0.04334948072505732,-0.057081291148898546,-0.06394719636081919,-9.016691990811923,16.0327543161813,4,10
DI_SUPPORT,2.5,0.4,OOS,96,0.6458333333333334,0.7942668279777498,-0.06691420846702752,-0.08142203509069675,-0.08867594840253139,-6.423764012834642,9.475010284603078,1,5
DI_SUPPORT,2.5,0.4,YTD2026,16,0.5,0.42203262256568336,-0.2738970148424317,-0.28945300715020117,-0.297231003304086,-4.382352237478907,4.982352237478906,0,1
DI_SUPPORT,2.5,0.4,FULL,304,0.6611842105263158,0.8385559930492791,-0.05079097369620579,-0.06476784186736113,-0.07175627595293883,-15.44045600364656,18.868036960580643,5,15
DI_SUPPORT,2.5,0.5,TRAIN,208,0.6346153846153846,0.9078739204105533,-0.031631105679555294,-0.045362916103396565,-0.052228821315317205,-6.579269981347501,13.99533230671689,3,10
DI_SUPPORT,2.5,0.5,OOS,96,0.6458333333333334,0.9779218312413961,-0.007180870116189405,-0.021688696739858654,-0.028942610051693286,-0.6893635311541829,6.07501028460308,2,5
DI_SUPPORT,2.5,0.5,YTD2026,16,0.5,0.5275407782071042,-0.22389701484243169,-0.23945300715020118,-0.247231003304086,-3.582352237478907,4.582352237478907,0,1
DI_SUPPORT,2.5,0.5,FULL,304,0.6381578947368421,0.9291830190203108,-0.023909978659545018,-0.03788684683070037,-0.04487528091627807,-7.268633512501685,13.99533230671689,5,15
DI_SUPPORT,2.5,0.6,TRAIN,208,0.5913461538461539,0.9159009253131212,-0.03188871827424093,-0.0456205286980822,-0.05248643391000282,-6.632853401042113,14.780717572840231,3,10
DI_SUPPORT,2.5,0.6,OOS,96,0.59375,0.9126677844081889,-0.03295314133662255,-0.047460967960291804,-0.054714881272126446,-3.1635015683157643,8.692658047124173,2,5
DI_SUPPORT,2.5,0.6,YTD2026,16,0.4375,0.48937632525250013,-0.2738970148424317,-0.2894530071502012,-0.29723100330408603,-4.382352237478907,4.382352237478907,0,1
DI_SUPPORT,2.5,0.6,FULL,304,0.5921052631578947,0.9148833460754305,-0.03222485187288775,-0.046201720044043125,-0.053190154129620824,-9.796354969357875,15.018739520839622,5,15
DI_SUPPORT,2.5,0.75,TRAIN,208,0.5288461538461539,0.8886325861661751,-0.047775586195115564,-0.06150739661895681,-0.06837330183087746,-9.937321928584037,17.827504407553413,3,10
DI_SUPPORT,2.5,0.75,OOS,96,0.53125,0.92154320875619,-0.03251166234691742,-0.047019488970586665,-0.05427340228242131,-3.1211195853040725,9.781254659654639,3,5
DI_SUPPORT,2.5,0.75,YTD2026,16,0.375,0.5032617317831022,-0.277604334112601,-0.2931603264203705,-0.30093832257425535,-4.441669345801616,4.691669345801616,0,1
DI_SUPPORT,2.5,0.75,FULL,304,0.5296052631578947,0.8987807555576499,-0.0429553997167372,-0.05693226788789257,-0.06392070197347026,-13.05844151388811,17.827504407553413,6,15
DI_SUPPORT,2.5,1.0,TRAIN,208,0.49038461538461536,0.9323202791635294,-0.03089586376291935,-0.044627674186760606,-0.05149357939868126,-6.426339662687225,22.217363207938448,5,10
DI_SUPPORT,2.5,1.0,OOS,96,0.4791666666666667,0.983477182709888,-0.007425296379564313,-0.021933123003233555,-0.029187036315068193,-0.712828452438174,9.94527344933216,3,5
DI_SUPPORT,2.5,1.0,YTD2026,16,0.25,0.42999877839530054,-0.3313970005518794,-0.3469529928596488,-0.35473098901353367,-5.30235200883007,6.302352008830069,0,1
DI_SUPPORT,2.5,1.0,FULL,304,0.4868421052631579,0.9483022183583045,-0.023484105641859866,-0.03746097381301522,-0.04444940789859292,-7.139168115125399,22.217363207938448,8,15
DI_SUPPORT,3.0,0.2,TRAIN,208,0.8221153846153846,0.9234063421970573,-0.013624833359177255,-0.025068008712378312,-0.030789596388978824,-2.833965338708869,7.799999999999992,4,10
DI_SUPPORT,3.0,0.2,OOS,96,0.8229166666666666,0.9294117647058819,-0.012500000000000011,-0.024589855519724358,-0.030634783279586547,-1.200000000000001,4.200000000000001,2,5
DI_SUPPORT,3.0,0.2,YTD2026,16,0.75,0.6000000000000001,-0.1,-0.11296332692314129,-0.11944499038471194,-1.6,1.6000000000000005,0,1
DI_SUPPORT,3.0,0.2,FULL,304,0.8223684210526315,0.925296938172058,-0.013269622824700239,-0.024917012967329698,-0.030740708038644423,-4.033965338708873,7.799999999999992,6,15
DI_SUPPORT,3.0,0.25,TRAIN,208,0.7644230769230769,0.8781432589024484,-0.0264630342918557,-0.03790620964505676,-0.04362779732165729,-5.504311132705985,11.777295263484424,3,10
DI_SUPPORT,3.0,0.25,OOS,96,0.78125,0.90492286877782,-0.020520812140500055,-0.03261066766022443,-0.03865559542008661,-1.9699979654880053,5.0,2,5
DI_SUPPORT,3.0,0.25,YTD2026,16,0.75,0.75,-0.0625,-0.0754633269231413,-0.08194499038471194,-1.0,1.25,0,1
DI_SUPPORT,3.0,0.25,FULL,304,0.7697368421052632,0.8865644239848416,-0.024586543086164446,-0.03623393322879392,-0.04205762830010865,-7.4743090981939915,11.777295263484424,5,15
DI_SUPPORT,3.0,0.3,TRAIN,208,0.7163461538461539,0.8748426262577713,-0.03065258917663308,-0.042095764529834115,-0.04781735220643465,-6.3757385487396805,11.951973443691738,4,10
DI_SUPPORT,3.0,0.3,OOS,96,0.7395833333333334,0.9237603413333855,-0.018311756317919554,-0.03040161183764395,-0.03644653959750613,-1.7579286065202773,4.6000000000000005,2,5
DI_SUPPORT,3.0,0.3,YTD2026,16,0.6875,0.6599999999999999,-0.10625,-0.1192133269231413,-0.12569499038471194,-1.7,2.4,0,1
DI_SUPPORT,3.0,0.3,FULL,304,0.7236842105263158,0.8900851360803624,-0.026755484063355105,-0.038402874205984594,-0.04422656927729933,-8.133667155259952,11.951973443691738,6,15
DI_SUPPORT,3.0,0.4,TRAIN,208,0.6778846153846154,0.9415600625285148,-0.01656035356179166,-0.028003528914992686,-0.03372511659159321,-3.4445535408526653,8.816299513746472,5,10
DI_SUPPORT,3.0,0.4,OOS,96,0.6875,0.9872923023778812,-0.003539596974134094,-0.015629452493858456,-0.021674380253720645,-0.33980130951687304,3.8139692008393036,3,5
DI_SUPPORT,3.0,0.4,YTD2026,16,0.5625,0.5551020910098853,-0.1803308457020264,-0.1932941726251677,-0.1997758360867383,-2.8852935312324224,3.485293531232423,0,1
DI_SUPPORT,3.0,0.4,FULL,304,0.680921052631579,0.9558323376806506,-0.012448535692005049,-0.024095925834634505,-0.029919620905949233,-3.784354850369535,8.949859813576719,8,15
DI_SUPPORT,3.0,0.5,TRAIN,208,0.6346153846153846,0.9801500351936956,-0.006299258980113582,-0.017742434333314645,-0.023464022009915184,-1.310245867863625,8.037728669228407,6,10
DI_SUPPORT,3.0,0.5,OOS,96,0.6458333333333334,0.9775671092077731,-0.0071831521432410604,-0.01927300766296544,-0.02531793542282763,-0.6895826057511418,4.213969200839303,2,5
DI_SUPPORT,3.0,0.5,YTD2026,16,0.5,0.5343811813538082,-0.2178308457020264,-0.23079417262516772,-0.23727583608673833,-3.4852935312324225,3.4852935312324225,0,1
DI_SUPPORT,3.0,0.5,FULL,304,0.6381578947368421,0.979329354318748,-0.00657838313689068,-0.018225773279520154,-0.02404946835083489,-1.999828473614767,8.037728669228407,8,15
DI_SUPPORT,3.0,0.6,TRAIN,208,0.5721153846153846,0.9239690577637852,-0.02738699765364635,-0.03883017300684742,-0.04455176068344794,-5.696495511958441,11.523363744218155,4,10
DI_SUPPORT,3.0,0.6,OOS,96,0.5833333333333334,0.9868773275988827,-0.004480898468434941,-0.016570753988159326,-0.02261568174802152,-0.4301662529697543,5.3087936565204235,2,5
DI_SUPPORT,3.0,0.6,YTD2026,16,0.375,0.4554701623696079,-0.26899503763193944,-0.2819583645550807,-0.2884400280166513,-4.303920602111031,4.303920602111029,0,1
DI_SUPPORT,3.0,0.6,FULL,304,0.5756578947368421,0.9431156235186053,-0.020153492647790115,-0.0318008827904196,-0.03762457786173433,-6.126661764928195,11.523363744218155,6,15
DI_SUPPORT,3.0,0.75,TRAIN,208,0.5384615384615384,0.9415586496715822,-0.022271200683523326,-0.03371437603672438,-0.039435963713324924,-4.632409742172852,13.666453512210708,3,10
DI_SUPPORT,3.0,0.75,OOS,96,0.5416666666666666,1.0615617624091338,0.022496305682744504,0.010406450163020128,0.00436152240315794,2.1596453455434723,5.454489487968075,3,5
DI_SUPPORT,3.0,0.75,YTD2026,16,0.25,0.3656534638016802,-0.3252805929980047,-0.338243919921146,-0.34472558338271664,-5.204489487968075,5.4544894879680745,0,1
DI_SUPPORT,3.0,0.75,FULL,304,0.5394736842105263,0.9783748917063365,-0.008134093409965066,-0.01978148355259453,-0.025605178623909274,-2.4727643966293797,13.666453512210708,6,15
DI_SUPPORT,3.0,1.0,TRAIN,208,0.4807692307692308,0.9487602135375796,-0.021373526834211714,-0.032816702187412755,-0.0385382898640133,-4.4456935815160366,21.160733082600945,4,10
DI_SUPPORT,3.0,1.0,OOS,96,0.5,1.0953549896153294,0.037232837653013995,0.02514298213328962,0.01909805437342742,3.5743524146893435,5.26750537527777,3,5
DI_SUPPORT,3.0,1.0,YTD2026,16,0.25,0.47810595156587704,-0.2676171396381789,-0.28058046656132024,-0.2870621300228908,-4.281874234210862,5.2044894879680745,0,1
DI_SUPPORT,3.0,1.0,FULL,304,0.4868421052631579,0.9929870371091032,-0.0028662538382456977,-0.014513643980875174,-0.020337339052189915,-0.8713411668266922,21.160733082600945,7,15
DI_FADE,0.75,0.2,TRAIN,214,0.20093457943925233,0.0502923976608187,-0.7588785046728972,-0.8038817232976525,-0.8263833326100302,-162.4,162.39999999999998,0,10
DI_FADE,0.75,0.2,OOS,94,0.18085106382978725,0.044155844155844164,-0.7829787234042552,-0.833702349430408,-0.8590641624434842,-73.6,73.59999999999997,0,5
DI_FADE,0.75,0.2,YTD2026,12,0.3333333333333333,0.1,-0.6,-0.6561575470817134,-0.6842363206225701,-7.199999999999999,7.199999999999999,0,1
DI_FADE,0.75,0.2,FULL,308,0.19480519480519481,0.04838709677419353,-0.7662337662337662,-0.8129828234810258,-0.8363573521046556,-235.99999999999997,236.00000000000017,0,15
DI_FADE,0.75,0.25,TRAIN,214,0.20093457943925233,0.06286549707602339,-0.7488317757009346,-0.7938349943256898,-0.8163366036380677,-160.25,160.25,0,10
DI_FADE,0.75,0.25,OOS,94,0.1702127659574468,0.05128205128205128,-0.7872340425531915,-0.8379576685793441,-0.8633194815924203,-74.0,74.0,0,5
DI_FADE,0.75,0.25,YTD2026,12,0.3333333333333333,0.125,-0.5833333333333334,-0.6394908804150468,-0.6675696539559034,-7.0,7.0,0,1
DI_FADE,0.75,0.25,FULL,308,0.19155844155844157,0.05923694779116466,-0.760551948051948,-0.8073010052992078,-0.8306755339228376,-234.25,234.25,0,15
DI_FADE,0.75,0.3,TRAIN,214,0.20093457943925233,0.07543859649122808,-0.7387850467289719,-0.7837882653537273,-0.8062898746661049,-158.1,158.10000000000005,0,10
DI_FADE,0.75,0.3,OOS,94,0.1702127659574468,0.061538461538461535,-0.7787234042553192,-0.8294470302814716,-0.8548088432945479,-73.2,73.20000000000003,0,5
DI_FADE,0.75,0.3,YTD2026,12,0.3333333333333333,0.15,-0.5666666666666668,-0.62282421374838,-0.6509029872892368,-6.800000000000001,6.800000000000001,0,1
DI_FADE,0.75,0.3,FULL,308,0.19155844155844157,0.0710843373493976,-0.750974025974026,-0.7977230832212856,-0.8210976118449156,-231.3,231.29999999999987,0,15
DI_FADE,0.75,0.4,TRAIN,214,0.19158878504672897,0.09479768786127167,-0.7317757009345794,-0.7767789195593346,-0.7992805288717124,-156.6,156.59999999999994,0,10
DI_FADE,0.75,0.4,OOS,94,0.1702127659574468,0.08205128205128205,-0.7617021276595745,-0.812425753685727,-0.8377875666988032,-71.6,71.6,0,5
DI_FADE,0.75,0.4,YTD2026,12,0.3333333333333333,0.2,-0.5333333333333333,-0.5894908804150467,-0.6175696539559034,-6.4,6.4,0,1
DI_FADE,0.75,0.4,FULL,308,0.18506493506493507,0.09083665338645418,-0.7409090909090909,-0.7876581481563505,-0.8110326767799804,-228.2,228.19999999999985,0,15
DI_FADE,0.75,0.5,TRAIN,214,0.1822429906542056,0.11142857142857143,-0.7266355140186916,-0.7716387326434468,-0.7941403419558247,-155.5,155.5,0,10
DI_FADE,0.75,0.5,OOS,94,0.1595744680851064,0.0949367088607595,-0.7606382978723404,-0.811361923898493,-0.8367237369115693,-71.5,71.5,0,5
DI_FADE,0.75,0.5,YTD2026,12,0.3333333333333333,0.25,-0.5,-0.5561575470817134,-0.5842363206225701,-6.0,6.0,0,1
DI_FADE,0.75,0.5,FULL,308,0.17532467532467533,0.1062992125984252,-0.737012987012987,-0.7837620442602468,-0.8071365728838765,-227.0,227.0,0,15
DI_FADE,0.75,0.6,TRAIN,214,0.1822429906542056,0.13371428571428576,-0.708411214953271,-0.7534144335780263,-0.775916042890404,-151.6,151.60000000000005,0,10
DI_FADE,0.75,0.6,OOS,94,0.14893617021276595,0.10499999999999998,-0.7617021276595747,-0.812425753685727,-0.8377875666988032,-71.60000000000002,71.6,0,5
DI_FADE,0.75,0.6,YTD2026,12,0.25,0.19999999999999998,-0.6,-0.6561575470817134,-0.6842363206225701,-7.2,7.2,0,1
DI_FADE,0.75,0.6,FULL,308,0.17207792207792208,0.12470588235294121,-0.7246753246753246,-0.7714243819225843,-0.7947989105462141,-223.2,223.20000000000013,0,15
DI_FADE,0.75,0.75,TRAIN,214,0.17757009345794392,0.16193181818181818,-0.6892523364485982,-0.7342555550733534,-0.7567571643857312,-147.5,147.5,0,10
DI_FADE,0.75,0.75,OOS,94,0.11702127659574468,0.09939759036144578,-0.7952127659574468,-0.8459363919835994,-0.8712982049966757,-74.75,74.75,0,5
DI_FADE,0.75,0.75,YTD2026,12,0.16666666666666666,0.15,-0.7083333333333334,-0.7644908804150469,-0.7925696539559034,-8.5,8.5,0,1
DI_FADE,0.75,0.75,FULL,308,0.1590909090909091,0.14189189189189189,-0.7215909090909091,-0.7683399663381688,-0.7917144949617986,-222.25,222.25,0,15
DI_FADE,0.75,1.0,TRAIN,214,0.17289719626168223,0.20903954802259886,-0.6542056074766355,-0.6992088261013908,-0.7217104354137684,-140.0,140.0,0,10
DI_FADE,0.75,1.0,OOS,94,0.10638297872340426,0.11904761904761904,-0.7872340425531915,-0.8379576685793441,-0.8633194815924203,-74.0,74.0,0,5
DI_FADE,0.75,1.0,YTD2026,12,0.16666666666666666,0.2,-0.6666666666666666,-0.7228242137483801,-0.7509029872892367,-8.0,8.0,0,1
DI_FADE,0.75,1.0,FULL,308,0.1525974025974026,0.18007662835249041,-0.6948051948051948,-0.7415542520524545,-0.7649287806760843,-214.0,214.0,0,15
DI_FADE,1.0,0.2,TRAIN,214,0.37850467289719625,0.12180451127819548,-0.5457943925233644,-0.579546806491931,-0.5964230134762143,-116.79999999999998,117.19999999999986,0,10
DI_FADE,1.0,0.2,OOS,94,0.3829787234042553,0.12413793103448277,-0.5404255319148936,-0.578468251434508,-0.5974896111943152,-50.8,50.799999999999955,0,5
DI_FADE,1.0,0.2,YTD2026,12,0.4166666666666667,0.14285714285714285,-0.5,-0.542118160311285,-0.5631772404669276,-6.0,6.0,0,1
DI_FADE,1.0,0.2,FULL,308,0.37987012987012986,0.1225130890052356,-0.5441558441558442,-0.5792176370912889,-0.5967485335590114,-167.6,168.00000000000014,0,15
DI_FADE,1.0,0.25,TRAIN,214,0.3691588785046729,0.14629629629629629,-0.5385514018691588,-0.5723038158377256,-0.5891800228220087,-115.25,115.75,0,10
DI_FADE,1.0,0.25,OOS,94,0.3723404255319149,0.1483050847457627,-0.5345744680851063,-0.5726171876047208,-0.591638547364528,-50.25,50.25,0,5
DI_FADE,1.0,0.25,YTD2026,12,0.4166666666666667,0.17857142857142858,-0.4791666666666667,-0.5212848269779516,-0.5423439071335943,-5.75,5.75,0,1
DI_FADE,1.0,0.25,FULL,308,0.37012987012987014,0.14690721649484537,-0.5373376623376623,-0.5723994552731071,-0.5899303517408294,-165.5,166.0,0,15
DI_FADE,1.0,0.3,TRAIN,214,0.3644859813084112,0.1720588235294118,-0.5261682242990655,-0.559920638267632,-0.5767968452519152,-112.60000000000001,113.20000000000012,0,10
DI_FADE,1.0,0.3,OOS,94,0.3617021276595745,0.17,-0.5297872340425533,-0.5678299535621677,-0.5868513133219748,-49.80000000000001,49.80000000000004,0,5
DI_FADE,1.0,0.3,YTD2026,12,0.4166666666666667,0.21428571428571427,-0.4583333333333333,-0.5004514936446184,-0.5215105738002609,-5.5,5.5,0,1
DI_FADE,1.0,0.3,FULL,308,0.36363636363636365,0.1714285714285714,-0.5272727272727273,-0.5623345202081721,-0.5798654166758944,-162.4,162.99999999999991,0,15
DI_FADE,1.0,0.4,TRAIN,214,0.3411214953271028,0.20709219858156025,-0.522429906542056,-0.5561823205106226,-0.5730585274949057,-111.79999999999998,112.59999999999995,0,10
DI_FADE,1.0,0.4,OOS,94,0.35106382978723405,0.21639344262295085,-0.5085106382978724,-0.5465533578174867,-0.565574717577294,-47.8,47.800000000000026,0,5
DI_FADE,1.0,0.4,YTD2026,12,0.4166666666666667,0.2857142857142857,-0.4166666666666667,-0.4587848269779517,-0.47984390713359426,-5.0,5.0,0,1
DI_FADE,1.0,0.4,FULL,308,0.34415584415584416,0.2099009900990099,-0.5181818181818183,-0.553243611117263,-0.5707745075849854,-159.60000000000002,160.39999999999978,0,15
DI_FADE,1.0,0.5,TRAIN,214,0.32710280373831774,0.24305555555555555,-0.5093457943925234,-0.54309820836109,-0.5599744153453731,-109.0,110.0,0,10
DI_FADE,1.0,0.5,OOS,94,0.30851063829787234,0.2230769230769231,-0.5372340425531915,-0.5752767620728059,-0.5942981218326133,-50.5,50.5,0,5
DI_FADE,1.0,0.5,YTD2026,12,0.16666666666666666,0.1,-0.75,-0.792118160311285,-0.8131772404669276,-9.0,9.0,0,1
DI_FADE,1.0,0.5,FULL,308,0.32142857142857145,0.23684210526315788,-0.5178571428571429,-0.5529189357925877,-0.57044983226031,-159.5,160.5,0,15
DI_FADE,1.0,0.6,TRAIN,214,0.308411214953271,0.26756756756756755,-0.5065420560747664,-0.5402944700433329,-0.5571706770276161,-108.4,109.80000000000004,0,10
DI_FADE,1.0,0.6,OOS,94,0.26595744680851063,0.21739130434782605,-0.574468085106383,-0.6125108046259974,-0.6315321643858047,-54.0,53.999999999999986,0,5
DI_FADE,1.0,0.6,YTD2026,12,0.16666666666666666,0.12,-0.7333333333333334,-0.7754514936446183,-0.7965105738002608,-8.8,8.8,0,1
DI_FADE,1.0,0.6,FULL,308,0.29545454545454547,0.25161290322580643,-0.5272727272727273,-0.5623345202081721,-0.5798654166758944,-162.4,163.6000000000002,0,15
DI_FADE,1.0,0.75,TRAIN,214,0.29439252336448596,0.3129139072847682,-0.4848130841121495,-0.5185654980807162,-0.5354417050649992,-103.75,105.75,0,10
DI_FADE,1.0,0.75,OOS,94,0.2553191489361702,0.2571428571428571,-0.5531914893617021,-0.5912342088813165,-0.610255568641124,-52.0,52.0,0,5
DI_FADE,1.0,0.75,YTD2026,12,0.16666666666666666,0.15,-0.7083333333333334,-0.7504514936446184,-0.7715105738002609,-8.5,8.5,0,1
DI_FADE,1.0,0.75,FULL,308,0.2824675324675325,0.29524886877828055,-0.5056818181818182,-0.540743611117263,-0.5582745075849853,-155.75,157.25,0,15
DI_FADE,1.0,1.0,TRAIN,214,0.2383177570093458,0.3128834355828221,-0.5233644859813084,-0.557116899949875,-0.5739931069341581,-112.0,115.0,0,10
DI_FADE,1.0,1.0,OOS,94,0.18085106382978725,0.22077922077922077,-0.6382978723404256,-0.6763405918600399,-0.6953619516198473,-60.0,60.0,0,5
DI_FADE,1.0,1.0,YTD2026,12,0.08333333333333333,0.09090909090909091,-0.8333333333333334,-0.8754514936446184,-0.8965105738002609,-10.0,10.0,0,1
DI_FADE,1.0,1.0,FULL,308,0.22077922077922077,0.2833333333333333,-0.5584415584415584,-0.5935033513770032,-0.6110342478447256,-172.0,174.0,0,15
DI_FADE,1.25,0.2,TRAIN,214,0.5514018691588785,0.24583333333333332,-0.3383177570093457,-0.36531968818419897,-0.3788206537716256,-72.39999999999998,72.9999999999999,0,10
DI_FADE,1.25,0.2,OOS,94,0.6276595744680851,0.3371428571428571,-0.2468085106382979,-0.27724268625398946,-0.2924597740618352,-23.200000000000003,23.200000000000024,0,5
DI_FADE,1.25,0.2,YTD2026,12,0.75,0.6,-0.09999999999999999,-0.13369452824902803,-0.150541792373542,-1.2,2.2,0,1
DI_FADE,1.25,0.2,FULL,308,0.5746753246753247,0.2702290076335877,-0.3103896103896104,-0.3384390447379662,-0.3524637619121441,-95.6,96.19999999999973,0,15
DI_FADE,1.25,0.25,TRAIN,214,0.5514018691588785,0.3072916666666667,-0.3107476635514019,-0.33774959472625515,-0.3512505603136816,-66.5,67.5,0,10
DI_FADE,1.25,0.25,OOS,94,0.6170212765957447,0.4027777777777778,-0.22872340425531915,-0.25915757987101073,-0.2743746676788565,-21.5,21.5,0,5
DI_FADE,1.25,0.25,YTD2026,12,0.75,0.75,-0.0625,-0.09619452824902804,-0.11304179237354202,-0.75,2.0,0,1
DI_FADE,1.25,0.25,FULL,308,0.5714285714285714,0.3333333333333333,-0.2857142857142857,-0.3137637200626415,-0.32778843723681944,-88.0,89.0,0,15
DI_FADE,1.25,0.3,TRAIN,214,0.5233644859813084,0.3294117647058823,-0.3196261682242992,-0.3466280993991523,-0.36012906498657893,-68.40000000000002,69.30000000000008,0,10
DI_FADE,1.25,0.3,OOS,94,0.6063829787234043,0.4621621621621622,-0.21170212765957444,-0.24213630327526597,-0.2573533910831118,-19.9,20.199999999999985,0,5
DI_FADE,1.25,0.3,YTD2026,12,0.75,0.8999999999999999,-0.024999999999999994,-0.058694528249028044,-0.07554179237354203,-0.29999999999999993,1.7999999999999998,0,1
DI_FADE,1.25,0.3,FULL,308,0.5487012987012987,0.36474820143884884,-0.28668831168831166,-0.3147377460366675,-0.32876246321084546,-88.3,89.50000000000021,0,15
DI_FADE,1.25,0.4,TRAIN,214,0.5046728971962616,0.4075471698113207,-0.29345794392523367,-0.32045987510008683,-0.33396084068751347,-62.800000000000004,64.0000000000001,0,10
DI_FADE,1.25,0.4,OOS,94,0.5425531914893617,0.4744186046511627,-0.24042553191489366,-0.27085970753058525,-0.286076795338431,-22.600000000000005,22.600000000000016,0,5
DI_FADE,1.25,0.4,YTD2026,12,0.5,0.39999999999999997,-0.3,-0.333694528249028,-0.35054179237354205,-3.6,3.6000000000000005,0,1
DI_FADE,1.25,0.4,FULL,308,0.5162337662337663,0.42684563758389255,-0.2772727272727273,-0.30532216162108305,-0.31934687879526097,-85.4,86.59999999999981,0,15
DI_FADE,1.25,0.5,TRAIN,214,0.4766355140186916,0.45535714285714285,-0.2850467289719626,-0.3120486601468158,-0.32554962573424245,-61.0,63.0,1,10
DI_FADE,1.25,0.5,OOS,94,0.5,0.5100983140228169,-0.24010160027468233,-0.2705357758903739,-0.2857528636982197,-22.56955042582014,22.56955042582014,0,5
DI_FADE,1.25,0.5,YTD2026,12,0.5,0.5,-0.25,-0.283694528249028,-0.30054179237354206,-3.0,3.0,0,1
DI_FADE,1.25,0.5,FULL,308,0.4837662337662338,0.47131151951344247,-0.2713297091747407,-0.2993791435230965,-0.31340386069727444,-83.56955042582014,85.56955042582014,1,15
DI_FADE,1.25,0.6,TRAIN,214,0.4485981308411215,0.4881355932203389,-0.28224299065420555,-0.30924492182905877,-0.3227458874164854,-60.39999999999999,63.59999999999996,0,10
DI_FADE,1.25,0.6,OOS,94,0.46808510638297873,0.5488250484290731,-0.23088043354570617,-0.26131460916139776,-0.27653169696924357,-21.70276075329638,22.102760753296387,0,5
DI_FADE,1.25,0.6,YTD2026,12,0.5,0.6,-0.19999999999999998,-0.233694528249028,-0.25054179237354207,-2.4,2.8,0,1
DI_FADE,1.25,0.6,FULL,308,0.45454545454545453,0.505711040677769,-0.26656740504317006,-0.29461683939152594,-0.30864155656570386,-82.10276075329638,85.50276075329651,0,15
DI_FADE,1.25,0.75,TRAIN,214,0.40186915887850466,0.50390625,-0.2967289719626168,-0.3237309031374701,-0.3372318687248967,-63.5,66.25,0,10
DI_FADE,1.25,0.75,OOS,94,0.40425531914893614,0.5267753364741844,-0.2723697952478339,-0.3028039708635255,-0.31802105867137126,-25.602760753296387,26.102760753296387,0,5
DI_FADE,1.25,0.75,YTD2026,12,0.4166666666666667,0.5357142857142857,-0.2708333333333333,-0.3045278615823613,-0.3213751257068754,-3.25,3.75,0,1
DI_FADE,1.25,0.75,FULL,308,0.4025974025974026,0.5107006594259803,-0.2892946777704428,-0.31734411211879865,-0.33136882929297656,-89.1027607532964,91.85276075329638,0,15
DI_FADE,1.25,1.0,TRAIN,214,0.35514018691588783,0.5507246376811594,-0.2897196261682243,-0.3167215573430775,-0.33022252293050414,-62.0,67.0,1,10
DI_FADE,1.25,1.0,OOS,94,0.3191489361702128,0.4901375699151798,-0.33199261216170295,-0.36242678777739457,-0.3776438755852402,-31.20730554320008,31.20730554320008,0,5
DI_FADE,1.25,1.0,YTD2026,12,0.25,0.3333333333333333,-0.5,-0.5336945282490281,-0.5505417923735421,-6.0,6.0,0,1
DI_FADE,1.25,1.0,FULL,308,0.34415584415584416,0.5321089992706761,-0.30262112189350676,-0.33067055624186253,-0.34469527341604045,-93.20730554320008,96.20730554320008,1,15
DI_FADE,1.5,0.2,TRAIN,214,0.7009345794392523,0.4687499999999999,-0.1588785046728972,-0.18138011398527487,-0.19263091864146373,-34.0,35.20000000000004,1,10
DI_FADE,1.5,0.2,OOS,94,0.7021276595744681,0.47142857142857136,-0.1574468085106383,-0.18280862152371455,-0.19548952803025277,-14.8,14.80000000000003,0,5
DI_FADE,1.5,0.2,YTD2026,12,0.75,0.6,-0.09999999999999999,-0.12807877354085664,-0.14211816031128502,-1.2,2.2,0,1
DI_FADE,1.5,0.2,FULL,308,0.7012987012987013,0.46956521739130436,-0.15844155844155844,-0.1818160870651883,-0.19350335137700322,-48.8,49.39999999999984,1,15
DI_FADE,1.5,0.25,TRAIN,214,0.6682242990654206,0.5035211267605634,-0.1647196261682243,-0.18722123548060196,-0.1984720401367908,-35.25,36.75,1,10
DI_FADE,1.5,0.25,OOS,94,0.6914893617021277,0.5603448275862069,-0.1356382978723404,-0.16100011088541674,-0.17368101739195488,-12.75,12.75,0,5
DI_FADE,1.5,0.25,YTD2026,12,0.75,0.75,-0.0625,-0.09057877354085668,-0.10461816031128503,-0.75,2.0,0,1
DI_FADE,1.5,0.25,FULL,308,0.6753246753246753,0.52,-0.15584415584415584,-0.17921868446778572,-0.1909059487796006,-48.0,48.75,1,15
DI_FADE,1.5,0.3,TRAIN,214,0.6542056074766355,0.5675675675675675,-0.14953271028037382,-0.1720343195927515,-0.18328512424894036,-31.999999999999996,33.79999999999996,1,10
DI_FADE,1.5,0.3,OOS,94,0.648936170212766,0.5545454545454547,-0.15638297872340423,-0.18174479173648056,-0.19442569824301867,-14.699999999999998,14.69999999999998,0,5
DI_FADE,1.5,0.3,YTD2026,12,0.5833333333333334,0.42000000000000004,-0.2416666666666667,-0.26974544020752333,-0.2837848269779517,-2.9000000000000004,2.8999999999999995,0,1
DI_FADE,1.5,0.3,FULL,308,0.6525974025974026,0.5635514018691588,-0.1516233766233766,-0.1749979052470065,-0.1866851695588214,-46.699999999999996,47.60000000000014,1,15
DI_FADE,1.5,0.4,TRAIN,214,0.616822429906542,0.6439024390243901,-0.13644859813084118,-0.15895020744321878,-0.17020101209940766,-29.20000000000001,31.600000000000033,2,10
DI_FADE,1.5,0.4,OOS,94,0.5638297872340425,0.5292331585097396,-0.2006165817891857,-0.2259783948022619,-0.2386593013088001,-18.857958688183455,18.857958688183444,0,5
DI_FADE,1.5,0.4,YTD2026,12,0.5,0.39999999999999997,-0.3,-0.3280787735408567,-0.342118160311285,-3.6,3.6000000000000005,0,1
DI_FADE,1.5,0.4,FULL,308,0.6006493506493507,0.6062693559298727,-0.15603233340319303,-0.17940686202682285,-0.19109412633863782,-48.057958688183454,49.257958688183564,2,15
DI_FADE,1.5,0.5,TRAIN,214,0.5514018691588785,0.6145833333333334,-0.17289719626168223,-0.1953988055740599,-0.20664961023024872,-37.0,39.5,1,10
DI_FADE,1.5,0.5,OOS,94,0.5319148936170213,0.594026931449324,-0.1817620634157481,-0.20712387642882435,-0.21980478293536257,-17.085633961080323,17.085633961080323,0,5
DI_FADE,1.5,0.5,YTD2026,12,0.5,0.5,-0.25,-0.2780787735408567,-0.292118160311285,-3.0,3.0,0,1
DI_FADE,1.5,0.5,FULL,308,0.5454545454545454,0.608318168881171,-0.17560270766584518,-0.19897723628947506,-0.21066450060129,-54.08563396108032,56.08563396108032,1,15
DI_FADE,1.5,0.6,TRAIN,214,0.5233644859813084,0.6588235294117646,-0.16261682242990652,-0.18511843174228423,-0.1963692363984731,-34.8,38.39999999999998,2,10
DI_FADE,1.5,0.6,OOS,94,0.4787234042553192,0.5734233083134754,-0.21367695703276934,-0.23903877004584567,-0.2517196765523838,-20.08563396108032,20.48563396108032,0,5
DI_FADE,1.5,0.6,YTD2026,12,0.4166666666666667,0.42857142857142855,-0.3333333333333333,-0.36141210687419,-0.37545149364461833,-4.0,4.199999999999999,0,1
DI_FADE,1.5,0.6,FULL,308,0.5097402597402597,0.6318516244468696,-0.1782001102632478,-0.20157463888687766,-0.21326190319869262,-54.88563396108032,57.285633961080215,2,15
DI_FADE,1.5,0.75,TRAIN,214,0.4719626168224299,0.6703539823008849,-0.17406542056074767,-0.19656702987312533,-0.20781783452931415,-37.25,43.25,3,10
DI_FADE,1.5,0.75,OOS,94,0.4148936170212766,0.5606374479058265,-0.24385909169503617,-0.26922090470811244,-0.28190181121465063,-22.9227546193334,23.4227546193334,0,5
DI_FADE,1.5,0.75,YTD2026,12,0.25,0.25,-0.5625,-0.5905787735408566,-0.6046181603112849,-6.75,6.75,0,1
DI_FADE,1.5,0.75,FULL,308,0.45454545454545453,0.6356980619593651,-0.19536608642640715,-0.21874061505003703,-0.2304278793618519,-60.1727546193334,63.422754619333396,3,15
DI_FADE,1.5,1.0,TRAIN,214,0.40186915887850466,0.6768237972467056,-0.19188827180477458,-0.21438988111715226,-0.22564068577334107,-41.06409016622176,52.06409016622176,3,10
DI_FADE,1.5,1.0,OOS,94,0.3829787234042553,0.6524959692221898,-0.20396547467375958,-0.22932728768683583,-0.24200819419337405,-19.1727546193334,20.1727546193334,0,5
DI_FADE,1.5,1.0,YTD2026,12,0.25,0.3333333333333333,-0.5,-0.5280787735408566,-0.5421181603112849,-6.0,6.0,0,1
DI_FADE,1.5,1.0,FULL,308,0.3961038961038961,0.6694584739082918,-0.1955741713816726,-0.21894870000530242,-0.23063596431711741,-60.236844785555164,70.23684478555515,3,15
DI_FADE,1.75,0.2,TRAIN,214,0.7710280373831776,0.6734693877551019,-0.07476635514018694,-0.0940534488365106,-0.10369699568467249,-16.000000000000004,17.60000000000002,2,10
DI_FADE,1.75,0.2,OOS,94,0.7872340425531915,0.7399999999999999,-0.0553191489361702,-0.07705784580452132,-0.08792719423869687,-5.199999999999999,7.599999999999995,1,5
DI_FADE,1.75,0.2,YTD2026,12,0.8333333333333334,1.0,0.0,-0.02406752017787715,-0.03610128026681575,0.0,1.0,0,1
DI_FADE,1.75,0.2,FULL,308,0.775974025974026,0.6927536231884057,-0.06883116883116881,-0.08886647907999441,-0.09888413420440718,-21.199999999999996,24.60000000000006,3,15
DI_FADE,1.75,0.25,TRAIN,214,0.7429906542056075,0.7227272727272728,-0.07126168224299065,-0.09054877593931437,-0.10019232278747624,-15.25,17.25,3,10
DI_FADE,1.75,0.25,OOS,94,0.7553191489361702,0.7717391304347826,-0.05585106382978723,-0.07758976069813832,-0.08845910913231392,-5.25,7.25,2,5
DI_FADE,1.75,0.25,YTD2026,12,0.6666666666666666,0.5,-0.16666666666666666,-0.19073418684454382,-0.20276794693348243,-2.0,2.25,0,1
DI_FADE,1.75,0.25,FULL,308,0.7467532467532467,0.7371794871794872,-0.06655844155844155,-0.08659375180726714,-0.09661140693167992,-20.5,23.0,5,15
DI_FADE,1.75,0.3,TRAIN,214,0.7149532710280374,0.7524590163934425,-0.07056074766355139,-0.08984784135987513,-0.09949138820803699,-15.099999999999998,17.99999999999999,4,10
DI_FADE,1.75,0.3,OOS,94,0.6914893617021277,0.6724137931034483,-0.10106382978723401,-0.12280252665558519,-0.13367187508976072,-9.499999999999996,10.400000000000006,1,5
DI_FADE,1.75,0.3,YTD2026,12,0.5833333333333334,0.42000000000000004,-0.2416666666666667,-0.26573418684454386,-0.27776794693348245,-2.9000000000000004,3.4000000000000004,0,1
DI_FADE,1.75,0.3,FULL,308,0.7077922077922078,0.7266666666666665,-0.07987012987012987,-0.09990544011895547,-0.10992309524336824,-24.599999999999998,26.599999999999934,5,15
DI_FADE,1.75,0.4,TRAIN,214,0.6401869158878505,0.7183384201906747,-0.10040730276092913,-0.11969439645725279,-0.12933794330541468,-21.487162790838834,27.08716279083886,4,10
DI_FADE,1.75,0.4,OOS,94,0.6595744680851063,0.7987200157325971,-0.06648594548495546,-0.0882246423533066,-0.09909399078748211,-6.249678875585813,8.849678875585807,2,5
DI_FADE,1.75,0.4,YTD2026,12,0.5833333333333334,0.5599999999999999,-0.18333333333333335,-0.2074008535112105,-0.21943461360014904,-2.2,3.2,0,1
DI_FADE,1.75,0.4,FULL,308,0.6461038961038961,0.7415906669526979,-0.09005468073514494,-0.11008999098397051,-0.1201076461083833,-27.73684166642464,31.136841666424782,6,15
DI_FADE,1.75,0.5,TRAIN,214,0.5981308411214953,0.7504060154627936,-0.09947272332167677,-0.11875981701800051,-0.12840336386616236,-21.287162790838828,26.287162790838828,4,10
DI_FADE,1.75,0.5,OOS,94,0.5957446808510638,0.7647388819444735,-0.09028370790054156,-0.11202240476889269,-0.12289175320306825,-8.486668542650907,10.48666854265091,2,5
DI_FADE,1.75,0.5,YTD2026,12,0.5,0.5,-0.25,-0.2740675201778771,-0.2861012802668157,-3.0,3.5,0,1
DI_FADE,1.75,0.5,FULL,308,0.5974025974025974,0.7546663387446743,-0.09666828355029135,-0.11670359379911693,-0.12672124892352976,-29.773831333489735,33.27383133348974,6,15
DI_FADE,1.75,0.6,TRAIN,214,0.5607476635514018,0.7718103739678818,-0.09947272332167673,-0.11875981701800051,-0.12840336386616236,-21.28716279083882,27.68716279083881,3,10
DI_FADE,1.75,0.6,OOS,94,0.5106382978723404,0.6555734349923006,-0.1580993977934268,-0.17983809466177794,-0.19070744309595342,-14.86134339258212,16.26134339258213,1,5
DI_FADE,1.75,0.6,YTD2026,12,0.3333333333333333,0.3,-0.4666666666666666,-0.4907341868445439,-0.5027679469334824,-5.6,5.6,0,1
DI_FADE,1.75,0.6,FULL,308,0.5454545454545454,0.7350500745559763,-0.11736527981630178,-0.13740059006512736,-0.14741824518954016,-36.14850618342095,39.94850618342084,4,15
DI_FADE,1.75,0.75,TRAIN,214,0.4953271028037383,0.7354692374498333,-0.13262035039674983,-0.15190744409307363,-0.1615509909412354,-28.380754984904463,37.843592194065636,3,10
DI_FADE,1.75,0.75,OOS,94,0.4787234042553192,0.7169688381852111,-0.13895046162321403,-0.16068915849156515,-0.17155850692574073,-13.061343392582119,14.348396512414242,1,5
DI_FADE,1.75,0.75,YTD2026,12,0.3333333333333333,0.375,-0.4166666666666667,-0.4407341868445438,-0.4527679469334824,-5.0,5.0,0,1
DI_FADE,1.75,0.75,FULL,308,0.4902597402597403,0.7299049496753601,-0.13455226745937204,-0.15458757770819762,-0.1646052328326104,-41.44209837748659,49.94198870647989,4,15
DI_FADE,1.75,1.0,TRAIN,214,0.4485981308411215,0.8097456779735318,-0.10343264873618595,-0.1227197424325097,-0.13236328928067162,-22.134586829543792,38.898526622255716,3,10
DI_FADE,1.75,1.0,OOS,94,0.43617021276595747,0.8076684117022181,-0.10155242985697957,-0.12329112672533067,-0.13416047515950624,-9.54592840655608,13.582981526388204,1,5
DI_FADE,1.75,1.0,YTD2026,12,0.3333333333333333,0.5,-0.3333333333333333,-0.3574008535112105,-0.36943461360014895,-4.0,4.0,0,1
DI_FADE,1.75,1.0,FULL,308,0.4448051948051948,0.809124497663427,-0.10285881570162295,-0.12289412595044856,-0.13291178107486135,-31.68051523609987,50.430405565093174,4,15
DI_FADE,2.0,0.2,TRAIN,214,0.794392523364486,0.7727272727272726,-0.04672897196261684,-0.06360517894690008,-0.07204328243904169,-10.000000000000004,11.599999999999994,2,10
DI_FADE,2.0,0.2,OOS,94,0.8297872340425532,0.9749999999999996,-0.004255319148936185,-0.023276678908743385,-0.032787358788647,-0.4000000000000014,5.1999999999999975,3,5
DI_FADE,2.0,0.2,YTD2026,12,0.9166666666666666,2.2,0.09999999999999999,0.07894091984435748,0.06841137976653623,1.2,1.0,1,1
DI_FADE,2.0,0.2,FULL,308,0.8051948051948052,0.8266666666666668,-0.03376623376623377,-0.05129713023395615,-0.06006257846781734,-10.400000000000002,15.000000000000036,5,15
DI_FADE,2.0,0.25,TRAIN,214,0.780373831775701,0.8882978723404256,-0.02453271028037383,-0.041408917264657084,-0.049847020756798706,-5.25,8.0,3,10
DI_FADE,2.0,0.25,OOS,94,0.776595744680851,0.8690476190476191,-0.02925531914893617,-0.048276678908743396,-0.057787358788647,-2.75,6.5,2,5
DI_FADE,2.0,0.25,YTD2026,12,0.6666666666666666,0.5,-0.16666666666666666,-0.18772574682230916,-0.19825528690013047,-2.0,3.5,0,1
DI_FADE,2.0,0.25,FULL,308,0.7792207792207793,0.8823529411764706,-0.025974025974025976,-0.04350492244174837,-0.05227037067560955,-8.0,11.5,5,15
DI_FADE,2.0,0.3,TRAIN,214,0.7336448598130841,0.8263157894736841,-0.04626168224299065,-0.06313788922727391,-0.07157599271941555,-9.899999999999999,13.099999999999993,4,10
DI_FADE,2.0,0.3,OOS,94,0.723404255319149,0.8145836340346695,-0.0493986065546552,-0.06841996631446243,-0.07793064619436604,-4.643469016137589,8.14346901613759,2,5
DI_FADE,2.0,0.3,YTD2026,12,0.6666666666666666,0.6,-0.1333333333333334,-0.15439241348897584,-0.16492195356679715,-1.6000000000000005,3.4000000000000004,0,1
DI_FADE,2.0,0.3,FULL,308,0.7305194805194806,0.8227345919115517,-0.047219055247199965,-0.06474995171492236,-0.07351539994878355,-14.543469016137589,18.143469016137523,6,15
DI_FADE,2.0,0.4,TRAIN,214,0.6682242990654206,0.8142201853829586,-0.06098723103730827,-0.07786343802159154,-0.08630154151373318,-13.05126744198397,17.251267441983963,3,10
DI_FADE,2.0,0.4,OOS,94,0.6808510638297872,0.9006445063762863,-0.02966313802999514,-0.04868449778980236,-0.05819517766970596,-2.788334974819543,8.188334974819547,2,5
DI_FADE,2.0,0.4,YTD2026,12,0.6666666666666666,0.8,-0.06666666666666668,-0.08772574682230916,-0.09825528690013045,-0.8000000000000002,3.2,0,1
DI_FADE,2.0,0.4,FULL,308,0.672077922077922,0.838890067602537,-0.051427280574037386,-0.06895817704175977,-0.07772362527562096,-15.839602416803515,20.639602416803484,5,15
DI_FADE,2.0,0.5,TRAIN,214,0.6261682242990654,0.8402066567869263,-0.059176752235645065,-0.07605295921992831,-0.08449106271206992,-12.663824978428044,17.91255753644407,3,10
DI_FADE,2.0,0.5,OOS,94,0.6063829787234043,0.8226266494333361,-0.06440080285648249,-0.08342216261628971,-0.09293284249619335,-6.053675468509354,11.553675468509354,2,5
DI_FADE,2.0,0.5,YTD2026,12,0.5833333333333334,0.7,-0.125,-0.14605908015564248,-0.1565886202334638,-1.5,3.5,0,1
DI_FADE,2.0,0.5,FULL,308,0.6201298701298701,0.8349147745295462,-0.06077110534719934,-0.07830200181492172,-0.08706745004878291,-18.717500446937397,24.466233004953423,5,15
DI_FADE,2.0,0.6,TRAIN,214,0.5747663551401869,0.8110939797518777,-0.07925691466789964,-0.09613312165218292,-0.10457122514432456,-16.960979738930522,25.709712296946563,3,10
DI_FADE,2.0,0.6,OOS,94,0.5425531914893617,0.7494696185499947,-0.10695399434584421,-0.12597535410565142,-0.13548603398555503,-10.053675468509356,13.053675468509363,2,5
DI_FADE,2.0,0.6,YTD2026,12,0.3333333333333333,0.3,-0.4666666666666666,-0.48772574682230924,-0.4982552869001306,-5.6,5.6,0,1
DI_FADE,2.0,0.6,FULL,308,0.564935064935065,0.792058750422044,-0.08770991950467494,-0.10524081597239733,-0.1140062642062585,-27.01465520743988,33.76338776545586,5,15
DI_FADE,2.0,0.75,TRAIN,214,0.5327102803738317,0.8662728760335853,-0.06075589477637345,-0.07763210176065673,-0.08607020525279833,-13.001761482143918,29.000494040159946,3,10
DI_FADE,2.0,0.75,OOS,94,0.48936170212765956,0.7495283806318661,-0.1202518666862697,-0.13927322644607693,-0.14878390632598057,-11.303675468509352,12.553675468509354,2,5
DI_FADE,2.0,0.75,YTD2026,12,0.3333333333333333,0.375,-0.4166666666666667,-0.4377257468223092,-0.44825528690013045,-5.0,5.0,0,1
DI_FADE,2.0,0.75,FULL,308,0.5194805194805194,0.8292625482589597,-0.07891375633328986,-0.09644465280101223,-0.10521010103487344,-24.305436950653274,39.804169508669304,5,15
DI_FADE,2.0,1.0,TRAIN,214,0.4766355140186916,0.8852050710436236,-0.05859157891099725,-0.07546778589528053,-0.08390588938742212,-12.538597886953411,28.39735434058096,3,10
DI_FADE,2.0,1.0,OOS,94,0.46808510638297873,0.9206336892348977,-0.03930623113837842,-0.05832759089818563,-0.06783827077808925,-3.694785727007571,9.72720720686068,2,5
DI_FADE,2.0,1.0,YTD2026,12,0.3333333333333333,0.5,-0.3333333333333333,-0.3543924134889758,-0.36492195356679713,-4.0,4.0,0,1
DI_FADE,2.0,1.0,FULL,308,0.474025974025974,0.8957926481472606,-0.05270579095441877,-0.07023668742214116,-0.07900213565600236,-16.23338361396098,36.124561547441644,5,15
DI_FADE,2.25,0.2,TRAIN,214,0.822429906542056,0.9263157894736841,-0.013084112149532716,-0.02808518502445115,-0.035585721461910365,-2.800000000000001,5.799999999999997,3,10
DI_FADE,2.25,0.2,OOS,94,0.8191489361702128,0.928613669620462,-0.012594265731925704,-0.02950214107397654,-0.03795607874500198,-1.1838609788010162,3.8000000000000003,2,5
DI_FADE,2.25,0.2,YTD2026,12,0.75,0.6966319065800712,-0.06532174823341792,-0.08404093059398905,-0.09340052177427459,-0.7838609788010151,1.983860978801015,0,1
DI_FADE,2.25,0.2,FULL,308,0.8214285714285714,0.9270139395168794,-0.01293461356753577,-0.028517632649955656,-0.03630914219116561,-3.983860978801017,6.199999999999989,5,15
DI_FADE,2.25,0.25,TRAIN,214,0.7897196261682243,0.9388888888888889,-0.012850467289719626,-0.027851540164638082,-0.0353520766020973,-2.75,7.25,4,10
DI_FADE,2.25,0.25,OOS,94,0.776595744680851,0.886616948044654,-0.02482830828511718,-0.041736183627168064,-0.05019012129819348,-2.333860978801015,5.083860978801015,2,5
DI_FADE,2.25,0.25,YTD2026,12,0.75,0.870789883225089,-0.027821748233417914,-0.046540930593989054,-0.05590052177427459,-0.33386097880101495,1.833860978801015,0,1
DI_FADE,2.25,0.25,FULL,308,0.7857142857142857,0.9224830483761196,-0.016506042138964335,-0.03208906122138424,-0.039880570762594186,-5.083860978801015,8.583860978801015,6,15
DI_FADE,2.25,0.3,TRAIN,214,0.7383177570093458,0.8583325893479283,-0.036557704847285474,-0.05155877772220392,-0.05905931415966315,-7.823348837319092,12.423348837319091,5,10
DI_FADE,2.25,0.3,OOS,94,0.7553191489361702,0.9850849761728914,-0.0034308521729430833,-0.020338727514993937,-0.028792665186019376,-0.3225001042566498,4.699999999999999,3,5
DI_FADE,2.25,0.3,YTD2026,12,0.75,1.0449478598701067,0.009678251766582088,-0.009040930593989041,-0.018400521774274602,0.11613902119898506,1.683860978801015,1,1
DI_FADE,2.25,0.3,FULL,308,0.7435064935064936,0.8939975411323925,-0.02644756149862253,-0.04203058058104243,-0.04982209012225239,-8.14584894157574,12.423348837319091,8,15
DI_FADE,2.25,0.4,TRAIN,214,0.6869158878504673,0.8929280287563547,-0.03294753253211945,-0.04794860540703789,-0.05544914184449709,-7.050771961873561,12.227423124554464,3,10
DI_FADE,2.25,0.4,OOS,94,0.6808510638297872,0.9141313144825007,-0.025249915612015946,-0.04215779095406681,-0.050611728625092244,-2.373492067529499,7.418450181931249,2,5
DI_FADE,2.25,0.4,YTD2026,12,0.6666666666666666,0.8928917775908161,-0.03198841490008458,-0.05070759726065569,-0.06006718844094124,-0.383860978801015,1.9838609788010149,0,1
DI_FADE,2.25,0.4,FULL,308,0.685064935064935,0.8991968079869396,-0.030598259835724215,-0.046181278918144095,-0.05397278845935405,-9.424264029403059,14.04587330648569,5,15
DI_FADE,2.25,0.5,TRAIN,214,0.6448598130841121,0.9071393620166606,-0.032479861859462764,-0.04748093473438121,-0.05498147117184045,-6.950690437925031,15.42804597455581,4,10
DI_FADE,2.25,0.5,OOS,94,0.5957446808510638,0.7944734375181858,-0.07586779262090303,-0.0927756679629539,-0.10122960563397933,-7.1315725063648845,10.631572506364884,3,5
DI_FADE,2.25,0.5,YTD2026,12,0.4166666666666667,0.3797164016751876,-0.34032174823341793,-0.35904093059398906,-0.36840052177427457,-4.083860978801015,4.083860978801015,0,1
DI_FADE,2.25,0.5,FULL,308,0.6298701298701299,0.8714533244342002,-0.045721632936006215,-0.061304652018426116,-0.06909616155963608,-14.082262944289914,19.35891410697083,7,15
DI_FADE,2.25,0.6,TRAIN,214,0.5794392523364486,0.8326258842343693,-0.06857218048559825,-0.08357325336051669,-0.09107378979797598,-14.674446623918026,26.45109778659895,3,10
DI_FADE,2.25,0.6,OOS,94,0.5531914893617021,0.7924606287058358,-0.08544226070600941,-0.10235013604806031,-0.11080407371908571,-8.031572506364885,11.476530620766635,2,5
DI_FADE,2.25,0.6,YTD2026,12,0.4166666666666667,0.4556596820102251,-0.29865508156675125,-0.31737426392732243,-0.3267338551076079,-3.583860978801015,3.8,0,1
DI_FADE,2.25,0.6,FULL,308,0.5714285714285714,0.8203261874335493,-0.07372084133208737,-0.08930386041450727,-0.09709536995571726,-22.70601913028291,36.32762840736557,5,15
DI_FADE,2.25,0.75,TRAIN,214,0.5420560747663551,0.904364972237193,-0.04207697888779164,-0.05707805176271006,-0.06457858820016933,-9.00447348198741,26.78112464466832,4,10
DI_FADE,2.25,0.75,OOS,94,0.5,0.8143623358578796,-0.08382778844372338,-0.10073566378577425,-0.10918960145679966,-7.879812113709997,12.953430076079714,2,5
DI_FADE,2.25,0.75,YTD2026,12,0.3333333333333333,0.43133188294163394,-0.32960009423608727,-0.3483192765966585,-0.35767886777694385,-3.9552011308330473,3.9552011308330473,0,1
DI_FADE,2.25,0.75,FULL,308,0.5292207792207793,0.8763978039540671,-0.05481910907693963,-0.07040212815935955,-0.0781936377005695,-16.884285595697406,37.98455472074804,6,15
DI_FADE,2.25,1.0,TRAIN,214,0.48130841121495327,0.876711259332603,-0.061219702993543,-0.07622077586846145,-0.0837213123059207,-13.101016440618201,26.067890253055424,5,10
DI_FADE,2.25,1.0,OOS,94,0.4574468085106383,0.9068328366540495,-0.045646063007318334,-0.06255393834936919,-0.07100787602039464,-4.290729922687923,11.36434788505764,1,5
DI_FADE,2.25,1.0,YTD2026,12,0.3333333333333333,0.5751091772555119,-0.24626676090275393,-0.26498594326332514,-0.2743455344436106,-2.9552011308330473,3.0,0,1
DI_FADE,2.25,1.0,FULL,308,0.474025974025974,0.885818728274428,-0.05646670897177314,-0.07204972805419303,-0.07984123759540299,-17.391746363306126,35.432238138113064,6,15
DI_FADE,2.5,0.2,TRAIN,214,0.8457943925233645,1.0969696969696967,0.014953271028037375,0.0014523054406107884,-0.005298177353102518,3.1999999999999984,4.599999999999999,5,10
DI_FADE,2.5,0.2,OOS,94,0.8297872340425532,1.0048001829026605,0.0007928204157349509,-0.014424267392110805,-0.022032811296033683,0.07452511907908538,3.8000000000000003,2,5
DI_FADE,2.5,0.2,YTD2026,12,0.75,0.712737241458379,-0.06045624007674281,-0.0773035042012568,-0.0857271362635138,-0.7254748809209137,1.9254748809209137,0,1
DI_FADE,2.5,0.2,FULL,308,0.8409090909090909,1.0674805373283747,0.01063157506194508,-0.003393142112232818,-0.010405500699321772,3.2745251190790845,4.599999999999999,7,15
DI_FADE,2.5,0.25,TRAIN,214,0.7850467289719626,0.9291826958378852,-0.014958009128912056,-0.028458974716338657,-0.03520945751005196,-3.20101395358718,6.5,4,10
DI_FADE,2.5,0.25,OOS,94,0.776595744680851,0.9330146553573864,-0.013938830785436002,-0.029155918593281784,-0.03676446249720468,-1.3102500938309842,4.060250093830984,2,5
DI_FADE,2.5,0.25,YTD2026,12,0.75,0.8909215518229737,-0.022956240076742795,-0.03980350420125683,-0.048227136263513805,-0.27547488092091355,1.7754748809209135,0,1
DI_FADE,2.5,0.25,FULL,308,0.7824675324675324,0.9303400865660216,-0.014646961192916117,-0.028671678367094028,-0.03568403695418298,-4.511264047418164,7.560250093830986,6,15
DI_FADE,2.5,0.3,TRAIN,214,0.7476635514018691,0.9022384430844762,-0.024303803521435435,-0.037804769108862026,-0.044555251902575345,-5.201013953587183,10.700000000000005,4,10
DI_FADE,2.5,0.3,OOS,94,0.7446808510638298,0.9621750782941252,-0.008682370859325007,-0.02389945866717079,-0.03150800257109366,-0.8161428607765506,5.016605163738123,3,5
DI_FADE,2.5,0.3,YTD2026,12,0.75,1.0691058621875684,0.014543759923257205,-0.0023035042012568285,-0.010727136263513834,0.17452511907908647,1.6254748809209136,1,1
DI_FADE,2.5,0.3,FULL,308,0.7467532467532467,0.919532919594531,-0.019536223423258874,-0.03356094059743677,-0.040573299184525735,-6.017156814363734,12.216605163738139,7,15
DI_FADE,2.5,0.4,TRAIN,214,0.6962616822429907,0.929495933332781,-0.021008134555333933,-0.03450910014276052,-0.04125958293647381,-4.495740794841462,12.49472684125428,4,10
DI_FADE,2.5,0.4,OOS,94,0.648936170212766,0.8120628011383716,-0.05923846016732334,-0.07445554797516914,-0.082064091879092,-5.568415255728394,10.268877558689963,2,5
DI_FADE,2.5,0.4,YTD2026,12,0.6666666666666666,0.9076791377291294,-0.027122906743409465,-0.043970170867923486,-0.05239380293018051,-0.3254748809209136,1.9254748809209135,0,1
DI_FADE,2.5,0.4,FULL,308,0.6818181818181818,0.8922407496477248,-0.03267583133301902,-0.046700548507196904,-0.05371290709428587,-10.064156050569858,17.56360439994424,6,15
DI_FADE,2.5,0.5,TRAIN,214,0.6448598130841121,0.9146437149376936,-0.029592666666768987,-0.043093632254195574,-0.0498441150479089,-6.332830666688563,17.812450649656263,3,10
DI_FADE,2.5,0.5,OOS,94,0.574468085106383,0.7403595982275862,-0.0990926464247091,-0.11430973423255487,-0.12191827813647774,-9.314708763922654,11.314708763922654,1,5
DI_FADE,2.5,0.5,YTD2026,12,0.4166666666666667,0.4331428136850892,-0.2726473657595975,-0.28949462988411157,-0.29791826194636856,-3.2717683891151705,3.2717683891151705,0,1
DI_FADE,2.5,0.5,FULL,308,0.6233766233766234,0.8578379438196501,-0.05080369945003642,-0.06482841662421433,-0.07184077521130328,-15.647539430611218,25.44652547702404,4,15
DI_FADE,2.5,0.6,TRAIN,214,0.5934579439252337,0.8995829422626904,-0.038996194332373564,-0.05249715991980021,-0.05924764271351352,-8.345185587127943,23.344171633540782,4,10
DI_FADE,2.5,0.6,OOS,94,0.5319148936170213,0.7388188397572815,-0.11079477408428358,-0.12601186189212935,-0.13362040579605222,-10.414708763922656,12.468877558689973,2,5
DI_FADE,2.5,0.6,YTD2026,12,0.4166666666666667,0.519771376422107,-0.23098069909293087,-0.2478279632174449,-0.2562515952797019,-2.7717683891151705,3.046293508194257,0,1
DI_FADE,2.5,0.6,FULL,308,0.5746753246753247,0.8474565733996802,-0.060908747893021434,-0.07493346506719936,-0.08194582365428833,-18.7598943510506,34.81304919223075,6,15
DI_FADE,2.5,0.75,TRAIN,214,0.5467289719626168,0.9107557081137647,-0.03841382301318377,-0.05191478860061036,-0.05866527139432363,-8.220558124821327,24.79879160749855,4,10
DI_FADE,2.5,0.75,OOS,94,0.5,0.8155666492222227,-0.08152118290738468,-0.09673827071523047,-0.10434681461915334,-7.662991193294159,11.832953851232649,2,5
DI_FADE,2.5,0.75,YTD2026,12,0.3333333333333333,0.4913220628833515,-0.25883121049533325,-0.27567847461984735,-0.2841021066821043,-3.1059745259439993,3.3596810177497423,0,1
DI_FADE,2.5,0.75,FULL,308,0.5324675324675324,0.8811661467969862,-0.05156996531855675,-0.06559468249273469,-0.07260704107982363,-15.88354931811548,35.3817454587312,6,15
DI_FADE,2.5,1.0,TRAIN,214,0.5,0.9149907624992195,-0.0401650676024503,-0.0536660331898769,-0.06041651598359018,-8.595324466924364,22.487417943110856,5,10
DI_FADE,2.5,1.0,OOS,94,0.46808510638297873,0.9416909182654328,-0.027352532278827335,-0.04256962008667313,-0.05017816399059603,-2.5711380342097696,10.491100692148258,1,5
DI_FADE,2.5,1.0,YTD2026,12,0.3333333333333333,0.6550960838444687,-0.17549787716199994,-0.19234514128651395,-0.20076877334877097,-2.1059745259439993,3.0,0,1
DI_FADE,2.5,1.0,FULL,308,0.4902597402597403,0.9230988800864909,-0.03625474838030563,-0.050279465554483545,-0.05729182414157248,-11.166462501134134,30.978518635259114,6,15
DI_FADE,3.0,0.2,TRAIN,214,0.8411214953271028,1.085619566738209,0.013267347091113648,0.0020165424349248224,-0.0036088598931695924,2.8392122774983206,5.294317828206884,5,10
DI_FADE,3.0,0.2,OOS,94,0.8085106382978723,0.978767903737062,-0.0035077520700068352,-0.016188658576544987,-0.02252911182981406,-0.3297286945806425,3.6629556280953595,3,5
DI_FADE,3.0,0.2,YTD2026,12,0.75,0.7383416668818059,-0.05315797784173012,-0.06719736461215844,-0.07421705799737262,-0.6378957341007614,1.8378957341007613,0,1
DI_FADE,3.0,0.2,FULL,308,0.8311688311688312,1.0515394735480208,0.008147673970511934,-0.003539590341302975,-0.009383222497210443,2.509483582917676,5.294317828206884,8,15
DI_FADE,3.0,0.25,TRAIN,214,0.7990654205607477,1.0398984438385082,0.0076645625816726395,-0.003586242074516201,-0.009211644402610615,1.640216392477945,7.5314842570310585,4,10
DI_FADE,3.0,0.25,OOS,94,0.776595744680851,1.0289010411792925,0.005393907797497006,-0.007286998709041134,-0.013627451962310208,0.5070273329647186,4.876793264543794,3,5
DI_FADE,3.0,0.25,YTD2026,12,0.75,0.9229270836022574,-0.015657977841730102,-0.029697364612158456,-0.03671705799737266,-0.1878957341007612,1.6878957341007612,0,1
DI_FADE,3.0,0.25,FULL,308,0.7922077922077922,1.0366090551979086,0.006971570537151509,-0.004715693774663424,-0.010559325930570872,2.1472437254426646,7.5314842570310585,7,15
DI_FADE,3.0,0.3,TRAIN,214,0.7710280373831776,1.0626798422394304,0.013643219855430327,0.002392415199241486,-0.0032329871288529276,2.91964904906209,7.552051600446915,6,10
DI_FADE,3.0,0.3,OOS,94,0.7446808510638298,1.0100774777674328,0.002202418435794876,-0.010478488070743273,-0.01681894132401235,0.20702733296471837,5.562955628095359,3,5
DI_FADE,3.0,0.3,YTD2026,12,0.6666666666666666,0.6981014508945717,-0.08649131117506344,-0.10053069794549181,-0.10755039133070599,-1.0378957341007613,2.2378957341007615,0,1
DI_FADE,3.0,0.3,FULL,308,0.762987012987013,1.046580660197357,0.010151546694892235,-0.001535717616922689,-0.007379349772830144,3.126676382026808,7.552051600446915,9,15
DI_FADE,3.0,0.4,TRAIN,214,0.7009345794392523,0.9969871585981595,-0.0008345663368665323,-0.012085370993055355,-0.017710773321149766,-0.17859719608943792,11.749764351872988,4,10
DI_FADE,3.0,0.4,OOS,94,0.6276595744680851,0.7804210503635559,-0.0695933785779117,-0.08227428508444987,-0.08861473833771892,-6.5417775863237,9.320353593670331,3,5
DI_FADE,3.0,0.4,YTD2026,12,0.4166666666666667,0.35441259388872787,-0.3035950270218869,-0.3176344137923152,-0.32465410717752935,-3.643140324262643,3.643140324262643,0,1
DI_FADE,3.0,0.4,FULL,308,0.6785714285714286,0.9245503862098019,-0.021819398644198497,-0.0335066629560134,-0.03935029511192088,-6.7203747824131375,14.944238994875228,7,15
DI_FADE,3.0,0.5,TRAIN,214,0.6355140186915887,0.9365951486727778,-0.021047730483820568,-0.03229853514000942,-0.03792393746810382,-4.504214323537601,16.684181168237718,4,10
DI_FADE,3.0,0.5,OOS,94,0.574468085106383,0.7746616782021065,-0.08216169039833386,-0.09484259690487203,-0.10118305015814108,-7.723198897443383,10.920353593670333,2,5
DI_FADE,3.0,0.5,YTD2026,12,0.4166666666666667,0.44301574236090985,-0.2619283603552202,-0.27596774712564853,-0.28298744051086266,-3.1431403242626423,3.205244590161881,0,1
DI_FADE,3.0,0.5,FULL,308,0.6168831168831169,0.8838942710364993,-0.03969939357461359,-0.05138665788642854,-0.057230290042335964,-12.227413220980987,26.585956073027734,6,15
DI_FADE,3.0,0.6,TRAIN,214,0.5981308411214953,0.9475737424911249,-0.01896749306617199,-0.030218297722360826,-0.03584370005045524,-4.059043516160806,17.39721405996461,3,10
DI_FADE,3.0,0.6,OOS,94,0.5425531914893617,0.8385828636935296,-0.06153594258459808,-0.07421684909113622,-0.08055730234440531,-5.78437860295222,9.720353593670335,2,5
DI_FADE,3.0,0.6,YTD2026,12,0.3333333333333333,0.4052927560442393,-0.29347045319055554,-0.3075098399609839,-0.31452953334619804,-3.5216454382866664,3.5216454382866664,0,1
DI_FADE,3.0,0.6,FULL,308,0.5811688311688312,0.9130891478048399,-0.031959162724392934,-0.04364642703620787,-0.04949005919211533,-9.843422119113024,26.08166355623944,5,15
DI_FADE,3.0,0.75,TRAIN,214,0.5514018691588785,0.9134853844480447,-0.03447164462913319,-0.045722449285322035,-0.051347851613416456,-7.3769319506345035,17.22224531720659,6,10
DI_FADE,3.0,0.75,OOS,94,0.5106382978723404,0.8980165512529653,-0.04154208452467818,-0.05422299103121633,-0.06056344428448543,-3.9049559453197493,10.040930936037864,2,5
DI_FADE,3.0,0.75,YTD2026,12,0.3333333333333333,0.5066159450552992,-0.24347045319055557,-0.25750983996098387,-0.264529533346198,-2.921645438286667,3.216400848124785,0,1
DI_FADE,3.0,0.75,FULL,308,0.538961038961039,0.9086916646406112,-0.036629506155695636,-0.04831677046751055,-0.054160402623418015,-11.281887895954256,25.027272155848944,8,15
DI_FADE,3.0,1.0,TRAIN,214,0.5280373831775701,0.9777574846014166,-0.009306692111244966,-0.020557496767433837,-0.026182899095528213,-1.9916321118064229,16.75460506485238,5,10
DI_FADE,3.0,1.0,OOS,94,0.5,1.0593292520207271,0.024302742246015453,0.01162183573947731,0.005281382486208202,2.2844577711254526,9.215465846095643,3,5
DI_FADE,3.0,1.0,YTD2026,12,0.3333333333333333,0.5774980097255895,-0.20849224861462512,-0.2225316353850534,-0.22955132877026754,-2.5019069833755014,3.29666239321362,0,1
DI_FADE,3.0,1.0,FULL,308,0.5194805194805194,1.0022868710784443,0.0009507326601267184,-0.0107365316516882,-0.01658016380759566,0.29282565931902926,21.956179746102123,8,15
DI_GAP3_SUPPORT,0.75,0.2,TRAIN,147,0.17687074829931973,0.042975206611570255,-0.7877551020408163,-0.8324387343164575,-0.8547805504542783,-115.8,115.99999999999997,0,10
DI_GAP3_SUPPORT,0.75,0.2,OOS,63,0.14285714285714285,0.03333333333333333,-0.8285714285714286,-0.8764065187307594,-0.9003240638104246,-52.2,52.199999999999996,0,5
DI_GAP3_SUPPORT,0.75,0.2,YTD2026,11,0.18181818181818182,0.044444444444444446,-0.7818181818181817,-0.8334260041879706,-0.8592299153728653,-8.6,8.6,0,1
DI_GAP3_SUPPORT,0.75,0.2,FULL,210,0.16666666666666666,0.04000000000000001,-0.8,-0.845629069640748,-0.8684436044611221,-168.0,168.0,0,15
DI_GAP3_SUPPORT,0.75,0.25,TRAIN,147,0.17687074829931973,0.05371900826446281,-0.7789115646258503,-0.8235951969014915,-0.8459370130393121,-114.5,114.75,0,10
DI_GAP3_SUPPORT,0.75,0.25,OOS,63,0.14285714285714285,0.041666666666666664,-0.8214285714285714,-0.8692636615879022,-0.8931812066675675,-51.75,51.75,0,5
DI_GAP3_SUPPORT,0.75,0.25,YTD2026,11,0.18181818181818182,0.05555555555555555,-0.7727272727272727,-0.8243350950970616,-0.850139006281956,-8.5,8.5,0,1
DI_GAP3_SUPPORT,0.75,0.25,FULL,210,0.16666666666666666,0.05,-0.7916666666666666,-0.8372957363074148,-0.8601102711277888,-166.25,166.25,0,15
DI_GAP3_SUPPORT,0.75,0.3,TRAIN,147,0.17687074829931973,0.06446280991735537,-0.7700680272108845,-0.8147516594865255,-0.8370934756243462,-113.20000000000002,113.50000000000003,0,10
DI_GAP3_SUPPORT,0.75,0.3,OOS,63,0.14285714285714285,0.049999999999999996,-0.8142857142857143,-0.8621208044450452,-0.8860383495247104,-51.3,51.300000000000004,0,5
DI_GAP3_SUPPORT,0.75,0.3,YTD2026,11,0.18181818181818182,0.06666666666666667,-0.7636363636363637,-0.8152441860061526,-0.841048097191047,-8.4,8.4,0,1
DI_GAP3_SUPPORT,0.75,0.3,FULL,210,0.16666666666666666,0.06000000000000001,-0.7833333333333333,-0.8289624029740813,-0.8517769377944554,-164.5,164.5,0,15
DI_GAP3_SUPPORT,0.75,0.4,TRAIN,147,0.17687074829931973,0.08595041322314051,-0.7523809523809525,-0.7970645846565937,-0.8194064007944142,-110.60000000000001,110.99999999999997,0,10
DI_GAP3_SUPPORT,0.75,0.4,OOS,63,0.14285714285714285,0.06666666666666667,-0.7999999999999999,-0.8478350901593308,-0.871752635238996,-50.4,50.400000000000006,0,5
DI_GAP3_SUPPORT,0.75,0.4,YTD2026,11,0.18181818181818182,0.08888888888888889,-0.7454545454545454,-0.7970623678243345,-0.8228662790092289,-8.2,8.2,0,1
DI_GAP3_SUPPORT,0.75,0.4,FULL,210,0.16666666666666666,0.08000000000000002,-0.7666666666666667,-0.8122957363074148,-0.8351102711277888,-161.0,160.99999999999991,0,15
DI_GAP3_SUPPORT,0.75,0.5,TRAIN,147,0.17006802721088435,0.10245901639344263,-0.7448979591836735,-0.7895815914593148,-0.8119234075971352,-109.5,110.0,0,10
DI_GAP3_SUPPORT,0.75,0.5,OOS,63,0.14285714285714285,0.08333333333333333,-0.7857142857142857,-0.8335493758736165,-0.8574669209532817,-49.5,49.5,0,5
DI_GAP3_SUPPORT,0.75,0.5,YTD2026,11,0.18181818181818182,0.1111111111111111,-0.7272727272727273,-0.7788805496425162,-0.8046844608274106,-8.0,8.0,0,1
DI_GAP3_SUPPORT,0.75,0.5,FULL,210,0.1619047619047619,0.09659090909090909,-0.7571428571428571,-0.8027719267836052,-0.8255864616039792,-159.0,159.0,0,15
DI_GAP3_SUPPORT,0.75,0.6,TRAIN,147,0.17006802721088435,0.12295081967213113,-0.7278911564625851,-0.7725747887382263,-0.7949166048760469,-107.0,107.60000000000001,0,10
DI_GAP3_SUPPORT,0.75,0.6,OOS,63,0.14285714285714285,0.09999999999999999,-0.7714285714285715,-0.8192636615879023,-0.8431812066675675,-48.6,48.599999999999994,0,5
DI_GAP3_SUPPORT,0.75,0.6,YTD2026,11,0.18181818181818182,0.13333333333333333,-0.7090909090909091,-0.760698731460698,-0.7865026426455924,-7.8,8.0,0,1
DI_GAP3_SUPPORT,0.75,0.6,FULL,210,0.1619047619047619,0.11590909090909092,-0.7409523809523809,-0.786581450593129,-0.8093959854135032,-155.6,155.60000000000008,0,15
DI_GAP3_SUPPORT,0.75,0.75,TRAIN,147,0.17006802721088435,0.15368852459016394,-0.7023809523809523,-0.7470645846565936,-0.7694064007944141,-103.25,104.0,0,10
DI_GAP3_SUPPORT,0.75,0.75,OOS,63,0.14285714285714285,0.125,-0.75,-0.797835090159331,-0.821752635238996,-47.25,47.25,0,5
DI_GAP3_SUPPORT,0.75,0.75,YTD2026,11,0.18181818181818182,0.16666666666666666,-0.6818181818181818,-0.7334260041879707,-0.7592299153728651,-7.5,8.0,0,1
DI_GAP3_SUPPORT,0.75,0.75,FULL,210,0.1619047619047619,0.14488636363636365,-0.7166666666666667,-0.7622957363074148,-0.7851102711277888,-150.5,150.5,0,15
DI_GAP3_SUPPORT,0.75,1.0,TRAIN,147,0.14965986394557823,0.176,-0.7006802721088435,-0.7453639043844849,-0.7677057205223053,-103.0,104.0,0,10
DI_GAP3_SUPPORT,0.75,1.0,OOS,63,0.14285714285714285,0.16666666666666666,-0.7142857142857143,-0.7621208044450453,-0.7860383495247103,-45.0,45.0,0,5
DI_GAP3_SUPPORT,0.75,1.0,YTD2026,11,0.18181818181818182,0.2222222222222222,-0.6363636363636364,-0.6879714587334252,-0.7137753699183197,-7.0,8.0,0,1
DI_GAP3_SUPPORT,0.75,1.0,FULL,210,0.14761904761904762,0.17318435754189945,-0.7047619047619048,-0.7503909744026529,-0.7732055092230269,-148.0,148.0,0,15
DI_GAP3_SUPPORT,1.0,0.2,TRAIN,147,0.40816326530612246,0.1379310344827586,-0.5102040816326531,-0.543716805839384,-0.5604731679427494,-75.0,75.39999999999998,0,10
DI_GAP3_SUPPORT,1.0,0.2,OOS,63,0.3968253968253968,0.13157894736842107,-0.5238095238095238,-0.5596858414290218,-0.5776240002387708,-33.0,33.000000000000014,0,5
DI_GAP3_SUPPORT,1.0,0.2,YTD2026,11,0.45454545454545453,0.16666666666666666,-0.45454545454545453,-0.4932513213227962,-0.5126042547114671,-5.0,5.0,0,1
DI_GAP3_SUPPORT,1.0,0.2,FULL,210,0.40476190476190477,0.13599999999999998,-0.5142857142857142,-0.5485075165162754,-0.5656184176315558,-107.99999999999999,108.1999999999999,0,15
DI_GAP3_SUPPORT,1.0,0.25,TRAIN,147,0.40816326530612246,0.1724137931034483,-0.4897959183673469,-0.5233086425740778,-0.5400650046774433,-72.0,72.5,0,10
DI_GAP3_SUPPORT,1.0,0.25,OOS,63,0.38095238095238093,0.15384615384615385,-0.5238095238095238,-0.5596858414290219,-0.5776240002387708,-33.0,33.0,0,5
DI_GAP3_SUPPORT,1.0,0.25,YTD2026,11,0.45454545454545453,0.20833333333333334,-0.4318181818181818,-0.4705240485955235,-0.4898769819841943,-4.75,4.75,0,1
DI_GAP3_SUPPORT,1.0,0.25,FULL,210,0.4,0.16666666666666666,-0.5,-0.534221802230561,-0.5513327033458416,-105.0,105.25,0,15
DI_GAP3_SUPPORT,1.0,0.3,TRAIN,147,0.40816326530612246,0.20689655172413798,-0.46938775510204084,-0.5029004793087717,-0.5196568414121373,-69.0,69.60000000000001,0,10
DI_GAP3_SUPPORT,1.0,0.3,OOS,63,0.38095238095238093,0.1846153846153846,-0.5047619047619047,-0.5406382223814028,-0.5585763811911518,-31.799999999999997,31.79999999999999,0,5
DI_GAP3_SUPPORT,1.0,0.3,YTD2026,11,0.45454545454545453,0.25,-0.4090909090909091,-0.4477967758682508,-0.4671497092569216,-4.5,4.5,0,1
DI_GAP3_SUPPORT,1.0,0.3,FULL,210,0.4,0.19999999999999998,-0.48000000000000004,-0.5142218022305611,-0.5313327033458416,-100.80000000000001,101.10000000000008,0,15
DI_GAP3_SUPPORT,1.0,0.4,TRAIN,147,0.4013605442176871,0.26818181818181813,-0.43809523809523815,-0.47160796230196905,-0.4883643244053345,-64.4,65.20000000000002,0,10
DI_GAP3_SUPPORT,1.0,0.4,OOS,63,0.38095238095238093,0.2461538461538462,-0.46666666666666673,-0.5025429842861646,-0.5204811430959138,-29.400000000000006,29.400000000000013,0,5
DI_GAP3_SUPPORT,1.0,0.4,YTD2026,11,0.45454545454545453,0.3333333333333333,-0.36363636363636365,-0.4023422304137053,-0.42169516380237615,-4.0,4.2,0,1
DI_GAP3_SUPPORT,1.0,0.4,FULL,210,0.3952380952380952,0.26141732283464564,-0.4466666666666666,-0.48088846889722775,-0.4979993700125082,-93.79999999999998,94.19999999999987,0,15
DI_GAP3_SUPPORT,1.0,0.5,TRAIN,147,0.38095238095238093,0.3076923076923077,-0.42857142857142855,-0.46208415277815945,-0.478840514881525,-63.0,64.0,0,10
DI_GAP3_SUPPORT,1.0,0.5,OOS,63,0.38095238095238093,0.3076923076923077,-0.42857142857142855,-0.46444774619092666,-0.4823859050006756,-27.0,27.0,0,5
DI_GAP3_SUPPORT,1.0,0.5,YTD2026,11,0.45454545454545453,0.4166666666666667,-0.3181818181818182,-0.35688768495915985,-0.3762406183478307,-3.5,4.0,0,1
DI_GAP3_SUPPORT,1.0,0.5,FULL,210,0.38095238095238093,0.3076923076923077,-0.42857142857142855,-0.46279323080198964,-0.47990413191727016,-90.0,90.5,0,15
DI_GAP3_SUPPORT,1.0,0.6,TRAIN,147,0.3401360544217687,0.30927835051546393,-0.4557823129251701,-0.4892950371319011,-0.5060513992352664,-67.0,68.19999999999996,0,10
DI_GAP3_SUPPORT,1.0,0.6,OOS,63,0.3492063492063492,0.3219512195121951,-0.4412698412698412,-0.4771461588893393,-0.49508431769908834,-27.799999999999997,27.79999999999999,0,5
DI_GAP3_SUPPORT,1.0,0.6,YTD2026,11,0.45454545454545453,0.5,-0.2727272727272727,-0.3114331395046144,-0.3307860728932852,-3.0,3.8,0,1
DI_GAP3_SUPPORT,1.0,0.6,FULL,210,0.34285714285714286,0.31304347826086953,-0.45142857142857146,-0.48565037365913244,-0.502761274774413,-94.80000000000001,95.40000000000009,0,15
DI_GAP3_SUPPORT,1.0,0.75,TRAIN,147,0.2925170068027211,0.31009615384615385,-0.4880952380952381,-0.521607962301969,-0.5383643244053345,-71.75,73.25,0,10
DI_GAP3_SUPPORT,1.0,0.75,OOS,63,0.3333333333333333,0.375,-0.4166666666666667,-0.45254298428616474,-0.47048114309591366,-26.25,26.25,0,5
DI_GAP3_SUPPORT,1.0,0.75,YTD2026,11,0.45454545454545453,0.625,-0.20454545454545456,-0.24325132132279623,-0.26260425471146703,-2.25,3.5,0,1
DI_GAP3_SUPPORT,1.0,0.75,FULL,210,0.3047619047619048,0.3287671232876712,-0.4666666666666667,-0.5008884688972277,-0.5179993700125082,-98.0,98.75,0,15
DI_GAP3_SUPPORT,1.0,1.0,TRAIN,147,0.2857142857142857,0.4,-0.42857142857142855,-0.46208415277815945,-0.478840514881525,-63.0,65.0,1,10
DI_GAP3_SUPPORT,1.0,1.0,OOS,63,0.2222222222222222,0.2857142857142857,-0.5555555555555556,-0.5914318731750536,-0.6093700319848026,-35.0,35.0,0,5
DI_GAP3_SUPPORT,1.0,1.0,YTD2026,11,0.2727272727272727,0.375,-0.45454545454545453,-0.4932513213227962,-0.512604254711467,-5.0,5.0,0,1
DI_GAP3_SUPPORT,1.0,1.0,FULL,210,0.26666666666666666,0.36363636363636365,-0.4666666666666667,-0.5008884688972277,-0.5179993700125083,-98.0,99.0,1,15
DI_GAP3_SUPPORT,1.25,0.2,TRAIN,147,0.6190476190476191,0.3249999999999999,-0.2571428571428571,-0.2839530365082419,-0.29735812619093427,-37.8,38.20000000000003,1,10
DI_GAP3_SUPPORT,1.25,0.2,OOS,63,0.5396825396825397,0.23448275862068968,-0.35238095238095235,-0.3810820064765507,-0.3954325335243501,-22.2,22.200000000000017,0,5
DI_GAP3_SUPPORT,1.25,0.2,YTD2026,11,0.5454545454545454,0.24,-0.34545454545454546,-0.3764192388764188,-0.3919015855873555,-3.8,3.8,0,1
DI_GAP3_SUPPORT,1.25,0.2,FULL,210,0.5952380952380952,0.29411764705882354,-0.2857142857142857,-0.3130917274987346,-0.32678044839095893,-59.99999999999999,60.19999999999993,1,15
DI_GAP3_SUPPORT,1.25,0.25,TRAIN,147,0.5986394557823129,0.3728813559322034,-0.25170068027210885,-0.27851085963749356,-0.29191594932018594,-37.0,37.5,1,10
DI_GAP3_SUPPORT,1.25,0.25,OOS,63,0.5396825396825397,0.29310344827586204,-0.3253968253968254,-0.35409787949242383,-0.368448406540223,-20.5,20.5,0,5
DI_GAP3_SUPPORT,1.25,0.25,YTD2026,11,0.5454545454545454,0.3,-0.3181818181818182,-0.3491465116036915,-0.3646288583146282,-3.5,3.5,0,1
DI_GAP3_SUPPORT,1.25,0.25,FULL,210,0.580952380952381,0.3465909090909091,-0.27380952380952384,-0.3011869655939727,-0.31487568648619707,-57.5,57.75,1,15
DI_GAP3_SUPPORT,1.25,0.3,TRAIN,147,0.5918367346938775,0.435,-0.23061224489795923,-0.25742242426334394,-0.2708275139460363,-33.900000000000006,34.499999999999986,0,10
DI_GAP3_SUPPORT,1.25,0.3,OOS,63,0.5396825396825397,0.3517241379310345,-0.2984126984126984,-0.3271137525082968,-0.34146427955609604,-18.8,18.799999999999986,0,5
DI_GAP3_SUPPORT,1.25,0.3,YTD2026,11,0.5454545454545454,0.36,-0.29090909090909095,-0.3218737843309642,-0.337356131041901,-3.2,3.2,0,1
DI_GAP3_SUPPORT,1.25,0.3,FULL,210,0.5761904761904761,0.40786516853932575,-0.250952380952381,-0.2783298227368298,-0.2920185436290542,-52.7,53.000000000000085,0,15
DI_GAP3_SUPPORT,1.25,0.4,TRAIN,147,0.564625850340136,0.5187499999999999,-0.20952380952380953,-0.23633398888919424,-0.24973907857188662,-30.8,31.60000000000003,1,10
DI_GAP3_SUPPORT,1.25,0.4,OOS,63,0.5238095238095238,0.44000000000000006,-0.2666666666666666,-0.29536772076226503,-0.3097182478100643,-16.799999999999997,16.79999999999999,1,5
DI_GAP3_SUPPORT,1.25,0.4,YTD2026,11,0.5454545454545454,0.48,-0.23636363636363633,-0.26732832978550963,-0.28281067649644637,-2.5999999999999996,2.8,0,1
DI_GAP3_SUPPORT,1.25,0.4,FULL,210,0.5523809523809524,0.49361702127659574,-0.22666666666666663,-0.2540441084511155,-0.26773282934333986,-47.599999999999994,48.00000000000008,2,15
DI_GAP3_SUPPORT,1.25,0.5,TRAIN,147,0.5170068027210885,0.5352112676056338,-0.22448979591836735,-0.25129997528375214,-0.26470506496644447,-33.0,34.0,2,10
DI_GAP3_SUPPORT,1.25,0.5,OOS,63,0.49206349206349204,0.484375,-0.2619047619047619,-0.2906058160003603,-0.3049563430481595,-16.5,16.5,0,5
DI_GAP3_SUPPORT,1.25,0.5,YTD2026,11,0.5454545454545454,0.6,-0.18181818181818182,-0.21278287524005515,-0.22826522195099183,-2.0,2.5,0,1
DI_GAP3_SUPPORT,1.25,0.5,FULL,210,0.5095238095238095,0.5194174757281553,-0.2357142857142857,-0.2630917274987346,-0.27678044839095894,-49.5,50.0,2,15
DI_GAP3_SUPPORT,1.25,0.6,TRAIN,147,0.4557823129251701,0.507562199249984,-0.2653205145646591,-0.2921306939300439,-0.30553578361273637,-39.00211564100489,40.20211564100489,2,10
DI_GAP3_SUPPORT,1.25,0.6,OOS,63,0.4603174603174603,0.511764705882353,-0.26349206349206356,-0.2921931175876619,-0.3065436446354612,-16.600000000000005,17.200000000000006,0,5
DI_GAP3_SUPPORT,1.25,0.6,YTD2026,11,0.5454545454545454,0.72,-0.1272727272727273,-0.1582374206946006,-0.1737197674055373,-1.4000000000000001,2.2,0,1
DI_GAP3_SUPPORT,1.25,0.6,FULL,210,0.45714285714285713,0.5088244126343492,-0.26477197924288043,-0.2921494210273293,-0.3058381419195537,-55.60211564100489,56.80211564100486,2,15
DI_GAP3_SUPPORT,1.25,0.75,TRAIN,147,0.4421768707482993,0.6003538160942022,-0.22076269143540744,-0.24757287080079218,-0.26097796048348454,-32.452115641004895,33.952115641004895,2,10
DI_GAP3_SUPPORT,1.25,0.75,OOS,63,0.3968253968253968,0.4934210526315789,-0.3055555555555556,-0.3342566096511539,-0.3486071366989531,-19.25,19.75,1,5
DI_GAP3_SUPPORT,1.25,0.75,YTD2026,11,0.45454545454545453,0.625,-0.20454545454545456,-0.23551014796732786,-0.2509924946782645,-2.25,2.25,0,1
DI_GAP3_SUPPORT,1.25,0.75,FULL,210,0.42857142857142855,0.5662651173347159,-0.24620055067145188,-0.27357799245590075,-0.2872667133481251,-51.702115641004895,52.952115641004895,3,15
DI_GAP3_SUPPORT,1.25,1.0,TRAIN,147,0.41496598639455784,0.7035822634187398,-0.17180556646422762,-0.19861574582961233,-0.21202083551230475,-25.25541827024146,27.999999999999996,2,10
DI_GAP3_SUPPORT,1.25,1.0,OOS,63,0.3492063492063492,0.5365853658536586,-0.30158730158730157,-0.33028835568289994,-0.34463888273069915,-19.0,20.0,1,5
DI_GAP3_SUPPORT,1.25,1.0,YTD2026,11,0.36363636363636365,0.5714285714285714,-0.2727272727272727,-0.30369196614914606,-0.3191743128600827,-3.0,3.0,0,1
DI_GAP3_SUPPORT,1.25,1.0,FULL,210,0.3952380952380952,0.6493290302982667,-0.21074008700114982,-0.23811752878559866,-0.25180624967782306,-44.255418270241464,47.0,3,15
DI_GAP3_SUPPORT,1.5,0.2,TRAIN,147,0.7074829931972789,0.48372093023255813,-0.1510204081632653,-0.17336222430108592,-0.1845331323699962,-22.200000000000003,25.800000000000015,3,10
DI_GAP3_SUPPORT,1.5,0.2,OOS,63,0.6190476190476191,0.32500000000000007,-0.2571428571428572,-0.2810604022225224,-0.2930191747623552,-16.200000000000003,16.20000000000001,1,5
DI_GAP3_SUPPORT,1.5,0.2,YTD2026,11,0.5454545454545454,0.24,-0.34545454545454546,-0.3712584566394399,-0.3841604122318871,-3.8,3.8,0,1
DI_GAP3_SUPPORT,1.5,0.2,FULL,210,0.680952380952381,0.42686567164179096,-0.18285714285714286,-0.2056716776775169,-0.2170789450877039,-38.4,41.599999999999994,4,15
DI_GAP3_SUPPORT,1.5,0.25,TRAIN,147,0.6938775510204082,0.5666666666666667,-0.1326530612244898,-0.1549948773623104,-0.16616578543122074,-19.5,23.75,2,10
DI_GAP3_SUPPORT,1.5,0.25,OOS,63,0.6190476190476191,0.40625,-0.2261904761904762,-0.25010802127014153,-0.2620667938099742,-14.25,14.25,1,5
DI_GAP3_SUPPORT,1.5,0.25,YTD2026,11,0.5454545454545454,0.3,-0.3181818181818182,-0.3439857293667126,-0.35688768495915985,-3.5,3.5,0,1
DI_GAP3_SUPPORT,1.5,0.25,FULL,210,0.6714285714285714,0.5108695652173914,-0.16071428571428573,-0.18352882053465974,-0.19493608794484676,-33.75,37.25,3,15
DI_GAP3_SUPPORT,1.5,0.3,TRAIN,147,0.6870748299319728,0.658695652173913,-0.10680272108843536,-0.12914453722625602,-0.14031544529516632,-15.699999999999998,21.79999999999999,3,10
DI_GAP3_SUPPORT,1.5,0.3,OOS,63,0.6031746031746031,0.4560000000000002,-0.21587301587301586,-0.2397905609526812,-0.25174933349251394,-13.6,13.599999999999989,1,5
DI_GAP3_SUPPORT,1.5,0.3,YTD2026,11,0.5454545454545454,0.36,-0.29090909090909095,-0.3167130020939854,-0.3296149576864326,-3.2,3.2,0,1
DI_GAP3_SUPPORT,1.5,0.3,FULL,210,0.6619047619047619,0.5873239436619718,-0.13952380952380952,-0.16233834434418357,-0.1737456117543706,-29.3,34.29999999999996,4,15
DI_GAP3_SUPPORT,1.5,0.4,TRAIN,147,0.5986394557823129,0.5966101694915253,-0.16190476190476194,-0.18424657804258252,-0.19541748611149282,-23.800000000000004,26.600000000000016,1,10
DI_GAP3_SUPPORT,1.5,0.4,OOS,63,0.5555555555555556,0.5000000000000001,-0.22222222222222215,-0.24613976730188758,-0.2580985398417202,-13.999999999999996,13.999999999999993,1,5
DI_GAP3_SUPPORT,1.5,0.4,YTD2026,11,0.5454545454545454,0.48,-0.23636363636363633,-0.2621675475485308,-0.275069503140978,-2.5999999999999996,2.8,0,1
DI_GAP3_SUPPORT,1.5,0.4,FULL,210,0.5857142857142857,0.5655172413793104,-0.18,-0.20281453482037404,-0.21422180223056103,-37.8,38.800000000000075,2,15
DI_GAP3_SUPPORT,1.5,0.5,TRAIN,147,0.5374149659863946,0.5962945072011074,-0.18192132500045494,-0.20426314113827554,-0.21543404920718584,-26.742434775066876,29.742434775066876,3,10
DI_GAP3_SUPPORT,1.5,0.5,OOS,63,0.5238095238095238,0.55,-0.21428571428571427,-0.23820325936537962,-0.25016203190521236,-13.5,13.5,1,5
DI_GAP3_SUPPORT,1.5,0.5,YTD2026,11,0.5454545454545454,0.6,-0.18181818181818182,-0.20762209300307627,-0.2205240485955235,-2.0,2.5,0,1
DI_GAP3_SUPPORT,1.5,0.5,FULL,210,0.5333333333333333,0.5818639161704551,-0.19163064178603273,-0.2144451766064068,-0.22585244401659377,-40.242434775066876,40.742434775066876,4,15
DI_GAP3_SUPPORT,1.5,0.6,TRAIN,147,0.5170068027210885,0.6585556985124945,-0.16083288962630526,-0.1831747057641259,-0.19434561383303617,-23.642434775066874,27.642434775066864,2,10
DI_GAP3_SUPPORT,1.5,0.6,OOS,63,0.47619047619047616,0.5454545454545455,-0.2380952380952381,-0.2620127831749034,-0.2739715557147362,-15.000000000000002,16.200000000000003,1,5
DI_GAP3_SUPPORT,1.5,0.6,YTD2026,11,0.5454545454545454,0.72,-0.1272727272727273,-0.1530766384576217,-0.16597859405006896,-1.4000000000000001,2.2,0,1
DI_GAP3_SUPPORT,1.5,0.6,FULL,210,0.5047619047619047,0.6220509139861531,-0.18401159416698512,-0.20682612898735916,-0.21823339639754616,-38.642434775066874,40.642434775066825,3,15
DI_GAP3_SUPPORT,1.5,0.75,TRAIN,147,0.48299319727891155,0.7172447962049213,-0.14280567874195152,-0.16514749487977212,-0.17631840294868245,-20.992434775066872,24.324005074229465,1,10
DI_GAP3_SUPPORT,1.5,0.75,OOS,63,0.42857142857142855,0.5625,-0.25,-0.2739175450796654,-0.285876317619498,-15.75,15.75,1,5
DI_GAP3_SUPPORT,1.5,0.75,YTD2026,11,0.36363636363636365,0.42857142857142855,-0.36363636363636365,-0.3894402748212581,-0.4023422304137053,-4.0,4.0,0,1
DI_GAP3_SUPPORT,1.5,0.75,FULL,210,0.4666666666666667,0.6667124156860805,-0.17496397511936607,-0.19777850993974014,-0.2091857773499271,-36.742434775066876,38.07400507422946,2,15
DI_GAP3_SUPPORT,1.5,1.0,TRAIN,147,0.42857142857142855,0.7513021063229577,-0.13913959387367808,-0.16148141001149868,-0.172652318080409,-20.45352029943068,24.88240651402064,2,10
DI_GAP3_SUPPORT,1.5,1.0,OOS,63,0.38095238095238093,0.5973143517960047,-0.24928159174533043,-0.2731991368249958,-0.28515790936482843,-15.704740279955818,17.0,1,5
DI_GAP3_SUPPORT,1.5,1.0,YTD2026,11,0.36363636363636365,0.5714285714285714,-0.2727272727272727,-0.29853118391216715,-0.3114331395046144,-3.0,3.0,0,1
DI_GAP3_SUPPORT,1.5,1.0,FULL,210,0.4142857142857143,0.7017689339011663,-0.17218219323517378,-0.19499672805554782,-0.20640399546573482,-36.15826057938649,40.882406514020644,3,15
DI_GAP3_SUPPORT,1.75,0.2,TRAIN,147,0.782312925170068,0.71875,-0.06122448979591838,-0.08037461791405032,-0.0899496819731163,-9.000000000000002,12.6,3,10
DI_GAP3_SUPPORT,1.75,0.2,OOS,63,0.6666666666666666,0.3999999999999999,-0.20000000000000004,-0.22050075292542745,-0.23075112938814113,-12.600000000000003,13.00000000000001,1,5
DI_GAP3_SUPPORT,1.75,0.2,YTD2026,11,0.6363636363636364,0.35,-0.23636363636363636,-0.2584812745221173,-0.2695400936013578,-2.6,2.6,0,1
DI_GAP3_SUPPORT,1.75,0.2,FULL,210,0.7476190476190476,0.5924528301886791,-0.10285714285714284,-0.12241245841746345,-0.13219011619762372,-21.599999999999998,24.800000000000033,4,15
DI_GAP3_SUPPORT,1.75,0.25,TRAIN,147,0.7687074829931972,0.8308823529411765,-0.0391156462585034,-0.05826577437663536,-0.06784083843570132,-5.75,11.25,3,10
DI_GAP3_SUPPORT,1.75,0.25,OOS,63,0.6507936507936508,0.4659090909090909,-0.1865079365079365,-0.2070086894333639,-0.21725906589607769,-11.75,12.25,1,5
DI_GAP3_SUPPORT,1.75,0.25,YTD2026,11,0.6363636363636364,0.4375,-0.20454545454545456,-0.22666309270393548,-0.23772191178317595,-2.25,2.5,0,1
DI_GAP3_SUPPORT,1.75,0.25,FULL,210,0.7333333333333333,0.6875,-0.08333333333333333,-0.10288864889365396,-0.11266630667381422,-17.5,22.25,4,15
DI_GAP3_SUPPORT,1.75,0.3,TRAIN,147,0.7210884353741497,0.7756097560975608,-0.06258503401360543,-0.08173516213173743,-0.0913102261908034,-9.2,15.300000000000006,3,10
DI_GAP3_SUPPORT,1.75,0.3,OOS,63,0.6349206349206349,0.5217391304347826,-0.17460317460317454,-0.19510392752860206,-0.20535430399131574,-10.999999999999996,11.599999999999993,1,5
DI_GAP3_SUPPORT,1.75,0.3,YTD2026,11,0.6363636363636364,0.525,-0.17272727272727273,-0.1948449108857537,-0.20590372996499415,-1.9,2.4,0,1
DI_GAP3_SUPPORT,1.75,0.3,FULL,210,0.6952380952380952,0.684375,-0.0961904761904762,-0.11574579175079681,-0.12552344953095707,-20.200000000000003,25.199999999999974,4,15
DI_GAP3_SUPPORT,1.75,0.4,TRAIN,147,0.6394557823129252,0.7348657919058278,-0.09228438951557734,-0.11143451763370928,-0.12100958169277524,-13.565805258789869,16.007801235771602,3,10
DI_GAP3_SUPPORT,1.75,0.4,OOS,63,0.6031746031746031,0.6080000000000001,-0.15555555555555553,-0.17605630848098294,-0.1863066849436967,-9.799999999999999,10.799999999999999,1,5
DI_GAP3_SUPPORT,1.75,0.4,YTD2026,11,0.6363636363636364,0.7,-0.10909090909090907,-0.13120854724939005,-0.1422673663286305,-1.1999999999999997,2.2,0,1
DI_GAP3_SUPPORT,1.75,0.4,FULL,210,0.6285714285714286,0.693224470227821,-0.11126573932757078,-0.1308210548878914,-0.14059871266805166,-23.365805258789862,24.207801235771612,4,15
DI_GAP3_SUPPORT,1.75,0.5,TRAIN,147,0.6122448979591837,0.8157227070084307,-0.06915513781489706,-0.08830526593302901,-0.09788032999209499,-10.165805258789868,16.06343292076811,4,10
DI_GAP3_SUPPORT,1.75,0.5,OOS,63,0.5555555555555556,0.6430866908549853,-0.1541667512070649,-0.1746675041324923,-0.18491788059520606,-9.71250532604509,11.5,1,5
DI_GAP3_SUPPORT,1.75,0.5,YTD2026,11,0.6363636363636364,0.875,-0.045454545454545456,-0.0675721836130264,-0.07863100269226687,-0.5,2.0,0,1
DI_GAP3_SUPPORT,1.75,0.5,FULL,210,0.5952380952380952,0.7586948500920779,-0.09465862183254742,-0.11421393739286803,-0.12399159517302831,-19.878310584834956,24.775938246813197,5,15
DI_GAP3_SUPPORT,1.75,0.6,TRAIN,147,0.5578231292517006,0.778902442522943,-0.09500547795095148,-0.11415560606908347,-0.12373067012814944,-13.965805258789867,20.263432920768118,3,10
DI_GAP3_SUPPORT,1.75,0.6,OOS,63,0.49206349206349204,0.595914996431874,-0.20019849723881097,-0.2206992501642383,-0.2309496266269521,-12.612505326045092,13.400000000000006,1,5
DI_GAP3_SUPPORT,1.75,0.6,YTD2026,11,0.45454545454545453,0.5,-0.2727272727272727,-0.29484491088575365,-0.30590372996499415,-3.0,3.0,0,1
DI_GAP3_SUPPORT,1.75,0.6,FULL,210,0.5380952380952381,0.7183853957531459,-0.12656338373730933,-0.14611869929762994,-0.15589635707779023,-26.578310584834956,31.475938246813193,4,15
DI_GAP3_SUPPORT,1.75,0.75,TRAIN,147,0.5238095238095238,0.8351139136634438,-0.07645981531361701,-0.09560994343174896,-0.10518500749081494,-11.2395928511017,17.06343292076811,2,10
DI_GAP3_SUPPORT,1.75,0.75,OOS,63,0.4603174603174603,0.6337716272415969,-0.1930692346156713,-0.2135699875410987,-0.22382036400381244,-12.163361780787291,14.0,1,5
DI_GAP3_SUPPORT,1.75,0.75,YTD2026,11,0.45454545454545453,0.625,-0.20454545454545456,-0.22666309270393548,-0.23772191178317595,-2.25,2.5,0,1
DI_GAP3_SUPPORT,1.75,0.75,FULL,210,0.5047619047619047,0.7691522526181274,-0.11144264110423328,-0.1309979566645539,-0.14077561444471418,-23.40295463188899,28.4767947015554,3,15
DI_GAP3_SUPPORT,1.75,1.0,TRAIN,147,0.46258503401360546,0.8699913030445535,-0.06778148524868274,-0.0869316133668147,-0.09650667742588068,-9.963878331556364,18.06343292076811,2,10
DI_GAP3_SUPPORT,1.75,1.0,OOS,63,0.3968253968253968,0.656478466042602,-0.19354871481156904,-0.21404946773699643,-0.22429984419971016,-12.193569033128849,15.248882585586054,1,5
DI_GAP3_SUPPORT,1.75,1.0,YTD2026,11,0.45454545454545453,0.8333333333333334,-0.09090909090909091,-0.11302672906757184,-0.12408554814681233,-1.0,2.0,0,1
DI_GAP3_SUPPORT,1.75,1.0,FULL,210,0.44285714285714284,0.8024053785768269,-0.10551165411754862,-0.12506696967786926,-0.13484462745802953,-22.15744736468521,30.475677287141455,3,15
DI_GAP3_SUPPORT,2.0,0.2,TRAIN,147,0.8231292517006803,0.9307692307692309,-0.012244897959183682,-0.029001260062549123,-0.03737944111423185,-1.8000000000000012,7.799999999999989,5,10
DI_GAP3_SUPPORT,2.0,0.2,OOS,63,0.7777777777777778,0.7,-0.06666666666666665,-0.08460482547641567,-0.09357390488129014,-4.199999999999999,5.4,2,5
DI_GAP3_SUPPORT,2.0,0.2,YTD2026,11,0.6363636363636364,0.35,-0.23636363636363636,-0.25571656975230717,-0.2653930364466426,-2.6,2.6,0,1
DI_GAP3_SUPPORT,2.0,0.2,FULL,210,0.8095238095238095,0.8499999999999999,-0.028571428571428567,-0.04568232968670908,-0.05423778024434935,-5.999999999999999,11.599999999999984,7,15
DI_GAP3_SUPPORT,2.0,0.25,TRAIN,147,0.7891156462585034,0.9354838709677419,-0.013605442176870748,-0.030361804280236212,-0.038739985331918955,-2.0,8.75,4,10
DI_GAP3_SUPPORT,2.0,0.25,OOS,63,0.746031746031746,0.734375,-0.06746031746031746,-0.08539847627006647,-0.09436755567494096,-4.25,4.75,1,5
DI_GAP3_SUPPORT,2.0,0.25,YTD2026,11,0.6363636363636364,0.4375,-0.20454545454545456,-0.2238983879341254,-0.2335748546284608,-2.25,2.5,0,1
DI_GAP3_SUPPORT,2.0,0.25,FULL,210,0.7761904761904762,0.8670212765957447,-0.02976190476190476,-0.046872805877185286,-0.05542825643482555,-6.25,12.25,5,15
DI_GAP3_SUPPORT,2.0,0.3,TRAIN,147,0.7346938775510204,0.8307692307692306,-0.044897959183673466,-0.06165432128703894,-0.07003250233872167,-6.6,10.100000000000001,4,10
DI_GAP3_SUPPORT,2.0,0.3,OOS,63,0.7301587301587301,0.8117647058823532,-0.05079365079365078,-0.0687318096033998,-0.07770088900827428,-3.1999999999999993,3.899999999999999,1,5
DI_GAP3_SUPPORT,2.0,0.3,YTD2026,11,0.6363636363636364,0.525,-0.17272727272727273,-0.19208020611594356,-0.201756672810279,-1.9,2.4,0,1
DI_GAP3_SUPPORT,2.0,0.3,FULL,210,0.7333333333333333,0.825,-0.04666666666666667,-0.0637775677819472,-0.07233301833958748,-9.8,12.199999999999998,5,15
DI_GAP3_SUPPORT,2.0,0.4,TRAIN,147,0.6530612244897959,0.7833524611182205,-0.07224543946558595,-0.08900180156895138,-0.09737998262063412,-10.620079601441136,14.58182608130015,3,10
DI_GAP3_SUPPORT,2.0,0.4,OOS,63,0.6666666666666666,0.8322623668787474,-0.053745113655388164,-0.07168327246513714,-0.08065235187001163,-3.385942160289454,4.4,1,5
DI_GAP3_SUPPORT,2.0,0.4,YTD2026,11,0.6363636363636364,0.7,-0.10909090909090907,-0.1284438424795799,-0.13812030917391535,-1.1999999999999997,2.2,0,1
DI_GAP3_SUPPORT,2.0,0.4,FULL,210,0.6571428571428571,0.7976184527705994,-0.06669534172252661,-0.08380624283780713,-0.09236169339544738,-14.00602176173059,16.567768241589594,4,15
DI_GAP3_SUPPORT,2.0,0.5,TRAIN,147,0.6190476190476191,0.8422793956561693,-0.05795972517987166,-0.07471608728323713,-0.08309426833491985,-8.520079601441134,15.555503805672098,3,10
DI_GAP3_SUPPORT,2.0,0.5,OOS,63,0.6031746031746031,0.7855803124839943,-0.08231654222681672,-0.1002547010365657,-0.10922378044144022,-5.1859421602894535,7.5,2,5
DI_GAP3_SUPPORT,2.0,0.5,YTD2026,11,0.45454545454545453,0.4166666666666667,-0.3181818181818182,-0.33753475157048896,-0.34721121826482443,-3.5,3.5,0,1
DI_GAP3_SUPPORT,2.0,0.5,FULL,210,0.6142857142857143,0.8247446749882181,-0.06526677029395518,-0.0823776714092357,-0.09093312196687597,-13.70602176173059,18.741445965961553,5,15
DI_GAP3_SUPPORT,2.0,0.6,TRAIN,147,0.5918367346938775,0.8892039826750892,-0.0437305696919319,-0.06048693179529734,-0.06886511284698008,-6.428393744713989,14.2,3,10
DI_GAP3_SUPPORT,2.0,0.6,OOS,63,0.6031746031746031,0.9426963749807934,-0.021999081909356406,-0.039937240719105434,-0.04890632012397989,-1.3859421602894535,5.3999999999999995,2,5
DI_GAP3_SUPPORT,2.0,0.6,YTD2026,11,0.45454545454545453,0.5,-0.2727272727272727,-0.29208020611594354,-0.30175667281027896,-3.0,3.0,0,1
DI_GAP3_SUPPORT,2.0,0.6,FULL,210,0.5952380952380952,0.9049420500160816,-0.03721112335715926,-0.05432202447243976,-0.06287747503008004,-7.814335905003444,15.385942160289455,5,15
DI_GAP3_SUPPORT,2.0,0.75,TRAIN,147,0.5374149659863946,0.8836960847204678,-0.0522339710524761,-0.06899033315584158,-0.07736851420752429,-7.678393744713986,13.96381794894495,2,10
DI_GAP3_SUPPORT,2.0,0.75,OOS,63,0.5396825396825397,0.8541608408452562,-0.06524784293080725,-0.08318600174055622,-0.09215508114543074,-4.110614104640857,8.75,2,5
DI_GAP3_SUPPORT,2.0,0.75,YTD2026,11,0.45454545454545453,0.625,-0.20454545454545456,-0.2238983879341254,-0.2335748546284608,-2.25,2.5,0,1
DI_GAP3_SUPPORT,2.0,0.75,FULL,210,0.5380952380952381,0.8748592963709684,-0.05613813261597546,-0.07324903373125596,-0.08180448428889622,-11.789007849354846,18.54587684361894,4,15
DI_GAP3_SUPPORT,2.0,1.0,TRAIN,147,0.48299319727891155,0.9213811686067697,-0.039274694730942555,-0.056031056834308035,-0.06440923788599077,-5.773380125448556,12.326804680913309,2,10
DI_GAP3_SUPPORT,2.0,1.0,OOS,63,0.4603174603174603,0.8533906954268586,-0.07315063873766439,-0.09108879754741335,-0.10005787695228789,-4.6084902404728565,7.217772262387797,2,5
DI_GAP3_SUPPORT,2.0,1.0,YTD2026,11,0.45454545454545453,0.8333333333333334,-0.09090909090909091,-0.11026202429776172,-0.11993849099209716,-1.0,2.0,0,1
DI_GAP3_SUPPORT,2.0,1.0,FULL,210,0.47619047619047616,0.9010014351794,-0.04943747793295911,-0.06654837904823963,-0.07510382960587988,-10.381870365921413,17.1266358379751,4,15
DI_GAP3_SUPPORT,2.25,0.2,TRAIN,147,0.8367346938775511,1.0250000000000001,0.004081632653061216,-0.010812911438819172,-0.018260183484759374,0.5999999999999988,5.7999999999999945,6,10
DI_GAP3_SUPPORT,2.25,0.2,OOS,63,0.7936507936507936,0.769230769230769,-0.047619047619047616,-0.06356407767215784,-0.07153659269871296,-3.0,3.4,2,5
DI_GAP3_SUPPORT,2.25,0.2,YTD2026,11,0.7272727272727273,0.5333333333333333,-0.1272727272727273,-0.14447533472932356,-0.1530766384576217,-1.4000000000000001,1.4000000000000001,0,1
DI_GAP3_SUPPORT,2.25,0.2,FULL,210,0.8238095238095238,0.935135135135135,-0.011428571428571427,-0.026638261308820785,-0.03424310624894545,-2.3999999999999995,7.9999999999999964,8,15
DI_GAP3_SUPPORT,2.25,0.25,TRAIN,147,0.782312925170068,0.8984375,-0.022108843537414966,-0.037003387629295365,-0.04445065967523557,-3.25,10.0,3,10
DI_GAP3_SUPPORT,2.25,0.25,OOS,63,0.7777777777777778,0.875,-0.027777777777777776,-0.04372280783088801,-0.05169532285744313,-1.75,3.5,2,5
DI_GAP3_SUPPORT,2.25,0.25,YTD2026,11,0.7272727272727273,0.6666666666666666,-0.09090909090909091,-0.10811169836568721,-0.11671300209398536,-1.0,1.25,0,1
DI_GAP3_SUPPORT,2.25,0.25,FULL,210,0.780952380952381,0.8913043478260869,-0.023809523809523808,-0.039019213689773166,-0.04662405862989786,-5.0,12.25,5,15
DI_GAP3_SUPPORT,2.25,0.3,TRAIN,147,0.7210884353741497,0.8153184165276616,-0.04887998554500039,-0.06377452963688081,-0.07122180168282102,-7.1853578751150575,9.485357875115064,3,10
DI_GAP3_SUPPORT,2.25,0.3,OOS,63,0.746031746031746,0.8812500000000003,-0.03015873015873014,-0.04610376021184043,-0.05407627523839551,-1.8999999999999988,3.9000000000000004,1,5
DI_GAP3_SUPPORT,2.25,0.3,YTD2026,11,0.7272727272727273,0.7999999999999999,-0.05454545454545454,-0.07174806200205085,-0.080349365730349,-0.6,1.1,0,1
DI_GAP3_SUPPORT,2.25,0.3,FULL,210,0.7285714285714285,0.8345310921492485,-0.04326360892911934,-0.0584732988093687,-0.06607814374949336,-9.085357875115061,11.685357875115052,4,15
DI_GAP3_SUPPORT,2.25,0.4,TRAIN,147,0.6530612244897959,0.7815156267205841,-0.0726895093545242,-0.08758405344640462,-0.0950313254923448,-10.685357875115058,15.849336716152969,3,10
DI_GAP3_SUPPORT,2.25,0.4,OOS,63,0.6984126984126984,0.9688811920046825,-0.008972728892972907,-0.0249177589460831,-0.03289027397263819,-0.5652819202572931,4.4,3,5
DI_GAP3_SUPPORT,2.25,0.4,YTD2026,11,0.7272727272727273,1.0666666666666667,0.0181818181818182,0.0009792107252218805,-0.0076220930030762475,0.20000000000000018,1.0,1,1
DI_GAP3_SUPPORT,2.25,0.4,FULL,210,0.6666666666666666,0.8322603090610694,-0.05357447521605882,-0.06878416509630815,-0.07638901003643285,-11.250639795372352,17.814618636410252,6,15
DI_GAP3_SUPPORT,2.25,0.5,TRAIN,147,0.6122448979591837,0.814497120880558,-0.06928814881030652,-0.08418269290218694,-0.09162996494812713,-10.18535787511506,14.549336716152975,2,10
DI_GAP3_SUPPORT,2.25,0.5,OOS,63,0.6349206349206349,0.9169121715017221,-0.028767300982547962,-0.04471233103565819,-0.052684846062213325,-1.8123399619005216,4.64705804164323,2,5
DI_GAP3_SUPPORT,2.25,0.5,YTD2026,11,0.5454545454545454,0.6455697288728464,-0.14973254924029364,-0.16693515669688994,-0.17553646042518806,-1.6470580416432299,2.1470580416432297,0,1
DI_GAP3_SUPPORT,2.25,0.5,FULL,210,0.6190476190476191,0.8436151965599861,-0.05713189446197895,-0.0723415843422283,-0.079946429282353,-11.99769783701558,16.21461863641027,4,15
DI_GAP3_SUPPORT,2.25,0.6,TRAIN,147,0.5714285714285714,0.8226951479841048,-0.0723482354935231,-0.08724277958540351,-0.09469005163134371,-10.635190617547895,16.399169458585817,2,10
DI_GAP3_SUPPORT,2.25,0.6,OOS,63,0.5873015873015873,0.867986862910204,-0.05199293391919049,-0.06793796397230074,-0.07591047899885585,-3.275554836909001,6.6,2,5
DI_GAP3_SUPPORT,2.25,0.6,YTD2026,11,0.5454545454545454,0.7746836746474156,-0.09518709469483909,-0.11238970215143541,-0.12099100587973353,-1.04705804164323,2.0,0,1
DI_GAP3_SUPPORT,2.25,0.6,FULL,210,0.5761904761904761,0.8359482333656537,-0.06624164502122333,-0.08145133490147267,-0.08905617984159736,-13.9107454544569,19.8276662538516,4,15
DI_GAP3_SUPPORT,2.25,0.75,TRAIN,147,0.5170068027210885,0.8239965465041538,-0.08063999540522578,-0.09553453949710616,-0.10298181154304638,-11.85407932456819,17.468058165606106,2,10
DI_GAP3_SUPPORT,2.25,0.75,OOS,63,0.5238095238095238,0.829597057774908,-0.07575064076017336,-0.09169567081328363,-0.09966818583983872,-4.772290367890922,9.14379357262515,2,5
DI_GAP3_SUPPORT,2.25,0.75,YTD2026,11,0.5454545454545454,0.9683545933092695,-0.013368912876657263,-0.03057152033325358,-0.03917282406155171,-0.1470580416432299,2.0,0,1
DI_GAP3_SUPPORT,2.25,0.75,FULL,210,0.5190476190476191,0.8256413856102328,-0.07917318901171004,-0.09438287889195938,-0.1019877238320841,-16.626369692459107,23.490348533497027,4,15
DI_GAP3_SUPPORT,2.25,1.0,TRAIN,147,0.46938775510204084,0.8227716156759448,-0.08884053445300451,-0.10373507854488491,-0.11118235059082511,-13.059558564591663,16.85452843383367,3,10
DI_GAP3_SUPPORT,2.25,1.0,OOS,63,0.42857142857142855,0.784328342136414,-0.10760794553159293,-0.12355297558470314,-0.13152549061125826,-6.7793005684903545,11.150803773224583,2,5
DI_GAP3_SUPPORT,2.25,1.0,YTD2026,11,0.36363636363636365,0.7924218234814697,-0.09525605055629903,-0.11245865801289533,-0.12105996174119348,-1.0478165561192894,3.0478165561192894,0,1
DI_GAP3_SUPPORT,2.25,1.0,FULL,210,0.45714285714285713,0.8112762712198015,-0.09447075777658102,-0.10968044765683038,-0.11728529259695505,-19.838859133082014,25.633829002324028,5,15
DI_GAP3_SUPPORT,2.5,0.2,TRAIN,147,0.8231292517006803,0.9307692307692309,-0.012244897959183676,-0.025649987641876027,-0.03235253248322222,-1.8000000000000005,8.799999999999999,4,10
DI_GAP3_SUPPORT,2.5,0.2,OOS,63,0.7777777777777778,0.7,-0.06666666666666665,-0.08101719371446586,-0.08819245723836545,-4.199999999999999,4.599999999999998,2,5
DI_GAP3_SUPPORT,2.5,0.2,YTD2026,11,0.7272727272727273,0.5333333333333333,-0.1272727272727273,-0.1427550739836639,-0.15049624733913225,-1.4000000000000001,1.4000000000000001,0,1
DI_GAP3_SUPPORT,2.5,0.2,FULL,210,0.8095238095238095,0.8499999999999999,-0.028571428571428564,-0.042260149463652974,-0.04910450990976519,-5.999999999999998,10.399999999999991,6,15
DI_GAP3_SUPPORT,2.5,0.25,TRAIN,147,0.7959183673469388,0.9733080531183119,-0.0054473360983037025,-0.018852425780996072,-0.025554970622342243,-0.8007584064506443,7.25,4,10
DI_GAP3_SUPPORT,2.5,0.25,OOS,63,0.7619047619047619,0.8,-0.047619047619047616,-0.06196957466684683,-0.06914483819074643,-3.0,3.5,1,5
DI_GAP3_SUPPORT,2.5,0.25,YTD2026,11,0.7272727272727273,0.6666666666666666,-0.09090909090909091,-0.10639143762002758,-0.11413261097549589,-1.0,1.25,0,1
DI_GAP3_SUPPORT,2.5,0.25,FULL,210,0.7857142857142857,0.9155387020788747,-0.01809884955452688,-0.0317875704467513,-0.0386319308928635,-3.8007584064506443,7.25,5,15
DI_GAP3_SUPPORT,2.5,0.3,TRAIN,147,0.7278911564625851,0.8637702741605575,-0.03433175297857513,-0.04773684266126751,-0.0544393875026137,-5.0467676878505445,11.474348644784666,4,10
DI_GAP3_SUPPORT,2.5,0.3,OOS,63,0.7301587301587301,0.8117647058823532,-0.050793650793650794,-0.06514417784145,-0.07231944136534961,-3.2,5.0,1,5
DI_GAP3_SUPPORT,2.5,0.3,YTD2026,11,0.7272727272727273,0.7999999999999999,-0.05454545454545454,-0.07002780125639121,-0.07776897461185954,-0.6,1.1,0,1
DI_GAP3_SUPPORT,2.5,0.3,FULL,210,0.7285714285714285,0.8474120883761773,-0.03927032232309783,-0.05295904321532224,-0.059803403661434475,-8.246767687850545,11.674348644784668,5,15
DI_GAP3_SUPPORT,2.5,0.4,TRAIN,147,0.6666666666666666,0.8655433043038275,-0.04121283210486583,-0.0546179217875582,-0.06132046662890439,-6.058286319415277,11.674348644784665,5,10
DI_GAP3_SUPPORT,2.5,0.4,OOS,63,0.6349206349206349,0.7911484721561175,-0.0670438732195975,-0.0813944002673967,-0.08856966379129629,-4.223764012834642,5.0750102846030805,1,5
DI_GAP3_SUPPORT,2.5,0.4,YTD2026,11,0.5454545454545454,0.5237484758091008,-0.19839565795262792,-0.21387800466356455,-0.22161917801903286,-2.182352237478907,2.382352237478907,0,1
DI_GAP3_SUPPORT,2.5,0.4,FULL,210,0.6571428571428571,0.8424962186113469,-0.04896214443928532,-0.06265086533150975,-0.06949522577762195,-10.282050332249918,13.509631289184025,6,15
DI_GAP3_SUPPORT,2.5,0.5,TRAIN,147,0.6258503401360545,0.8847390801202646,-0.04003358934716708,-0.053438679029859444,-0.06014122387120565,-5.884937634033561,10.80099995940295,3,10
DI_GAP3_SUPPORT,2.5,0.5,OOS,63,0.6349206349206349,0.9659131934729512,-0.01094227827228862,-0.02529280532008781,-0.03246806884398742,-0.689363531154183,3.756763041007164,3,5
DI_GAP3_SUPPORT,2.5,0.5,YTD2026,11,0.5454545454545454,0.6546855947613759,-0.14385020340717336,-0.15933255011811,-0.16707372347357835,-1.582352237478907,2.082352237478907,0,1
DI_GAP3_SUPPORT,2.5,0.5,FULL,210,0.6285714285714286,0.9077696126491184,-0.03130619602470355,-0.04499491691692796,-0.051839277363040163,-6.574301165187745,11.46127231919925,6,15
DI_GAP3_SUPPORT,2.5,0.6,TRAIN,147,0.5850340136054422,0.899277280067555,-0.038456706038128105,-0.05186179572082048,-0.058564340562166695,-5.653135787604832,12.20099995940295,3,10
DI_GAP3_SUPPORT,2.5,0.6,OOS,63,0.5714285714285714,0.8446359712585658,-0.05973812013199623,-0.07408864717979546,-0.08126391070369507,-3.7635015683157627,6.692658047124171,2,5
DI_GAP3_SUPPORT,2.5,0.6,YTD2026,11,0.5454545454545454,0.7856227137136511,-0.08930474886171882,-0.10478709557265548,-0.11252826892812383,-0.9823522374789071,2.0,0,1
DI_GAP3_SUPPORT,2.5,0.6,FULL,210,0.580952380952381,0.882804018462112,-0.044841130266288554,-0.058529851158512995,-0.0653742116046252,-9.416637355920596,15.839021907402339,5,15
DI_GAP3_SUPPORT,2.5,0.75,TRAIN,147,0.5306122448979592,0.8982315334363907,-0.0433530138455945,-0.05675810352828686,-0.06346064836963307,-6.372893035302392,12.382999795721215,2,10
DI_GAP3_SUPPORT,2.5,0.75,OOS,63,0.49206349206349204,0.7898844418363321,-0.09145718217430737,-0.10580770922210656,-0.11298297274600622,-5.761802476981364,8.34615536124217,1,5
DI_GAP3_SUPPORT,2.5,0.75,YTD2026,11,0.5454545454545454,0.9820283921420639,-0.007486567043536987,-0.02296891375447364,-0.030710087109941994,-0.08235223747890685,2.0,0,1
DI_GAP3_SUPPORT,2.5,0.75,FULL,210,0.5190476190476191,0.8652352687431847,-0.05778426434420836,-0.07147298523643279,-0.07831734568254498,-12.134695512283756,17.888283391541037,3,15
DI_GAP3_SUPPORT,2.5,1.0,TRAIN,147,0.48299319727891155,0.9014929569856835,-0.04512804713960517,-0.058533136822297535,-0.06523568166364374,-6.63382292952196,17.824854192726526,4,10
DI_GAP3_SUPPORT,2.5,1.0,OOS,63,0.4126984126984127,0.7286300931657604,-0.13259541816056294,-0.1469459452083621,-0.15412120873226173,-8.353511344115466,11.204757615883901,1,5
DI_GAP3_SUPPORT,2.5,1.0,YTD2026,11,0.36363636363636365,0.8092194533341115,-0.08573044550066912,-0.10121279221160581,-0.10895396556707414,-0.9430349005073604,2.94303490050736,0,1
DI_GAP3_SUPPORT,2.5,1.0,FULL,210,0.46190476190476193,0.8472649966313457,-0.07136825844589251,-0.08505697933811693,-0.09190133978422912,-14.987334273637428,23.433327717999028,5,15
DI_GAP3_SUPPORT,3.0,0.2,TRAIN,147,0.8163265306122449,0.8876309133811531,-0.0206392199912168,-0.03181012806012712,-0.03739558209458225,-3.0339653387088696,7.999999999999997,6,10
DI_GAP3_SUPPORT,3.0,0.2,OOS,63,0.7777777777777778,0.7,-0.06666666666666665,-0.07862543920649931,-0.08460482547641564,-4.199999999999999,4.599999999999998,1,5
DI_GAP3_SUPPORT,3.0,0.2,YTD2026,11,0.7272727272727273,0.5333333333333333,-0.1272727272727273,-0.14017468286517448,-0.1466256606613981,-1.4000000000000001,1.4000000000000001,0,1
DI_GAP3_SUPPORT,3.0,0.2,FULL,210,0.8047619047619048,0.8235618210071007,-0.034447453993851754,-0.04585472140403877,-0.05155835510913227,-7.2339653387088685,9.199999999999985,7,15
DI_GAP3_SUPPORT,3.0,0.25,TRAIN,147,0.7551020408163265,0.8416375242603792,-0.03541251523724798,-0.04658342330615828,-0.05216887734061343,-5.205639739875453,10.47862387065389,5,10
DI_GAP3_SUPPORT,3.0,0.25,OOS,63,0.746031746031746,0.734375,-0.06746031746031746,-0.07941909000015014,-0.08539847627006647,-4.25,4.75,1,5
DI_GAP3_SUPPORT,3.0,0.25,YTD2026,11,0.7272727272727273,0.6666666666666666,-0.09090909090909091,-0.10381104650153813,-0.11026202429776175,-1.0,1.25,0,1
DI_GAP3_SUPPORT,3.0,0.25,FULL,210,0.7523809523809524,0.8065210603946537,-0.045026855904168814,-0.05643412331435583,-0.06213775701944934,-9.455639739875451,10.47862387065389,6,15
DI_GAP3_SUPPORT,3.0,0.3,TRAIN,147,0.7074829931972789,0.8564696400715168,-0.0354160635966821,-0.0465869716655924,-0.05217242570004757,-5.206161348712269,11.482396243664331,5,10
DI_GAP3_SUPPORT,3.0,0.3,OOS,63,0.7142857142857143,0.8262980359394547,-0.04504651811162338,-0.057005290651456056,-0.06298467692137237,-2.8379306410322727,4.013969200839305,1,5
DI_GAP3_SUPPORT,3.0,0.3,YTD2026,11,0.7272727272727273,0.7999999999999999,-0.05454545454545454,-0.06744741013790177,-0.07389838793412538,-0.6,1.1,0,1
DI_GAP3_SUPPORT,3.0,0.3,FULL,210,0.7095238095238096,0.8470999311006945,-0.03830519995116447,-0.04971246736135149,-0.055416101066445005,-8.044091989744539,11.92992574433389,6,15
DI_GAP3_SUPPORT,3.0,0.4,TRAIN,147,0.6666666666666666,0.9121951433510616,-0.025249687829212036,-0.036420595898122334,-0.042006049932577484,-3.711704110894169,8.882396243664328,5,10
DI_GAP3_SUPPORT,3.0,0.4,OOS,63,0.6349206349206349,0.7992086498078503,-0.06380640228617253,-0.07576517482600514,-0.0817445610959215,-4.019803344028869,4.895841903835901,1,5
DI_GAP3_SUPPORT,3.0,0.4,YTD2026,11,0.5454545454545454,0.5350820371706092,-0.1895721392029475,-0.2024740947953947,-0.2089250725916183,-2.0852935312324226,2.2852935312324223,0,1
DI_GAP3_SUPPORT,3.0,0.4,FULL,210,0.6571428571428571,0.8758828174549101,-0.03681670216630018,-0.04822396957648719,-0.05392760328158069,-7.731507454923038,11.511798447330463,6,15
DI_GAP3_SUPPORT,3.0,0.5,TRAIN,147,0.6258503401360545,0.9520688251848224,-0.01543221704446868,-0.026603125113378975,-0.03218857914783412,-2.268535905536896,10.039228038307055,5,10
DI_GAP3_SUPPORT,3.0,0.5,OOS,63,0.5873015873015873,0.7623965522849743,-0.08681880381370058,-0.09877757635353322,-0.10475696262344958,-5.469584640263136,6.345623200070168,2,5
DI_GAP3_SUPPORT,3.0,0.5,YTD2026,11,0.5454545454545454,0.6688525464632615,-0.13502668465749296,-0.14792864024994015,-0.1543796180461638,-1.4852935312324225,2.0,0,1
DI_GAP3_SUPPORT,3.0,0.5,FULL,210,0.6142857142857143,0.8900035662362845,-0.03684819307523825,-0.04825546048542526,-0.05395909419051876,-7.738120545800032,13.51841153820747,7,15
DI_GAP3_SUPPORT,3.0,0.6,TRAIN,147,0.5714285714285714,0.9293213575560676,-0.02543438061800667,-0.036605288686916995,-0.04219074272137215,-3.7388539508469805,10.6544892691329,3,10
DI_GAP3_SUPPORT,3.0,0.6,OOS,63,0.5238095238095238,0.752796016344276,-0.09669113042227209,-0.10864990296210476,-0.1146292892320211,-6.091541216603142,7.970168620153814,1,5
DI_GAP3_SUPPORT,3.0,0.6,YTD2026,11,0.5454545454545454,0.8026230557559139,-0.08048123011203842,-0.09338318570448562,-0.09983416350070923,-0.8852935312324226,2.0,0,1
DI_GAP3_SUPPORT,3.0,0.6,FULL,210,0.5571428571428572,0.8732234333030073,-0.04681140555928631,-0.05821867296947333,-0.06392230667456683,-9.830395167450126,14.73401962959235,4,15
DI_GAP3_SUPPORT,3.0,0.75,TRAIN,147,0.5374149659863946,0.9152174805811405,-0.032603515956481324,-0.04377442402539163,-0.0493598780598468,-4.7927168456027545,12.053980411654738,4,10
DI_GAP3_SUPPORT,3.0,0.75,OOS,63,0.4603174603174603,0.741977404103112,-0.11034491457285578,-0.12230368711268845,-0.12828307338260478,-6.951729618089914,9.480357021640586,1,5
DI_GAP3_SUPPORT,3.0,0.75,YTD2026,11,0.36363636363636365,0.6268462689791356,-0.16235112882631517,-0.1752530844187624,-0.18170406221498603,-1.7858624170894668,3.0358624170894672,0,1
DI_GAP3_SUPPORT,3.0,0.75,FULL,210,0.5142857142857142,0.8593005452759575,-0.05592593554139367,-0.06733320295158068,-0.0730368366566742,-11.74444646369267,17.01993339219976,5,15
DI_GAP3_SUPPORT,3.0,1.0,TRAIN,147,0.46938775510204084,0.894872311930808,-0.044680695085277715,-0.05585160315418801,-0.061437057188643174,-6.5680621775358246,20.53834964252628,4,10
DI_GAP3_SUPPORT,3.0,1.0,OOS,63,0.42857142857142855,0.7258707162658758,-0.12593555341663834,-0.13789432595647103,-0.14387371222638737,-7.933939865248216,10.732593678812457,0,5
DI_GAP3_SUPPORT,3.0,1.0,YTD2026,11,0.36363636363636365,0.8196255788194512,-0.07847701484838683,-0.09137897044083405,-0.09782994823705767,-0.8632471633322552,2.7858624170894672,0,1
DI_GAP3_SUPPORT,3.0,1.0,FULL,210,0.45714285714285713,0.8413683099560398,-0.06905715258468591,-0.08046441999487293,-0.08616805369996644,-14.50200204278404,23.159128123986818,4,15
DI_GAP5_SUPPORT,0.75,0.2,TRAIN,109,0.2018348623853211,0.050574712643678174,-0.7577981651376147,-0.802651380899911,-0.8250779887810586,-82.6,82.59999999999998,0,10
DI_GAP5_SUPPORT,0.75,0.2,OOS,46,0.08695652173913043,0.01904761904761905,-0.8956521739130435,-0.9442831964628035,-0.9685987077376832,-41.2,41.199999999999996,0,5
DI_GAP5_SUPPORT,0.75,0.2,YTD2026,6,0.0,0.0,-1.0,-1.0566861177312228,-1.0850291765968338,-6.0,6.0,0,1
DI_GAP5_SUPPORT,0.75,0.2,FULL,155,0.16774193548387098,0.04031007751937985,-0.7987096774193548,-0.8446840487443821,-0.8676712344068956,-123.8,123.79999999999997,0,15
DI_GAP5_SUPPORT,0.75,0.25,TRAIN,109,0.2018348623853211,0.06321839080459771,-0.7477064220183486,-0.7925596377806446,-0.8149862456617927,-81.5,81.5,0,10
DI_GAP5_SUPPORT,0.75,0.25,OOS,46,0.08695652173913043,0.023809523809523808,-0.8913043478260869,-0.939935370375847,-0.9642508816507266,-41.0,41.0,0,5
DI_GAP5_SUPPORT,0.75,0.25,YTD2026,6,0.0,0.0,-1.0,-1.0566861177312228,-1.0850291765968338,-6.0,6.0,0,1
DI_GAP5_SUPPORT,0.75,0.25,FULL,155,0.16774193548387098,0.050387596899224806,-0.7903225806451613,-0.8362969519701885,-0.8592841376327021,-122.5,122.5,0,15
DI_GAP5_SUPPORT,0.75,0.3,TRAIN,109,0.2018348623853211,0.07586206896551723,-0.7376146788990826,-0.7824678946613787,-0.8048945025425265,-80.4,80.40000000000002,0,10
DI_GAP5_SUPPORT,0.75,0.3,OOS,46,0.08695652173913043,0.02857142857142857,-0.8869565217391304,-0.9355875442888903,-0.9599030555637702,-40.8,40.8,0,5
DI_GAP5_SUPPORT,0.75,0.3,YTD2026,6,0.0,0.0,-1.0,-1.0566861177312228,-1.0850291765968338,-6.0,6.0,0,1
DI_GAP5_SUPPORT,0.75,0.3,FULL,155,0.16774193548387098,0.06046511627906976,-0.7819354838709678,-0.8279098551959948,-0.8508970408585086,-121.2,121.20000000000003,0,15
DI_GAP5_SUPPORT,0.75,0.4,TRAIN,109,0.2018348623853211,0.10114942528735635,-0.7174311926605503,-0.7622844084228467,-0.7847110163039944,-78.19999999999999,78.20000000000002,0,10
DI_GAP5_SUPPORT,0.75,0.4,OOS,46,0.08695652173913043,0.0380952380952381,-0.8782608695652173,-0.9268918921149774,-0.9512074033898571,-40.4,40.4,0,5
DI_GAP5_SUPPORT,0.75,0.4,YTD2026,6,0.0,0.0,-1.0,-1.0566861177312228,-1.0850291765968338,-6.0,6.0,0,1
DI_GAP5_SUPPORT,0.75,0.4,FULL,155,0.16774193548387098,0.0806201550387597,-0.7651612903225806,-0.8111356616476079,-0.8341228473101215,-118.6,118.6,0,15
DI_GAP5_SUPPORT,0.75,0.5,TRAIN,109,0.1926605504587156,0.11931818181818182,-0.7110091743119266,-0.7558623900742226,-0.7782889979553707,-77.5,77.5,0,10
DI_GAP5_SUPPORT,0.75,0.5,OOS,46,0.08695652173913043,0.047619047619047616,-0.8695652173913043,-0.9181962399410644,-0.942511751215944,-40.0,40.0,0,5
DI_GAP5_SUPPORT,0.75,0.5,YTD2026,6,0.0,0.0,-1.0,-1.0566861177312228,-1.0850291765968338,-6.0,6.0,0,1
DI_GAP5_SUPPORT,0.75,0.5,FULL,155,0.16129032258064516,0.09615384615384616,-0.7580645161290323,-0.8040388874540595,-0.827026073116573,-117.5,117.5,0,15
DI_GAP5_SUPPORT,0.75,0.6,TRAIN,109,0.1926605504587156,0.14318181818181816,-0.6917431192660551,-0.7365963350283512,-0.759022942909499,-75.4,75.39999999999999,0,10
DI_GAP5_SUPPORT,0.75,0.6,OOS,46,0.08695652173913043,0.05714285714285714,-0.8608695652173913,-0.9095005877671514,-0.933816099042031,-39.6,39.6,0,5
DI_GAP5_SUPPORT,0.75,0.6,YTD2026,6,0.0,0.0,-1.0,-1.0566861177312228,-1.0850291765968338,-6.0,6.0,0,1
DI_GAP5_SUPPORT,0.75,0.6,FULL,155,0.16129032258064516,0.11538461538461538,-0.7419354838709677,-0.7879098551959949,-0.8108970408585087,-115.0,115.00000000000001,0,15
DI_GAP5_SUPPORT,0.75,0.75,TRAIN,109,0.1926605504587156,0.17897727272727273,-0.6628440366972477,-0.7076972524595437,-0.7301238603406918,-72.25,72.25,0,10
DI_GAP5_SUPPORT,0.75,0.75,OOS,46,0.08695652173913043,0.07142857142857142,-0.8478260869565217,-0.8964571095062818,-0.9207726207811614,-39.0,39.0,0,5
DI_GAP5_SUPPORT,0.75,0.75,YTD2026,6,0.0,0.0,-1.0,-1.0566861177312228,-1.0850291765968338,-6.0,6.0,0,1
DI_GAP5_SUPPORT,0.75,0.75,FULL,155,0.16129032258064516,0.14423076923076922,-0.717741935483871,-0.7637163068088982,-0.7867034924714117,-111.25,111.25,0,15
DI_GAP5_SUPPORT,0.75,1.0,TRAIN,109,0.1651376146788991,0.1978021978021978,-0.6697247706422018,-0.7145779864044979,-0.7370045942856459,-73.0,73.0,0,10
DI_GAP5_SUPPORT,0.75,1.0,OOS,46,0.08695652173913043,0.09523809523809523,-0.8260869565217391,-0.8747179790714992,-0.8990334903463788,-38.0,38.0,0,5
DI_GAP5_SUPPORT,0.75,1.0,YTD2026,6,0.0,0.0,-1.0,-1.0566861177312228,-1.0850291765968338,-6.0,6.0,0,1
DI_GAP5_SUPPORT,0.75,1.0,FULL,155,0.14193548387096774,0.16541353383458646,-0.7161290322580646,-0.7621034035830918,-0.7850905892456053,-111.0,111.0,0,15
DI_GAP5_SUPPORT,1.0,0.2,TRAIN,109,0.44036697247706424,0.15737704918032785,-0.47155963302752285,-0.5051995448492449,-0.522019500760106,-51.39999999999999,51.60000000000001,1,10
DI_GAP5_SUPPORT,1.0,0.2,OOS,46,0.391304347826087,0.1285714285714286,-0.5304347826086957,-0.5669080495210155,-0.5851446829771754,-24.400000000000002,24.400000000000006,0,5
DI_GAP5_SUPPORT,1.0,0.2,YTD2026,6,0.5,0.20000000000000004,-0.4000000000000001,-0.442514588298417,-0.4637718824476254,-2.4000000000000004,2.6000000000000005,0,1
DI_GAP5_SUPPORT,1.0,0.2,FULL,155,0.4258064516129032,0.148314606741573,-0.4890322580645161,-0.5235130365582865,-0.5407534258051717,-75.8,75.99999999999996,1,15
DI_GAP5_SUPPORT,1.0,0.25,TRAIN,109,0.44036697247706424,0.19672131147540983,-0.44954128440366975,-0.48318119622539174,-0.5000011521362528,-49.0,49.25,1,10
DI_GAP5_SUPPORT,1.0,0.25,OOS,46,0.3695652173913043,0.14655172413793102,-0.5380434782608695,-0.5745167451731894,-0.5927533786293493,-24.75,24.75,0,5
DI_GAP5_SUPPORT,1.0,0.25,YTD2026,6,0.5,0.25,-0.375,-0.417514588298417,-0.43877188244762544,-2.25,2.5,0,1
DI_GAP5_SUPPORT,1.0,0.25,FULL,155,0.41935483870967744,0.18055555555555555,-0.47580645161290325,-0.5102872301066737,-0.5275276193535589,-73.75,74.0,1,15
DI_GAP5_SUPPORT,1.0,0.3,TRAIN,109,0.44036697247706424,0.2360655737704918,-0.42752293577981654,-0.46116284760153853,-0.47798280351239963,-46.6,46.900000000000006,1,10
DI_GAP5_SUPPORT,1.0,0.3,OOS,46,0.3695652173913043,0.17586206896551723,-0.5195652173913043,-0.5560384843036241,-0.5742751177597841,-23.9,23.899999999999995,0,5
DI_GAP5_SUPPORT,1.0,0.3,YTD2026,6,0.5,0.3,-0.35000000000000003,-0.39251458829841696,-0.41377188244762547,-2.1,2.4,0,1
DI_GAP5_SUPPORT,1.0,0.3,FULL,155,0.41935483870967744,0.21666666666666667,-0.45483870967741935,-0.4893194881711897,-0.506559877418075,-70.5,70.80000000000005,1,15
DI_GAP5_SUPPORT,1.0,0.4,TRAIN,109,0.43119266055045874,0.30322580645161273,-0.3963302752293578,-0.42997018705107976,-0.44679014296194086,-43.2,43.6,1,10
DI_GAP5_SUPPORT,1.0,0.4,OOS,46,0.3695652173913043,0.23448275862068968,-0.48260869565217396,-0.5190819625644937,-0.5373185960206536,-22.200000000000003,22.20000000000001,0,5
DI_GAP5_SUPPORT,1.0,0.4,YTD2026,6,0.5,0.4000000000000001,-0.3,-0.3425145882984169,-0.3637718824476254,-1.7999999999999998,2.1999999999999997,0,1
DI_GAP5_SUPPORT,1.0,0.4,FULL,155,0.4129032258064516,0.2813186813186813,-0.4219354838709677,-0.45641626236473815,-0.47365665161162335,-65.39999999999999,65.80000000000004,1,15
DI_GAP5_SUPPORT,1.0,0.5,TRAIN,109,0.4036697247706422,0.3384615384615385,-0.3944954128440367,-0.4281353246657587,-0.4449552805766198,-43.0,43.5,1,10
DI_GAP5_SUPPORT,1.0,0.5,OOS,46,0.3695652173913043,0.29310344827586204,-0.44565217391304346,-0.4821254408253633,-0.5003620742815232,-20.5,20.5,0,5
DI_GAP5_SUPPORT,1.0,0.5,YTD2026,6,0.5,0.5,-0.25,-0.292514588298417,-0.31377188244762544,-1.5,2.0,0,1
DI_GAP5_SUPPORT,1.0,0.5,FULL,155,0.3935483870967742,0.324468085106383,-0.4096774193548387,-0.4441581978486091,-0.46139858709549436,-63.5,64.0,1,15
DI_GAP5_SUPPORT,1.0,0.6,TRAIN,109,0.3669724770642202,0.34782608695652173,-0.41284403669724773,-0.4464839485189697,-0.4633039044298308,-45.0,45.599999999999994,1,10
DI_GAP5_SUPPORT,1.0,0.6,OOS,46,0.32608695652173914,0.29032258064516125,-0.47826086956521724,-0.5147341364775372,-0.5329707699336971,-21.999999999999993,21.999999999999993,0,5
DI_GAP5_SUPPORT,1.0,0.6,YTD2026,6,0.5,0.6,-0.20000000000000004,-0.242514588298417,-0.26377188244762545,-1.2000000000000002,2.0,0,1
DI_GAP5_SUPPORT,1.0,0.6,FULL,155,0.3548387096774194,0.33000000000000007,-0.432258064516129,-0.46673884300989943,-0.4839792322567847,-67.0,67.6,1,15
DI_GAP5_SUPPORT,1.0,0.75,TRAIN,109,0.3119266055045872,0.34,-0.4541284403669725,-0.4877683521886944,-0.5045883080995556,-49.5,50.25,1,10
DI_GAP5_SUPPORT,1.0,0.75,OOS,46,0.30434782608695654,0.328125,-0.4673913043478261,-0.5038645712601459,-0.5221012047163058,-21.5,21.5,0,5
DI_GAP5_SUPPORT,1.0,0.75,YTD2026,6,0.5,0.75,-0.125,-0.16751458829841695,-0.18877188244762544,-0.75,2.0,0,1
DI_GAP5_SUPPORT,1.0,0.75,FULL,155,0.3096774193548387,0.3364485981308411,-0.45806451612903226,-0.4925452946228026,-0.5097856838696879,-71.0,71.75,1,15
DI_GAP5_SUPPORT,1.0,1.0,TRAIN,109,0.30275229357798167,0.4342105263157895,-0.3944954128440367,-0.42813532466575865,-0.4449552805766198,-43.0,44.0,1,10
DI_GAP5_SUPPORT,1.0,1.0,OOS,46,0.2391304347826087,0.3142857142857143,-0.5217391304347826,-0.5582123973471024,-0.5764490308032624,-24.0,24.0,0,5
DI_GAP5_SUPPORT,1.0,1.0,YTD2026,6,0.3333333333333333,0.5,-0.3333333333333333,-0.3758479216317503,-0.3971052157809587,-2.0,3.0,0,1
DI_GAP5_SUPPORT,1.0,1.0,FULL,155,0.2838709677419355,0.3963963963963964,-0.432258064516129,-0.46673884300989943,-0.4839792322567847,-67.0,68.0,1,15
DI_GAP5_SUPPORT,1.25,0.2,TRAIN,109,0.6422018348623854,0.35897435897435886,-0.22935779816513766,-0.2562697276225153,-0.269725692351204,-25.000000000000004,26.20000000000001,1,10
DI_GAP5_SUPPORT,1.25,0.2,OOS,46,0.5217391304347826,0.21818181818181823,-0.37391304347826093,-0.4030916570081167,-0.4176809637730447,-17.200000000000003,17.20000000000001,0,5
DI_GAP5_SUPPORT,1.25,0.2,YTD2026,6,0.5,0.20000000000000004,-0.4000000000000001,-0.4340116706387335,-0.45101750595810036,-2.4000000000000004,2.6000000000000005,0,1
DI_GAP5_SUPPORT,1.25,0.2,FULL,155,0.6064516129032258,0.3081967213114753,-0.27225806451612894,-0.2998426873111454,-0.3136349987086535,-42.19999999999999,43.39999999999998,1,15
DI_GAP5_SUPPORT,1.25,0.25,TRAIN,109,0.6238532110091743,0.4146341463414634,-0.22018348623853212,-0.24709541569590973,-0.2605513804245986,-24.0,26.0,3,10
DI_GAP5_SUPPORT,1.25,0.25,OOS,46,0.5217391304347826,0.2727272727272727,-0.34782608695652173,-0.37700470048637763,-0.3915940072513055,-16.0,16.0,0,5
DI_GAP5_SUPPORT,1.25,0.25,YTD2026,6,0.5,0.25,-0.375,-0.4090116706387336,-0.4260175059581004,-2.25,2.5,0,1
DI_GAP5_SUPPORT,1.25,0.25,FULL,155,0.5935483870967742,0.36507936507936506,-0.25806451612903225,-0.2856491389240486,-0.2994414503215567,-40.0,42.0,3,15
DI_GAP5_SUPPORT,1.25,0.3,TRAIN,109,0.6146788990825688,0.4785714285714286,-0.20091743119266053,-0.2278293606500382,-0.24128532537872702,-21.9,24.59999999999999,2,10
DI_GAP5_SUPPORT,1.25,0.3,OOS,46,0.5217391304347826,0.3272727272727272,-0.3217391304347825,-0.35091774396463843,-0.3655070507295664,-14.799999999999997,14.79999999999999,0,5
DI_GAP5_SUPPORT,1.25,0.3,YTD2026,6,0.5,0.3,-0.35000000000000003,-0.38401167063873354,-0.40101750595810043,-2.1,2.4,0,1
DI_GAP5_SUPPORT,1.25,0.3,FULL,155,0.5870967741935483,0.42656249999999996,-0.2367741935483871,-0.26435881634340347,-0.2781511277409116,-36.7,39.40000000000002,2,15
DI_GAP5_SUPPORT,1.25,0.4,TRAIN,109,0.5871559633027523,0.5688888888888889,-0.17798165137614685,-0.2048935808335244,-0.21834954556221325,-19.400000000000006,25.200000000000003,3,10
DI_GAP5_SUPPORT,1.25,0.4,OOS,46,0.5,0.40000000000000013,-0.3,-0.32917861352985583,-0.34376792029478376,-13.799999999999999,13.799999999999992,1,5
DI_GAP5_SUPPORT,1.25,0.4,YTD2026,6,0.5,0.4000000000000001,-0.3,-0.33401167063873355,-0.35101750595810044,-1.7999999999999998,2.1999999999999997,0,1
DI_GAP5_SUPPORT,1.25,0.4,FULL,155,0.5612903225806452,0.5117647058823528,-0.21419354838709678,-0.2417781711821131,-0.2555704825796212,-33.2,39.000000000000036,4,15
DI_GAP5_SUPPORT,1.25,0.5,TRAIN,109,0.5412844036697247,0.59,-0.18807339449541285,-0.21498532395279046,-0.2284412886814793,-20.5,25.5,2,10
DI_GAP5_SUPPORT,1.25,0.5,OOS,46,0.45652173913043476,0.42,-0.31521739130434784,-0.3443960048342037,-0.3589853115991316,-14.5,14.5,0,5
DI_GAP5_SUPPORT,1.25,0.5,YTD2026,6,0.5,0.5,-0.25,-0.2840116706387335,-0.3010175059581004,-1.5,2.0,0,1
DI_GAP5_SUPPORT,1.25,0.5,FULL,155,0.5161290322580645,0.5333333333333333,-0.22580645161290322,-0.2533910744079196,-0.2671833858054277,-35.0,40.0,2,15
DI_GAP5_SUPPORT,1.25,0.6,TRAIN,109,0.47706422018348627,0.5551392442108812,-0.2293772077156412,-0.2562891371730188,-0.2697451019017077,-25.00211564100489,29.39999999999999,3,10
DI_GAP5_SUPPORT,1.25,0.6,OOS,46,0.43478260869565216,0.46153846153846145,-0.30434782608695654,-0.3335264396168124,-0.3481157463817403,-14.0,14.200000000000005,0,5
DI_GAP5_SUPPORT,1.25,0.6,YTD2026,6,0.5,0.6,-0.20000000000000004,-0.23401167063873354,-0.2510175059581004,-1.2000000000000002,2.0,0,1
DI_GAP5_SUPPORT,1.25,0.6,FULL,155,0.4645161290322581,0.5255339192079204,-0.2516265525226122,-0.27921117531762857,-0.29300348671513676,-39.00211564100489,43.59999999999997,3,15
DI_GAP5_SUPPORT,1.25,0.75,TRAIN,109,0.45871559633027525,0.6443064755807654,-0.18992766643123757,-0.21683959588861518,-0.23029556061730402,-20.702115641004895,28.0,3,10
DI_GAP5_SUPPORT,1.25,0.75,OOS,46,0.391304347826087,0.48214285714285715,-0.31521739130434784,-0.3443960048342037,-0.3589853115991315,-14.5,15.75,0,5
DI_GAP5_SUPPORT,1.25,0.75,YTD2026,6,0.5,0.75,-0.125,-0.15901167063873353,-0.17601750595810037,-0.75,2.0,0,1
DI_GAP5_SUPPORT,1.25,0.75,FULL,155,0.43870967741935485,0.5916328111063223,-0.22711042349035415,-0.2546950462853705,-0.26848735768287857,-35.202115641004895,43.75,3,15
DI_GAP5_SUPPORT,1.25,1.0,TRAIN,109,0.43119266055045874,0.7507370764807276,-0.13995796578203173,-0.16686989523940934,-0.1803258599680982,-15.25541827024146,27.0,3,10
DI_GAP5_SUPPORT,1.25,1.0,OOS,46,0.34782608695652173,0.5333333333333333,-0.30434782608695654,-0.33352643961681233,-0.3481157463817403,-14.0,15.0,1,5
DI_GAP5_SUPPORT,1.25,1.0,YTD2026,6,0.3333333333333333,0.5,-0.3333333333333333,-0.3673450039720669,-0.38435083929143365,-2.0,3.0,0,1
DI_GAP5_SUPPORT,1.25,1.0,FULL,155,0.4064516129032258,0.6792243462268095,-0.1887446340015578,-0.2163292567965742,-0.23012156819408222,-29.25541827024146,42.0,4,15
DI_GAP5_SUPPORT,1.5,0.2,TRAIN,109,0.7339449541284404,0.5517241379310345,-0.1192660550458716,-0.1416926629270196,-0.1529059668675936,-13.000000000000004,17.599999999999998,4,10
DI_GAP5_SUPPORT,1.5,0.2,OOS,46,0.6086956521739131,0.31111111111111117,-0.2695652173913044,-0.29388072866618414,-0.3060384843036242,-12.400000000000002,12.40000000000001,1,5
DI_GAP5_SUPPORT,1.5,0.2,YTD2026,6,0.5,0.20000000000000004,-0.4000000000000001,-0.42834305886561125,-0.442514588298417,-2.4000000000000004,2.6000000000000005,0,1
DI_GAP5_SUPPORT,1.5,0.2,FULL,155,0.6967741935483871,0.4595744680851063,-0.16387096774193546,-0.1868581534044491,-0.1983517462357059,-25.399999999999995,29.00000000000002,5,15
DI_GAP5_SUPPORT,1.5,0.25,TRAIN,109,0.7155963302752294,0.6290322580645161,-0.10550458715596331,-0.12793119503711128,-0.13914449897768535,-11.5,16.25,5,10
DI_GAP5_SUPPORT,1.5,0.25,OOS,46,0.6086956521739131,0.3888888888888889,-0.2391304347826087,-0.2634459460574885,-0.27560370169492854,-11.0,11.0,1,5
DI_GAP5_SUPPORT,1.5,0.25,YTD2026,6,0.5,0.25,-0.375,-0.4033430588656113,-0.417514588298417,-2.25,2.5,0,1
DI_GAP5_SUPPORT,1.5,0.25,FULL,155,0.6838709677419355,0.5408163265306123,-0.14516129032258066,-0.16814847598509428,-0.17964206881635109,-22.5,26.0,6,15
DI_GAP5_SUPPORT,1.5,0.3,TRAIN,109,0.7064220183486238,0.721875,-0.08165137614678894,-0.10407798402793705,-0.11529128796851106,-8.899999999999995,15.600000000000003,5,10
DI_GAP5_SUPPORT,1.5,0.3,OOS,46,0.6086956521739131,0.4666666666666667,-0.20869565217391303,-0.23301116344879289,-0.2451689190862329,-9.6,9.600000000000001,1,5
DI_GAP5_SUPPORT,1.5,0.3,YTD2026,6,0.5,0.3,-0.35000000000000003,-0.3783430588656113,-0.39251458829841696,-2.1,2.4,0,1
DI_GAP5_SUPPORT,1.5,0.3,FULL,155,0.6774193548387096,0.6299999999999999,-0.11935483870967745,-0.14234202437219104,-0.15383561720344785,-18.500000000000004,23.69999999999998,6,15
DI_GAP5_SUPPORT,1.5,0.4,TRAIN,109,0.6146788990825688,0.6380952380952379,-0.13944954128440373,-0.16187614916555165,-0.17308945310612567,-15.200000000000006,20.199999999999996,3,10
DI_GAP5_SUPPORT,1.5,0.4,OOS,46,0.5434782608695652,0.4761904761904763,-0.23913043478260865,-0.26344594605748856,-0.27560370169492854,-10.999999999999998,10.999999999999996,1,5
DI_GAP5_SUPPORT,1.5,0.4,YTD2026,6,0.5,0.4000000000000001,-0.3,-0.32834305886561127,-0.3425145882984169,-1.7999999999999998,2.1999999999999997,0,1
DI_GAP5_SUPPORT,1.5,0.4,FULL,155,0.5935483870967742,0.5841269841269839,-0.16903225806451616,-0.1920194437270297,-0.20351303655828654,-26.200000000000003,29.20000000000003,4,15
DI_GAP5_SUPPORT,1.5,0.5,TRAIN,109,0.5504587155963303,0.6350223087111736,-0.15818747500061353,-0.18061408288176156,-0.19182738682233558,-17.242434775066876,22.57400507422946,2,10
DI_GAP5_SUPPORT,1.5,0.5,OOS,46,0.5217391304347826,0.5454545454545454,-0.21739130434782608,-0.2417068156227059,-0.25386457126014594,-10.0,10.0,1,5
DI_GAP5_SUPPORT,1.5,0.5,YTD2026,6,0.5,0.5,-0.25,-0.2783430588656113,-0.292514588298417,-1.5,2.0,0,1
DI_GAP5_SUPPORT,1.5,0.5,FULL,155,0.5419354838709678,0.6065644591562449,-0.17575764371010888,-0.1987448293726225,-0.21023842220387928,-27.242434775066876,30.07400507422946,3,15
DI_GAP5_SUPPORT,1.5,0.6,TRAIN,109,0.5229357798165137,0.6806994954188001,-0.14717830068868684,-0.169604908569835,-0.180818212510409,-16.042434775066866,23.474005074229467,4,10
DI_GAP5_SUPPORT,1.5,0.6,OOS,46,0.4782608695652174,0.5499999999999999,-0.23478260869565218,-0.25909811997053206,-0.271255875607972,-10.8,11.6,1,5
DI_GAP5_SUPPORT,1.5,0.6,YTD2026,6,0.5,0.6,-0.20000000000000004,-0.22834305886561132,-0.242514588298417,-1.2000000000000002,2.0,0,1
DI_GAP5_SUPPORT,1.5,0.6,FULL,155,0.5096774193548387,0.6384488890162118,-0.17317699854881852,-0.1961641842113322,-0.20765777704258898,-26.84243477506687,32.07400507422944,5,15
DI_GAP5_SUPPORT,1.5,0.75,TRAIN,109,0.4954128440366973,0.760671448837759,-0.11690307133088876,-0.1393296792120368,-0.15054298315261078,-12.742434775066874,22.32400507422946,3,10
DI_GAP5_SUPPORT,1.5,0.75,OOS,46,0.45652173913043476,0.63,-0.20108695652173914,-0.225402467796619,-0.237560223434059,-9.25,9.5,1,5
DI_GAP5_SUPPORT,1.5,0.75,YTD2026,6,0.3333333333333333,0.375,-0.4166666666666667,-0.445009725532278,-0.4591812549650836,-2.5,3.25,0,1
DI_GAP5_SUPPORT,1.5,0.75,FULL,155,0.4838709677419355,0.7189193455151132,-0.1418866759681734,-0.164873861630687,-0.1763674544619438,-21.992434775066876,29.57400507422946,4,15
DI_GAP5_SUPPORT,1.5,1.0,TRAIN,109,0.44954128440366975,0.8205171136851966,-0.09590385595807963,-0.11833046383922763,-0.1295437677798017,-10.453520299430679,23.07400507422946,4,10
DI_GAP5_SUPPORT,1.5,1.0,OOS,46,0.41304347826086957,0.6776022118534882,-0.1892334843468656,-0.21354899562174545,-0.22570675125918546,-8.704740279955818,11.0,1,5
DI_GAP5_SUPPORT,1.5,1.0,YTD2026,6,0.3333333333333333,0.5,-0.3333333333333333,-0.3616763921989447,-0.3758479216317503,-2.0,3.0,0,1
DI_GAP5_SUPPORT,1.5,1.0,FULL,155,0.43870967741935485,0.7752497259147949,-0.12360168115733224,-0.14658886681984584,-0.15808245965110268,-19.158260579386496,30.07400507422946,5,15
DI_GAP5_SUPPORT,1.75,0.2,TRAIN,109,0.8073394495412844,0.838095238095238,-0.03119266055045871,-0.05041546730572844,-0.06002687068336331,-3.3999999999999995,8.399999999999999,5,10
DI_GAP5_SUPPORT,1.75,0.2,OOS,46,0.6739130434782609,0.41333333333333344,-0.19130434782608696,-0.2121462146331268,-0.2225671480366468,-8.8,9.199999999999998,1,5
DI_GAP5_SUPPORT,1.75,0.2,YTD2026,6,0.6666666666666666,0.4,-0.19999999999999998,-0.22429405045623826,-0.23644107568435735,-1.2,2.0,0,1
DI_GAP5_SUPPORT,1.75,0.2,FULL,155,0.7677419354838709,0.661111111111111,-0.07870967741935483,-0.09841297941579505,-0.10826463041401516,-12.2,16.200000000000006,6,15
DI_GAP5_SUPPORT,1.75,0.25,TRAIN,109,0.7889908256880734,0.9347826086956522,-0.013761467889908258,-0.032984274645178,-0.042595678022812875,-1.5,6.75,6,10
DI_GAP5_SUPPORT,1.75,0.25,OOS,46,0.6739130434782609,0.5166666666666667,-0.15760869565217392,-0.17845056245921379,-0.18887149586273377,-7.25,7.75,1,5
DI_GAP5_SUPPORT,1.75,0.25,YTD2026,6,0.6666666666666666,0.5,-0.16666666666666666,-0.19096071712290494,-0.20310774235102402,-1.0,2.0,0,1
DI_GAP5_SUPPORT,1.75,0.25,FULL,155,0.7548387096774194,0.7697368421052632,-0.056451612903225805,-0.07615491489966605,-0.08600656589788616,-8.75,12.75,7,15
DI_GAP5_SUPPORT,1.75,0.3,TRAIN,109,0.7247706422018348,0.7900000000000001,-0.057798165137614696,-0.07702097189288443,-0.0866323752705193,-6.300000000000002,12.500000000000004,5,10
DI_GAP5_SUPPORT,1.75,0.3,OOS,46,0.6521739130434783,0.5625000000000001,-0.15217391304347827,-0.17301577985051814,-0.18343671325403813,-7.0,8.200000000000001,1,5
DI_GAP5_SUPPORT,1.75,0.3,YTD2026,6,0.6666666666666666,0.6,-0.13333333333333333,-0.1576273837895716,-0.16977440901769073,-0.8,2.0,0,1
DI_GAP5_SUPPORT,1.75,0.3,FULL,155,0.7032258064516129,0.7108695652173911,-0.08580645161290323,-0.10550975360934348,-0.1153614046075636,-13.3,18.6,6,15
DI_GAP5_SUPPORT,1.75,0.4,TRAIN,109,0.6513761467889908,0.7852721596209321,-0.07124591980541164,-0.09046872656068139,-0.10008012993831622,-7.76580525878987,12.463432920768108,3,10
DI_GAP5_SUPPORT,1.75,0.4,OOS,46,0.6086956521739131,0.6222222222222223,-0.14782608695652172,-0.16866795376356158,-0.17908888716708155,-6.799999999999999,8.2,1,5
DI_GAP5_SUPPORT,1.75,0.4,YTD2026,6,0.6666666666666666,0.8,-0.06666666666666665,-0.09096071712290492,-0.103107742351024,-0.3999999999999999,2.0,0,1
DI_GAP5_SUPPORT,1.75,0.4,FULL,155,0.6387096774193548,0.7310885495157264,-0.09397293715348302,-0.11367623914992327,-0.12352789014814337,-14.565805258789869,17.863432920768098,4,15
DI_GAP5_SUPPORT,1.75,0.5,TRAIN,109,0.6238532110091743,0.8681041989394428,-0.04739270879623733,-0.06661551555150706,-0.0762269189291419,-5.165805258789869,12.563432920768111,3,10
DI_GAP5_SUPPORT,1.75,0.5,OOS,46,0.5652173913043478,0.676642623092824,-0.13505446360967585,-0.15589633041671577,-0.16631726382023573,-6.21250532604509,8.0,1,5
DI_GAP5_SUPPORT,1.75,0.5,YTD2026,6,0.6666666666666666,1.0,0.0,-0.024294050456238225,-0.03644107568435736,0.0,2.0,0,1
DI_GAP5_SUPPORT,1.75,0.5,FULL,155,0.6064516129032258,0.8050935275302276,-0.07340845538603198,-0.09311175738247221,-0.10296340838069233,-11.378310584834958,17.775938246813197,4,15
DI_GAP5_SUPPORT,1.75,0.6,TRAIN,109,0.5688073394495413,0.8236319442740454,-0.07308078219073275,-0.09230358894600252,-0.10191499232363739,-7.965805258789869,18.263432920768114,4,10
DI_GAP5_SUPPORT,1.75,0.6,OOS,46,0.5217391304347826,0.6788448501799278,-0.14809794187054545,-0.16893980867758532,-0.17936074208110525,-6.812505326045091,8.600000000000001,1,5
DI_GAP5_SUPPORT,1.75,0.6,YTD2026,6,0.5,0.6,-0.20000000000000004,-0.22429405045623826,-0.23644107568435738,-1.2000000000000002,2.4000000000000004,0,1
DI_GAP5_SUPPORT,1.75,0.6,FULL,155,0.5548387096774193,0.7773623574533807,-0.09534393925699972,-0.11504724125344,-0.12489889225166008,-14.778310584834955,24.07593824681321,5,15
DI_GAP5_SUPPORT,1.75,0.75,TRAIN,109,0.5321100917431193,0.8680059684379625,-0.05953754909267614,-0.07876035584794584,-0.08837175922558076,-6.489592851101699,16.56343292076811,4,10
DI_GAP5_SUPPORT,1.75,0.75,OOS,46,0.5,0.7450372347622236,-0.12311656045189763,-0.1439584272589375,-0.15437936066245744,-5.663361780787291,9.75,1,5
DI_GAP5_SUPPORT,1.75,0.75,YTD2026,6,0.5,0.75,-0.125,-0.14929405045623823,-0.1614410756843574,-0.75,2.25,0,1
DI_GAP5_SUPPORT,1.75,0.75,FULL,155,0.5225806451612903,0.8297388305731207,-0.07840615891541283,-0.09810946091185307,-0.10796111191007318,-12.152954631888989,21.976794701555402,5,15
DI_GAP5_SUPPORT,1.75,1.0,TRAIN,109,0.47706422018348627,0.9274547630150738,-0.03636585625281068,-0.05558866300808043,-0.06520006638571528,-3.963878331556364,17.06343292076811,4,10
DI_GAP5_SUPPORT,1.75,1.0,OOS,46,0.45652173913043476,0.7972005806657483,-0.10674526132063959,-0.12758712812767944,-0.1380080615311994,-4.910282020749421,11.0,2,5
DI_GAP5_SUPPORT,1.75,1.0,YTD2026,6,0.5,1.0,0.0,-0.024294050456238225,-0.036441075684357394,0.0,2.0,0,1
DI_GAP5_SUPPORT,1.75,1.0,FULL,155,0.47096774193548385,0.8874588688879944,-0.057252647434230856,-0.07695594943067113,-0.08680760042889123,-8.874160352305783,22.226794701555402,6,15
DI_GAP5_SUPPORT,2.0,0.2,TRAIN,109,0.8623853211009175,1.253333333333333,0.03486238532110091,0.018042429410239907,0.009632451454809397,3.8,4.6,8,10
DI_GAP5_SUPPORT,2.0,0.2,OOS,46,0.782608695652174,0.7200000000000001,-0.06086956521739131,-0.07910619867355119,-0.08822451540163112,-2.8000000000000003,3.2000000000000006,2,5
DI_GAP5_SUPPORT,2.0,0.2,YTD2026,6,0.6666666666666666,0.4,-0.19999999999999998,-0.22125729414920844,-0.2318859412238127,-1.2,2.0,0,1
DI_GAP5_SUPPORT,2.0,0.2,FULL,155,0.8387096774193549,1.0399999999999998,0.0064516129032258,-0.010788776343659384,-0.019408970967101983,0.9999999999999991,6.399999999999993,10,15
DI_GAP5_SUPPORT,2.0,0.25,TRAIN,109,0.8165137614678899,1.1125,0.020642201834862386,0.003822245924001356,-0.004587732031429148,2.25,6.0,7,10
DI_GAP5_SUPPORT,2.0,0.25,OOS,46,0.7608695652173914,0.7954545454545454,-0.04891304347826087,-0.06714967693442075,-0.0762679936625007,-2.25,3.5,2,5
DI_GAP5_SUPPORT,2.0,0.25,YTD2026,6,0.6666666666666666,0.5,-0.16666666666666666,-0.18792396081587515,-0.19855260789047938,-1.0,2.0,0,1
DI_GAP5_SUPPORT,2.0,0.25,FULL,155,0.8,1.0,0.0,-0.017240389246885212,-0.025860583870327806,0.0,7.75,9,15
DI_GAP5_SUPPORT,2.0,0.3,TRAIN,109,0.7614678899082569,0.9576923076923076,-0.010091743119266066,-0.02691169903012707,-0.035321676985557604,-1.1000000000000012,7.400000000000001,6,10
DI_GAP5_SUPPORT,2.0,0.3,OOS,46,0.7391304347826086,0.8500000000000001,-0.0391304347826087,-0.05736706823876859,-0.06648538496684855,-1.8,3.4,2,5
DI_GAP5_SUPPORT,2.0,0.3,YTD2026,6,0.6666666666666666,0.6,-0.13333333333333333,-0.1545906274825418,-0.16521927455714605,-0.8,2.0,0,1
DI_GAP5_SUPPORT,2.0,0.3,FULL,155,0.7548387096774194,0.9236842105263152,-0.018709677419354837,-0.03595006666624006,-0.044570261289682674,-2.9,8.700000000000003,8,15
DI_GAP5_SUPPORT,2.0,0.4,TRAIN,109,0.6788990825688074,0.8964242472240476,-0.03137687707744163,-0.0481968329883026,-0.05660681094373311,-3.420079601441137,9.655503805672097,6,10
DI_GAP5_SUPPORT,2.0,0.4,OOS,46,0.6739130434782609,0.8741047904954232,-0.03882482957150985,-0.05706146302766974,-0.06617977975574968,-1.7859421602894532,3.2,2,5
DI_GAP5_SUPPORT,2.0,0.4,YTD2026,6,0.6666666666666666,0.8,-0.06666666666666665,-0.08792396081587506,-0.09855260789047937,-0.3999999999999999,2.0,0,1
DI_GAP5_SUPPORT,2.0,0.4,FULL,155,0.6774193548387096,0.8897169986488662,-0.03358723717245542,-0.050827626419340605,-0.05944782104278319,-5.2060217617305895,10.641445965961552,8,15
DI_GAP5_SUPPORT,2.0,0.5,TRAIN,109,0.6422018348623854,0.9454328671577872,-0.0185328403801939,-0.03535279629105493,-0.043762774246485406,-2.020079601441135,12.055503805672096,4,10
DI_GAP5_SUPPORT,2.0,0.5,OOS,46,0.6304347826086957,0.8958391088023446,-0.036650916528031596,-0.054887549984191486,-0.06400586671227142,-1.6859421602894535,3.0,2,5
DI_GAP5_SUPPORT,2.0,0.5,YTD2026,6,0.5,0.5,-0.25,-0.27125729414920846,-0.2818859412238127,-1.5,2.5,0,1
DI_GAP5_SUPPORT,2.0,0.5,FULL,155,0.6387096774193548,0.9303458210364411,-0.0239098178176167,-0.04115020706450191,-0.049770401687944506,-3.7060217617305886,12.74144596596155,6,15
DI_GAP5_SUPPORT,2.0,0.6,TRAIN,109,0.6146788990825688,0.9892955299194716,-0.00393021784141274,-0.020750173752273744,-0.02916015170770428,-0.4283937447139886,12.600000000000003,6,10
DI_GAP5_SUPPORT,2.0,0.6,OOS,46,0.6304347826086957,1.0750069305628136,0.026392561732837966,0.008155928276678066,-0.00096238845140187,1.2140578397105464,3.0,2,5
DI_GAP5_SUPPORT,2.0,0.6,YTD2026,6,0.5,0.6,-0.20000000000000004,-0.22125729414920844,-0.23188594122381276,-1.2000000000000002,2.4000000000000004,0,1
DI_GAP5_SUPPORT,2.0,0.6,FULL,155,0.6193548387096774,1.0139782904103611,0.00506880061288103,-0.0121715886340042,-0.020791783257446787,0.7856640949965596,13.385942160289456,8,15
DI_GAP5_SUPPORT,2.0,0.75,TRAIN,109,0.5688073394495413,1.012696695793219,0.005244094085192794,-0.011575861825668231,-0.01998583978109874,0.5716062552860146,13.305503805672096,4,10
DI_GAP5_SUPPORT,2.0,0.75,OOS,46,0.5652173913043478,0.9519702102478431,-0.020032538438168337,-0.03826917189432822,-0.047387488622408165,-0.9214967681557436,6.5,2,5
DI_GAP5_SUPPORT,2.0,0.75,YTD2026,6,0.5,0.75,-0.125,-0.14625729414920843,-0.15688594122381275,-0.75,2.25,0,1
DI_GAP5_SUPPORT,2.0,0.75,FULL,155,0.567741935483871,0.9945505031573488,-0.0022573581475466512,-0.019497747394431855,-0.028117942017874452,-0.34989051286973094,13.49144596596155,6,15
DI_GAP5_SUPPORT,2.0,1.0,TRAIN,109,0.5137614678899083,1.0441482377182696,0.020427705271114146,0.0036077493602531476,-0.0048022285951773575,2.226619874551442,10.055503805672096,4,10
DI_GAP5_SUPPORT,2.0,1.0,OOS,46,0.5,0.9584648350068663,-0.020032538438168324,-0.038269171894328234,-0.047387488622408165,-0.9214967681557429,6.0,2,5
DI_GAP5_SUPPORT,2.0,1.0,YTD2026,6,0.5,1.0,0.0,-0.021257294149208444,-0.031885941223812754,0.0,2.0,0,1
DI_GAP5_SUPPORT,2.0,1.0,FULL,155,0.5096774193548387,1.0179716985304181,0.00842014907352063,-0.00882024017336456,-0.01744043479680716,1.3051231063956976,11.24144596596155,6,15
DI_GAP5_SUPPORT,2.25,0.2,TRAIN,109,0.8715596330275229,1.3571428571428565,0.045871559633027525,0.030920487712262173,0.0234449517518795,5.0,2.5999999999999996,7,10
DI_GAP5_SUPPORT,2.25,0.2,OOS,46,0.8260869565217391,0.9500000000000002,-0.008695652173913047,-0.024905993023832947,-0.033011163448792895,-0.40000000000000013,2.6,3,5
DI_GAP5_SUPPORT,2.25,0.2,YTD2026,6,0.8333333333333334,1.0,0.0,-0.018895372577074188,-0.02834305886561128,0.0,1.0,0,1
DI_GAP5_SUPPORT,2.25,0.2,FULL,155,0.8580645161290322,1.2090909090909088,0.029677419354838697,0.014352628913162975,0.006690233692325116,4.599999999999998,3.399999999999995,10,15
DI_GAP5_SUPPORT,2.25,0.25,TRAIN,109,0.8073394495412844,1.0476190476190477,0.009174311926605505,-0.005776759994159854,-0.013252295954542515,1.0,6.5,7,10
DI_GAP5_SUPPORT,2.25,0.25,OOS,46,0.8043478260869565,1.0277777777777777,0.005434782608695652,-0.010775558241224274,-0.018880728666184222,0.25,3.5,4,5
DI_GAP5_SUPPORT,2.25,0.25,YTD2026,6,0.8333333333333334,1.25,0.041666666666666664,0.02277129408959248,0.013323607801055348,0.25,1.0,1,1
DI_GAP5_SUPPORT,2.25,0.25,FULL,155,0.8064516129032258,1.0416666666666667,0.008064516129032258,-0.0072602743126434855,-0.014922669533481354,1.25,8.25,11,15
DI_GAP5_SUPPORT,2.25,0.3,TRAIN,109,0.7339449541284404,0.8919699041265339,-0.026667315811956274,-0.041618387732721605,-0.04909392369310429,-2.906737423503234,6.549336716152977,4,10
DI_GAP5_SUPPORT,2.25,0.3,OOS,46,0.7608695652173914,0.9545454545454547,-0.010869565217391304,-0.02707990606731123,-0.035185076492271185,-0.5,3.5000000000000004,3,5
DI_GAP5_SUPPORT,2.25,0.3,YTD2026,6,0.8333333333333334,1.5,0.08333333333333333,0.06443796075625911,0.054990274467722054,0.5,1.0,1,1
DI_GAP5_SUPPORT,2.25,0.3,FULL,155,0.7419354838709677,0.9101284453620381,-0.02197895111937569,-0.03730374156105143,-0.0449661367818893,-3.406737423503232,7.949336716152981,7,15
DI_GAP5_SUPPORT,2.25,0.4,TRAIN,109,0.6697247706422018,0.8611857765990587,-0.04318107727984616,-0.058132149200611494,-0.06560768516099418,-4.706737423503231,11.04933671615297,6,10
DI_GAP5_SUPPORT,2.25,0.4,OOS,46,0.717391304347826,1.085055002138481,0.022493871298754527,0.006283530448834615,-0.0018216399761253309,1.0347180797427082,3.2,4,5
DI_GAP5_SUPPORT,2.25,0.4,YTD2026,6,0.8333333333333334,2.0,0.16666666666666666,0.14777129408959247,0.13832360780105538,1.0,1.0,1,1
DI_GAP5_SUPPORT,2.25,0.4,FULL,155,0.6838709677419355,0.9202982765664727,-0.02369044737910016,-0.03901523782077585,-0.046677633041613736,-3.672019343760525,12.014618636410258,10,15
DI_GAP5_SUPPORT,2.25,0.5,TRAIN,109,0.6330275229357798,0.9101284453620385,-0.031254471775258995,-0.046205543696024365,-0.05368107965640702,-3.4067374235032304,11.549336716152975,5,10
DI_GAP5_SUPPORT,2.25,0.5,OOS,46,0.6739130434782609,1.0942246040182209,0.029015610429189306,0.012805269579269385,0.004700099154309433,1.334718079742708,3.0,3,5
DI_GAP5_SUPPORT,2.25,0.5,YTD2026,6,0.6666666666666666,1.0,0.0,-0.018895372577074226,-0.0283430588656113,0.0,1.0,0,1
DI_GAP5_SUPPORT,2.25,0.5,FULL,155,0.6451612903225806,0.9602085847663828,-0.013367866733938853,-0.028692657175614606,-0.03635505239645245,-2.0720193437605223,12.714618636410266,8,15
DI_GAP5_SUPPORT,2.25,0.6,TRAIN,109,0.5871559633027523,0.8986108775632661,-0.039051102439780425,-0.05400217436054582,-0.061477710320928476,-4.256570165936067,12.525112442343275,4,10
DI_GAP5_SUPPORT,2.25,0.6,OOS,46,0.6304347826086957,1.041628772110813,0.014629148634031298,-0.0015811922158886276,-0.009686362640848581,0.6729408371654397,3.8000000000000003,3,5
DI_GAP5_SUPPORT,2.25,0.6,YTD2026,6,0.6666666666666666,1.2,0.06666666666666665,0.04777129408959243,0.038323607801055294,0.3999999999999999,1.0,1,1
DI_GAP5_SUPPORT,2.25,0.6,FULL,155,0.6,0.9383703315928044,-0.023120189217875006,-0.038444979659550765,-0.04610737488038863,-3.583629328770626,13.29039436260057,7,15
DI_GAP5_SUPPORT,2.25,0.75,TRAIN,109,0.5321100917431193,0.8980925868349519,-0.044270264889507895,-0.059221336810273265,-0.06669687277065592,-4.825458872956361,14.125112442343276,5,10
DI_GAP5_SUPPORT,2.25,0.75,OOS,46,0.5652173913043478,0.9514633098880455,-0.02022215977112547,-0.03643250062104542,-0.04453767104600536,-0.9302193494717717,6.8031601866372124,2,5
DI_GAP5_SUPPORT,2.25,0.75,YTD2026,6,0.6666666666666666,1.5,0.16666666666666666,0.14777129408959244,0.13832360780105538,1.0,1.0,1,1
DI_GAP5_SUPPORT,2.25,0.75,FULL,155,0.5419354838709678,0.9134701567244876,-0.037133407886633114,-0.05245819832830886,-0.060120593549146714,-5.755678222428132,16.30533179181505,7,15
DI_GAP5_SUPPORT,2.25,1.0,TRAIN,109,0.48623853211009177,0.8910424764188881,-0.05166759465925545,-0.06661866658002086,-0.0740942025404035,-5.631767817858845,11.762053916247266,3,10
DI_GAP5_SUPPORT,2.25,1.0,OOS,46,0.4782608695652174,0.897460592489552,-0.05006251530738158,-0.0662728561573015,-0.07437802658226145,-2.3028757041395527,8.0,3,5
DI_GAP5_SUPPORT,2.25,1.0,YTD2026,6,0.5,1.3082363212711543,0.11780605547308724,0.09891068289601301,0.08946299660747592,0.7068363328385234,1.0,1,1
DI_GAP5_SUPPORT,2.25,1.0,FULL,155,0.4838709677419355,0.8929864862870848,-0.05119124852902191,-0.06651603897069767,-0.07417843419153551,-7.934643521998396,15.128707311151434,6,15
DI_GAP5_SUPPORT,2.5,0.2,TRAIN,109,0.8440366972477065,1.0823529411764703,0.012844036697247705,-0.0006119280314410953,-0.007339910395785514,1.4,5.199999999999999,6,10
DI_GAP5_SUPPORT,2.5,0.2,OOS,46,0.8043478260869565,0.8222222222222224,-0.03478260869565218,-0.04937191546058008,-0.05666656884304406,-1.6000000000000003,3.7999999999999985,3,5
DI_GAP5_SUPPORT,2.5,0.2,YTD2026,6,0.8333333333333334,1.0,0.0,-0.017005835319366763,-0.02550875297905016,0.0,1.0,0,1
DI_GAP5_SUPPORT,2.5,0.2,FULL,155,0.832258064516129,0.9923076923076922,-0.0012903225806451726,-0.015082633978153306,-0.021978789676907404,-0.20000000000000173,6.200000000000001,9,15
DI_GAP5_SUPPORT,2.5,0.25,TRAIN,109,0.8165137614678899,1.1125,0.020642201834862386,0.007186237106173572,0.00045825474182915155,2.25,5.0,6,10
DI_GAP5_SUPPORT,2.5,0.25,OOS,46,0.782608695652174,0.9,-0.021739130434782608,-0.03632843719971053,-0.04362309058217449,-1.0,3.5,3,5
DI_GAP5_SUPPORT,2.5,0.25,YTD2026,6,0.8333333333333334,1.25,0.041666666666666664,0.024660831347299905,0.016157913687616505,0.25,1.0,1,1
DI_GAP5_SUPPORT,2.5,0.25,FULL,155,0.8064516129032258,1.0416666666666667,0.008064516129032258,-0.005727795268475903,-0.012623950967229989,1.25,5.25,9,15
DI_GAP5_SUPPORT,2.5,0.3,TRAIN,109,0.7431192660550459,0.9702144452228596,-0.0068441218477055,-0.020300086576394327,-0.027028068940738736,-0.7460092813998995,7.77434864478467,6,10
DI_GAP5_SUPPORT,2.5,0.3,OOS,46,0.7608695652173914,0.9545454545454547,-0.010869565217391304,-0.025458871982319234,-0.032753525364783195,-0.5,3.5000000000000004,3,5
DI_GAP5_SUPPORT,2.5,0.3,YTD2026,6,0.8333333333333334,1.5,0.08333333333333333,0.06632749801396653,0.05782458035428314,0.5,1.0,1,1
DI_GAP5_SUPPORT,2.5,0.3,FULL,155,0.7483870967741936,0.9654328091725018,-0.008038769557418694,-0.021831080954926876,-0.028727236653680967,-1.2460092813998975,7.77434864478467,9,15
DI_GAP5_SUPPORT,2.5,0.4,TRAIN,109,0.6972477064220184,1.0117816218215452,0.003247621271560537,-0.010208343457128233,-0.01693632582147266,0.35399071860009856,8.829945600246992,8,10
DI_GAP5_SUPPORT,2.5,0.4,OOS,46,0.6739130434782609,0.9809031000931114,-0.005248082072950751,-0.019837388837878667,-0.027132042220342628,-0.24141177535573455,3.2,3,5
DI_GAP5_SUPPORT,2.5,0.4,YTD2026,6,0.6666666666666666,0.8,-0.06666666666666665,-0.08367250198603342,-0.0921754196457168,-0.3999999999999999,1.2,0,1
DI_GAP5_SUPPORT,2.5,0.4,FULL,155,0.6903225806451613,1.002637286124516,0.0007263157628668661,-0.013065995634641262,-0.019962151333395357,0.11257894324436424,8.978699328478555,11,15
DI_GAP5_SUPPORT,2.5,0.5,TRAIN,109,0.6605504587155964,1.0419238387731278,0.013094856917264391,-0.00036110781142445123,-0.00708909017576883,1.4273394039818186,7.774348644784669,5,10
DI_GAP5_SUPPORT,2.5,0.5,OOS,46,0.6739130434782609,1.1892975839130424,0.052021493615754866,0.03743218685082695,0.030137533468362974,2.392988706324724,3.0,3,5
DI_GAP5_SUPPORT,2.5,0.5,YTD2026,6,0.6666666666666666,1.0,0.0,-0.017005835319366763,-0.025508752979050142,0.0,1.0,0,1
DI_GAP5_SUPPORT,2.5,0.5,FULL,155,0.6645161290322581,1.0818277819557083,0.02464727813100995,0.01085496673350179,0.003958811034747709,3.8203281103065425,8.923102373016231,8,15
DI_GAP5_SUPPORT,2.5,0.6,TRAIN,109,0.6238532110091743,1.0797306868426422,0.02714808486615183,0.013692120137462979,0.00696413777311857,2.9591412504105494,9.074348644784674,6,10
DI_GAP5_SUPPORT,2.5,0.6,OOS,46,0.6086956521739131,1.0108778248916959,0.003698794311983321,-0.010890512452944595,-0.01818516583540857,0.17014453835123278,3.892658047124172,3,5
DI_GAP5_SUPPORT,2.5,0.6,YTD2026,6,0.6666666666666666,1.2,0.06666666666666665,0.04966083134729989,0.041157913687616454,0.3999999999999999,1.0,1,1
DI_GAP5_SUPPORT,2.5,0.6,FULL,155,0.6193548387096774,1.059316634618312,0.020188940572656668,0.0063966291751484826,-0.0004995265236055968,3.1292857887617833,9.291300526587506,9,15
DI_GAP5_SUPPORT,2.5,0.75,TRAIN,109,0.5596330275229358,1.033780449704509,0.013205357823054925,-0.0002506069056338687,-0.006978589269978275,1.439384002712987,8.52434864478467,6,10
DI_GAP5_SUPPORT,2.5,0.75,OOS,46,0.5434782608695652,0.9367078268605945,-0.025649031774973196,-0.0402383385399011,-0.04753299192236509,-1.179855461648767,5.315502215097663,2,5
DI_GAP5_SUPPORT,2.5,0.75,YTD2026,6,0.6666666666666666,1.5,0.16666666666666666,0.1496608313472999,0.14115791368761652,1.0,1.0,1,1
DI_GAP5_SUPPORT,2.5,0.75,FULL,155,0.5548387096774193,1.004237104972024,0.0016743776842852822,-0.012117933713222865,-0.019014089411976937,0.25952854106421874,9.68616659370716,8,15
DI_GAP5_SUPPORT,2.5,1.0,TRAIN,109,0.5229357798165137,1.0933557525709736,0.03796934528581691,0.024513380557128102,0.01778539819278369,4.138658636154044,8.266133631713796,6,10
DI_GAP5_SUPPORT,2.5,1.0,OOS,46,0.45652173913043476,0.8464008215150284,-0.0731441260552938,-0.08773343282022174,-0.09502808620268564,-3.3646297985435147,6.664201465879846,3,5
DI_GAP5_SUPPORT,2.5,1.0,YTD2026,6,0.5,1.3251777182188305,0.12269211659244521,0.1056862812730784,0.09718336361339501,0.7361526995546712,1.0,1,1
DI_GAP5_SUPPORT,2.5,1.0,FULL,155,0.5032258064516129,1.0116856799297158,0.004993734436196966,-0.00879857696131118,-0.01569473266006529,0.7740288376105298,9.787515511430785,9,15
DI_GAP5_SUPPORT,3.0,0.2,TRAIN,109,0.8348623853211009,1.0111111111111108,0.0018348623853210984,-0.009378441555252906,-0.014985093525539913,0.19999999999999973,5.8,6,10
DI_GAP5_SUPPORT,3.0,0.2,OOS,46,0.8043478260869565,0.8222222222222224,-0.03478260869565218,-0.04694036433309208,-0.05301924215181206,-1.6000000000000003,2.6,2,5
DI_GAP5_SUPPORT,3.0,0.2,YTD2026,6,0.8333333333333334,1.0,0.0,-0.01417152943280564,-0.02125729414920848,0.0,1.0,0,1
DI_GAP5_SUPPORT,3.0,0.2,FULL,155,0.8258064516129032,0.9481481481481483,-0.009032258064516144,-0.02052585089577292,-0.026272647311401318,-1.4000000000000024,5.8,8,15
DI_GAP5_SUPPORT,3.0,0.25,TRAIN,109,0.7614678899082569,0.907235720308332,-0.019464902762996172,-0.030678206703570177,-0.03628485867385719,-2.1216744011665827,8.728623870653891,4,10
DI_GAP5_SUPPORT,3.0,0.25,OOS,46,0.782608695652174,0.9,-0.021739130434782608,-0.03389688607222254,-0.0399757638909425,-1.0,3.0,2,5
DI_GAP5_SUPPORT,3.0,0.25,YTD2026,6,0.8333333333333334,1.25,0.041666666666666664,0.027495137233861027,0.020409372517458186,0.25,1.0,1,1
DI_GAP5_SUPPORT,3.0,0.25,FULL,155,0.7677419354838709,0.9050345180756659,-0.02013983484623602,-0.03163342767749281,-0.03738022409312123,-3.121674401166583,8.728623870653891,6,15
DI_GAP5_SUPPORT,3.0,0.3,TRAIN,109,0.7247706422018348,0.976812162899155,-0.005161441746478141,-0.016374745687052154,-0.021981397657339183,-0.5625971503661173,8.58239624366433,5,10
DI_GAP5_SUPPORT,3.0,0.3,OOS,46,0.7391304347826086,0.9866578093990289,-0.0029984921963537546,-0.015156247833793695,-0.021235125652513655,-0.1379306410322727,2.4139692008393028,3,5
DI_GAP5_SUPPORT,3.0,0.3,YTD2026,6,0.8333333333333334,1.5,0.08333333333333333,0.06916180390052766,0.062076039184124854,0.5,1.0,1,1
DI_GAP5_SUPPORT,3.0,0.3,FULL,155,0.7290322580645161,0.9797538408771744,-0.004519534138054119,-0.01601312696931093,-0.021759923384939345,-0.7005277913983884,8.58239624366433,8,15
DI_GAP5_SUPPORT,3.0,0.4,TRAIN,109,0.6880733944954128,1.0471244762243912,0.012218899884880565,0.0010055959443065563,-0.004601056025980449,1.3318600874519815,7.045393706549596,7,10
DI_GAP5_SUPPORT,3.0,0.4,OOS,46,0.6739130434782609,0.9892688413982397,-0.002924126365140119,-0.01508188200258004,-0.021160759821299998,-0.13450981279644547,3.2,3,5
DI_GAP5_SUPPORT,3.0,0.4,YTD2026,6,0.6666666666666666,0.8,-0.06666666666666665,-0.08083819609947229,-0.08792396081587511,-0.3999999999999999,1.2,0,1
DI_GAP5_SUPPORT,3.0,0.4,FULL,155,0.6838709677419355,1.0293489015222739,0.007724840481648615,-0.0037687523496081777,-0.00951554876523658,1.1973502746555353,8.569355146742566,10,15
DI_GAP5_SUPPORT,3.0,0.5,TRAIN,109,0.6513761467889908,1.1141473013153065,0.03279842470467208,0.02158512076409806,0.015978468793811044,3.5750282928092565,8.982396243664327,5,10
DI_GAP5_SUPPORT,3.0,0.5,OOS,46,0.6304347826086957,0.9409534345663505,-0.01865680184146316,-0.03081455747890311,-0.03689343529762305,-0.8582128847073054,3.0,2,5
DI_GAP5_SUPPORT,3.0,0.5,YTD2026,6,0.6666666666666666,1.0,0.0,-0.01417152943280564,-0.02125729414920846,0.0,1.0,0,1
DI_GAP5_SUPPORT,3.0,0.5,FULL,155,0.6451612903225806,1.0592493356449013,0.017527841342593227,0.006034248511336427,0.00028745209570802343,2.71681540810195,9.163189478500023,7,15
DI_GAP5_SUPPORT,3.0,0.6,TRAIN,109,0.5963302752293578,1.0757590285755418,0.024677050082477853,0.013463746141903836,0.007857094171616813,2.689798458990086,8.654489269132904,4,10
DI_GAP5_SUPPORT,3.0,0.6,OOS,46,0.5869565217391305,0.9490396025803334,-0.017715623996216907,-0.029873379633656848,-0.03595225745237682,-0.8149187038259778,3.9196243317000583,2,5
DI_GAP5_SUPPORT,3.0,0.6,YTD2026,6,0.6666666666666666,1.2,0.06666666666666665,0.052495137233861046,0.04540937251745817,0.3999999999999999,1.0,1,1
DI_GAP5_SUPPORT,3.0,0.6,FULL,155,0.5935483870967742,1.0364083487583806,0.0120959984204136,0.0006024055891567762,-0.005144390826471622,1.874879755164108,8.654489269132904,6,15
DI_GAP5_SUPPORT,3.0,0.75,TRAIN,109,0.5688073394495413,1.0752228029054007,0.026056702814869447,0.014843398874295432,0.009236746904008426,2.84018060682077,7.926037314384563,5,10
DI_GAP5_SUPPORT,3.0,0.75,OOS,46,0.5217391304347826,0.9124483426604154,-0.034661108039713326,-0.04681886367715328,-0.052897741495873216,-1.594410969826813,4.719624331700058,2,5
DI_GAP5_SUPPORT,3.0,0.75,YTD2026,6,0.5,1.0135716110862012,0.0050212082714820765,-0.009150321161323546,-0.016236085877726365,0.03012724962889246,1.0,1,1
DI_GAP5_SUPPORT,3.0,0.75,FULL,155,0.5548387096774193,1.0222586061814054,0.008037223464477135,-0.0034563693667796634,-0.009203165782408065,1.245769636993956,7.926037314384563,7,15
DI_GAP5_SUPPORT,3.0,1.0,TRAIN,109,0.4954128440366973,1.057849990424088,0.022133919090006147,0.010920615149432116,0.005313963179145134,2.41259718081067,12.182555530707898,6,10
DI_GAP5_SUPPORT,3.0,1.0,OOS,46,0.4782608695652174,0.8582055333444001,-0.062300445602075406,-0.07445820123951537,-0.08053707905823529,-2.8658204976954686,5.287297556456131,2,5
DI_GAP5_SUPPORT,3.0,1.0,YTD2026,6,0.5,1.3514288147816016,0.13002120827148209,0.11584967883867647,0.10876391412227364,0.7801272496288925,1.0,1,1
DI_GAP5_SUPPORT,3.0,1.0,FULL,155,0.49032258064516127,0.9926799646306056,-0.0029240213992567632,-0.014417614230513576,-0.02016441064614197,-0.45322331688479833,12.182555530707898,8,15
DI_GAP10_SUPPORT,0.75,0.2,TRAIN,49,0.16326530612244897,0.03902439024390244,-0.8040816326530613,-0.8495890665867274,-0.8723427835535603,-39.400000000000006,39.4,0,10
DI_GAP10_SUPPORT,0.75,0.2,OOS,21,0.047619047619047616,0.01,-0.9428571428571428,-0.9916084520588723,-1.015984106659737,-19.8,19.8,0,5
DI_GAP10_SUPPORT,0.75,0.2,YTD2026,3,0.0,0.0,-1.0,-1.0542533980617421,-1.081380097092613,-3.0,3.0,0,1
DI_GAP10_SUPPORT,0.75,0.2,FULL,70,0.12857142857142856,0.029508196721311476,-0.8457142857142858,-0.8921948822283708,-0.9154351804854134,-59.2,59.199999999999996,0,15
DI_GAP10_SUPPORT,0.75,0.25,TRAIN,49,0.16326530612244897,0.04878048780487805,-0.7959183673469388,-0.841425801280605,-0.8641795182474379,-39.0,39.0,0,10
DI_GAP10_SUPPORT,0.75,0.25,OOS,21,0.047619047619047616,0.0125,-0.9404761904761905,-0.9892274996779197,-1.0136031542787847,-19.75,19.75,0,5
DI_GAP10_SUPPORT,0.75,0.25,YTD2026,3,0.0,0.0,-1.0,-1.0542533980617421,-1.081380097092613,-3.0,3.0,0,1
DI_GAP10_SUPPORT,0.75,0.25,FULL,70,0.12857142857142856,0.036885245901639344,-0.8392857142857143,-0.8857663107997994,-0.909006609056842,-58.75,58.75,0,15
DI_GAP10_SUPPORT,0.75,0.3,TRAIN,49,0.16326530612244897,0.058536585365853655,-0.7877551020408162,-0.8332625359744824,-0.8560162529413154,-38.599999999999994,38.6,0,10
DI_GAP10_SUPPORT,0.75,0.3,OOS,21,0.047619047619047616,0.015,-0.9380952380952381,-0.9868465472969674,-1.0112222018978323,-19.7,19.7,0,5
DI_GAP10_SUPPORT,0.75,0.3,YTD2026,3,0.0,0.0,-1.0,-1.0542533980617421,-1.081380097092613,-3.0,3.0,0,1
DI_GAP10_SUPPORT,0.75,0.3,FULL,70,0.12857142857142856,0.04426229508196721,-0.8328571428571429,-0.879337739371228,-0.9025780376282706,-58.3,58.300000000000004,0,15
DI_GAP10_SUPPORT,0.75,0.4,TRAIN,49,0.16326530612244897,0.07804878048780488,-0.7714285714285714,-0.8169360053622375,-0.8396897223290705,-37.8,37.8,0,10
DI_GAP10_SUPPORT,0.75,0.4,OOS,21,0.047619047619047616,0.02,-0.9333333333333333,-0.9820846425350626,-1.0064602971359276,-19.6,19.6,0,5
DI_GAP10_SUPPORT,0.75,0.4,YTD2026,3,0.0,0.0,-1.0,-1.0542533980617421,-1.081380097092613,-3.0,3.0,0,1
DI_GAP10_SUPPORT,0.75,0.4,FULL,70,0.12857142857142856,0.05901639344262295,-0.82,-0.8664805965140852,-0.8897208947711276,-57.4,57.4,0,15
DI_GAP10_SUPPORT,0.75,0.5,TRAIN,49,0.14285714285714285,0.08333333333333333,-0.7857142857142857,-0.8312217196479519,-0.8539754366147848,-38.5,38.5,0,10
DI_GAP10_SUPPORT,0.75,0.5,OOS,21,0.047619047619047616,0.025,-0.9285714285714286,-0.9773227377731578,-1.0016983923740228,-19.5,19.5,0,5
DI_GAP10_SUPPORT,0.75,0.5,YTD2026,3,0.0,0.0,-1.0,-1.0542533980617421,-1.081380097092613,-3.0,3.0,0,1
DI_GAP10_SUPPORT,0.75,0.5,FULL,70,0.11428571428571428,0.06451612903225806,-0.8285714285714286,-0.8750520250855137,-0.8982923233425564,-58.0,58.0,0,15
DI_GAP10_SUPPORT,0.75,0.6,TRAIN,49,0.14285714285714285,0.1,-0.7714285714285714,-0.8169360053622375,-0.8396897223290705,-37.8,37.8,0,10
DI_GAP10_SUPPORT,0.75,0.6,OOS,21,0.047619047619047616,0.03,-0.9238095238095237,-0.972560833011253,-0.9969364876121182,-19.4,19.4,0,5
DI_GAP10_SUPPORT,0.75,0.6,YTD2026,3,0.0,0.0,-1.0,-1.0542533980617421,-1.081380097092613,-3.0,3.0,0,1
DI_GAP10_SUPPORT,0.75,0.6,FULL,70,0.11428571428571428,0.07741935483870968,-0.8171428571428572,-0.8636234536569423,-0.8868637519139849,-57.2,57.199999999999996,0,15
DI_GAP10_SUPPORT,0.75,0.75,TRAIN,49,0.14285714285714285,0.125,-0.75,-0.7955074339336662,-0.8182611509004991,-36.75,36.75,0,10
DI_GAP10_SUPPORT,0.75,0.75,OOS,21,0.047619047619047616,0.0375,-0.9166666666666666,-0.9654179758683958,-0.9897936304692608,-19.25,19.25,0,5
DI_GAP10_SUPPORT,0.75,0.75,YTD2026,3,0.0,0.0,-1.0,-1.0542533980617421,-1.081380097092613,-3.0,3.0,0,1
DI_GAP10_SUPPORT,0.75,0.75,FULL,70,0.11428571428571428,0.0967741935483871,-0.8,-0.8464805965140851,-0.8697208947711278,-56.0,56.0,0,15
DI_GAP10_SUPPORT,0.75,1.0,TRAIN,49,0.10204081632653061,0.11363636363636363,-0.7959183673469388,-0.841425801280605,-0.8641795182474379,-39.0,39.0,0,10
DI_GAP10_SUPPORT,0.75,1.0,OOS,21,0.047619047619047616,0.05,-0.9047619047619048,-0.953513213963634,-0.977888868564499,-19.0,19.0,0,5
DI_GAP10_SUPPORT,0.75,1.0,YTD2026,3,0.0,0.0,-1.0,-1.0542533980617421,-1.081380097092613,-3.0,3.0,0,1
DI_GAP10_SUPPORT,0.75,1.0,FULL,70,0.08571428571428572,0.09375,-0.8285714285714286,-0.8750520250855137,-0.8982923233425564,-58.0,58.0,0,15
DI_GAP10_SUPPORT,1.0,0.2,TRAIN,49,0.3673469387755102,0.11612903225806454,-0.5591836734693877,-0.5933142489196372,-0.6103795366447622,-27.4,27.400000000000002,0,10
DI_GAP10_SUPPORT,1.0,0.2,OOS,21,0.38095238095238093,0.12307692307692308,-0.5428571428571429,-0.5794206247584399,-0.5977023657090884,-11.400000000000002,11.400000000000002,0,5
DI_GAP10_SUPPORT,1.0,0.2,YTD2026,3,0.6666666666666666,0.4,-0.19999999999999998,-0.24069004854630657,-0.2610350728194598,-0.6,1.0,0,1
DI_GAP10_SUPPORT,1.0,0.2,FULL,70,0.37142857142857144,0.11818181818181821,-0.5542857142857143,-0.5891461616712782,-0.60657638536406,-38.8,38.8,0,15
DI_GAP10_SUPPORT,1.0,0.25,TRAIN,49,0.3673469387755102,0.14516129032258066,-0.5408163265306123,-0.5749469019808618,-0.5920121897059867,-26.5,26.5,0,10
DI_GAP10_SUPPORT,1.0,0.25,OOS,21,0.3333333333333333,0.125,-0.5833333333333334,-0.6198968152346304,-0.6381785561852789,-12.25,12.25,0,5
DI_GAP10_SUPPORT,1.0,0.25,YTD2026,3,0.6666666666666666,0.5,-0.16666666666666666,-0.20735671521297325,-0.2277017394861265,-0.5,1.0,0,1
DI_GAP10_SUPPORT,1.0,0.25,FULL,70,0.35714285714285715,0.1388888888888889,-0.5535714285714286,-0.5884318759569924,-0.6058620996497743,-38.75,38.75,0,15
DI_GAP10_SUPPORT,1.0,0.3,TRAIN,49,0.3673469387755102,0.17419354838709675,-0.5224489795918368,-0.5565795550420863,-0.5736448427672112,-25.6,25.599999999999998,1,10
DI_GAP10_SUPPORT,1.0,0.3,OOS,21,0.3333333333333333,0.15,-0.5666666666666667,-0.6032301485679638,-0.6215118895186121,-11.899999999999999,11.899999999999999,0,5
DI_GAP10_SUPPORT,1.0,0.3,YTD2026,3,0.6666666666666666,0.6,-0.13333333333333333,-0.17402338187963992,-0.19436840615279316,-0.4,1.0,0,1
DI_GAP10_SUPPORT,1.0,0.3,FULL,70,0.35714285714285715,0.16666666666666666,-0.5357142857142858,-0.5705747330998496,-0.5880049567926314,-37.50000000000001,37.5,1,15
DI_GAP10_SUPPORT,1.0,0.4,TRAIN,49,0.3469387755102041,0.21250000000000002,-0.5142857142857142,-0.5484162897359638,-0.5654815774610887,-25.199999999999996,25.2,1,10
DI_GAP10_SUPPORT,1.0,0.4,OOS,21,0.3333333333333333,0.19999999999999998,-0.5333333333333332,-0.5698968152346305,-0.5881785561852789,-11.199999999999998,11.2,0,5
DI_GAP10_SUPPORT,1.0,0.4,YTD2026,3,0.6666666666666666,0.8,-0.06666666666666665,-0.10735671521297323,-0.12770173948612648,-0.19999999999999996,1.0,0,1
DI_GAP10_SUPPORT,1.0,0.4,FULL,70,0.34285714285714286,0.2086956521739131,-0.5200000000000001,-0.5548604473855641,-0.5722906710783457,-36.400000000000006,36.40000000000001,1,15
DI_GAP10_SUPPORT,1.0,0.5,TRAIN,49,0.3469387755102041,0.265625,-0.47959183673469385,-0.5137224121849434,-0.5307876999100684,-23.5,23.5,1,10
DI_GAP10_SUPPORT,1.0,0.5,OOS,21,0.3333333333333333,0.25,-0.5,-0.536563481901297,-0.5548452228519456,-10.5,10.5,0,5
DI_GAP10_SUPPORT,1.0,0.5,YTD2026,3,0.6666666666666666,1.0,0.0,-0.04069004854630657,-0.06103507281945982,0.0,1.0,0,1
DI_GAP10_SUPPORT,1.0,0.5,FULL,70,0.34285714285714286,0.2608695652173913,-0.4857142857142857,-0.5205747330998496,-0.5380049567926316,-34.0,34.0,1,15
DI_GAP10_SUPPORT,1.0,0.6,TRAIN,49,0.2857142857142857,0.23999999999999996,-0.5428571428571429,-0.5769877183073925,-0.5940530060325172,-26.6,26.6,1,10
DI_GAP10_SUPPORT,1.0,0.6,OOS,21,0.2857142857142857,0.24000000000000002,-0.5428571428571429,-0.57942062475844,-0.5977023657090884,-11.400000000000002,11.6,1,5
DI_GAP10_SUPPORT,1.0,0.6,YTD2026,3,0.6666666666666666,1.2,0.06666666666666665,0.02597661812036008,0.005631593847206832,0.19999999999999996,1.0,1,1
DI_GAP10_SUPPORT,1.0,0.6,FULL,70,0.2857142857142857,0.23999999999999996,-0.5428571428571428,-0.5777175902427066,-0.5951478139354884,-38.0,38.199999999999996,2,15
DI_GAP10_SUPPORT,1.0,0.75,TRAIN,49,0.22448979591836735,0.21710526315789475,-0.6071428571428571,-0.6412734325931068,-0.6583387203182314,-29.75,29.75,1,10
DI_GAP10_SUPPORT,1.0,0.75,OOS,21,0.23809523809523808,0.234375,-0.5833333333333334,-0.6198968152346304,-0.6381785561852789,-12.25,12.75,1,5
DI_GAP10_SUPPORT,1.0,0.75,YTD2026,3,0.6666666666666666,1.5,0.16666666666666666,0.1259766181203601,0.10563159384720684,0.5,1.0,1,1
DI_GAP10_SUPPORT,1.0,0.75,FULL,70,0.22857142857142856,0.2222222222222222,-0.6,-0.6348604473855638,-0.6522906710783457,-42.0,42.5,2,15
DI_GAP10_SUPPORT,1.0,1.0,TRAIN,49,0.22448979591836735,0.2894736842105263,-0.5510204081632653,-0.5851509836135149,-0.6022162713386396,-27.0,28.0,2,10
DI_GAP10_SUPPORT,1.0,1.0,OOS,21,0.14285714285714285,0.16666666666666666,-0.7142857142857143,-0.7508491961870113,-0.7691309371376598,-15.0,15.0,0,5
DI_GAP10_SUPPORT,1.0,1.0,YTD2026,3,0.3333333333333333,0.5,-0.3333333333333333,-0.3740233818796399,-0.39436840615279306,-1.0,1.0,0,1
DI_GAP10_SUPPORT,1.0,1.0,FULL,70,0.2,0.25,-0.6,-0.6348604473855638,-0.6522906710783457,-42.0,43.0,2,15
DI_GAP10_SUPPORT,1.25,0.2,TRAIN,49,0.6122448979591837,0.3157894736842106,-0.2653061224489796,-0.2926105828091793,-0.3062628129892791,-13.000000000000002,14.8,2,10
DI_GAP10_SUPPORT,1.25,0.2,OOS,21,0.47619047619047616,0.18181818181818182,-0.42857142857142855,-0.45782221409246626,-0.47244760685298504,-9.0,9.0,0,5
DI_GAP10_SUPPORT,1.25,0.2,YTD2026,3,0.6666666666666666,0.4,-0.19999999999999998,-0.2325520388370452,-0.24882805825556786,-0.6,1.0,0,1
DI_GAP10_SUPPORT,1.25,0.2,FULL,70,0.5714285714285714,0.26666666666666666,-0.31428571428571433,-0.3421740721941653,-0.35611825114839096,-22.000000000000004,23.40000000000001,2,15
DI_GAP10_SUPPORT,1.25,0.25,TRAIN,49,0.5918367346938775,0.3625,-0.2602040816326531,-0.2875085419928527,-0.30116077217295256,-12.75,14.25,2,10
DI_GAP10_SUPPORT,1.25,0.25,OOS,21,0.47619047619047616,0.22727272727272727,-0.40476190476190477,-0.43401269028294226,-0.4486380830434612,-8.5,8.5,0,5
DI_GAP10_SUPPORT,1.25,0.25,YTD2026,3,0.6666666666666666,0.5,-0.16666666666666666,-0.19921870550371187,-0.21549472492223454,-0.5,1.0,0,1
DI_GAP10_SUPPORT,1.25,0.25,FULL,70,0.5571428571428572,0.31451612903225806,-0.30357142857142855,-0.3314597864798796,-0.3454039654341051,-21.25,22.25,2,15
DI_GAP10_SUPPORT,1.25,0.3,TRAIN,49,0.5714285714285714,0.4,-0.2571428571428571,-0.2844473175030568,-0.29809954768315666,-12.6,13.7,2,10
DI_GAP10_SUPPORT,1.25,0.3,OOS,21,0.47619047619047616,0.2727272727272727,-0.38095238095238093,-0.41020316647341853,-0.4248285592339374,-8.0,8.0,0,5
DI_GAP10_SUPPORT,1.25,0.3,YTD2026,3,0.6666666666666666,0.6,-0.13333333333333333,-0.16588537217037855,-0.1821613915889012,-0.4,1.0,0,1
DI_GAP10_SUPPORT,1.25,0.3,FULL,70,0.5428571428571428,0.3562500000000001,-0.29428571428571426,-0.32217407219416544,-0.3361182511483909,-20.599999999999998,21.09999999999999,2,15
DI_GAP10_SUPPORT,1.25,0.4,TRAIN,49,0.5510204081632653,0.490909090909091,-0.22857142857142856,-0.2558758889316282,-0.2695281191117281,-11.2,13.999999999999998,2,10
DI_GAP10_SUPPORT,1.25,0.4,OOS,21,0.42857142857142855,0.3,-0.3999999999999999,-0.4292507855210376,-0.44387617828155645,-8.399999999999999,8.399999999999999,0,5
DI_GAP10_SUPPORT,1.25,0.4,YTD2026,3,0.6666666666666666,0.8,-0.06666666666666665,-0.09921870550371185,-0.11549472492223452,-0.19999999999999996,1.0,0,1
DI_GAP10_SUPPORT,1.25,0.4,FULL,70,0.5142857142857142,0.42352941176470593,-0.28,-0.30788835790845104,-0.32183253686267665,-19.6,21.6,2,15
DI_GAP10_SUPPORT,1.25,0.5,TRAIN,49,0.4897959183673469,0.48,-0.2653061224489796,-0.29261058280917923,-0.3062628129892791,-13.0,16.0,2,10
DI_GAP10_SUPPORT,1.25,0.5,OOS,21,0.38095238095238093,0.3076923076923077,-0.42857142857142855,-0.45782221409246615,-0.4724476068529849,-9.0,9.0,0,5
DI_GAP10_SUPPORT,1.25,0.5,YTD2026,3,0.6666666666666666,1.0,0.0,-0.032552038837045195,-0.04882805825556787,0.0,1.0,0,1
DI_GAP10_SUPPORT,1.25,0.5,FULL,70,0.45714285714285713,0.42105263157894735,-0.3142857142857143,-0.3421740721941653,-0.35611825114839096,-22.0,24.0,2,15
DI_GAP10_SUPPORT,1.25,0.6,TRAIN,49,0.40816326530612246,0.4137931034482758,-0.3469387755102041,-0.3742432358704037,-0.38789546605050357,-17.0,19.400000000000002,2,10
DI_GAP10_SUPPORT,1.25,0.6,OOS,21,0.3333333333333333,0.3,-0.4666666666666667,-0.4959174521877043,-0.510542844948223,-9.8,10.0,1,5
DI_GAP10_SUPPORT,1.25,0.6,YTD2026,3,0.6666666666666666,1.2,0.06666666666666665,0.034114627829621456,0.017838608411098782,0.19999999999999996,1.0,1,1
DI_GAP10_SUPPORT,1.25,0.6,FULL,70,0.38571428571428573,0.3767441860465116,-0.38285714285714284,-0.4107455007655939,-0.4246896797198195,-26.799999999999997,28.799999999999994,3,15
DI_GAP10_SUPPORT,1.25,0.75,TRAIN,49,0.40816326530612246,0.5172413793103449,-0.2857142857142857,-0.31301874607448527,-0.3266709762545852,-14.0,18.5,2,10
DI_GAP10_SUPPORT,1.25,0.75,OOS,21,0.2857142857142857,0.3,-0.5,-0.5292507855210377,-0.5438761782815563,-10.5,11.0,1,5
DI_GAP10_SUPPORT,1.25,0.75,YTD2026,3,0.6666666666666666,1.5,0.16666666666666666,0.13411462782962147,0.11783860841109879,0.5,1.0,1,1
DI_GAP10_SUPPORT,1.25,0.75,FULL,70,0.37142857142857144,0.4431818181818182,-0.35,-0.37788835790845093,-0.39183253686267655,-24.5,28.75,3,15
DI_GAP10_SUPPORT,1.25,1.0,TRAIN,49,0.3673469387755102,0.5558038152338899,-0.28102207607651863,-0.3083265364367182,-0.3219787666168181,-13.770081727749414,19.0,2,10
DI_GAP10_SUPPORT,1.25,1.0,OOS,21,0.19047619047619047,0.23529411764705882,-0.6190476190476191,-0.6482984045686567,-0.6629237973291754,-13.0,13.0,0,5
DI_GAP10_SUPPORT,1.25,1.0,YTD2026,3,0.3333333333333333,0.5,-0.3333333333333333,-0.36588537217037853,-0.3821613915889011,-1.0,1.0,0,1
DI_GAP10_SUPPORT,1.25,1.0,FULL,70,0.3142857142857143,0.4422899640052205,-0.38242973896784876,-0.4103180968762997,-0.42426227583052534,-26.770081727749414,31.0,2,15
DI_GAP10_SUPPORT,1.5,0.2,TRAIN,49,0.673469387755102,0.41250000000000003,-0.1918367346938776,-0.21459045166071058,-0.22596731014412713,-9.400000000000002,11.6,2,10
DI_GAP10_SUPPORT,1.5,0.2,OOS,21,0.5714285714285714,0.2666666666666667,-0.3142857142857143,-0.33866136888657894,-0.3508491961870114,-6.6,6.599999999999999,1,5
DI_GAP10_SUPPORT,1.5,0.2,YTD2026,3,0.6666666666666666,0.4,-0.19999999999999998,-0.227126699030871,-0.24069004854630657,-0.6,1.0,0,1
DI_GAP10_SUPPORT,1.5,0.2,FULL,70,0.6428571428571429,0.3599999999999999,-0.22857142857142862,-0.2518117268284712,-0.26343187595699236,-16.000000000000004,17.40000000000001,3,15
DI_GAP10_SUPPORT,1.5,0.25,TRAIN,49,0.6326530612244898,0.4305555555555556,-0.20918367346938777,-0.2319373904362208,-0.24331424891963738,-10.25,11.25,2,10
DI_GAP10_SUPPORT,1.5,0.25,OOS,21,0.5714285714285714,0.3333333333333333,-0.2857142857142857,-0.31008994031515047,-0.3222777676155828,-6.0,6.25,1,5
DI_GAP10_SUPPORT,1.5,0.25,YTD2026,3,0.6666666666666666,0.5,-0.16666666666666666,-0.1937933656975377,-0.20735671521297325,-0.5,1.0,0,1
DI_GAP10_SUPPORT,1.5,0.25,FULL,70,0.6142857142857143,0.39814814814814814,-0.23214285714285715,-0.25538315539989964,-0.267003304528421,-16.25,16.25,3,15
DI_GAP10_SUPPORT,1.5,0.3,TRAIN,49,0.6326530612244898,0.5166666666666668,-0.17755102040816326,-0.20030473737499635,-0.21168159585841287,-8.7,10.400000000000002,3,10
DI_GAP10_SUPPORT,1.5,0.3,OOS,21,0.5714285714285714,0.3999999999999999,-0.2571428571428572,-0.28151851174372183,-0.29370633904415416,-5.4,6.1,1,5
DI_GAP10_SUPPORT,1.5,0.3,YTD2026,3,0.6666666666666666,0.6,-0.13333333333333333,-0.16046003236420434,-0.17402338187963992,-0.4,1.0,0,1
DI_GAP10_SUPPORT,1.5,0.3,FULL,70,0.6142857142857143,0.47777777777777786,-0.2014285714285714,-0.22466886968561398,-0.23628901881413522,-14.099999999999998,14.799999999999994,4,15
DI_GAP10_SUPPORT,1.5,0.4,TRAIN,49,0.5510204081632653,0.490909090909091,-0.22857142857142856,-0.25132514553826163,-0.26270200402167815,-11.2,13.399999999999999,3,10
DI_GAP10_SUPPORT,1.5,0.4,OOS,21,0.47619047619047616,0.36363636363636365,-0.33333333333333326,-0.35770898793419803,-0.36989681523463036,-6.999999999999998,7.199999999999999,1,5
DI_GAP10_SUPPORT,1.5,0.4,YTD2026,3,0.6666666666666666,0.8,-0.06666666666666665,-0.09379336569753764,-0.10735671521297323,-0.19999999999999996,1.0,0,1
DI_GAP10_SUPPORT,1.5,0.4,FULL,70,0.5285714285714286,0.44848484848484854,-0.26000000000000006,-0.28324029825704256,-0.29486044738556383,-18.200000000000003,18.999999999999993,4,15
DI_GAP10_SUPPORT,1.5,0.5,TRAIN,49,0.46938775510204084,0.4586423256258913,-0.2770205117189686,-0.29977422868580167,-0.3111510871692182,-13.574005074229461,16.07400507422946,3,10
DI_GAP10_SUPPORT,1.5,0.5,OOS,21,0.42857142857142855,0.375,-0.35714285714285715,-0.3815185117437218,-0.39370633904415425,-7.5,8.0,1,5
DI_GAP10_SUPPORT,1.5,0.5,YTD2026,3,0.6666666666666666,1.0,0.0,-0.027126699030870987,-0.04069004854630657,0.0,1.0,0,1
DI_GAP10_SUPPORT,1.5,0.5,FULL,70,0.45714285714285713,0.43156923477689685,-0.30105721534613517,-0.32429751360317766,-0.33591766273169904,-21.07400507422946,22.07400507422946,4,15
DI_GAP10_SUPPORT,1.5,0.6,TRAIN,49,0.46938775510204084,0.5503707907510694,-0.23008173620876454,-0.2528354531755976,-0.26421231165901415,-11.274005074229462,15.474005074229463,3,10
DI_GAP10_SUPPORT,1.5,0.6,OOS,21,0.38095238095238093,0.3692307692307692,-0.39047619047619053,-0.41485184507705514,-0.4270396723774875,-8.200000000000001,9.0,2,5
DI_GAP10_SUPPORT,1.5,0.6,YTD2026,3,0.6666666666666666,1.2,0.06666666666666665,0.03953996763579563,0.02597661812036008,0.19999999999999996,1.0,1,1
DI_GAP10_SUPPORT,1.5,0.6,FULL,70,0.44285714285714284,0.488522286104056,-0.27820007248899226,-0.3014403707460349,-0.3130605198745562,-19.474005074229456,22.074005074229465,5,15
DI_GAP10_SUPPORT,1.5,0.75,TRAIN,49,0.40816326530612246,0.5343021047527434,-0.26681643008631556,-0.2895701470531486,-0.3009470055365651,-13.074005074229461,16.57400507422946,2,10
DI_GAP10_SUPPORT,1.5,0.75,OOS,21,0.3333333333333333,0.375,-0.4166666666666667,-0.4410423212675313,-0.4532301485679638,-8.75,8.75,1,5
DI_GAP10_SUPPORT,1.5,0.75,YTD2026,3,0.3333333333333333,0.375,-0.4166666666666667,-0.4437933656975377,-0.4573567152129732,-1.25,1.25,0,1
DI_GAP10_SUPPORT,1.5,0.75,FULL,70,0.38571428571428573,0.4812948033892601,-0.3117715010604209,-0.3350117993174634,-0.3466319484459847,-21.82400507422946,23.82400507422946,3,15
DI_GAP10_SUPPORT,1.5,1.0,TRAIN,49,0.3673469387755102,0.5716431355842384,-0.26290625538817636,-0.28565997235500934,-0.29703683083842586,-12.88240651402064,19.07400507422946,2,10
DI_GAP10_SUPPORT,1.5,1.0,OOS,21,0.2857142857142857,0.4,-0.42857142857142855,-0.45294708317229315,-0.4651349104727257,-9.0,9.0,1,5
DI_GAP10_SUPPORT,1.5,1.0,YTD2026,3,0.3333333333333333,0.5,-0.3333333333333333,-0.3604600323642044,-0.3740233818796399,-1.0,1.0,0,1
DI_GAP10_SUPPORT,1.5,1.0,FULL,70,0.34285714285714286,0.5145226948884636,-0.312605807343152,-0.33584610560019457,-0.34746625472871584,-21.88240651402064,26.07400507422946,3,15
DI_GAP10_SUPPORT,1.75,0.2,TRAIN,49,0.7346938775510204,0.5538461538461539,-0.11836734693877553,-0.1378705329103467,-0.1476221258961323,-5.800000000000001,7.199999999999999,3,10
DI_GAP10_SUPPORT,1.75,0.2,OOS,21,0.6190476190476191,0.32500000000000007,-0.2571428571428571,-0.27803627537216974,-0.28848298448682597,-5.3999999999999995,5.8,1,5
DI_GAP10_SUPPORT,1.75,0.2,YTD2026,3,0.6666666666666666,0.4,-0.19999999999999998,-0.22325145631217513,-0.23487718446826275,-0.6,1.0,0,1
DI_GAP10_SUPPORT,1.75,0.2,FULL,70,0.7,0.4666666666666666,-0.16000000000000006,-0.17992025564889363,-0.18988038347334044,-11.200000000000005,11.8,4,15
DI_GAP10_SUPPORT,1.75,0.25,TRAIN,49,0.7142857142857143,0.625,-0.10714285714285714,-0.12664604311442834,-0.13639763610021396,-5.25,6.5,4,10
DI_GAP10_SUPPORT,1.75,0.25,OOS,21,0.6190476190476191,0.40625,-0.2261904761904762,-0.24708389441978879,-0.2575306035344451,-4.75,5.5,1,5
DI_GAP10_SUPPORT,1.75,0.25,YTD2026,3,0.6666666666666666,0.5,-0.16666666666666666,-0.1899181229788418,-0.20154385113492937,-0.5,1.0,0,1
DI_GAP10_SUPPORT,1.75,0.25,FULL,70,0.6857142857142857,0.5454545454545454,-0.14285714285714285,-0.16277739850603648,-0.17273752633048328,-10.0,10.25,5,15
DI_GAP10_SUPPORT,1.75,0.3,TRAIN,49,0.6530612244897959,0.5647058823529412,-0.15102040816326529,-0.1705235941348365,-0.1802751871206221,-7.3999999999999995,9.700000000000003,4,10
DI_GAP10_SUPPORT,1.75,0.3,OOS,21,0.5714285714285714,0.3999999999999999,-0.2571428571428572,-0.27803627537216974,-0.2884829844868261,-5.4,5.6,1,5
DI_GAP10_SUPPORT,1.75,0.3,YTD2026,3,0.6666666666666666,0.6,-0.13333333333333333,-0.15658478964550848,-0.1682105178015961,-0.4,1.0,0,1
DI_GAP10_SUPPORT,1.75,0.3,FULL,70,0.6285714285714286,0.5076923076923078,-0.18285714285714283,-0.20277739850603652,-0.21273752633048326,-12.799999999999997,14.099999999999998,5,15
DI_GAP10_SUPPORT,1.75,0.4,TRAIN,49,0.5714285714285714,0.5594004082447195,-0.18002932538339533,-0.19953251135496658,-0.2092841043407521,-8.821436943786372,10.42143694378637,3,10
DI_GAP10_SUPPORT,1.75,0.4,OOS,21,0.5238095238095238,0.44000000000000006,-0.26666666666666655,-0.2875600848959793,-0.29800679401063546,-5.599999999999998,6.199999999999999,1,5
DI_GAP10_SUPPORT,1.75,0.4,YTD2026,3,0.6666666666666666,0.8,-0.06666666666666665,-0.08991812297884179,-0.10154385113492936,-0.19999999999999996,1.0,0,1
DI_GAP10_SUPPORT,1.75,0.4,FULL,70,0.5571428571428572,0.5196286916315903,-0.20602052776837673,-0.22594078341727034,-0.2359009112417172,-14.421436943786372,15.021436943786366,4,15
DI_GAP10_SUPPORT,1.75,0.5,TRAIN,49,0.5306122448979592,0.5903338657320505,-0.1841109580364566,-0.20361414400802783,-0.21336573699381334,-9.021436943786373,11.563432920768111,3,10
DI_GAP10_SUPPORT,1.75,0.5,OOS,21,0.5238095238095238,0.55,-0.21428571428571427,-0.2351791325150269,-0.2456258416296832,-4.5,6.0,1,5
DI_GAP10_SUPPORT,1.75,0.5,YTD2026,3,0.6666666666666666,1.0,0.0,-0.02325145631217514,-0.03487718446826271,0.0,1.0,0,1
DI_GAP10_SUPPORT,1.75,0.5,FULL,70,0.5285714285714286,0.577737970737439,-0.1931633849112339,-0.2130836405601275,-0.22304376838457432,-13.521436943786373,15.063432920768111,4,15
DI_GAP10_SUPPORT,1.75,0.6,TRAIN,49,0.46938775510204084,0.5515270778014602,-0.2290089172201301,-0.24851210319170122,-0.2582636961774869,-11.221436943786374,14.26343292076811,3,10
DI_GAP10_SUPPORT,1.75,0.6,OOS,21,0.42857142857142855,0.44999999999999996,-0.31428571428571433,-0.33517913251502685,-0.3456258416296832,-6.600000000000001,7.6000000000000005,1,5
DI_GAP10_SUPPORT,1.75,0.6,YTD2026,3,0.3333333333333333,0.3,-0.4666666666666666,-0.4899181229788418,-0.5015438511349294,-1.4,1.4,0,1
DI_GAP10_SUPPORT,1.75,0.6,FULL,70,0.45714285714285713,0.5186184433941186,-0.2545919563398053,-0.27451221198869896,-0.2844723398131457,-17.82143694378637,19.663432920768113,4,15
DI_GAP10_SUPPORT,1.75,0.75,TRAIN,49,0.4489795918367347,0.6115814192621667,-0.20626958380539845,-0.22577276977696964,-0.23552436276275523,-10.107209606464524,13.25,4,10
DI_GAP10_SUPPORT,1.75,0.75,OOS,21,0.38095238095238093,0.40762642655829223,-0.3667074502258191,-0.3876008684551317,-0.39804757756978804,-7.700856454742201,8.75,1,5
DI_GAP10_SUPPORT,1.75,0.75,YTD2026,3,0.3333333333333333,0.375,-0.4166666666666667,-0.4399181229788418,-0.4515438511349294,-1.25,1.25,0,1
DI_GAP10_SUPPORT,1.75,0.75,FULL,70,0.42857142857142855,0.5436337701540637,-0.2544009437315246,-0.2743211993804183,-0.28428132720486504,-17.808066061206723,19.450856454742198,5,15
DI_GAP10_SUPPORT,1.75,1.0,TRAIN,49,0.3673469387755102,0.5819225950951938,-0.2516631650391671,-0.27116635101073827,-0.28091794399652387,-12.331495086919187,15.537718401222774,2,10
DI_GAP10_SUPPORT,1.75,1.0,OOS,21,0.38095238095238093,0.5422418111736769,-0.28337411689248576,-0.3042675351217983,-0.31471424423645467,-5.950856454742201,8.0,1,5
DI_GAP10_SUPPORT,1.75,1.0,YTD2026,3,0.3333333333333333,0.5,-0.3333333333333333,-0.3565847896455085,-0.368210517801596,-1.0,1.0,0,1
DI_GAP10_SUPPORT,1.75,1.0,FULL,70,0.37142857142857144,0.5697837217791948,-0.26117645059516276,-0.2810967062440564,-0.2910568340685032,-18.28235154166139,19.488574855964977,3,15
DI_GAP10_SUPPORT,2.0,0.2,TRAIN,49,0.7959183673469388,0.7800000000000001,-0.04489795918367348,-0.06196324690879826,-0.07049589077136066,-2.2000000000000006,4.4,3,10
DI_GAP10_SUPPORT,2.0,0.2,OOS,21,0.7619047619047619,0.64,-0.08571428571428573,-0.10399602666493421,-0.11313689714025846,-1.8000000000000003,2.6000000000000005,1,5
DI_GAP10_SUPPORT,2.0,0.2,YTD2026,3,0.6666666666666666,0.4,-0.19999999999999998,-0.22034502427315325,-0.23051753640972986,-0.6,1.0,0,1
DI_GAP10_SUPPORT,2.0,0.2,FULL,70,0.7857142857142857,0.733333333333333,-0.05714285714285713,-0.07457308083563903,-0.08328819268202999,-3.999999999999999,5.399999999999999,4,15
DI_GAP10_SUPPORT,2.0,0.25,TRAIN,49,0.7755102040816326,0.8636363636363636,-0.030612244897959183,-0.04767753262308397,-0.05621017648564637,-1.5,5.0,4,10
DI_GAP10_SUPPORT,2.0,0.25,OOS,21,0.7142857142857143,0.625,-0.10714285714285714,-0.12542459809350565,-0.13456546856882992,-2.25,2.5,1,5
DI_GAP10_SUPPORT,2.0,0.25,YTD2026,3,0.6666666666666666,0.5,-0.16666666666666666,-0.18701169093981992,-0.19718420307639653,-0.5,1.0,0,1
DI_GAP10_SUPPORT,2.0,0.25,FULL,70,0.7571428571428571,0.7794117647058824,-0.05357142857142857,-0.07100165226421046,-0.07971676411060144,-3.75,6.5,5,15
DI_GAP10_SUPPORT,2.0,0.3,TRAIN,49,0.7142857142857143,0.7500000000000001,-0.07142857142857142,-0.08849385915369623,-0.0970265030162586,-3.5,7.0,5,10
DI_GAP10_SUPPORT,2.0,0.3,OOS,21,0.7142857142857143,0.7499999999999999,-0.07142857142857141,-0.08971031237921993,-0.09885118285454422,-1.4999999999999996,2.4,2,5
DI_GAP10_SUPPORT,2.0,0.3,YTD2026,3,0.6666666666666666,0.6,-0.13333333333333333,-0.1536783576064866,-0.1638508697430632,-0.4,1.0,0,1
DI_GAP10_SUPPORT,2.0,0.3,FULL,70,0.7142857142857143,0.7500000000000001,-0.07142857142857144,-0.08885879512135335,-0.09757390696774429,-5.000000000000001,7.8000000000000025,7,15
DI_GAP10_SUPPORT,2.0,0.4,TRAIN,49,0.6122448979591837,0.670624943744437,-0.12028076175128724,-0.13734604947641202,-0.14587869333897444,-5.893757325813075,8.799999999999999,4,10
DI_GAP10_SUPPORT,2.0,0.4,OOS,21,0.6666666666666666,0.8000000000000002,-0.06666666666666665,-0.08494840761731517,-0.09408927809263942,-1.3999999999999997,2.4000000000000004,2,5
DI_GAP10_SUPPORT,2.0,0.4,YTD2026,3,0.6666666666666666,0.8,-0.06666666666666665,-0.0870116909398199,-0.09718420307639652,-0.19999999999999996,1.0,0,1
DI_GAP10_SUPPORT,2.0,0.4,FULL,70,0.6285714285714286,0.7070045622140789,-0.10419653322590106,-0.12162675691868294,-0.13034186876507395,-7.293757325813074,9.599999999999994,6,15
DI_GAP10_SUPPORT,2.0,0.5,TRAIN,49,0.5918367346938775,0.7674492558549894,-0.08966851685332806,-0.10673380457845287,-0.11526644844101527,-4.393757325813075,9.0,3,10
DI_GAP10_SUPPORT,2.0,0.5,OOS,21,0.5714285714285714,0.6666666666666666,-0.14285714285714285,-0.16113888380779134,-0.17027975428311565,-3.0,3.5,1,5
DI_GAP10_SUPPORT,2.0,0.5,YTD2026,3,0.3333333333333333,0.25,-0.5,-0.5203450242731532,-0.5305175364097299,-1.5,1.5,0,1
DI_GAP10_SUPPORT,2.0,0.5,FULL,70,0.5857142857142857,0.7349314673010781,-0.1056251046544725,-0.12305532834725441,-0.1317704401936454,-7.393757325813075,10.5,4,15
DI_GAP10_SUPPORT,2.0,0.6,TRAIN,49,0.5306122448979592,0.6916902701895741,-0.13775629399298894,-0.15482158171811375,-0.16335422558067617,-6.750058405656459,10.799999999999999,4,10
DI_GAP10_SUPPORT,2.0,0.6,OOS,21,0.5714285714285714,0.7999999999999998,-0.08571428571428573,-0.10399602666493424,-0.1131368971402585,-1.8000000000000003,3.0,1,5
DI_GAP10_SUPPORT,2.0,0.6,YTD2026,3,0.3333333333333333,0.3,-0.4666666666666666,-0.4870116909398199,-0.4971842030763966,-1.4,1.4,0,1
DI_GAP10_SUPPORT,2.0,0.6,FULL,70,0.5428571428571428,0.723243168013348,-0.122143691509378,-0.13957391520215992,-0.14828902704855085,-8.55005840565646,11.6,5,15
DI_GAP10_SUPPORT,2.0,0.75,TRAIN,49,0.4897959183673469,0.727959972262953,-0.13265425317666243,-0.14971954090178724,-0.1582521847643496,-6.500058405656459,11.805503805672096,4,10
DI_GAP10_SUPPORT,2.0,0.75,OOS,21,0.47619047619047616,0.6175455092818702,-0.20033330466187746,-0.21861504561252593,-0.22775591608785023,-4.206999397899427,5.75,2,5
DI_GAP10_SUPPORT,2.0,0.75,YTD2026,3,0.3333333333333333,0.375,-0.4166666666666667,-0.4370116909398199,-0.4471842030763966,-1.25,1.25,0,1
DI_GAP10_SUPPORT,2.0,0.75,FULL,70,0.4857142857142857,0.6931526260247356,-0.1529579686222269,-0.17038819231500885,-0.1791033041613998,-10.707057803555884,14.512503203571523,6,15
DI_GAP10_SUPPORT,2.0,1.0,TRAIN,49,0.42857142857142855,0.7656651672045793,-0.1258175143072304,-0.1428828020323552,-0.1514154458949176,-6.16505820105429,10.055503805672098,3,10
DI_GAP10_SUPPORT,2.0,1.0,OOS,21,0.38095238095238093,0.5417692770846595,-0.2836666379952108,-0.3019483789458593,-0.31108924942118354,-5.956999397899427,7.0,1,5
DI_GAP10_SUPPORT,2.0,1.0,YTD2026,3,0.3333333333333333,0.5,-0.3333333333333333,-0.3536783576064866,-0.3638508697430633,-1.0,1.0,0,1
DI_GAP10_SUPPORT,2.0,1.0,FULL,70,0.4142857142857143,0.6916194129065281,-0.17317225141362452,-0.19060247510640643,-0.19931758695279736,-12.122057598953717,14.012503203571525,4,15
DI_GAP10_SUPPORT,2.25,0.2,TRAIN,49,0.8367346938775511,1.025,0.004081632653061215,-0.011087511991494145,-0.018672084313771813,0.19999999999999957,2.8,4,10
DI_GAP10_SUPPORT,2.25,0.2,OOS,21,0.8095238095238095,0.8500000000000001,-0.028571428571428564,-0.044821864972005014,-0.05294708317229327,-0.5999999999999999,2.0,2,5
DI_GAP10_SUPPORT,2.25,0.2,YTD2026,3,0.6666666666666666,0.4,-0.19999999999999998,-0.21808446602058065,-0.227126699030871,-0.6,1.0,0,1
DI_GAP10_SUPPORT,2.25,0.2,FULL,70,0.8285714285714286,0.9666666666666665,-0.005714285714285716,-0.021207817885647417,-0.028954583971328246,-0.40000000000000013,2.8,6,15
DI_GAP10_SUPPORT,2.25,0.25,TRAIN,49,0.7755102040816326,0.8636363636363636,-0.030612244897959183,-0.04578138954251456,-0.053365961864792234,-1.5,5.0,4,10
DI_GAP10_SUPPORT,2.25,0.25,OOS,21,0.7619047619047619,0.8,-0.047619047619047616,-0.06386948401962407,-0.07199470221991232,-1.0,2.0,2,5
DI_GAP10_SUPPORT,2.25,0.25,YTD2026,3,0.6666666666666666,0.5,-0.16666666666666666,-0.18475113268724738,-0.1937933656975377,-0.5,1.0,0,1
DI_GAP10_SUPPORT,2.25,0.25,FULL,70,0.7714285714285715,0.84375,-0.03571428571428571,-0.051207817885647405,-0.05895458397132826,-2.5,6.0,6,15
DI_GAP10_SUPPORT,2.25,0.3,TRAIN,49,0.6938775510204082,0.7394277621000682,-0.07335614196486305,-0.08852528660941843,-0.0961098589316961,-3.5944509562782896,5.0944509562782905,5,10
DI_GAP10_SUPPORT,2.25,0.3,OOS,21,0.7142857142857143,0.7499999999999999,-0.07142857142857141,-0.0876790078291479,-0.09580422602943611,-1.4999999999999996,2.8999999999999995,2,5
DI_GAP10_SUPPORT,2.25,0.3,YTD2026,3,0.6666666666666666,0.6,-0.13333333333333333,-0.151417799353914,-0.16046003236420434,-0.4,1.0,0,1
DI_GAP10_SUPPORT,2.25,0.3,FULL,70,0.7,0.7426323686607503,-0.07277787080397556,-0.08827140297533727,-0.0960181690610181,-5.09445095627829,6.794450956278292,7,15
DI_GAP10_SUPPORT,2.25,0.4,TRAIN,49,0.6530612244897959,0.8104112029872115,-0.06111124400567937,-0.07628038865023475,-0.08386496097251243,-2.994450956278289,6.200000000000001,5,10
DI_GAP10_SUPPORT,2.25,0.4,OOS,21,0.7142857142857143,1.0000000000000002,2.114710523095536e-17,-0.01625043640057645,-0.02437565460086466,4.440892098500626e-16,2.2,2,5
DI_GAP10_SUPPORT,2.25,0.4,YTD2026,3,0.6666666666666666,0.8,-0.06666666666666665,-0.08475113268724736,-0.09379336569753764,-0.19999999999999996,1.0,0,1
DI_GAP10_SUPPORT,2.25,0.4,FULL,70,0.6714285714285714,0.8626048913879295,-0.04277787080397556,-0.05827140297533724,-0.06601816906101811,-2.9944509562782895,6.6,7,15
DI_GAP10_SUPPORT,2.25,0.5,TRAIN,49,0.5714285714285714,0.7072689225340479,-0.11825410114853653,-0.13342324579309187,-0.14100781811536958,-5.79445095627829,8.5,4,10
DI_GAP10_SUPPORT,2.25,0.5,OOS,21,0.6190476190476191,0.8125,-0.07142857142857142,-0.08767900782914789,-0.09580422602943611,-1.5,2.0,2,5
DI_GAP10_SUPPORT,2.25,0.5,YTD2026,3,0.3333333333333333,0.25,-0.5,-0.5180844660205807,-0.5271266990308711,-1.5,1.5,0,1
DI_GAP10_SUPPORT,2.25,0.5,FULL,70,0.5857142857142857,0.7375572927217474,-0.10420644223254699,-0.11969997440390867,-0.12744674048958957,-7.29445095627829,9.5,6,15
DI_GAP10_SUPPORT,2.25,0.6,TRAIN,49,0.5306122448979592,0.7248475353734488,-0.1171937614080825,-0.13236290605263784,-0.13994747837491556,-5.742494308996043,9.8757757261903,5,10
DI_GAP10_SUPPORT,2.25,0.6,OOS,21,0.5238095238095238,0.6038222757422731,-0.18865605917034609,-0.20490649557092258,-0.21303171377121077,-3.9617772425772677,4.6,1,5
DI_GAP10_SUPPORT,2.25,0.6,YTD2026,3,0.3333333333333333,0.3,-0.4666666666666666,-0.4847511326872474,-0.49379336569753773,-1.4,1.4,0,1
DI_GAP10_SUPPORT,2.25,0.6,FULL,70,0.5285714285714286,0.6856430096418946,-0.1386324507367616,-0.15412598290812327,-0.1618727489938041,-9.704271551573312,12.637552968767572,6,15
DI_GAP10_SUPPORT,2.25,0.75,TRAIN,49,0.4489795918367347,0.6550458677364855,-0.1706404697146191,-0.18580961435917445,-0.19339418668145217,-8.361383016016337,10.875112442343275,4,10
DI_GAP10_SUPPORT,2.25,0.75,OOS,21,0.47619047619047616,0.6171111597657029,-0.200560821075108,-0.21681125747568444,-0.2249364756759727,-4.211777242577268,5.75,2,5
DI_GAP10_SUPPORT,2.25,0.75,YTD2026,3,0.3333333333333333,0.375,-0.4166666666666667,-0.43475113268724735,-0.4437933656975377,-1.25,1.25,0,1
DI_GAP10_SUPPORT,2.25,0.75,FULL,70,0.45714285714285713,0.6432044300878244,-0.17961657512276577,-0.19511010729412748,-0.20285687337980832,-12.573160258593603,13.586889684920543,6,15
DI_GAP10_SUPPORT,2.25,1.0,TRAIN,49,0.42857142857142855,0.7600823784124677,-0.12357772520856032,-0.13874686985311568,-0.1463314421753934,-6.055308535219456,9.277825124003387,4,10
DI_GAP10_SUPPORT,2.25,1.0,OOS,21,0.3333333333333333,0.43130162553019513,-0.3791322496465366,-0.39538268604711296,-0.4035079042474012,-7.961777242577268,9.0,1,5
DI_GAP10_SUPPORT,2.25,1.0,YTD2026,3,0.3333333333333333,0.5,-0.3333333333333333,-0.35141779935391404,-0.3604600323642044,-1.0,1.0,0,1
DI_GAP10_SUPPORT,2.25,1.0,FULL,70,0.4,0.6427777324064872,-0.20024408253995318,-0.21573761471131492,-0.22348438079699573,-14.017085777796723,15.399703911143959,5,15
DI_GAP10_SUPPORT,2.5,0.2,TRAIN,49,0.8367346938775511,1.025,0.004081632653061219,-0.009570597527038606,-0.016396712617088513,0.19999999999999973,3.0000000000000004,4,10
DI_GAP10_SUPPORT,2.5,0.2,OOS,21,0.7619047619047619,0.64,-0.08571428571428573,-0.1003396784748045,-0.10765237485506393,-1.8000000000000003,2.4000000000000004,2,5
DI_GAP10_SUPPORT,2.5,0.2,YTD2026,3,0.6666666666666666,0.4,-0.19999999999999998,-0.2162760194185226,-0.22441402912778388,-0.6,1.0,0,1
DI_GAP10_SUPPORT,2.5,0.2,FULL,70,0.8142857142857143,0.8769230769230768,-0.02285714285714286,-0.03680132181136838,-0.04377341128848113,-1.6000000000000003,3.600000000000001,6,15
DI_GAP10_SUPPORT,2.5,0.25,TRAIN,49,0.8163265306122449,1.1111111111111112,0.02040816326530612,0.006755933085206287,-7.018200484363144e-05,1.0,3.75,5,10
DI_GAP10_SUPPORT,2.5,0.25,OOS,21,0.7619047619047619,0.8,-0.047619047619047616,-0.06224444037956644,-0.06955713675982583,-1.0,2.0,2,5
DI_GAP10_SUPPORT,2.5,0.25,YTD2026,3,0.6666666666666666,0.5,-0.16666666666666666,-0.18294268608518927,-0.19108069579445056,-0.5,1.0,0,1
DI_GAP10_SUPPORT,2.5,0.25,FULL,70,0.8,1.0,0.0,-0.013944178954225532,-0.020916268431338297,0.0,3.75,7,15
DI_GAP10_SUPPORT,2.5,0.3,TRAIN,49,0.7142857142857143,0.8790324543697318,-0.029488805324437786,-0.04314103550453764,-0.04996715059458757,-1.4449514608974514,5.329945600246992,6,10
DI_GAP10_SUPPORT,2.5,0.3,OOS,21,0.7142857142857143,0.7499999999999999,-0.07142857142857141,-0.08605396418909023,-0.09336666056934968,-1.4999999999999996,2.8999999999999995,2,5
DI_GAP10_SUPPORT,2.5,0.3,YTD2026,3,0.6666666666666666,0.6,-0.13333333333333333,-0.14960935275185594,-0.15774736246111723,-0.4,1.0,0,1
DI_GAP10_SUPPORT,2.5,0.3,FULL,70,0.7142857142857143,0.8358896948083376,-0.04207073515567789,-0.05601491410990344,-0.06298700358701621,-2.9449514608974523,5.329945600246994,8,15
DI_GAP10_SUPPORT,2.5,0.4,TRAIN,49,0.673469387755102,0.9465791284404005,-0.015203091038723492,-0.028855321218823324,-0.035681436308873216,-0.7449514608974511,5.029945600246991,6,10
DI_GAP10_SUPPORT,2.5,0.4,OOS,21,0.6190476190476191,0.718639504249865,-0.09694738124366702,-0.11157277400418583,-0.11888547038444527,-2.0358950061170074,2.2,2,5
DI_GAP10_SUPPORT,2.5,0.4,YTD2026,3,0.3333333333333333,0.2,-0.5333333333333333,-0.549609352751856,-0.5577473624611172,-1.6,1.6,0,1
DI_GAP10_SUPPORT,2.5,0.4,FULL,70,0.6571428571428571,0.8687093798944645,-0.03972637810020657,-0.05367055705443207,-0.060642646531544844,-2.78084646701446,5.029945600246991,8,15
DI_GAP10_SUPPORT,2.5,0.5,TRAIN,49,0.6122448979591837,0.8624963706653924,-0.047550863770860374,-0.061203093950960206,-0.06802920904101012,-2.3299923247721583,4.7299456002469915,4,10
DI_GAP10_SUPPORT,2.5,0.5,OOS,21,0.6190476190476191,0.833953571269229,-0.057214024973169006,-0.07183941773368781,-0.07915211411394722,-1.2014945244365491,2.0,2,5
DI_GAP10_SUPPORT,2.5,0.5,YTD2026,3,0.3333333333333333,0.25,-0.5,-0.5162760194185226,-0.5244140291277839,-1.5,1.5,0,1
DI_GAP10_SUPPORT,2.5,0.5,FULL,70,0.6142857142857143,0.8539552015258821,-0.05044981213155297,-0.06439399108577848,-0.07136608056289125,-3.5314868492087075,5.7299456002469915,6,15
DI_GAP10_SUPPORT,2.5,0.6,TRAIN,49,0.5510204081632653,0.8265310826863973,-0.0673100097621108,-0.08096223994221063,-0.08778835503226058,-3.2981904783434293,6.342546798355938,3,10
DI_GAP10_SUPPORT,2.5,0.6,OOS,21,0.5238095238095238,0.653363910880735,-0.15245212021126425,-0.16707751297178305,-0.17439020935204244,-3.201494524436549,4.0,1,5
DI_GAP10_SUPPORT,2.5,0.6,YTD2026,3,0.3333333333333333,0.3,-0.4666666666666666,-0.48294268608518925,-0.4910806957944505,-1.4,1.4,0,1
DI_GAP10_SUPPORT,2.5,0.6,FULL,70,0.5428571428571428,0.7699148735797068,-0.09285264289685685,-0.10679682185108239,-0.11376891132819514,-6.499685002779979,8.50814631667548,4,15
DI_GAP10_SUPPORT,2.5,0.75,TRAIN,49,0.46938775510204084,0.7435599915193282,-0.11694265948289169,-0.13059488966299151,-0.13742100475304145,-5.730190314661693,7.980190314661693,5,10
DI_GAP10_SUPPORT,2.5,0.75,OOS,21,0.42857142857142855,0.5370645131869985,-0.24769021544935946,-0.26231560820987826,-0.26962830459013765,-5.201494524436549,6.25,1,5
DI_GAP10_SUPPORT,2.5,0.75,YTD2026,3,0.3333333333333333,0.375,-0.4166666666666667,-0.43294268608518927,-0.4410806957944506,-1.25,1.25,0,1
DI_GAP10_SUPPORT,2.5,0.75,FULL,70,0.45714285714285713,0.6744685873863349,-0.15616692627283202,-0.17011110522705755,-0.17708319470417036,-10.931684839098242,11.695789832981234,6,15
DI_GAP10_SUPPORT,2.5,1.0,TRAIN,49,0.4489795918367347,0.8945369124534925,-0.04827858397084969,-0.06193081415094955,-0.06875692924099944,-2.365650614571635,5.565915544477172,4,10
DI_GAP10_SUPPORT,2.5,1.0,OOS,21,0.2857142857142857,0.3185621179446791,-0.46194657819668067,-0.4765719709571994,-0.4838846673374589,-9.700878142130295,10.235895006117008,1,5
DI_GAP10_SUPPORT,2.5,1.0,YTD2026,3,0.3333333333333333,0.5,-0.3333333333333333,-0.34960935275185595,-0.3577473624611172,-1.0,1.0,0,1
DI_GAP10_SUPPORT,2.5,1.0,FULL,70,0.4,0.6709155905766107,-0.17237898223859896,-0.1863231611928245,-0.1932952506699373,-12.066528756701928,13.510885076714438,5,15
DI_GAP10_SUPPORT,3.0,0.2,TRAIN,49,0.8367346938775511,1.025,0.0040816326530612205,-0.007295225830355297,-0.01298365507206356,0.1999999999999998,4.0,5,10
DI_GAP10_SUPPORT,3.0,0.2,OOS,21,0.7619047619047619,0.64,-0.08571428571428573,-0.09790211301471805,-0.10399602666493421,-1.8000000000000003,2.4000000000000004,2,5
DI_GAP10_SUPPORT,3.0,0.2,YTD2026,3,0.6666666666666666,0.4,-0.19999999999999998,-0.2135633495154355,-0.22034502427315325,-0.6,1.0,0,1
DI_GAP10_SUPPORT,3.0,0.2,FULL,70,0.8142857142857143,0.8769230769230768,-0.02285714285714286,-0.03447729198566414,-0.04028736654992476,-1.6000000000000003,4.0,7,15
DI_GAP10_SUPPORT,3.0,0.25,TRAIN,49,0.7346938775510204,0.8343020854595968,-0.036478766341793395,-0.047855624825209934,-0.05354405406691818,-1.7874595507478763,5.537459550747877,5,10
DI_GAP10_SUPPORT,3.0,0.25,OOS,21,0.7142857142857143,0.625,-0.10714285714285714,-0.11933068444328947,-0.12542459809350565,-2.25,3.25,2,5
DI_GAP10_SUPPORT,3.0,0.25,YTD2026,3,0.6666666666666666,0.5,-0.16666666666666666,-0.18023001618210213,-0.18701169093981992,-0.5,1.0,0,1
DI_GAP10_SUPPORT,3.0,0.25,FULL,70,0.7285714285714285,0.7594955008801193,-0.057677993582112515,-0.06929814271063377,-0.07510821727489443,-4.037459550747876,5.537459550747877,7,15
DI_GAP10_SUPPORT,3.0,0.3,TRAIN,49,0.7142857142857143,0.9611327150555733,-0.008665508712999452,-0.020042367196415993,-0.025730796438124252,-0.42460992693697314,5.29162133353916,6,10
DI_GAP10_SUPPORT,3.0,0.3,OOS,21,0.7142857142857143,0.7499999999999999,-0.07142857142857141,-0.0836163987290038,-0.08971031237921996,-1.4999999999999996,2.8999999999999995,2,5
DI_GAP10_SUPPORT,3.0,0.3,YTD2026,3,0.6666666666666666,0.6,-0.13333333333333333,-0.14689668284876886,-0.1536783576064866,-0.4,1.0,0,1
DI_GAP10_SUPPORT,3.0,0.3,FULL,70,0.7142857142857143,0.8862833509755643,-0.02749442752767104,-0.03911457665619233,-0.044924651220452964,-1.9246099269369727,5.29162133353916,8,15
DI_GAP10_SUPPORT,3.0,0.4,TRAIN,49,0.6326530612244898,0.8104599945538995,-0.057730829527195146,-0.06910768801061166,-0.07479611725231992,-2.828810646832562,4.991621333539159,5,10
DI_GAP10_SUPPORT,3.0,0.4,OOS,21,0.6190476190476191,0.7225655239648076,-0.0950751986554368,-0.10726302595586915,-0.11335693960608532,-1.9965791717641728,2.2,2,5
DI_GAP10_SUPPORT,3.0,0.4,YTD2026,3,0.3333333333333333,0.2,-0.5333333333333333,-0.5468966828487688,-0.5536783576064866,-1.6,1.6,0,1
DI_GAP10_SUPPORT,3.0,0.4,FULL,70,0.6285714285714286,0.7818657126853972,-0.06893414026566766,-0.08055428939418892,-0.08636436395844953,-4.8253898185967365,5.79162133353916,7,15
DI_GAP10_SUPPORT,3.0,0.5,TRAIN,49,0.5714285714285714,0.8006269139579076,-0.0690947437035773,-0.08047160218699383,-0.08616003142870213,-3.3856424414752873,6.22862387065389,3,10
DI_GAP10_SUPPORT,3.0,0.5,OOS,21,0.5714285714285714,0.6745090789963172,-0.12704343350938685,-0.13923126080981918,-0.14532517446003534,-2.667912103697124,3.0,2,5
DI_GAP10_SUPPORT,3.0,0.5,YTD2026,3,0.3333333333333333,0.25,-0.5,-0.5135633495154355,-0.5203450242731532,-1.5,1.5,0,1
DI_GAP10_SUPPORT,3.0,0.5,FULL,70,0.5714285714285714,0.7595698815718773,-0.08647935064532015,-0.09809949977384144,-0.10390957433810209,-6.053554545172411,7.7567885972295665,5,15
DI_GAP10_SUPPORT,3.0,0.6,TRAIN,49,0.5102040816326531,0.7527114860160639,-0.09718997901511242,-0.10856683749852895,-0.11425526674023725,-4.7623089717405085,7.705477177097781,2,10
DI_GAP10_SUPPORT,3.0,0.6,OOS,21,0.5238095238095238,0.6966911495945053,-0.12498180584837126,-0.13716963314880362,-0.14326354679901976,-2.6246179228157964,3.2532849908828454,1,5
DI_GAP10_SUPPORT,3.0,0.6,YTD2026,3,0.3333333333333333,0.3,-0.4666666666666666,-0.4802300161821022,-0.4870116909398199,-1.4,1.4,0,1
DI_GAP10_SUPPORT,3.0,0.6,FULL,70,0.5142857142857142,0.7353436702239528,-0.10552752706509008,-0.11714767619361137,-0.12295775075787199,-7.386926894556305,7.9869268945563086,3,15
DI_GAP10_SUPPORT,3.0,0.75,TRAIN,49,0.4897959183673469,0.8212936239585379,-0.07388271655393565,-0.08525957503735224,-0.09094800427906051,-3.620253111142847,6.193345158077645,5,10
DI_GAP10_SUPPORT,3.0,0.75,OOS,21,0.42857142857142855,0.5658974741806331,-0.22021990108646647,-0.23240772838689883,-0.23850164203711494,-4.624617922815796,5.653284990882845,1,5
DI_GAP10_SUPPORT,3.0,0.75,YTD2026,3,0.3333333333333333,0.375,-0.4166666666666667,-0.43023001618210216,-0.4370116909398199,-1.25,1.25,0,1
DI_GAP10_SUPPORT,3.0,0.75,FULL,70,0.4714285714285714,0.7332740401179317,-0.11778387191369494,-0.12940402104221618,-0.13521409560647685,-8.244871033958646,8.994871033958644,6,15
DI_GAP10_SUPPORT,3.0,1.0,TRAIN,49,0.4489795918367347,0.951606730236015,-0.02018171013374396,-0.03155856861716052,-0.03724699785886877,-0.988903796553454,5.423989014499378,5,10
DI_GAP10_SUPPORT,3.0,1.0,OOS,21,0.3333333333333333,0.4303900046967667,-0.343211314487012,-0.3553991417874442,-0.36149305543766036,-7.207437604227251,7.20743760422725,1,5
DI_GAP10_SUPPORT,3.0,1.0,YTD2026,3,0.3333333333333333,0.5,-0.3333333333333333,-0.3468966828487688,-0.3536783576064866,-1.0,1.0,0,1
DI_GAP10_SUPPORT,3.0,1.0,FULL,70,0.4142857142857143,0.7522867606118989,-0.11709059143972433,-0.12871074056824564,-0.1345208151325063,-8.196341400780703,9.50035534449762,6,15
ADX20_SUPPORT,0.75,0.2,TRAIN,146,0.17123287671232876,0.041322314049586785,-0.7945205479452054,-0.8388233844387506,-0.8609748026855233,-116.0,116.19999999999997,0,10
ADX20_SUPPORT,0.75,0.2,OOS,60,0.16666666666666666,0.04,-0.8,-0.8470097281065546,-0.8705145921598321,-48.0,47.999999999999986,0,5
ADX20_SUPPORT,0.75,0.2,YTD2026,11,0.2727272727272727,0.07500000000000001,-0.6727272727272727,-0.7232658062619133,-0.7485350730292335,-7.4,7.4,0,1
ADX20_SUPPORT,0.75,0.2,FULL,206,0.16990291262135923,0.04093567251461989,-0.7961165048543689,-0.8412077563808293,-0.8637533821440598,-164.0,164.00000000000006,0,15
ADX20_SUPPORT,0.75,0.25,TRAIN,146,0.17123287671232876,0.05165289256198347,-0.785958904109589,-0.8302617406031343,-0.8524131588499066,-114.75,115.0,0,10
ADX20_SUPPORT,0.75,0.25,OOS,60,0.16666666666666666,0.05,-0.7916666666666666,-0.8386763947732213,-0.8621812588264987,-47.5,47.5,0,5
ADX20_SUPPORT,0.75,0.25,YTD2026,11,0.2727272727272727,0.09375,-0.6590909090909091,-0.7096294426255496,-0.7348987093928698,-7.25,7.25,0,1
ADX20_SUPPORT,0.75,0.25,FULL,206,0.16990291262135923,0.05116959064327485,-0.787621359223301,-0.8327126107497617,-0.8552582365129918,-162.25,162.25,0,15
ADX20_SUPPORT,0.75,0.3,TRAIN,146,0.17123287671232876,0.06198347107438016,-0.7773972602739726,-0.8217000967675178,-0.8438515150142903,-113.5,113.80000000000003,0,10
ADX20_SUPPORT,0.75,0.3,OOS,60,0.16666666666666666,0.05999999999999999,-0.7833333333333333,-0.8303430614398882,-0.8538479254931653,-47.0,47.000000000000014,0,5
ADX20_SUPPORT,0.75,0.3,YTD2026,11,0.2727272727272727,0.11249999999999999,-0.6454545454545454,-0.6959930789891859,-0.7212623457565062,-7.1,7.1,0,1
ADX20_SUPPORT,0.75,0.3,FULL,206,0.16990291262135923,0.061403508771929835,-0.779126213592233,-0.8242174651186935,-0.8467630908819239,-160.5,160.49999999999994,0,15
ADX20_SUPPORT,0.75,0.4,TRAIN,146,0.1643835616438356,0.07868852459016394,-0.7698630136986302,-0.8141658501921754,-0.8363172684389479,-112.4,112.79999999999998,0,10
ADX20_SUPPORT,0.75,0.4,OOS,60,0.16666666666666666,0.08,-0.7666666666666667,-0.8136763947732213,-0.8371812588264986,-46.0,46.00000000000001,0,5
ADX20_SUPPORT,0.75,0.4,YTD2026,11,0.2727272727272727,0.15000000000000002,-0.6181818181818182,-0.6687203517164586,-0.6939896184837789,-6.8,7.0,0,1
ADX20_SUPPORT,0.75,0.4,FULL,206,0.1650485436893204,0.07906976744186048,-0.7689320388349515,-0.8140232903614121,-0.8365689161246422,-158.4,158.39999999999992,0,15
ADX20_SUPPORT,0.75,0.5,TRAIN,146,0.15753424657534246,0.09349593495934959,-0.7636986301369864,-0.8080014666305316,-0.8301528848773039,-111.5,112.0,0,10
ADX20_SUPPORT,0.75,0.5,OOS,60,0.15,0.08823529411764706,-0.775,-0.8220097281065546,-0.8455145921598319,-46.5,46.5,0,5
ADX20_SUPPORT,0.75,0.5,YTD2026,11,0.18181818181818182,0.1111111111111111,-0.7272727272727273,-0.7778112608073677,-0.803080527574688,-8.0,8.0,0,1
ADX20_SUPPORT,0.75,0.5,FULL,206,0.1553398058252427,0.09195402298850575,-0.7669902912621359,-0.8120815427885965,-0.8346271685518268,-158.0,158.0,0,15
ADX20_SUPPORT,0.75,0.6,TRAIN,146,0.15753424657534246,0.11219512195121949,-0.747945205479452,-0.7922480419729973,-0.8143994602197698,-109.19999999999999,109.80000000000001,0,10
ADX20_SUPPORT,0.75,0.6,OOS,60,0.15,0.10588235294117646,-0.7600000000000001,-0.8070097281065548,-0.830514592159832,-45.60000000000001,45.599999999999994,0,5
ADX20_SUPPORT,0.75,0.6,YTD2026,11,0.18181818181818182,0.13333333333333333,-0.7090909090909091,-0.7596294426255497,-0.7848987093928699,-7.8,8.0,0,1
ADX20_SUPPORT,0.75,0.6,FULL,206,0.1553398058252427,0.1103448275862069,-0.7514563106796117,-0.7965475622060723,-0.8190931879693026,-154.8,154.80000000000007,0,15
ADX20_SUPPORT,0.75,0.75,TRAIN,146,0.15753424657534246,0.1402439024390244,-0.7243150684931506,-0.7686179049866959,-0.7907693232334685,-105.75,106.5,0,10
ADX20_SUPPORT,0.75,0.75,OOS,60,0.15,0.1323529411764706,-0.7375,-0.7845097281065546,-0.808014592159832,-44.25,44.25,0,5
ADX20_SUPPORT,0.75,0.75,YTD2026,11,0.18181818181818182,0.16666666666666666,-0.6818181818181818,-0.7323567153528223,-0.7576259821201425,-7.5,8.0,0,1
ADX20_SUPPORT,0.75,0.75,FULL,206,0.1553398058252427,0.13793103448275862,-0.7281553398058253,-0.7732465913322858,-0.7957922170955162,-150.0,150.0,0,15
ADX20_SUPPORT,0.75,1.0,TRAIN,146,0.14383561643835616,0.168,-0.7123287671232876,-0.7566316036168329,-0.7787830218636055,-104.0,105.0,0,10
ADX20_SUPPORT,0.75,1.0,OOS,60,0.13333333333333333,0.15384615384615385,-0.7333333333333333,-0.780343061439888,-0.8038479254931653,-44.0,44.0,0,5
ADX20_SUPPORT,0.75,1.0,YTD2026,11,0.18181818181818182,0.2222222222222222,-0.6363636363636364,-0.6869021698982768,-0.7121714366655971,-7.0,8.0,0,1
ADX20_SUPPORT,0.75,1.0,FULL,206,0.1407766990291262,0.1638418079096045,-0.7184466019417476,-0.7635378534682081,-0.7860834792314385,-148.0,148.0,0,15
ADX20_SUPPORT,1.0,0.2,TRAIN,146,0.410958904109589,0.1395348837209302,-0.5068493150684932,-0.540076442438652,-0.5566900061237315,-74.0,74.39999999999996,0,10
ADX20_SUPPORT,1.0,0.2,OOS,60,0.4,0.13333333333333336,-0.52,-0.5552572960799159,-0.5728859441198739,-31.2,31.20000000000001,0,5
ADX20_SUPPORT,1.0,0.2,YTD2026,11,0.5454545454545454,0.24,-0.34545454545454546,-0.3833584456055258,-0.40231039568101606,-3.8,3.8,0,1
ADX20_SUPPORT,1.0,0.2,FULL,206,0.4077669902912621,0.13770491803278687,-0.5106796116504854,-0.5444980502953309,-0.5614072696177536,-105.19999999999997,105.39999999999989,0,15
ADX20_SUPPORT,1.0,0.25,TRAIN,146,0.4041095890410959,0.16954022988505746,-0.4948630136986301,-0.528090141068789,-0.5447037047538685,-72.25,72.75,0,10
ADX20_SUPPORT,1.0,0.25,OOS,60,0.38333333333333336,0.1554054054054054,-0.5208333333333334,-0.5560906294132494,-0.5737192774532073,-31.25,31.25,0,5
ADX20_SUPPORT,1.0,0.25,YTD2026,11,0.5454545454545454,0.3,-0.3181818181818182,-0.35608571833279856,-0.3750376684082888,-3.5,3.5,0,1
ADX20_SUPPORT,1.0,0.25,FULL,206,0.39805825242718446,0.16532258064516128,-0.5024271844660194,-0.5362456231108648,-0.5531548424332875,-103.5,103.75,0,15
ADX20_SUPPORT,1.0,0.3,TRAIN,146,0.3972602739726027,0.19772727272727275,-0.4835616438356165,-0.5167887712057753,-0.5334023348908548,-70.60000000000001,71.2,0,10
ADX20_SUPPORT,1.0,0.3,OOS,60,0.38333333333333336,0.18648648648648644,-0.5016666666666667,-0.5369239627465827,-0.5545526107865406,-30.100000000000005,30.09999999999999,0,5
ADX20_SUPPORT,1.0,0.3,YTD2026,11,0.5454545454545454,0.36,-0.29090909090909095,-0.3288129910600713,-0.34776494113556156,-3.2,3.4000000000000004,0,1
ADX20_SUPPORT,1.0,0.3,FULL,206,0.3932038834951456,0.1944,-0.4888349514563107,-0.5226533901011561,-0.5395626094235788,-100.7,101.00000000000007,0,15
ADX20_SUPPORT,1.0,0.4,TRAIN,146,0.3904109589041096,0.25617977528089886,-0.4534246575342466,-0.4866517849044054,-0.5032653485894849,-66.2,67.00000000000003,0,10
ADX20_SUPPORT,1.0,0.4,OOS,60,0.36666666666666664,0.2315789473684211,-0.4866666666666667,-0.5219239627465826,-0.5395526107865406,-29.200000000000003,29.200000000000017,0,5
ADX20_SUPPORT,1.0,0.4,YTD2026,11,0.45454545454545453,0.3333333333333333,-0.36363636363636365,-0.401540263787344,-0.42049221386283425,-4.0,4.0,0,1
ADX20_SUPPORT,1.0,0.4,FULL,206,0.38349514563106796,0.24881889763779516,-0.4631067961165049,-0.49692523476135025,-0.513834454083773,-95.4,95.7999999999999,0,15
ADX20_SUPPORT,1.0,0.5,TRAIN,146,0.3767123287671233,0.3021978021978022,-0.4349315068493151,-0.4681586342194739,-0.48477219790455334,-63.5,64.5,0,10
ADX20_SUPPORT,1.0,0.5,OOS,60,0.36666666666666664,0.2894736842105263,-0.45,-0.485257296079916,-0.502885944119874,-27.0,27.0,0,5
ADX20_SUPPORT,1.0,0.5,YTD2026,11,0.45454545454545453,0.4166666666666667,-0.3181818181818182,-0.35608571833279856,-0.3750376684082888,-3.5,3.5,0,1
ADX20_SUPPORT,1.0,0.5,FULL,206,0.3737864077669903,0.29844961240310075,-0.4393203883495146,-0.47313882699436,-0.49004804631678267,-90.5,91.0,0,15
ADX20_SUPPORT,1.0,0.6,TRAIN,146,0.3561643835616438,0.33191489361702137,-0.4301369863013698,-0.46336411367152885,-0.4799776773566081,-62.8,63.99999999999998,0,10
ADX20_SUPPORT,1.0,0.6,OOS,60,0.35,0.32307692307692304,-0.44,-0.475257296079916,-0.49288594411987396,-26.4,26.399999999999984,0,5
ADX20_SUPPORT,1.0,0.6,YTD2026,11,0.45454545454545453,0.5,-0.2727272727272727,-0.3106311728782531,-0.32958312295374337,-3.0,3.2,0,1
ADX20_SUPPORT,1.0,0.6,FULL,206,0.35436893203883496,0.3293233082706767,-0.4330097087378641,-0.46682814738270945,-0.4837373667051321,-89.2,89.8000000000001,0,15
ADX20_SUPPORT,1.0,0.75,TRAIN,146,0.3082191780821918,0.3341584158415842,-0.4606164383561644,-0.4938435657263232,-0.5104571294114028,-67.25,68.75,0,10
ADX20_SUPPORT,1.0,0.75,OOS,60,0.31666666666666665,0.3475609756097561,-0.44583333333333336,-0.4810906294132493,-0.49871927745320727,-26.75,26.75,0,5
ADX20_SUPPORT,1.0,0.75,YTD2026,11,0.45454545454545453,0.625,-0.20454545454545456,-0.24244935469643494,-0.2614013047719252,-2.25,2.75,0,1
ADX20_SUPPORT,1.0,0.75,FULL,206,0.3106796116504854,0.3380281690140845,-0.4563106796116505,-0.4901291182564959,-0.5070383375789186,-94.0,94.75,0,15
ADX20_SUPPORT,1.0,1.0,TRAIN,146,0.2876712328767123,0.40384615384615385,-0.4246575342465753,-0.45788466161673413,-0.4744982253018136,-62.0,64.0,1,10
ADX20_SUPPORT,1.0,1.0,OOS,60,0.2,0.25,-0.6,-0.6352572960799159,-0.6528859441198739,-36.0,36.0,0,5
ADX20_SUPPORT,1.0,1.0,YTD2026,11,0.2727272727272727,0.375,-0.45454545454545453,-0.49244935469643497,-0.5114013047719251,-5.0,5.0,0,1
ADX20_SUPPORT,1.0,1.0,FULL,206,0.2621359223300971,0.35526315789473684,-0.47572815533980584,-0.5095465939846513,-0.5264558133070739,-98.0,99.0,1,15
ADX20_SUPPORT,1.25,0.2,TRAIN,146,0.5753424657534246,0.27096774193548384,-0.3095890410958904,-0.33617074299201755,-0.3494615939400811,-45.2,45.599999999999994,0,10
ADX20_SUPPORT,1.25,0.2,OOS,60,0.5166666666666667,0.21379310344827593,-0.38,-0.4082058368639327,-0.4223087552958992,-22.8,22.800000000000015,0,5
ADX20_SUPPORT,1.25,0.2,YTD2026,11,0.5454545454545454,0.24,-0.34545454545454546,-0.3757776655753297,-0.390939225635722,-3.8,3.8,0,1
ADX20_SUPPORT,1.25,0.2,FULL,206,0.558252427184466,0.25274725274725274,-0.3300970873786407,-0.3571518382945172,-0.3706792137524553,-67.99999999999999,68.1999999999999,0,15
ADX20_SUPPORT,1.25,0.25,TRAIN,146,0.5616438356164384,0.3203125,-0.2979452054794521,-0.32452690737557915,-0.3378177583236427,-43.5,44.0,1,10
ADX20_SUPPORT,1.25,0.25,OOS,60,0.5,0.25,-0.375,-0.4032058368639327,-0.4173087552958992,-22.5,22.5,0,5
ADX20_SUPPORT,1.25,0.25,YTD2026,11,0.45454545454545453,0.20833333333333334,-0.4318181818181818,-0.46214130193896613,-0.47730286199935823,-4.75,4.75,0,1
ADX20_SUPPORT,1.25,0.25,FULL,206,0.5436893203883495,0.2978723404255319,-0.32038834951456313,-0.34744310043043947,-0.3609704758883776,-66.0,66.25,1,15
ADX20_SUPPORT,1.25,0.3,TRAIN,146,0.5547945205479452,0.37384615384615383,-0.2787671232876712,-0.30534882518379836,-0.3186396761318619,-40.7,41.29999999999997,0,10
ADX20_SUPPORT,1.25,0.3,OOS,60,0.5,0.30000000000000004,-0.35000000000000003,-0.37820583686393283,-0.39230875529589926,-21.000000000000004,20.99999999999999,0,5
ADX20_SUPPORT,1.25,0.3,YTD2026,11,0.45454545454545453,0.25,-0.4090909090909091,-0.43941402921169337,-0.4545755892720855,-4.5,4.5,0,1
ADX20_SUPPORT,1.25,0.3,FULL,206,0.5388349514563107,0.3505263157894735,-0.29951456310679614,-0.3265693140226725,-0.3400966894806106,-61.70000000000001,62.00000000000006,0,15
ADX20_SUPPORT,1.25,0.4,TRAIN,146,0.5273972602739726,0.4463768115942027,-0.2616438356164384,-0.28822553751256547,-0.30151638846062895,-38.2,39.000000000000014,0,10
ADX20_SUPPORT,1.25,0.4,OOS,60,0.48333333333333334,0.3741935483870969,-0.32333333333333336,-0.35153917019726605,-0.36564208862923253,-19.400000000000002,19.399999999999995,0,5
ADX20_SUPPORT,1.25,0.4,YTD2026,11,0.45454545454545453,0.3333333333333333,-0.36363636363636365,-0.3939594837571479,-0.40912104381754016,-4.0,4.0,0,1
ADX20_SUPPORT,1.25,0.4,FULL,206,0.5145631067961165,0.424,-0.2796116504854369,-0.30666640140131324,-0.3201937768592513,-57.6,58.00000000000006,0,15
ADX20_SUPPORT,1.25,0.5,TRAIN,146,0.4931506849315068,0.4864864864864865,-0.2602739726027397,-0.28685567449886684,-0.3001465254469304,-38.0,39.0,1,10
ADX20_SUPPORT,1.25,0.5,OOS,60,0.4666666666666667,0.4375,-0.3,-0.32820583686393273,-0.34230875529589927,-18.0,18.0,0,5
ADX20_SUPPORT,1.25,0.5,YTD2026,11,0.45454545454545453,0.4166666666666667,-0.3181818181818182,-0.34850493830260243,-0.3636664983629947,-3.5,3.5,0,1
ADX20_SUPPORT,1.25,0.5,FULL,206,0.4854368932038835,0.4716981132075472,-0.27184466019417475,-0.2988994111100511,-0.3124267865679892,-56.0,56.5,1,15
ADX20_SUPPORT,1.25,0.6,TRAIN,146,0.4315068493150685,0.45984217930693055,-0.3041240797329103,-0.33070578162903735,-0.34399663257710095,-44.4021156410049,45.602115641004886,1,10
ADX20_SUPPORT,1.25,0.6,OOS,60,0.43333333333333335,0.45882352941176463,-0.30666666666666664,-0.3348725035305995,-0.34897542196256587,-18.4,18.400000000000006,0,5
ADX20_SUPPORT,1.25,0.6,YTD2026,11,0.45454545454545453,0.5,-0.2727272727272727,-0.303050392848057,-0.3182119529084492,-3.0,3.2,0,1
ADX20_SUPPORT,1.25,0.6,FULL,206,0.4320388349514563,0.45954412882614015,-0.3048646390340043,-0.3319193899498807,-0.3454467654078189,-62.80211564100489,63.40211564100485,1,15
ADX20_SUPPORT,1.25,0.75,TRAIN,146,0.4178082191780822,0.5433355165926566,-0.263370655075376,-0.28995235697150307,-0.3032432079195666,-38.452115641004895,39.952115641004895,1,10
ADX20_SUPPORT,1.25,0.75,OOS,60,0.36666666666666664,0.4342105263157895,-0.35833333333333334,-0.38653917019726614,-0.40064208862923256,-21.5,21.5,0,5
ADX20_SUPPORT,1.25,0.75,YTD2026,11,0.36363636363636365,0.42857142857142855,-0.36363636363636365,-0.3939594837571479,-0.40912104381754005,-4.0,4.0,0,1
ADX20_SUPPORT,1.25,0.75,FULL,206,0.4029126213592233,0.5094019827191275,-0.29102968757769365,-0.31808443849357,-0.3316118139515081,-59.952115641004895,60.702115641004895,1,15
ADX20_SUPPORT,1.25,1.0,TRAIN,146,0.3972602739726027,0.6530426120072881,-0.20722889226192778,-0.2338105941580549,-0.24710144510611848,-30.255418270241456,32.770081727749414,2,10
ADX20_SUPPORT,1.25,1.0,OOS,60,0.31666666666666665,0.4634146341463415,-0.36666666666666664,-0.3948725035305995,-0.4089754219625659,-22.0,22.0,1,5
ADX20_SUPPORT,1.25,1.0,YTD2026,11,0.2727272727272727,0.375,-0.45454545454545453,-0.48486857466623884,-0.5000301347266309,-5.0,5.0,0,1
ADX20_SUPPORT,1.25,1.0,FULL,206,0.3737864077669903,0.5923981596640064,-0.25366707898175467,-0.280721829897631,-0.29424920535556914,-52.25541827024146,53.770081727749414,3,15
ADX20_SUPPORT,1.5,0.2,TRAIN,146,0.7191780821917808,0.5121951219512195,-0.136986301369863,-0.1591377196166356,-0.17021342874002188,-20.0,22.600000000000012,1,10
ADX20_SUPPORT,1.5,0.2,OOS,60,0.6166666666666667,0.32173913043478264,-0.26,-0.2835048640532773,-0.2952572960799159,-15.6,15.800000000000013,1,5
ADX20_SUPPORT,1.5,0.2,YTD2026,11,0.5454545454545454,0.24,-0.34545454545454546,-0.3707238122218657,-0.3833584456055258,-3.8,3.8,0,1
ADX20_SUPPORT,1.5,0.2,FULL,206,0.6893203883495146,0.44374999999999987,-0.1728155339805825,-0.19536115974381285,-0.20663397262542788,-35.599999999999994,37.8,2,15
ADX20_SUPPORT,1.5,0.25,TRAIN,146,0.6986301369863014,0.5795454545454546,-0.1267123287671233,-0.14886374701389588,-0.15993945613728217,-18.5,21.25,1,10
ADX20_SUPPORT,1.5,0.25,OOS,60,0.6,0.375,-0.25,-0.2735048640532773,-0.28525729607991596,-15.0,15.25,1,5
ADX20_SUPPORT,1.5,0.25,YTD2026,11,0.45454545454545453,0.20833333333333334,-0.4318181818181818,-0.45708744858550204,-0.46972208196916215,-4.75,4.75,0,1
ADX20_SUPPORT,1.5,0.25,FULL,206,0.6699029126213593,0.5073529411764706,-0.16262135922330098,-0.18516698498653128,-0.1964397978681464,-33.5,35.75,2,15
ADX20_SUPPORT,1.5,0.3,TRAIN,146,0.6917808219178082,0.6733333333333332,-0.1006849315068493,-0.1228363497536219,-0.1339120588770082,-14.699999999999998,19.000000000000004,3,10
ADX20_SUPPORT,1.5,0.3,OOS,60,0.6,0.4500000000000001,-0.22000000000000003,-0.24350486405327734,-0.255257296079916,-13.200000000000001,13.499999999999986,1,5
ADX20_SUPPORT,1.5,0.3,YTD2026,11,0.45454545454545453,0.25,-0.4090909090909091,-0.4343601758582294,-0.44699480924188945,-4.5,4.5,0,1
ADX20_SUPPORT,1.5,0.3,FULL,206,0.6650485436893204,0.5956521739130434,-0.1354368932038835,-0.1579825189671138,-0.1692553318487289,-27.9,31.399999999999974,4,15
ADX20_SUPPORT,1.5,0.4,TRAIN,146,0.6095890410958904,0.6245614035087719,-0.14657534246575346,-0.168726760712526,-0.17980246983591228,-21.400000000000006,23.59999999999999,2,10
ADX20_SUPPORT,1.5,0.4,OOS,60,0.5666666666666667,0.5230769230769231,-0.20666666666666667,-0.23017153071994398,-0.24192396274658265,-12.4,12.799999999999995,1,5
ADX20_SUPPORT,1.5,0.4,YTD2026,11,0.45454545454545453,0.3333333333333333,-0.36363636363636365,-0.38890563040368387,-0.401540263787344,-4.0,4.0,0,1
ADX20_SUPPORT,1.5,0.4,FULL,206,0.5970873786407767,0.5927710843373495,-0.16407766990291264,-0.18662329566614289,-0.197896108547758,-33.800000000000004,34.600000000000044,3,15
ADX20_SUPPORT,1.5,0.5,TRAIN,146,0.541095890410959,0.6054341800115555,-0.17631804640456764,-0.19846946465134024,-0.2095451737747265,-25.742434775066876,28.242434775066876,1,10
ADX20_SUPPORT,1.5,0.5,OOS,60,0.5333333333333333,0.5714285714285714,-0.2,-0.22350486405327732,-0.23525729607991597,-12.0,12.5,1,5
ADX20_SUPPORT,1.5,0.5,YTD2026,11,0.45454545454545453,0.4166666666666667,-0.3181818181818182,-0.3434510849491385,-0.35608571833279856,-3.5,3.5,0,1
ADX20_SUPPORT,1.5,0.5,FULL,206,0.5388349514563107,0.5952225521983127,-0.18321570279158678,-0.20576132855481707,-0.21703414143643218,-37.742434775066876,38.242434775066876,2,15
ADX20_SUPPORT,1.5,0.6,TRAIN,146,0.5205479452054794,0.668205935944426,-0.15508516969223884,-0.17723658793901148,-0.18831229706239774,-22.64243477506687,26.04243477506686,0,10
ADX20_SUPPORT,1.5,0.6,OOS,60,0.48333333333333334,0.5612903225806453,-0.22666666666666668,-0.25017153071994397,-0.26192396274658264,-13.600000000000001,14.400000000000002,1,5
ADX20_SUPPORT,1.5,0.6,YTD2026,11,0.45454545454545453,0.5,-0.2727272727272727,-0.297996539494593,-0.3106311728782531,-3.0,3.2,0,1
ADX20_SUPPORT,1.5,0.6,FULL,206,0.5097087378640777,0.634809092932772,-0.1759341493935285,-0.1984797751567588,-0.20975258803837393,-36.24243477506687,37.24243477506682,1,15
ADX20_SUPPORT,1.5,0.75,TRAIN,146,0.4863013698630137,0.7270375454275221,-0.13693448476073203,-0.15908590300750458,-0.1701616121308909,-19.992434775066876,22.742434775066876,0,10
ADX20_SUPPORT,1.5,0.75,OOS,60,0.43333333333333335,0.5735294117647058,-0.24166666666666667,-0.265171530719944,-0.27692396274658265,-14.5,15.25,1,5
ADX20_SUPPORT,1.5,0.75,YTD2026,11,0.2727272727272727,0.28125,-0.5227272727272727,-0.5479965394945929,-0.5606311728782531,-5.75,5.75,0,1
ADX20_SUPPORT,1.5,0.75,FULL,206,0.470873786407767,0.6783695293060791,-0.16743900376246057,-0.18998462952569087,-0.20125744240730598,-34.492434775066876,35.242434775066876,1,15
ADX20_SUPPORT,1.5,1.0,TRAIN,146,0.4383561643835616,0.7824901456647491,-0.11954465958514164,-0.14169607783191418,-0.1527717869553005,-17.45352029943068,21.88240651402064,2,10
ADX20_SUPPORT,1.5,1.0,OOS,60,0.38333333333333336,0.6025745870282211,-0.2450790046659303,-0.2685838687192076,-0.28033630074584626,-14.704740279955818,16.0,1,5
ADX20_SUPPORT,1.5,1.0,YTD2026,11,0.2727272727272727,0.375,-0.45454545454545453,-0.4798147213127748,-0.49244935469643497,-5.0,5.0,0,1
ADX20_SUPPORT,1.5,1.0,FULL,206,0.4223300970873786,0.7257114231627562,-0.15610806106498298,-0.17865368682821325,-0.1899264997098284,-32.15826057938649,35.882406514020644,3,15
ADX20_SUPPORT,1.75,0.2,TRAIN,146,0.7808219178082192,0.7125,-0.06301369863013698,-0.08200062855594205,-0.09149409351884459,-9.2,11.799999999999999,3,10
ADX20_SUPPORT,1.75,0.2,OOS,60,0.6666666666666666,0.4,-0.20000000000000004,-0.22014702633138056,-0.2302205394970708,-12.000000000000002,12.600000000000007,1,5
ADX20_SUPPORT,1.75,0.2,YTD2026,11,0.5454545454545454,0.24,-0.34545454545454546,-0.3671139169693914,-0.3779436027268144,-3.8,3.8,0,1
ADX20_SUPPORT,1.75,0.2,FULL,206,0.7475728155339806,0.5923076923076922,-0.10291262135922331,-0.1222374434419921,-0.13189985448337646,-21.200000000000003,23.40000000000003,4,15
ADX20_SUPPORT,1.75,0.25,TRAIN,146,0.7671232876712328,0.8235294117647058,-0.0410958904109589,-0.06008282033676399,-0.06957628529966649,-6.0,10.0,4,10
ADX20_SUPPORT,1.75,0.25,OOS,60,0.6666666666666666,0.5,-0.16666666666666666,-0.18681369299804723,-0.19688720616373748,-10.0,11.25,1,5
ADX20_SUPPORT,1.75,0.25,YTD2026,11,0.5454545454545454,0.3,-0.3181818181818182,-0.3398411896966641,-0.3506708754540871,-3.5,3.5,0,1
ADX20_SUPPORT,1.75,0.25,FULL,206,0.7378640776699029,0.7037037037037037,-0.07766990291262135,-0.09699472499539018,-0.10665713603677456,-16.0,19.5,5,15
ADX20_SUPPORT,1.75,0.3,TRAIN,146,0.7191780821917808,0.7682926829268291,-0.06506849315068493,-0.08405542307649001,-0.09354888803939256,-9.5,13.800000000000004,3,10
ADX20_SUPPORT,1.75,0.3,OOS,60,0.65,0.5571428571428574,-0.155,-0.17514702633138055,-0.18522053949707082,-9.3,10.200000000000005,1,5
ADX20_SUPPORT,1.75,0.3,YTD2026,11,0.5454545454545454,0.36,-0.29090909090909095,-0.3125684624239369,-0.3233981481813598,-3.2,3.1999999999999997,0,1
ADX20_SUPPORT,1.75,0.3,FULL,206,0.6990291262135923,0.696774193548387,-0.0912621359223301,-0.11058695800509893,-0.12024936904648333,-18.8,22.299999999999972,4,15
ADX20_SUPPORT,1.75,0.4,TRAIN,146,0.6438356164383562,0.7495145309844667,-0.08606715930677993,-0.10505408923258498,-0.11454755419548751,-12.565805258789869,15.263432920768096,2,10
ADX20_SUPPORT,1.75,0.4,OOS,60,0.6166666666666667,0.6434782608695653,-0.13666666666666666,-0.1568136929980472,-0.16688720616373748,-8.2,9.399999999999993,1,5
ADX20_SUPPORT,1.75,0.4,YTD2026,11,0.5454545454545454,0.48,-0.23636363636363633,-0.25802300787848226,-0.26885269363590525,-2.5999999999999996,2.5999999999999996,0,1
ADX20_SUPPORT,1.75,0.4,FULL,206,0.6359223300970874,0.7161815524979115,-0.1008048798970382,-0.12012970197980698,-0.1297921130211914,-20.765805258789868,22.06343292076812,3,15
ADX20_SUPPORT,1.75,0.5,TRAIN,146,0.6095890410958904,0.8066591213750038,-0.07305346067664294,-0.09204039060244801,-0.10153385556535052,-10.665805258789868,16.06343292076811,2,10
ADX20_SUPPORT,1.75,0.5,OOS,60,0.5833333333333334,0.7227670067324866,-0.11187508876741817,-0.1320221150987987,-0.14209562826448902,-6.71250532604509,9.0,1,5
ADX20_SUPPORT,1.75,0.5,YTD2026,11,0.5454545454545454,0.6,-0.18181818181818182,-0.20347755333302775,-0.2143072390904507,-2.0,2.5,0,1
ADX20_SUPPORT,1.75,0.5,FULL,206,0.6019417475728155,0.7810697852247431,-0.08436073099434445,-0.10368555307711326,-0.11334796411849767,-17.378310584834956,21.275938246813197,3,15
ADX20_SUPPORT,1.75,0.6,TRAIN,146,0.5616438356164384,0.7914318779461705,-0.08880688533417717,-0.10779381525998226,-0.11728728022288476,-12.965805258789867,16.663432920768116,2,10
ADX20_SUPPORT,1.75,0.6,OOS,60,0.5,0.6161744704570643,-0.18687508876741818,-0.2070221150987987,-0.217095628264489,-11.212505326045092,12.800000000000006,1,5
ADX20_SUPPORT,1.75,0.6,YTD2026,11,0.36363636363636365,0.34285714285714286,-0.41818181818181815,-0.43984118969666414,-0.45067087545408707,-4.6,4.6,0,1
ADX20_SUPPORT,1.75,0.6,FULL,206,0.5436893203883495,0.7354042723038964,-0.11737043973220851,-0.13669526181497735,-0.14635767285636175,-24.178310584834954,26.47593824681319,3,15
ADX20_SUPPORT,1.75,0.75,TRAIN,146,0.5273972602739726,0.8475475308953931,-0.07013419761028562,-0.08912112753609068,-0.0986145924989932,-10.239592851101701,16.137220513079942,3,10
ADX20_SUPPORT,1.75,0.75,OOS,60,0.4666666666666667,0.6503529060936771,-0.1818893630131215,-0.20203638934450205,-0.21210990251019232,-10.913361780787291,12.450856454742201,1,5
ADX20_SUPPORT,1.75,0.75,YTD2026,11,0.36363636363636365,0.42857142857142855,-0.36363636363636365,-0.38529573515120946,-0.3961254209086325,-4.0,4.0,0,1
ADX20_SUPPORT,1.75,0.75,FULL,206,0.5097087378640777,0.7849835547475875,-0.10268424578586888,-0.1220090678686377,-0.13167147891002207,-21.15295463188899,25.30058229386723,4,15
ADX20_SUPPORT,1.75,1.0,TRAIN,146,0.4452054794520548,0.8098659451645328,-0.10239320566608871,-0.1213801355918938,-0.1308736005547963,-14.949408027248952,20.359020759593513,3,10
ADX20_SUPPORT,1.75,1.0,OOS,60,0.4166666666666667,0.7008838860070667,-0.16574477412571323,-0.1858918004570938,-0.19596531362278405,-9.944686447542793,13.781324666755502,2,5
ADX20_SUPPORT,1.75,1.0,YTD2026,11,0.36363636363636365,0.5714285714285714,-0.2727272727272727,-0.2943866442421186,-0.3052163299995416,-3.0,3.0,0,1
ADX20_SUPPORT,1.75,1.0,FULL,206,0.4368932038834951,0.777478041901729,-0.12084511880966865,-0.1401699408924375,-0.14983235193382188,-24.894094474791743,30.303707207136306,5,15
ADX20_SUPPORT,2.0,0.2,TRAIN,146,0.8287671232876712,0.9680000000000001,-0.00547945205479452,-0.02209301573987394,-0.030399797582413665,-0.7999999999999998,5.799999999999995,5,10
ADX20_SUPPORT,2.0,0.2,OOS,60,0.7666666666666667,0.6571428571428568,-0.08,-0.09762864803995797,-0.10644297205993695,-4.8,6.8,2,5
ADX20_SUPPORT,2.0,0.2,YTD2026,11,0.5454545454545454,0.24,-0.34545454545454546,-0.3644064955300356,-0.37388247056778073,-3.8,3.8,0,1
ADX20_SUPPORT,2.0,0.2,FULL,206,0.8106796116504854,0.8564102564102561,-0.027184466019417475,-0.04409368534184016,-0.052548295003051526,-5.6,10.199999999999992,7,15
ADX20_SUPPORT,2.0,0.25,TRAIN,146,0.7945205479452054,0.9666666666666667,-0.00684931506849315,-0.023462878753572582,-0.031769660596112304,-1.0,6.5,3,10
ADX20_SUPPORT,2.0,0.25,OOS,60,0.75,0.75,-0.0625,-0.08012864803995795,-0.08894297205993698,-3.75,5.5,2,5
ADX20_SUPPORT,2.0,0.25,YTD2026,11,0.5454545454545454,0.3,-0.3181818181818182,-0.3371337682573084,-0.3466097432950535,-3.5,3.5,0,1
ADX20_SUPPORT,2.0,0.25,FULL,206,0.7815533980582524,0.8944444444444445,-0.023058252427184466,-0.039967471749607165,-0.04842208141081852,-4.75,9.5,5,15
ADX20_SUPPORT,2.0,0.3,TRAIN,146,0.7534246575342466,0.9166666666666663,-0.020547945205479454,-0.03716150889055889,-0.045468290733098625,-3.0000000000000004,7.6,4,10
ADX20_SUPPORT,2.0,0.3,OOS,60,0.75,0.9000000000000002,-0.024999999999999998,-0.04262864803995799,-0.051442972059936976,-1.4999999999999998,4.199999999999999,2,5
ADX20_SUPPORT,2.0,0.3,YTD2026,11,0.5454545454545454,0.36,-0.29090909090909095,-0.3098610409845811,-0.31933701602232617,-3.2,3.1999999999999997,0,1
ADX20_SUPPORT,2.0,0.3,FULL,206,0.7524271844660194,0.9117647058823529,-0.021844660194174758,-0.03875387951659746,-0.04720848917780883,-4.5,8.000000000000005,6,15
ADX20_SUPPORT,2.0,0.4,TRAIN,146,0.6575342465753424,0.799665479914106,-0.06589095617425435,-0.08250451985933377,-0.0908113017018735,-9.620079601441136,15.65550380567209,2,10
ADX20_SUPPORT,2.0,0.4,OOS,60,0.6833333333333333,0.9017954558225083,-0.029765702671490885,-0.04739435071144885,-0.05620867473142785,-1.7859421602894532,4.4,3,5
ADX20_SUPPORT,2.0,0.4,YTD2026,11,0.5454545454545454,0.48,-0.23636363636363633,-0.25531558643912655,-0.26479156147687166,-2.5999999999999996,2.5999999999999996,0,1
ADX20_SUPPORT,2.0,0.4,FULL,206,0.6650485436893204,0.8277192699664117,-0.05536903767830385,-0.07227825700072651,-0.08073286666193787,-11.406021761730592,15.65550380567209,5,15
ADX20_SUPPORT,2.0,0.5,TRAIN,146,0.6301369863013698,0.8842739256155547,-0.041233421927679,-0.05784698561275843,-0.06615376745529816,-6.020079601441134,12.555503805672096,3,10
ADX20_SUPPORT,2.0,0.5,OOS,60,0.6,0.7763324809301296,-0.08643236933815755,-0.10406101737811554,-0.11287534139809452,-5.1859421602894535,8.0,2,5
ADX20_SUPPORT,2.0,0.5,YTD2026,11,0.36363636363636365,0.2857142857142857,-0.45454545454545453,-0.47349740462094464,-0.48297337965868986,-5.0,5.0,0,1
ADX20_SUPPORT,2.0,0.5,FULL,206,0.6213592233009708,0.8509956849302073,-0.054398163891896056,-0.07130738321431877,-0.07976199287553011,-11.206021761730588,16.241445965961553,5,15
ADX20_SUPPORT,2.0,0.6,TRAIN,146,0.6027397260273972,0.931660330153913,-0.026221874963794432,-0.04283543864887387,-0.0511422204914136,-3.828393744713987,10.863817948944947,4,10
ADX20_SUPPORT,2.0,0.6,OOS,60,0.6,0.9315989771161557,-0.026432369338157558,-0.04406101737811553,-0.05287534139809456,-1.5859421602894535,5.999999999999999,3,5
ADX20_SUPPORT,2.0,0.6,YTD2026,11,0.36363636363636365,0.34285714285714286,-0.41818181818181815,-0.43713376825730843,-0.4466097432950535,-4.6,4.6,0,1
ADX20_SUPPORT,2.0,0.6,FULL,206,0.6019417475728155,0.9316423703075127,-0.02628318400487108,-0.04319240332729378,-0.05164701298850514,-5.414335905003442,11.0497601092344,7,15
ADX20_SUPPORT,2.0,0.75,TRAIN,146,0.547945205479452,0.9230180003618264,-0.0337561215391369,-0.05036968522421634,-0.05867646706675606,-4.928393744713987,11.21381794894495,4,10
ADX20_SUPPORT,2.0,0.75,OOS,60,0.5333333333333333,0.8304044760539664,-0.07684356841068093,-0.09447221645063891,-0.1032865404706179,-4.610614104640856,8.778555209966864,2,5
ADX20_SUPPORT,2.0,0.75,YTD2026,11,0.36363636363636365,0.42857142857142855,-0.36363636363636365,-0.38258831371185376,-0.3920642887495989,-4.0,4.0,0,1
ADX20_SUPPORT,2.0,0.75,FULL,206,0.5436893203883495,0.8954125213982599,-0.04630586334638274,-0.06321508266880543,-0.07166969233001678,-9.539007849354844,15.324432053585808,6,15
ADX20_SUPPORT,2.0,1.0,TRAIN,146,0.4794520547945205,0.9192680404926342,-0.040098382694809614,-0.056711946379889064,-0.06501872822242878,-5.854363873442204,14.407788428906958,4,10
ADX20_SUPPORT,2.0,1.0,OOS,60,0.4666666666666667,0.854689194834321,-0.07317863296808431,-0.09080728100804226,-0.09962160502802128,-4.390717978085059,7.808659083411065,3,5
ADX20_SUPPORT,2.0,1.0,YTD2026,11,0.36363636363636365,0.5714285714285714,-0.2727272727272727,-0.29167922280276287,-0.30115519784050804,-3.0,3.0,0,1
ADX20_SUPPORT,2.0,1.0,FULL,206,0.47572815533980584,0.900273809878472,-0.04973340704624885,-0.06664262636867156,-0.0750972360298829,-10.245081851527264,15.798506406992015,7,15
ADX20_SUPPORT,2.25,0.2,TRAIN,146,0.8424657534246576,1.0695652173913044,0.010958904109589033,-0.0038087080549260043,-0.011192514137183526,1.5999999999999988,5.2,5,10
ADX20_SUPPORT,2.25,0.2,OOS,60,0.8166666666666667,0.8909090909090908,-0.019999999999999997,-0.03566990936885153,-0.04350486405327731,-1.1999999999999997,3.6,3,5
ADX20_SUPPORT,2.25,0.2,YTD2026,11,0.6363636363636364,0.35,-0.23636363636363636,-0.25320981420851657,-0.2616329031309566,-2.6,2.6,0,1
ADX20_SUPPORT,2.25,0.2,FULL,206,0.8349514563106796,1.0117647058823527,0.0019417475728155298,-0.013088669602671306,-0.02060387819041472,0.39999999999999913,5.2,8,15
ADX20_SUPPORT,2.25,0.25,TRAIN,146,0.7876712328767124,0.9274193548387096,-0.015410958904109588,-0.030178571068624642,-0.037562377150882176,-2.25,7.75,4,10
ADX20_SUPPORT,2.25,0.25,OOS,60,0.8,1.0,0.0,-0.01566990936885154,-0.02350486405327732,0.0,3.25,3,5
ADX20_SUPPORT,2.25,0.25,YTD2026,11,0.6363636363636364,0.4375,-0.20454545454545456,-0.2213916323903347,-0.22981472131277478,-2.25,2.25,0,1
ADX20_SUPPORT,2.25,0.25,FULL,206,0.7912621359223301,0.9476744186046512,-0.010922330097087379,-0.025952747272574236,-0.033467955860317644,-2.25,8.25,7,15
ADX20_SUPPORT,2.25,0.3,TRAIN,146,0.7397260273972602,0.9023376203150149,-0.024018749476049525,-0.03878636164056458,-0.04617016772282211,-3.5067374235032305,6.64933671615298,4,10
ADX20_SUPPORT,2.25,0.3,OOS,60,0.7666666666666667,0.985714285714286,-0.0033333333333333457,-0.01900324270218489,-0.02683819738661067,-0.20000000000000073,3.1,2,5
ADX20_SUPPORT,2.25,0.3,YTD2026,11,0.6363636363636364,0.525,-0.17272727272727273,-0.18957345057215297,-0.197996539494593,-1.9,1.8999999999999997,0,1
ADX20_SUPPORT,2.25,0.3,FULL,206,0.7475728155339806,0.9257267131680387,-0.01799387098787976,-0.03302428816336662,-0.04053949675111004,-3.70673742350323,6.649336716152986,6,15
ADX20_SUPPORT,2.25,0.4,TRAIN,146,0.6643835616438356,0.8271732832255938,-0.055525598791118014,-0.07029321095563305,-0.0776770170378906,-8.10673742350323,15.449336716152974,4,10
ADX20_SUPPORT,2.25,0.4,OOS,60,0.7166666666666667,1.0640086628149714,0.017245301329045136,0.001575391960193595,-0.006259562724232152,1.0347180797427082,3.8,3,5
ADX20_SUPPORT,2.25,0.4,YTD2026,11,0.6363636363636364,0.7,-0.10909090909090907,-0.12593708693578928,-0.13436017585822935,-1.1999999999999997,1.2,0,1
ADX20_SUPPORT,2.25,0.4,FULL,206,0.6796116504854369,0.8878739032404209,-0.03433019098912876,-0.04936060816461558,-0.056875816752359,-7.072019343760525,15.449336716152974,7,15
ADX20_SUPPORT,2.25,0.5,TRAIN,146,0.6232876712328768,0.8600038901621465,-0.050731078243172814,-0.06549869040768787,-0.0728824964899454,-7.406737423503231,12.049336716152975,4,10
ADX20_SUPPORT,2.25,0.5,OOS,60,0.65,0.984235079627083,-0.00520566603167536,-0.020875575400526904,-0.028710530084952675,-0.3123399619005216,4.14705804164323,2,5
ADX20_SUPPORT,2.25,0.5,YTD2026,11,0.45454545454545453,0.4427083946303,-0.28609618560392996,-0.3029423634488102,-0.31136545237125024,-3.1470580416432297,3.1470580416432297,0,1
ADX20_SUPPORT,2.25,0.5,FULL,206,0.6310679611650486,0.8938507244186636,-0.037471249443707534,-0.05250166661919438,-0.06001687520693781,-7.719077385403752,12.714618636410268,6,15
ADX20_SUPPORT,2.25,0.6,TRAIN,146,0.5753424657534246,0.8513153721486598,-0.05948476724098783,-0.0742523794055029,-0.0816361854877604,-8.684776017184223,13.627375309833976,3,10
ADX20_SUPPORT,2.25,0.6,OOS,60,0.6,0.9177833207798319,-0.03125924728181669,-0.04692915665066824,-0.05476411133509402,-1.8755548369090014,5.8,2,5
ADX20_SUPPORT,2.25,0.6,YTD2026,11,0.45454545454545453,0.53125007355636,-0.24064164014938452,-0.25748781799426473,-0.26591090691670477,-2.6470580416432297,2.84705804164323,0,1
ADX20_SUPPORT,2.25,0.6,FULL,206,0.5825242718446602,0.8699835860783776,-0.051263742010161296,-0.06629415918564815,-0.07380936777339157,-10.560330854093227,14.992657230091272,5,15
ADX20_SUPPORT,2.25,0.75,TRAIN,146,0.5068493150684932,0.8072400644454775,-0.08917936863598841,-0.10394698080050346,-0.11133078688276098,-13.020187820854307,17.162787113504052,4,10
ADX20_SUPPORT,2.25,0.75,OOS,60,0.55,0.9000975879229683,-0.04297858372577023,-0.05864849309462176,-0.06648344777904759,-2.5787150235462137,8.700218228280441,2,5
ADX20_SUPPORT,2.25,0.75,YTD2026,11,0.45454545454545453,0.66406259194545,-0.17245982196756635,-0.18930599981244656,-0.19772908873488662,-1.8970580416432297,2.3970580416432297,0,1
ADX20_SUPPORT,2.25,0.75,FULL,206,0.5194174757281553,0.8329138993352507,-0.07572282934175012,-0.09075324651723697,-0.09826845510498036,-15.598902844400524,20.24150213705027,6,15
ADX20_SUPPORT,2.25,1.0,TRAIN,146,0.4589041095890411,0.8129363193146402,-0.09363026306088365,-0.1083978752253987,-0.11578168130765622,-13.670018406889014,18.842253775647684,4,10
ADX20_SUPPORT,2.25,1.0,OOS,60,0.45,0.8431686875331924,-0.07642875373576077,-0.09209866310461229,-0.09993361778903807,-4.585725224145646,10.957228428879873,3,5
ADX20_SUPPORT,2.25,1.0,YTD2026,11,0.2727272727272727,0.4960467917904266,-0.27707423237448087,-0.293920410219361,-0.3023434991418012,-3.0478165561192894,4.047816556119289,0,1
ADX20_SUPPORT,2.25,1.0,FULL,206,0.4563106796116505,0.8215760658686482,-0.08862011471376045,-0.10365053188924733,-0.11116574047699074,-18.255743631034655,21.405400350782045,7,15
ADX20_SUPPORT,2.5,0.2,TRAIN,146,0.821917808219178,0.9230769230769232,-0.013698630136986308,-0.026989481085049834,-0.03363490655908161,-2.000000000000001,7.000000000000001,4,10
ADX20_SUPPORT,2.5,0.2,OOS,60,0.8,0.7999999999999999,-0.04,-0.054102918431966365,-0.06115437764794958,-2.4,3.6,2,5
ADX20_SUPPORT,2.5,0.2,YTD2026,11,0.6363636363636364,0.35,-0.23636363636363636,-0.2515251964240285,-0.2591059764542246,-2.6,2.6,0,1
ADX20_SUPPORT,2.5,0.2,FULL,206,0.8155339805825242,0.8842105263157893,-0.02135922330097088,-0.034886598758909024,-0.04165028648787811,-4.400000000000001,7.799999999999994,6,15
ADX20_SUPPORT,2.5,0.25,TRAIN,146,0.8013698630136986,1.0086206896551724,0.0017123287671232876,-0.011578522180940262,-0.01822394765497204,0.25,5.0,6,10
ADX20_SUPPORT,2.5,0.25,OOS,60,0.8,1.0,0.0,-0.014102918431966382,-0.02115437764794959,0.0,3.25,3,5
ADX20_SUPPORT,2.5,0.25,YTD2026,11,0.6363636363636364,0.4375,-0.20454545454545456,-0.21970701460584668,-0.2272877946360428,-2.25,2.25,0,1
ADX20_SUPPORT,2.5,0.25,FULL,206,0.8009708737864077,1.0060975609756098,0.0012135922330097086,-0.01231378322492845,-0.01907747095389753,0.25,5.0,9,15
ADX20_SUPPORT,2.5,0.3,TRAIN,146,0.726027397260274,0.8735204244109727,-0.03153708871778451,-0.04482793966584807,-0.051473365139879844,-4.604414952796539,11.132754316181313,5,10
ADX20_SUPPORT,2.5,0.3,OOS,60,0.7666666666666667,0.985714285714286,-0.0033333333333333457,-0.017436251765299733,-0.024487710981282933,-0.20000000000000073,3.1,2,5
ADX20_SUPPORT,2.5,0.3,YTD2026,11,0.6363636363636364,0.525,-0.17272727272727273,-0.1878888327876649,-0.195469612817861,-1.9,1.8999999999999997,0,1
ADX20_SUPPORT,2.5,0.3,FULL,206,0.7378640776699029,0.9046826561265346,-0.023322402683478335,-0.03684977814141652,-0.0436134658703856,-4.804414952796537,11.132754316181313,7,15
ADX20_SUPPORT,2.5,0.4,TRAIN,146,0.678082191780822,0.9123495857061096,-0.026057636662989984,-0.03934848761105352,-0.0459939130850853,-3.8044149527965376,11.432754316181306,6,10
ADX20_SUPPORT,2.5,0.4,OOS,60,0.65,0.8560251322950202,-0.043729400213910696,-0.05783231864587708,-0.06488377786186027,-2.623764012834642,4.675010284603079,3,5
ADX20_SUPPORT,2.5,0.4,YTD2026,11,0.45454545454545453,0.3582719102840484,-0.3256683852253552,-0.34082994528574734,-0.3484107253159434,-3.582352237478907,3.582352237478907,0,1
ADX20_SUPPORT,2.5,0.4,FULL,206,0.6699029126213593,0.8956941601468371,-0.03120475226034554,-0.044732127718283686,-0.051495815447252756,-6.428178965631181,11.432754316181306,9,15
ADX20_SUPPORT,2.5,0.5,TRAIN,146,0.6438356164383562,0.960105575714571,-0.01322648128366315,-0.026517332231726698,-0.033162757705758474,-1.93106626741482,9.65940563079959,5,10
ADX20_SUPPORT,2.5,0.5,OOS,60,0.65,1.0444823840055708,0.013510607814096942,-0.0005923106178694145,-0.00764376983385263,0.8106364688458165,3.582352237478907,3,5
ADX20_SUPPORT,2.5,0.5,YTD2026,11,0.45454545454545453,0.44783988785506057,-0.2802138397708097,-0.29537539983120187,-0.30295617986139795,-3.082352237478907,3.082352237478907,0,1
ADX20_SUPPORT,2.5,0.5,FULL,206,0.6456310679611651,0.983183844794153,-0.005438979604703898,-0.01896635506264206,-0.025730042791611136,-1.120429798569003,9.65940563079959,8,15
ADX20_SUPPORT,2.5,0.6,TRAIN,146,0.5958904109589042,0.9557233881842994,-0.016333217034996114,-0.029624067983059665,-0.03626949345709144,-2.3846496871094325,10.144790896922927,4,10
ADX20_SUPPORT,2.5,0.6,OOS,60,0.5833333333333334,0.8936498080635308,-0.039391692805262765,-0.05349461123722911,-0.06054607045321233,-2.363501568315766,5.89785445257657,2,5
ADX20_SUPPORT,2.5,0.6,YTD2026,11,0.45454545454545453,0.5374078654260727,-0.23475929431626427,-0.24992085437665637,-0.25750163440685253,-2.582352237478907,2.7823522374789067,0,1
ADX20_SUPPORT,2.5,0.6,FULL,206,0.5922330097087378,0.937591465989213,-0.02304927793895726,-0.036576653396895434,-0.04334034112586451,-4.748151255425196,10.144790896922927,6,15
ADX20_SUPPORT,2.5,0.75,TRAIN,146,0.5136986301369864,0.8628694584713251,-0.059378040638369246,-0.0726688915864328,-0.07931431706046457,-8.66919393320191,15.849967280892539,4,10
ADX20_SUPPORT,2.5,0.75,OOS,60,0.5166666666666667,0.857905323522644,-0.05979307778451877,-0.07389599621648514,-0.08094745543246831,-3.587584667071126,7.921937551331931,2,5
ADX20_SUPPORT,2.5,0.75,YTD2026,11,0.45454545454545453,0.6717598317825908,-0.1665774761344461,-0.18173903619483822,-0.18931981622503435,-1.832352237478907,2.332352237478907,0,1
ADX20_SUPPORT,2.5,0.75,FULL,206,0.5145631067961165,0.8614527203089479,-0.05949892524404387,-0.07302630070198203,-0.07978998843095111,-12.256778600273037,15.919514435237387,6,15
ADX20_SUPPORT,2.5,1.0,TRAIN,146,0.4863013698630137,0.9470505728818549,-0.02355186898454257,-0.03684271993260614,-0.04348814540663789,-3.438572871743215,15.7735203980429,4,10
ADX20_SUPPORT,2.5,1.0,OOS,60,0.43333333333333335,0.8035832525887311,-0.0936532394424833,-0.10775615787444968,-0.11480761709043286,-5.619194366548998,9.454163633116059,2,5
ADX20_SUPPORT,2.5,1.0,YTD2026,11,0.2727272727272727,0.5047925933842132,-0.267548627318851,-0.2827101873792431,-0.29029096740943916,-2.9430349005073606,3.94303490050736,0,1
ADX20_SUPPORT,2.5,1.0,FULL,206,0.470873786407767,0.9031764639681118,-0.043969743875204914,-0.05749711933314308,-0.06426080706211215,-9.057767238292213,15.7735203980429,6,15
ADX20_SUPPORT,3.0,0.2,TRAIN,146,0.8287671232876712,0.9680000000000001,-0.0054794520547945275,-0.016555161178180802,-0.022093015739873944,-0.800000000000001,4.600000000000001,5,10
ADX20_SUPPORT,3.0,0.2,OOS,60,0.8,0.7999999999999999,-0.04,-0.05175243202663863,-0.057628648039957965,-2.4,3.6,2,5
ADX20_SUPPORT,3.0,0.2,YTD2026,11,0.6363636363636364,0.35,-0.23636363636363636,-0.24899826974729644,-0.2553155864391266,-2.6,2.6,0,1
ADX20_SUPPORT,3.0,0.2,FULL,206,0.8203883495145631,0.9135135135135134,-0.01553398058252428,-0.026806793464139403,-0.032443199904946964,-3.2000000000000015,5.3999999999999995,7,15
ADX20_SUPPORT,3.0,0.25,TRAIN,146,0.7602739726027398,0.8902692380571596,-0.02342702598628161,-0.0345027351096679,-0.040040589671361045,-3.420345793997115,8.777295263484422,4,10
ADX20_SUPPORT,3.0,0.25,OOS,60,0.7666666666666667,0.8381925441190077,-0.03699996609146675,-0.048752398118105424,-0.05462861413142473,-2.2199979654880053,3.25,2,5
ADX20_SUPPORT,3.0,0.25,YTD2026,11,0.6363636363636364,0.4375,-0.20454545454545456,-0.21718008792911467,-0.22349740462094478,-2.25,2.25,0,1
ADX20_SUPPORT,3.0,0.25,FULL,206,0.7621359223300971,0.874352849920127,-0.027380309512063692,-0.038653122393678824,-0.0442895288344864,-5.640343759485121,8.777295263484422,6,15
ADX20_SUPPORT,3.0,0.3,TRAIN,146,0.726027397260274,0.9656210264664774,-0.007754618838311827,-0.01883032796169812,-0.024368182523391263,-1.1321743503935267,8.651973443691737,5,10
ADX20_SUPPORT,3.0,0.3,OOS,60,0.7166666666666667,0.8566915368700935,-0.03596547677533797,-0.04771790880197661,-0.053594124815295935,-2.157928606520278,3.513969200839304,2,5
ADX20_SUPPORT,3.0,0.3,YTD2026,11,0.6363636363636364,0.525,-0.17272727272727273,-0.18536190611093287,-0.19167922280276295,-1.9,1.8999999999999997,0,1
ADX20_SUPPORT,3.0,0.3,FULL,206,0.7233009708737864,0.9314420525442986,-0.01597137357725148,-0.027244186458866615,-0.03288059289967418,-3.2901029569138047,8.651973443691737,7,15
ADX20_SUPPORT,3.0,0.4,TRAIN,146,0.684931506849315,1.0170111969977313,0.004536184160442273,-0.0065395249629440055,-0.012077379524637135,0.6622828874245719,5.586610398676763,5,10
ADX20_SUPPORT,3.0,0.4,OOS,60,0.65,0.8793785075614724,-0.03566335515861455,-0.0474157871852532,-0.05329200319857251,-2.1398013095168733,4.215839869323904,3,5
ADX20_SUPPORT,3.0,0.4,YTD2026,11,0.45454545454545453,0.3646112990330064,-0.31684486647567484,-0.32947949985933495,-0.33579681655116494,-3.485293531232423,3.485293531232423,0,1
ADX20_SUPPORT,3.0,0.4,FULL,206,0.6747572815533981,0.9739285880739551,-0.0071724195247199075,-0.018445232406335034,-0.02408163884714259,-1.477518422092301,5.586610398676763,8,15
ADX20_SUPPORT,3.0,0.5,TRAIN,146,0.6438356164383562,1.0712141600574772,0.02112531989277897,0.010049610769392684,0.004511756207699539,3.0842967043457294,5.803550632100445,5,10
ADX20_SUPPORT,3.0,0.5,OOS,60,0.6,0.8221013523375411,-0.06149304342918569,-0.07324547545582435,-0.07912169146914368,-3.6895826057511414,5.468210009301814,2,5
ADX20_SUPPORT,3.0,0.5,YTD2026,11,0.45454545454545453,0.4557641237912579,-0.2713903210211293,-0.2840249544047894,-0.2903422710966195,-2.9852935312324225,2.9852935312324225,0,1
ADX20_SUPPORT,3.0,0.5,FULL,206,0.6310679611650486,0.9905497851366533,-0.0029382810747835544,-0.014211093956398689,-0.019847500397206248,-0.6052859014054122,5.803550632100445,7,15
ADX20_SUPPORT,3.0,0.6,TRAIN,146,0.5616438356164384,0.9447230356452533,-0.01939467236434044,-0.030470381487726742,-0.03600823604941989,-2.8316221651937044,9.956361657567594,4,10
ADX20_SUPPORT,3.0,0.6,OOS,60,0.55,0.8349719771616333,-0.06110596123054358,-0.07285839325718224,-0.07873460927050155,-3.6663576738326147,7.144985077383287,1,5
ADX20_SUPPORT,3.0,0.6,YTD2026,11,0.45454545454545453,0.5469169485495096,-0.2259357755665838,-0.23857040895024395,-0.2448877256420741,-2.485293531232422,2.685293531232422,0,1
ADX20_SUPPORT,3.0,0.6,FULL,206,0.558252427184466,0.9115230819207125,-0.03154359145158407,-0.04281640433319922,-0.04845281077400678,-6.497979839026319,9.956361657567594,5,15
ADX20_SUPPORT,3.0,0.75,TRAIN,146,0.5342465753424658,0.9575632531226108,-0.015654007259927938,-0.026729716383314214,-0.032267570945007366,-2.2854850599494787,10.284069406806811,4,10
ADX20_SUPPORT,3.0,0.75,OOS,60,0.48333333333333334,0.8153722210853587,-0.07544243458865646,-0.08719486661529509,-0.09307108262861442,-4.526546075319388,8.80517347887006,2,5
ADX20_SUPPORT,3.0,0.75,YTD2026,11,0.2727272727272727,0.3888789324395731,-0.32144203791722425,-0.33407667130088436,-0.3403939879927145,-3.535862417089467,4.035862417089467,0,1
ADX20_SUPPORT,3.0,0.75,FULL,206,0.5194174757281553,0.9130823790164214,-0.033068112307130415,-0.044340925188745564,-0.04997733162955311,-6.812031135268866,10.284069406806811,6,15
ADX20_SUPPORT,3.0,1.0,TRAIN,146,0.4794520547945205,1.0066304474313217,0.002625099945633756,-0.00845060917775254,-0.013988463739445683,0.3832645920625284,14.431598986134738,6,10
ADX20_SUPPORT,3.0,1.0,OOS,60,0.45,0.8084468358950484,-0.08465738463742518,-0.09640981666406381,-0.10228603267738316,-5.079443078245511,7.955481638052541,2,5
ADX20_SUPPORT,3.0,1.0,YTD2026,11,0.2727272727272727,0.5185052432527641,-0.25326021973540613,-0.26589485311906624,-0.2722121698108963,-2.7858624170894672,3.7858624170894672,0,1
ADX20_SUPPORT,3.0,1.0,FULL,206,0.470873786407767,0.9443058616241968,-0.022796982942635824,-0.034069795824250966,-0.03970620226505855,-4.69617848618298,14.431598986134738,8,15
ADX25_SUPPORT,0.75,0.2,TRAIN,120,0.15833333333333333,0.03762376237623763,-0.8099999999999999,-0.8542943803263081,-0.8764415704894621,-97.19999999999999,97.39999999999999,0,10
ADX25_SUPPORT,0.75,0.2,OOS,48,0.1875,0.046153846153846156,-0.775,-0.8223809061666469,-0.8460713592499705,-37.2,37.400000000000006,0,5
ADX25_SUPPORT,0.75,0.2,YTD2026,9,0.3333333333333333,0.10000000000000002,-0.6000000000000001,-0.6493739968228418,-0.6740609952342628,-5.4,6.0,0,1
ADX25_SUPPORT,0.75,0.2,FULL,168,0.16666666666666666,0.04000000000000001,-0.8,-0.8451762448521192,-0.8677643672781786,-134.4,134.40000000000003,0,15
ADX25_SUPPORT,0.75,0.25,TRAIN,120,0.15833333333333333,0.04702970297029703,-0.8020833333333334,-0.8463777136596414,-0.8685249038227953,-96.25,96.5,0,10
ADX25_SUPPORT,0.75,0.25,OOS,48,0.1875,0.057692307692307696,-0.765625,-0.813005906166647,-0.8366963592499704,-36.75,37.0,0,5
ADX25_SUPPORT,0.75,0.25,YTD2026,9,0.3333333333333333,0.125,-0.5833333333333334,-0.6327073301561752,-0.657394328567596,-5.25,6.0,0,1
ADX25_SUPPORT,0.75,0.25,FULL,168,0.16666666666666666,0.05,-0.7916666666666666,-0.8368429115187859,-0.8594310339448454,-133.0,133.0,0,15
ADX25_SUPPORT,0.75,0.3,TRAIN,120,0.15833333333333333,0.05643564356435643,-0.7941666666666668,-0.8384610469929747,-0.8606082371561288,-95.30000000000001,95.60000000000001,0,10
ADX25_SUPPORT,0.75,0.3,OOS,48,0.1875,0.06923076923076922,-0.75625,-0.803630906166647,-0.8273213592499703,-36.3,36.599999999999994,0,5
ADX25_SUPPORT,0.75,0.3,YTD2026,9,0.3333333333333333,0.15,-0.5666666666666667,-0.6160406634895085,-0.6407276619009294,-5.1,6.0,0,1
ADX25_SUPPORT,0.75,0.3,FULL,168,0.16666666666666666,0.060000000000000005,-0.7833333333333333,-0.8285095781854527,-0.8510977006115121,-131.6,131.60000000000002,0,15
ADX25_SUPPORT,0.75,0.4,TRAIN,120,0.15833333333333333,0.07524752475247526,-0.7783333333333334,-0.8226277136596415,-0.8447749038227954,-93.4,93.8,0,10
ADX25_SUPPORT,0.75,0.4,OOS,48,0.1875,0.09230769230769231,-0.7374999999999999,-0.7848809061666469,-0.8085713592499704,-35.4,35.800000000000004,0,5
ADX25_SUPPORT,0.75,0.4,YTD2026,9,0.3333333333333333,0.20000000000000004,-0.5333333333333333,-0.5827073301561752,-0.607394328567596,-4.8,6.0,0,1
ADX25_SUPPORT,0.75,0.4,FULL,168,0.16666666666666666,0.08000000000000002,-0.7666666666666667,-0.8118429115187857,-0.8344310339448455,-128.8,128.79999999999995,0,15
ADX25_SUPPORT,0.75,0.5,TRAIN,120,0.15,0.08823529411764706,-0.775,-0.8192943803263081,-0.841441570489462,-93.0,93.5,0,10
ADX25_SUPPORT,0.75,0.5,OOS,48,0.16666666666666666,0.1,-0.75,-0.797380906166647,-0.8210713592499704,-36.0,36.5,0,5
ADX25_SUPPORT,0.75,0.5,YTD2026,9,0.2222222222222222,0.14285714285714285,-0.6666666666666666,-0.7160406634895086,-0.7407276619009294,-6.0,7.0,0,1
ADX25_SUPPORT,0.75,0.5,FULL,168,0.15476190476190477,0.09154929577464789,-0.7678571428571429,-0.813033387709262,-0.8356215101353216,-129.0,129.0,0,15
ADX25_SUPPORT,0.75,0.6,TRAIN,120,0.15,0.10588235294117646,-0.7599999999999999,-0.8042943803263081,-0.8264415704894622,-91.19999999999999,91.80000000000001,0,10
ADX25_SUPPORT,0.75,0.6,OOS,48,0.16666666666666666,0.12,-0.7333333333333334,-0.7807142394999804,-0.8044046925833038,-35.2,35.8,0,5
ADX25_SUPPORT,0.75,0.6,YTD2026,9,0.2222222222222222,0.17142857142857143,-0.6444444444444444,-0.6938184412672863,-0.7185054396787073,-5.8,7.0,0,1
ADX25_SUPPORT,0.75,0.6,FULL,168,0.15476190476190477,0.10985915492957744,-0.7523809523809524,-0.7975571972330716,-0.8201453196591312,-126.4,126.40000000000006,0,15
ADX25_SUPPORT,0.75,0.75,TRAIN,120,0.15,0.1323529411764706,-0.7375,-0.7817943803263081,-0.803941570489462,-88.5,89.25,0,10
ADX25_SUPPORT,0.75,0.75,OOS,48,0.16666666666666666,0.15,-0.7083333333333334,-0.7557142394999804,-0.7794046925833037,-34.0,34.75,0,5
ADX25_SUPPORT,0.75,0.75,YTD2026,9,0.2222222222222222,0.21428571428571427,-0.6111111111111112,-0.660485107933953,-0.6851721063453738,-5.5,7.0,0,1
ADX25_SUPPORT,0.75,0.75,FULL,168,0.15476190476190477,0.13732394366197184,-0.7291666666666666,-0.7743429115187859,-0.7969310339448454,-122.5,122.5,0,15
ADX25_SUPPORT,0.75,1.0,TRAIN,120,0.13333333333333333,0.15384615384615385,-0.7333333333333333,-0.7776277136596416,-0.7997749038227954,-88.0,89.0,0,10
ADX25_SUPPORT,0.75,1.0,OOS,48,0.16666666666666666,0.2,-0.6666666666666666,-0.7140475728333137,-0.7377380259166371,-32.0,33.0,0,5
ADX25_SUPPORT,0.75,1.0,YTD2026,9,0.2222222222222222,0.2857142857142857,-0.5555555555555556,-0.6049295523783974,-0.6296165507898183,-5.0,7.0,0,1
ADX25_SUPPORT,0.75,1.0,FULL,168,0.14285714285714285,0.16666666666666666,-0.7142857142857143,-0.7594619591378334,-0.7820500815638931,-120.0,120.0,0,15
ADX25_SUPPORT,1.0,0.2,TRAIN,120,0.39166666666666666,0.12876712328767118,-0.5299999999999999,-0.5632207852447311,-0.5798311778670967,-63.599999999999994,64.0,0,10
ADX25_SUPPORT,1.0,0.2,OOS,48,0.4583333333333333,0.16923076923076927,-0.45,-0.48553567962498523,-0.5033035194374779,-21.6,21.800000000000008,0,5
ADX25_SUPPORT,1.0,0.2,YTD2026,9,0.6666666666666666,0.39999999999999997,-0.2,-0.23703049761713135,-0.25554574642569705,-1.8,2.5999999999999996,0,1
ADX25_SUPPORT,1.0,0.2,FULL,168,0.4107142857142857,0.13939393939393935,-0.5071428571428571,-0.5410250407819465,-0.5579661326014912,-85.19999999999999,85.39999999999993,0,15
ADX25_SUPPORT,1.0,0.25,TRAIN,120,0.38333333333333336,0.1554054054054054,-0.5208333333333334,-0.5540541185780643,-0.5706645112004299,-62.5,63.0,0,10
ADX25_SUPPORT,1.0,0.25,OOS,48,0.4375,0.19444444444444445,-0.453125,-0.4886606796249852,-0.5064285194374778,-21.75,22.0,0,5
ADX25_SUPPORT,1.0,0.25,YTD2026,9,0.6666666666666666,0.5,-0.16666666666666666,-0.20369716428379803,-0.2222124130923637,-1.5,2.5,0,1
ADX25_SUPPORT,1.0,0.25,FULL,168,0.39880952380952384,0.16584158415841585,-0.5014880952380952,-0.5353702788771846,-0.5523113706967293,-84.25,84.5,0,15
ADX25_SUPPORT,1.0,0.3,TRAIN,120,0.38333333333333336,0.18648648648648655,-0.5016666666666667,-0.5348874519113977,-0.5514978445337633,-60.2,60.8,0,10
ADX25_SUPPORT,1.0,0.3,OOS,48,0.4375,0.23333333333333328,-0.4312500000000001,-0.4667856796249852,-0.48455351943747776,-20.700000000000003,20.999999999999993,0,5
ADX25_SUPPORT,1.0,0.3,YTD2026,9,0.6666666666666666,0.6,-0.13333333333333333,-0.1703638309504647,-0.1888790797590304,-1.2,2.4000000000000004,0,1
ADX25_SUPPORT,1.0,0.3,FULL,168,0.39880952380952384,0.19900990099009902,-0.48154761904761906,-0.5154298026867085,-0.5323708945062531,-80.9,81.20000000000006,0,15
ADX25_SUPPORT,1.0,0.4,TRAIN,120,0.375,0.2399999999999999,-0.4749999999999999,-0.508220785244731,-0.5248311778670965,-56.99999999999999,57.80000000000002,0,10
ADX25_SUPPORT,1.0,0.4,OOS,48,0.4166666666666667,0.28571428571428575,-0.4166666666666667,-0.45220234629165185,-0.4699701861041445,-20.0,20.400000000000006,0,5
ADX25_SUPPORT,1.0,0.4,YTD2026,9,0.5555555555555556,0.5,-0.2222222222222222,-0.2592527198393536,-0.2777679686479193,-2.0,2.8,0,1
ADX25_SUPPORT,1.0,0.4,FULL,168,0.3869047619047619,0.25242718446601936,-0.4583333333333333,-0.4922155169724227,-0.5091566087919674,-77.0,77.39999999999998,0,15
ADX25_SUPPORT,1.0,0.5,TRAIN,120,0.36666666666666664,0.2894736842105263,-0.45,-0.483220785244731,-0.4998311778670966,-54.0,55.0,0,10
ADX25_SUPPORT,1.0,0.5,OOS,48,0.4166666666666667,0.35714285714285715,-0.375,-0.4105356796249852,-0.42830351943747785,-18.0,18.5,0,5
ADX25_SUPPORT,1.0,0.5,YTD2026,9,0.5555555555555556,0.625,-0.16666666666666666,-0.20369716428379803,-0.22221241309236367,-1.5,2.5,0,1
ADX25_SUPPORT,1.0,0.5,FULL,168,0.38095238095238093,0.3076923076923077,-0.42857142857142855,-0.46245361221051795,-0.4793947040300627,-72.0,72.5,0,15
ADX25_SUPPORT,1.0,0.6,TRAIN,120,0.3416666666666667,0.31139240506329113,-0.45333333333333337,-0.4865541185780644,-0.5031645112004298,-54.400000000000006,55.59999999999999,1,10
ADX25_SUPPORT,1.0,0.6,OOS,48,0.3958333333333333,0.393103448275862,-0.3666666666666667,-0.4022023462916519,-0.41997018610414455,-17.6,18.199999999999996,0,5
ADX25_SUPPORT,1.0,0.6,YTD2026,9,0.5555555555555556,0.75,-0.1111111111111111,-0.14814160872824247,-0.16665685753680817,-1.0,2.2,0,1
ADX25_SUPPORT,1.0,0.6,FULL,168,0.35714285714285715,0.3333333333333334,-0.42857142857142855,-0.46245361221051795,-0.4793947040300627,-72.0,72.60000000000002,1,15
ADX25_SUPPORT,1.0,0.75,TRAIN,120,0.3,0.32142857142857145,-0.475,-0.508220785244731,-0.5248311778670965,-57.0,58.5,0,10
ADX25_SUPPORT,1.0,0.75,OOS,48,0.375,0.45,-0.34375,-0.3792856796249852,-0.39705351943747785,-16.5,18.0,0,5
ADX25_SUPPORT,1.0,0.75,YTD2026,9,0.5555555555555556,0.9375,-0.027777777777777776,-0.06480827539490913,-0.08332352420347479,-0.25,2.0,0,1
ADX25_SUPPORT,1.0,0.75,FULL,168,0.32142857142857145,0.35526315789473684,-0.4375,-0.4713821836390894,-0.4883232754586341,-73.5,74.75,0,15
ADX25_SUPPORT,1.0,1.0,TRAIN,120,0.2833333333333333,0.3953488372093023,-0.43333333333333335,-0.46655411857806434,-0.4831645112004299,-52.0,54.0,1,10
ADX25_SUPPORT,1.0,1.0,OOS,48,0.25,0.3333333333333333,-0.5,-0.5355356796249852,-0.5533035194374778,-24.0,25.0,0,5
ADX25_SUPPORT,1.0,1.0,YTD2026,9,0.3333333333333333,0.5,-0.3333333333333333,-0.3703638309504647,-0.3888790797590304,-3.0,4.0,0,1
ADX25_SUPPORT,1.0,1.0,FULL,168,0.27380952380952384,0.3770491803278688,-0.4523809523809524,-0.4862631360200418,-0.5032042278395865,-76.0,77.0,1,15
ADX25_SUPPORT,1.25,0.2,TRAIN,120,0.5666666666666667,0.26153846153846144,-0.31999999999999995,-0.3465766281957849,-0.3598649422936772,-38.39999999999999,38.80000000000001,0,10
ADX25_SUPPORT,1.25,0.2,OOS,48,0.5833333333333334,0.2800000000000001,-0.3,-0.32842854369998814,-0.34264281554998227,-14.399999999999999,14.600000000000009,0,5
ADX25_SUPPORT,1.25,0.2,YTD2026,9,0.6666666666666666,0.39999999999999997,-0.2,-0.22962439809370505,-0.24443659714055765,-1.8,2.5999999999999996,0,1
ADX25_SUPPORT,1.25,0.2,FULL,168,0.5714285714285714,0.26666666666666666,-0.3142857142857143,-0.3413914611969858,-0.3549443346526215,-52.8,52.99999999999993,0,15
ADX25_SUPPORT,1.25,0.25,TRAIN,120,0.5583333333333333,0.3160377358490566,-0.3020833333333333,-0.3286599615291182,-0.3419482756270106,-36.25,36.75,0,10
ADX25_SUPPORT,1.25,0.25,OOS,48,0.5625,0.32142857142857145,-0.296875,-0.32530354369998815,-0.3395178155499823,-14.25,14.5,0,5
ADX25_SUPPORT,1.25,0.25,YTD2026,9,0.5555555555555556,0.3125,-0.3055555555555556,-0.3351799536492606,-0.3499921526961132,-2.75,3.25,0,1
ADX25_SUPPORT,1.25,0.25,FULL,168,0.5595238095238095,0.31756756756756754,-0.3005952380952381,-0.3277009850065096,-0.34125385846214534,-50.5,50.75,0,15
ADX25_SUPPORT,1.25,0.3,TRAIN,120,0.55,0.3666666666666667,-0.28500000000000003,-0.31157662819578485,-0.3248649422936773,-34.2,34.79999999999999,0,10
ADX25_SUPPORT,1.25,0.3,OOS,48,0.5625,0.3857142857142857,-0.26875,-0.29717854369998814,-0.31139281554998227,-12.9,13.399999999999991,0,5
ADX25_SUPPORT,1.25,0.3,YTD2026,9,0.5555555555555556,0.375,-0.2777777777777778,-0.30740217587148283,-0.32221437491833543,-2.5,3.1,0,1
ADX25_SUPPORT,1.25,0.3,FULL,168,0.5535714285714286,0.372,-0.2803571428571429,-0.30746288976841435,-0.3210157632240501,-47.10000000000001,47.40000000000007,0,15
ADX25_SUPPORT,1.25,0.4,TRAIN,120,0.5333333333333333,0.45714285714285713,-0.25333333333333335,-0.27990996152911823,-0.29319827562701056,-30.400000000000002,31.200000000000017,1,10
ADX25_SUPPORT,1.25,0.4,OOS,48,0.5416666666666666,0.47272727272727283,-0.24166666666666667,-0.27009521036665485,-0.2843094822166489,-11.6,11.999999999999996,0,5
ADX25_SUPPORT,1.25,0.4,YTD2026,9,0.5555555555555556,0.5,-0.2222222222222222,-0.2518466203159273,-0.2666588193627799,-2.0,2.8,0,1
ADX25_SUPPORT,1.25,0.4,FULL,168,0.5357142857142857,0.46153846153846145,-0.25000000000000006,-0.2771057469112715,-0.29065862036690726,-42.00000000000001,42.400000000000055,1,15
ADX25_SUPPORT,1.25,0.5,TRAIN,120,0.49166666666666664,0.48360655737704916,-0.2625,-0.28907662819578483,-0.3023649422936773,-31.5,32.5,2,10
ADX25_SUPPORT,1.25,0.5,OOS,48,0.5208333333333334,0.5434782608695652,-0.21875,-0.24717854369998815,-0.2613928155499823,-10.5,11.0,0,5
ADX25_SUPPORT,1.25,0.5,YTD2026,9,0.5555555555555556,0.625,-0.16666666666666666,-0.19629106476037173,-0.21110326380722433,-1.5,2.5,0,1
ADX25_SUPPORT,1.25,0.5,FULL,168,0.5,0.5,-0.25,-0.2771057469112715,-0.29065862036690726,-42.0,42.5,2,15
ADX25_SUPPORT,1.25,0.6,TRAIN,120,0.43333333333333335,0.46427109775339603,-0.3000176303417074,-0.3265942585374923,-0.33988257263538474,-36.00211564100489,37.202115641004895,2,10
ADX25_SUPPORT,1.25,0.6,OOS,48,0.5,0.6,-0.20000000000000004,-0.2284285436999882,-0.24264281554998227,-9.600000000000001,10.600000000000001,1,5
ADX25_SUPPORT,1.25,0.6,YTD2026,9,0.5555555555555556,0.75,-0.1111111111111111,-0.1407355092048162,-0.1555477082516688,-1.0,2.2,0,1
ADX25_SUPPORT,1.25,0.6,FULL,168,0.4523809523809524,0.4999884013600451,-0.27144116452979106,-0.29854691144106255,-0.3120997848966983,-45.60211564100489,46.60211564100487,3,15
ADX25_SUPPORT,1.25,0.75,TRAIN,120,0.4166666666666667,0.5418909473019032,-0.26418429700837415,-0.29076092520415897,-0.30404923930205136,-31.702115641004895,33.202115641004895,2,10
ADX25_SUPPORT,1.25,0.75,OOS,48,0.4375,0.5833333333333334,-0.234375,-0.26280354369998815,-0.2770178155499823,-11.25,12.0,1,5
ADX25_SUPPORT,1.25,0.75,YTD2026,9,0.4444444444444444,0.6,-0.2222222222222222,-0.2518466203159273,-0.26665881936277985,-2.0,2.75,0,1
ADX25_SUPPORT,1.25,0.75,FULL,168,0.4226190476190476,0.5535221304145923,-0.25566735500598153,-0.282773101917253,-0.29632597537288874,-42.952115641004895,43.702115641004895,3,15
ADX25_SUPPORT,1.25,1.0,TRAIN,120,0.39166666666666666,0.6363622030026703,-0.21879515225201213,-0.245371780447797,-0.25866009454568945,-26.255418270241456,31.0,2,10
ADX25_SUPPORT,1.25,1.0,OOS,48,0.375,0.6,-0.25,-0.27842854369998815,-0.2926428155499823,-12.0,13.0,1,5
ADX25_SUPPORT,1.25,1.0,YTD2026,9,0.3333333333333333,0.5,-0.3333333333333333,-0.3629577314270384,-0.377769930473891,-3.0,4.0,0,1
ADX25_SUPPORT,1.25,1.0,FULL,168,0.3869047619047619,0.6256885874592124,-0.22771082303715154,-0.25481656994842306,-0.2683694434040588,-38.25541827024146,42.0,3,15
ADX25_SUPPORT,1.5,0.2,TRAIN,120,0.7083333333333334,0.4857142857142856,-0.15,-0.17214719016315402,-0.18322078524473104,-18.0,19.20000000000001,1,10
ADX25_SUPPORT,1.5,0.2,OOS,48,0.625,0.3333333333333334,-0.25,-0.27369045308332346,-0.2855356796249852,-12.0,12.20000000000001,1,5
ADX25_SUPPORT,1.5,0.2,YTD2026,9,0.6666666666666666,0.39999999999999997,-0.2,-0.22468699841142087,-0.23703049761713135,-1.8,2.5999999999999996,0,1
ADX25_SUPPORT,1.5,0.2,FULL,168,0.6845238095238095,0.4339622641509434,-0.17857142857142858,-0.20115955099748817,-0.21245361221051798,-30.0,31.000000000000032,2,15
ADX25_SUPPORT,1.5,0.25,TRAIN,120,0.6833333333333333,0.5394736842105263,-0.14583333333333334,-0.16798052349648737,-0.17905411857806441,-17.5,18.5,1,10
ADX25_SUPPORT,1.5,0.25,OOS,48,0.6041666666666666,0.3815789473684211,-0.24479166666666666,-0.2684821197499902,-0.28032734629165185,-11.75,12.0,1,5
ADX25_SUPPORT,1.5,0.25,YTD2026,9,0.5555555555555556,0.3125,-0.3055555555555556,-0.3302425539669765,-0.3425860531726869,-2.75,3.25,0,1
ADX25_SUPPORT,1.5,0.25,FULL,168,0.6607142857142857,0.4868421052631579,-0.17410714285714285,-0.19669526528320244,-0.20798932649623225,-29.25,30.0,2,15
ADX25_SUPPORT,1.5,0.3,TRAIN,120,0.6833333333333333,0.6473684210526315,-0.11166666666666665,-0.1338138568298207,-0.14488745191139774,-13.399999999999999,15.600000000000005,3,10
ADX25_SUPPORT,1.5,0.3,OOS,48,0.6041666666666666,0.4578947368421053,-0.21458333333333335,-0.23827378641665684,-0.25011901295831857,-10.3,10.799999999999997,1,5
ADX25_SUPPORT,1.5,0.3,YTD2026,9,0.5555555555555556,0.375,-0.2777777777777778,-0.3024647761891987,-0.31480827539490913,-2.5,3.1,0,1
ADX25_SUPPORT,1.5,0.3,FULL,168,0.6607142857142857,0.5842105263157892,-0.14107142857142854,-0.1636595509974882,-0.17495361221051797,-23.699999999999996,25.39999999999998,4,15
ADX25_SUPPORT,1.5,0.4,TRAIN,120,0.5916666666666667,0.5795918367346936,-0.1716666666666667,-0.1938138568298207,-0.2048874519113977,-20.6,21.999999999999986,1,10
ADX25_SUPPORT,1.5,0.4,OOS,48,0.5625,0.5142857142857145,-0.2125,-0.2361904530833235,-0.2480356796249852,-10.2,10.599999999999994,1,5
ADX25_SUPPORT,1.5,0.4,YTD2026,9,0.5555555555555556,0.5,-0.2222222222222222,-0.2469092206336431,-0.2592527198393536,-2.0,2.8,0,1
ADX25_SUPPORT,1.5,0.4,FULL,168,0.5833333333333334,0.5599999999999999,-0.18333333333333332,-0.2059214557593929,-0.21721551697242272,-30.799999999999997,31.20000000000003,2,15
ADX25_SUPPORT,1.5,0.5,TRAIN,120,0.525,0.5702138243591177,-0.1978536231255573,-0.22000081328871132,-0.2310744083702883,-23.742434775066876,25.742434775066872,2,10
ADX25_SUPPORT,1.5,0.5,OOS,48,0.5416666666666666,0.5909090909090909,-0.1875,-0.21119045308332351,-0.2230356796249852,-9.0,10.0,1,5
ADX25_SUPPORT,1.5,0.5,YTD2026,9,0.5555555555555556,0.625,-0.16666666666666666,-0.1913536650780876,-0.20369716428379803,-1.5,2.5,0,1
ADX25_SUPPORT,1.5,0.5,FULL,168,0.5297619047619048,0.5761081991988707,-0.1948954450896838,-0.21748356751574338,-0.22877762872877314,-32.742434775066876,33.74243477506687,3,15
ADX25_SUPPORT,1.5,0.6,TRAIN,120,0.5,0.6181060276589144,-0.1853536231255573,-0.20750081328871134,-0.21857440837028833,-22.242434775066876,24.84243477506687,2,10
ADX25_SUPPORT,1.5,0.6,OOS,48,0.5,0.6,-0.19999999999999998,-0.22369045308332347,-0.23553567962498523,-9.6,11.8,1,5
ADX25_SUPPORT,1.5,0.6,YTD2026,9,0.5555555555555556,0.75,-0.1111111111111111,-0.13579810952253205,-0.14814160872824247,-1.0,2.2,0,1
ADX25_SUPPORT,1.5,0.6,FULL,168,0.5,0.6128223238750657,-0.18953830223254092,-0.21212642465860054,-0.22342048587163033,-31.842434775066874,34.042434775066845,3,15
ADX25_SUPPORT,1.5,0.75,TRAIN,120,0.4666666666666667,0.6747808011010583,-0.16868695645889062,-0.19083414662204465,-0.20190774170362163,-20.242434775066876,22.242434775066876,1,10
ADX25_SUPPORT,1.5,0.75,OOS,48,0.4375,0.5833333333333334,-0.234375,-0.25806545308332346,-0.2699106796249852,-11.25,12.0,1,5
ADX25_SUPPORT,1.5,0.75,YTD2026,9,0.3333333333333333,0.375,-0.4166666666666667,-0.4413536650780876,-0.453697164283798,-3.75,4.5,0,1
ADX25_SUPPORT,1.5,0.75,FULL,168,0.4583333333333333,0.6471136757480598,-0.1874549688992076,-0.2100430913252672,-0.22133715253829694,-31.492434775066876,32.242434775066876,2,15
ADX25_SUPPORT,1.5,1.0,TRAIN,120,0.4166666666666667,0.714935137300549,-0.16211266916192232,-0.18425985932507635,-0.19533345440665334,-19.45352029943068,21.07400507422946,2,10
ADX25_SUPPORT,1.5,1.0,OOS,48,0.375,0.576508657334806,-0.2646820891657462,-0.2883725422490697,-0.3002177687907314,-12.704740279955818,14.0,1,5
ADX25_SUPPORT,1.5,1.0,YTD2026,9,0.3333333333333333,0.5,-0.3333333333333333,-0.3580203317447543,-0.3703638309504647,-3.0,4.0,0,1
ADX25_SUPPORT,1.5,1.0,FULL,168,0.40476190476190477,0.6726642549829395,-0.1914182177344434,-0.21400634016050302,-0.2253004013735328,-32.15826057938649,34.07400507422946,3,15
ADX25_SUPPORT,1.75,0.2,TRAIN,120,0.7666666666666667,0.6571428571428569,-0.08,-0.09898330585413202,-0.10847495878119803,-9.6,10.799999999999995,3,10
ADX25_SUPPORT,1.75,0.2,OOS,48,0.6666666666666666,0.4,-0.19999999999999996,-0.2203061026428487,-0.23045915396427305,-9.599999999999998,10.199999999999998,1,5
ADX25_SUPPORT,1.75,0.2,YTD2026,9,0.6666666666666666,0.39999999999999997,-0.2,-0.22116028435264645,-0.2317404265289697,-1.8,2.1999999999999997,0,1
ADX25_SUPPORT,1.75,0.2,FULL,168,0.7380952380952381,0.5636363636363636,-0.11428571428571428,-0.13364696207947963,-0.14332758597636233,-19.2,20.200000000000017,4,15
ADX25_SUPPORT,1.75,0.25,TRAIN,120,0.7583333333333333,0.7844827586206896,-0.052083333333333336,-0.07106663918746538,-0.08055829211453137,-6.25,8.5,4,10
ADX25_SUPPORT,1.75,0.25,OOS,48,0.6666666666666666,0.5,-0.16666666666666666,-0.18697276930951537,-0.19712582063093972,-8.0,9.25,1,5
ADX25_SUPPORT,1.75,0.25,YTD2026,9,0.6666666666666666,0.5,-0.16666666666666666,-0.18782695101931315,-0.1984070931956364,-1.5,2.0,0,1
ADX25_SUPPORT,1.75,0.25,FULL,168,0.7321428571428571,0.6833333333333333,-0.08482142857142858,-0.10418267636519396,-0.1138633002620766,-14.25,16.25,5,15
ADX25_SUPPORT,1.75,0.3,TRAIN,120,0.7083333333333334,0.7285714285714285,-0.07916666666666666,-0.09814997252079868,-0.10764162544786471,-9.5,11.700000000000003,4,10
ADX25_SUPPORT,1.75,0.3,OOS,48,0.6458333333333334,0.5470588235294119,-0.16041666666666668,-0.1807227693095154,-0.19087582063093975,-7.700000000000001,8.300000000000002,1,5
ADX25_SUPPORT,1.75,0.3,YTD2026,9,0.6666666666666666,0.6,-0.13333333333333333,-0.15449361768597983,-0.16507375986230308,-1.2,2.0,0,1
ADX25_SUPPORT,1.75,0.3,FULL,168,0.6904761904761905,0.6692307692307689,-0.10238095238095235,-0.12174220017471776,-0.1314228240716004,-17.199999999999996,18.899999999999977,5,15
ADX25_SUPPORT,1.75,0.4,TRAIN,120,0.6333333333333333,0.7209633449052374,-0.09804837715658224,-0.11703168301071425,-0.12652333593778026,-11.765805258789868,13.165805258789861,4,10
ADX25_SUPPORT,1.75,0.4,OOS,48,0.625,0.6666666666666669,-0.12500000000000003,-0.14530610264284868,-0.155459153964273,-6.000000000000001,8.2,1,5
ADX25_SUPPORT,1.75,0.4,YTD2026,9,0.6666666666666666,0.7999999999999999,-0.06666666666666665,-0.08782695101931313,-0.0984070931956364,-0.5999999999999999,2.0,0,1
ADX25_SUPPORT,1.75,0.4,FULL,168,0.6309523809523809,0.7047192307594954,-0.10574884082613016,-0.12511008861989553,-0.13479071251677818,-17.765805258789868,19.36580525878986,5,15
ADX25_SUPPORT,1.75,0.5,TRAIN,120,0.5916666666666667,0.7526639226282305,-0.0972150438232489,-0.11619834967738092,-0.1256900026044469,-11.665805258789868,13.665805258789868,3,10
ADX25_SUPPORT,1.75,0.5,OOS,48,0.625,0.8333333333333334,-0.0625,-0.08280610264284871,-0.09295915396427303,-3.0,7.5,1,5
ADX25_SUPPORT,1.75,0.5,YTD2026,9,0.6666666666666666,1.0,0.0,-0.021160284352646483,-0.03174042652896974,0.0,2.0,0,1
ADX25_SUPPORT,1.75,0.5,FULL,168,0.6011904761904762,0.7749463050360805,-0.08729645987374922,-0.10665770766751456,-0.11633833156439723,-14.665805258789868,17.665805258789867,4,15
ADX25_SUPPORT,1.75,0.6,TRAIN,120,0.55,0.7591179663296284,-0.1047150438232489,-0.12369834967738093,-0.13319000260444694,-12.565805258789867,15.400000000000006,4,10
ADX25_SUPPORT,1.75,0.6,OOS,48,0.5208333333333334,0.6521739130434782,-0.16666666666666666,-0.18697276930951537,-0.19712582063093972,-8.0,9.400000000000004,1,5
ADX25_SUPPORT,1.75,0.6,YTD2026,9,0.4444444444444444,0.48,-0.2888888888888889,-0.31004917324153536,-0.3206293154178586,-2.6,3.2,0,1
ADX25_SUPPORT,1.75,0.6,FULL,168,0.5416666666666666,0.7263941337688933,-0.12241550749279684,-0.14177675528656222,-0.15145737918344487,-20.56580525878987,22.600000000000005,5,15
ADX25_SUPPORT,1.75,0.75,TRAIN,120,0.5166666666666667,0.8132388060178288,-0.08741327375918084,-0.10639657961331285,-0.11588823254037885,-10.489592851101701,14.063432920768111,3,10
ADX25_SUPPORT,1.75,0.75,OOS,48,0.4791666666666667,0.661965741810312,-0.17605950947379587,-0.19636561211664458,-0.2065186634380689,-8.450856454742201,10.700856454742201,1,5
ADX25_SUPPORT,1.75,0.75,YTD2026,9,0.4444444444444444,0.6,-0.2222222222222222,-0.2433825065748687,-0.25396264875119196,-2.0,2.75,0,1
ADX25_SUPPORT,1.75,0.75,FULL,168,0.5059523809523809,0.7666449652602597,-0.11274076967764228,-0.13210201747140765,-0.14178264136829033,-18.940449305843902,22.76428937551031,4,15
ADX25_SUPPORT,1.75,1.0,TRAIN,120,0.43333333333333335,0.7722016503894212,-0.1245784002270746,-0.1435617060812066,-0.15305335900827263,-14.949408027248952,19.0489626164607,4,10
ADX25_SUPPORT,1.75,1.0,OOS,48,0.4375,0.7148971594553951,-0.16037034780634024,-0.18067645044918892,-0.19082950177061328,-7.697776694704332,10.0,2,5
ADX25_SUPPORT,1.75,1.0,YTD2026,9,0.4444444444444444,0.8,-0.1111111111111111,-0.1322713954637576,-0.14285153764008085,-1.0,2.0,0,1
ADX25_SUPPORT,1.75,1.0,FULL,168,0.43452380952380953,0.7554976191726424,-0.1348046709640076,-0.154165918757773,-0.16384654265465565,-22.64718472195328,26.9998190712029,6,15
ADX25_SUPPORT,2.0,0.2,TRAIN,120,0.825,0.9428571428571427,-0.010000000000000007,-0.026610392622365506,-0.03491558893354828,-1.2000000000000008,4.800000000000001,4,10
ADX25_SUPPORT,2.0,0.2,OOS,48,0.75,0.6000000000000001,-0.10000000000000002,-0.11776783981249257,-0.1266517597187389,-4.800000000000001,5.799999999999996,1,5
ADX25_SUPPORT,2.0,0.2,YTD2026,9,0.6666666666666666,0.39999999999999997,-0.2,-0.21851524880856565,-0.2277728732128485,-1.8,2.1999999999999997,0,1
ADX25_SUPPORT,2.0,0.2,FULL,168,0.8035714285714286,0.818181818181818,-0.03571428571428571,-0.05265537753383039,-0.06112592344360275,-6.0,9.399999999999997,5,15
ADX25_SUPPORT,2.0,0.25,TRAIN,120,0.8,1.0,0.0,-0.01661039262236551,-0.024915588933548286,0.0,4.0,4,10
ADX25_SUPPORT,2.0,0.25,OOS,48,0.7291666666666666,0.6730769230769231,-0.08854166666666667,-0.10630950647915927,-0.11519342638540557,-4.25,4.75,1,5
ADX25_SUPPORT,2.0,0.25,YTD2026,9,0.6666666666666666,0.5,-0.16666666666666666,-0.18518191547523236,-0.1944395398795152,-1.5,2.0,0,1
ADX25_SUPPORT,2.0,0.25,FULL,168,0.7797619047619048,0.8851351351351351,-0.025297619047619048,-0.04223871086716372,-0.05070925677693609,-4.25,7.75,5,15
ADX25_SUPPORT,2.0,0.3,TRAIN,120,0.75,0.8999999999999999,-0.02499999999999999,-0.04161039262236554,-0.04991558893354829,-2.999999999999999,6.3,7,10
ADX25_SUPPORT,2.0,0.3,OOS,48,0.7291666666666666,0.8076923076923078,-0.052083333333333336,-0.06985117314582595,-0.07873509305207223,-2.5,4.1,2,5
ADX25_SUPPORT,2.0,0.3,YTD2026,9,0.6666666666666666,0.6,-0.13333333333333333,-0.15184858214189903,-0.16110620654618188,-1.2,2.0,0,1
ADX25_SUPPORT,2.0,0.3,FULL,168,0.7440476190476191,0.8720930232558135,-0.032738095238095226,-0.049679187057639934,-0.058149732967412285,-5.499999999999998,8.400000000000004,9,15
ADX25_SUPPORT,2.0,0.4,TRAIN,120,0.65,0.7796086442285953,-0.07350066334534279,-0.09011105596770828,-0.09841625227889107,-8.820079601441135,12.055503805672092,4,10
ADX25_SUPPORT,2.0,0.4,OOS,48,0.7083333333333334,0.9714285714285715,-0.008333333333333337,-0.026101173145825926,-0.03498509305207223,-0.40000000000000013,3.8000000000000003,2,5
ADX25_SUPPORT,2.0,0.4,YTD2026,9,0.6666666666666666,0.7999999999999999,-0.06666666666666665,-0.08518191547523232,-0.09443953987951519,-0.5999999999999999,2.0,0,1
ADX25_SUPPORT,2.0,0.4,FULL,168,0.6666666666666666,0.8293212511076129,-0.054881426199054374,-0.07182251801859905,-0.0802930639283714,-9.220079601441135,13.255503805672085,6,15
ADX25_SUPPORT,2.0,0.5,TRAIN,120,0.625,0.871685974257095,-0.046000663345342786,-0.0626110559677083,-0.07091625227889106,-5.520079601441134,9.0,4,10
ADX25_SUPPORT,2.0,0.5,OOS,48,0.6041666666666666,0.7631578947368421,-0.09375,-0.1115178398124926,-0.12040175971873891,-4.5,5.5,1,5
ADX25_SUPPORT,2.0,0.5,YTD2026,9,0.4444444444444444,0.4,-0.3333333333333333,-0.35184858214189896,-0.3611062065461818,-3.0,3.5,0,1
ADX25_SUPPORT,2.0,0.5,FULL,168,0.6190476190476191,0.8384381370383099,-0.05964333096095913,-0.07658442278050381,-0.08505496869027616,-10.020079601441134,12.5,5,15
ADX25_SUPPORT,2.0,0.6,TRAIN,120,0.6,0.9255022204566845,-0.02856994787261657,-0.045180340494982076,-0.05348553680616486,-3.4283937447139885,9.0,4,10
ADX25_SUPPORT,2.0,0.6,OOS,48,0.6041666666666666,0.9157894736842106,-0.03333333333333333,-0.05110117314582594,-0.059985093052072246,-1.6,3.8000000000000003,2,5
ADX25_SUPPORT,2.0,0.6,YTD2026,9,0.4444444444444444,0.48,-0.2888888888888889,-0.30740413769745456,-0.3166617621017374,-2.6,3.2,0,1
ADX25_SUPPORT,2.0,0.6,FULL,168,0.6011904761904762,0.9226639866401741,-0.029930915147107065,-0.04687200696665176,-0.05534255287642412,-5.028393744713987,10.6,6,15
ADX25_SUPPORT,2.0,0.75,TRAIN,120,0.5416666666666666,0.9023314603893344,-0.04315328120594989,-0.059763673828315406,-0.06806887013949818,-5.178393744713987,9.555503805672096,3,10
ADX25_SUPPORT,2.0,0.75,OOS,48,0.5208333333333334,0.7614976257449438,-0.11428238766388105,-0.13205022747637363,-0.14093414738261997,-5.48555460786629,7.25,2,5
ADX25_SUPPORT,2.0,0.75,YTD2026,9,0.4444444444444444,0.6,-0.2222222222222222,-0.2407374710307879,-0.2499950954350708,-2.0,2.75,0,1
ADX25_SUPPORT,2.0,0.75,FULL,168,0.5357142857142857,0.8597219522987961,-0.06347588305107307,-0.08041697487061776,-0.08888752078039011,-10.663948352580276,15.262503203571523,5,15
ADX25_SUPPORT,2.0,1.0,TRAIN,120,0.475,0.9120190374648856,-0.043635671014858476,-0.06024606363722399,-0.06855125994840676,-5.2362805217830175,11.136487553665745,4,10
ADX25_SUPPORT,2.0,1.0,OOS,48,0.4583333333333333,0.7794017458512965,-0.11949072099721436,-0.13725856080970697,-0.1461424807159533,-5.735554607866289,6.956999397899426,2,5
ADX25_SUPPORT,2.0,1.0,YTD2026,9,0.4444444444444444,0.8,-0.1111111111111111,-0.12962635991967678,-0.13888398432395965,-1.0,2.0,0,1
ADX25_SUPPORT,2.0,1.0,FULL,168,0.47023809523809523,0.8716985473118999,-0.06530854243838873,-0.08224963425793341,-0.09072018016770578,-10.971835129649307,15.09348695156517,6,15
ADX25_SUPPORT,2.25,0.2,TRAIN,120,0.85,1.133333333333333,0.019999999999999997,0.005235206557897319,-0.0021471901631540152,2.3999999999999995,4.6,6,10
ADX25_SUPPORT,2.25,0.2,OOS,48,0.8125,0.8666666666666668,-0.025000000000000005,-0.04079363538888232,-0.04869045308332348,-1.2000000000000002,3.6,2,5
ADX25_SUPPORT,2.25,0.2,YTD2026,9,0.7777777777777778,0.7,-0.06666666666666667,-0.08312466560761393,-0.09135366507808756,-0.6,1.0,0,1
ADX25_SUPPORT,2.25,0.2,FULL,168,0.8392857142857143,1.0444444444444443,0.007142857142857141,-0.007915891141182577,-0.015445265283202432,1.1999999999999997,4.6,8,15
ADX25_SUPPORT,2.25,0.25,TRAIN,120,0.7916666666666666,0.95,-0.010416666666666666,-0.02518146010876935,-0.0325638568298207,-1.25,5.25,5,10
ADX25_SUPPORT,2.25,0.25,OOS,48,0.7916666666666666,0.95,-0.010416666666666666,-0.02621030205554899,-0.03410711974999016,-0.5,3.5,2,5
ADX25_SUPPORT,2.25,0.25,YTD2026,9,0.7777777777777778,0.875,-0.027777777777777776,-0.04423577671872504,-0.052464776189198696,-0.25,1.0,0,1
ADX25_SUPPORT,2.25,0.25,FULL,168,0.7916666666666666,0.95,-0.010416666666666666,-0.025475414950706394,-0.03300478909272625,-1.75,7.25,7,15
ADX25_SUPPORT,2.25,0.3,TRAIN,120,0.7416666666666667,0.9236601007172466,-0.018389478529193586,-0.03315427197129628,-0.04053666869234763,-2.20673742350323,4.657400707350256,5,10
ADX25_SUPPORT,2.25,0.3,OOS,48,0.7708333333333334,1.0090909090909095,0.002083333333333328,-0.013710302055548998,-0.02160711974999017,0.09999999999999976,3.4000000000000004,3,5
ADX25_SUPPORT,2.25,0.3,YTD2026,9,0.7777777777777778,1.05,0.01111111111111112,-0.005346887829836167,-0.013575887300309822,0.10000000000000009,1.0,1,1
ADX25_SUPPORT,2.25,0.3,FULL,168,0.75,0.9472084775774609,-0.012540103711328748,-0.02759885199536848,-0.035128226137388356,-2.1067374235032297,6.006737423503237,8,15
ADX25_SUPPORT,2.25,0.4,TRAIN,120,0.6666666666666666,0.8441771087416008,-0.04922281186252694,-0.06398760530462959,-0.07137000202568095,-5.906737423503232,10.249336716152975,4,10
ADX25_SUPPORT,2.25,0.4,OOS,48,0.75,1.2000000000000002,0.049999999999999996,0.0342063646111177,0.026309546916676526,2.4,3.2,4,5
ADX25_SUPPORT,2.25,0.4,YTD2026,9,0.7777777777777778,1.4,0.08888888888888892,0.07243088994794161,0.064201890477468,0.8000000000000003,1.0,1,1
ADX25_SUPPORT,2.25,0.4,FULL,168,0.6904761904761905,0.9297341881168181,-0.020873437044662095,-0.03593218532870179,-0.04346155947072167,-3.506737423503232,10.649336716152966,8,15
ADX25_SUPPORT,2.25,0.5,TRAIN,120,0.625,0.8739886146518901,-0.04505614519586025,-0.05982093863796292,-0.06720333535901428,-5.40673742350323,8.5,4,10
ADX25_SUPPORT,2.25,0.5,OOS,48,0.6666666666666666,1.0225564420747624,0.007352957465766044,-0.008440677923116278,-0.016337495617557447,0.3529419583567701,3.5,3,5
ADX25_SUPPORT,2.25,0.5,YTD2026,9,0.5555555555555556,0.6854840179273901,-0.12745089351591443,-0.1439088924568617,-0.15213789192733534,-1.1470580416432299,1.6470580416432299,0,1
ADX25_SUPPORT,2.25,0.5,FULL,168,0.6369047619047619,0.913689703203703,-0.03008211586396703,-0.04514086414800676,-0.052670238290026615,-5.053795465146461,10.5,7,15
ADX25_SUPPORT,2.25,0.6,TRAIN,120,0.575,0.8590028550916632,-0.05570646680986853,-0.07047126025197123,-0.07785365697302257,-6.684776017184223,10.227375309833969,3,10
ADX25_SUPPORT,2.25,0.6,OOS,48,0.6041666666666666,0.9029962109743559,-0.037684068421260375,-0.0534777038101427,-0.061374521504583855,-1.808835284220498,5.199999999999999,2,5
ADX25_SUPPORT,2.25,0.6,YTD2026,9,0.5555555555555556,0.8225808215128682,-0.0718953379603589,-0.08835333690130617,-0.09658233637177979,-0.64705804164323,1.64705804164323,0,1
ADX25_SUPPORT,2.25,0.6,FULL,168,0.5833333333333334,0.8714214785652077,-0.05055721012740905,-0.0656159584114488,-0.07314533255346867,-8.49361130140472,13.389152552411243,5,15
ADX25_SUPPORT,2.25,0.75,TRAIN,120,0.5,0.7926014349878382,-0.09600156517378591,-0.11076635861588859,-0.11814875533693993,-11.520187820854309,14.162787113504052,3,10
ADX25_SUPPORT,2.25,0.75,OOS,48,0.5416666666666666,0.8423806383161199,-0.07108323897620229,-0.08687687436508461,-0.09477369205952575,-3.41199547085771,7.450218228280441,3,5
ADX25_SUPPORT,2.25,0.75,YTD2026,9,0.5555555555555556,1.0282260268910852,0.011437995372974456,-0.005020003567972843,-0.013249003038446474,0.10294195835677011,1.6470580416432299,1,1
ADX25_SUPPORT,2.25,0.75,FULL,168,0.5119047619047619,0.8065608700082035,-0.08888204340304774,-0.10394079168708746,-0.1114701658291073,-14.93218329171202,18.574782584361763,6,15
ADX25_SUPPORT,2.25,1.0,TRAIN,120,0.45,0.8066201673551373,-0.09681370720792572,-0.11157850065002836,-0.11896089737107972,-11.617644864951085,14.640223513962372,2,10
ADX25_SUPPORT,2.25,1.0,OOS,48,0.4375,0.7679337050273274,-0.1210990413611202,-0.1368926767500025,-0.14478949444444367,-5.812753985333769,8.850976742756501,2,5
ADX25_SUPPORT,2.25,1.0,YTD2026,9,0.3333333333333333,0.7411403057445249,-0.11642406179103215,-0.13288206073197947,-0.14111106020245312,-1.0478165561192894,2.0478165561192894,0,1
ADX25_SUPPORT,2.25,1.0,FULL,168,0.44642857142857145,0.7952367244161656,-0.1037523741088384,-0.11881112239287814,-0.126340496534898,-17.430398850284853,19.430398850284853,4,15
ADX25_SUPPORT,2.5,0.2,TRAIN,120,0.8333333333333334,0.9999999999999998,-7.401486830834377e-18,-0.013288314097892403,-0.019932471146838614,-8.881784197001252e-16,4.6000000000000005,5,10
ADX25_SUPPORT,2.5,0.2,OOS,48,0.7916666666666666,0.7600000000000001,-0.05000000000000001,-0.06421427184999408,-0.07132140777499113,-2.4000000000000004,3.6,2,5
ADX25_SUPPORT,2.5,0.2,YTD2026,9,0.7777777777777778,0.7,-0.06666666666666667,-0.0814788657135192,-0.08888496523694547,-0.6,1.0,0,1
ADX25_SUPPORT,2.5,0.2,FULL,168,0.8214285714285714,0.9199999999999998,-0.014285714285714285,-0.02783858774135003,-0.03461502446916791,-2.4,5.6000000000000005,7,15
ADX25_SUPPORT,2.5,0.25,TRAIN,120,0.8083333333333333,1.0543478260869565,0.010416666666666666,-0.0028716474312257584,-0.009515804480171955,1.25,4.5,6,10
ADX25_SUPPORT,2.5,0.25,OOS,48,0.7916666666666666,0.95,-0.010416666666666666,-0.024630938516660757,-0.0317380744416578,-0.5,3.5,2,5
ADX25_SUPPORT,2.5,0.25,YTD2026,9,0.7777777777777778,0.875,-0.027777777777777776,-0.04258997682463031,-0.0499960763480566,-0.25,1.0,0,1
ADX25_SUPPORT,2.5,0.25,FULL,168,0.8035714285714286,1.0227272727272727,0.004464285714285714,-0.009088587741350039,-0.015865024469167915,0.75,4.75,8,15
ADX25_SUPPORT,2.5,0.3,TRAIN,120,0.7333333333333333,0.908902828758155,-0.02205007734499916,-0.03533839144289159,-0.04198254849183779,-2.646009281399899,7.3743486447846704,6,10
ADX25_SUPPORT,2.5,0.3,OOS,48,0.7708333333333334,1.0090909090909095,0.002083333333333328,-0.012130938516660764,-0.0192380744416578,0.09999999999999976,3.4000000000000004,3,5
ADX25_SUPPORT,2.5,0.3,YTD2026,9,0.7777777777777778,1.05,0.01111111111111112,-0.0037010879357414574,-0.011107187459167734,0.10000000000000009,1.0,1,1
ADX25_SUPPORT,2.5,0.3,FULL,168,0.7440476190476191,0.9364228963862707,-0.015154817151189872,-0.028707690606825646,-0.03548412733464351,-2.5460092813998987,7.3743486447846704,9,15
ADX25_SUPPORT,2.5,0.4,TRAIN,120,0.6833333333333333,0.9359125524573795,-0.018716744011665846,-0.032005058109558226,-0.03864921515850444,-2.2460092813999015,8.42994560024699,7,10
ADX25_SUPPORT,2.5,0.4,OOS,48,0.6666666666666666,0.8637998671220611,-0.04204681757491489,-0.05626108942490896,-0.063368225349906,-2.0182472435959147,3.8000000000000003,3,5
ADX25_SUPPORT,2.5,0.4,YTD2026,9,0.5555555555555556,0.5582923920980777,-0.17581691527543408,-0.19062911432228663,-0.1980352138457129,-1.5823522374789067,1.9823522374789069,0,1
ADX25_SUPPORT,2.5,0.4,FULL,168,0.6785714285714286,0.9144827011938252,-0.025382479315451283,-0.038935352771087006,-0.04571178949890489,-4.264256524995815,8.42994560024699,10,15
ADX25_SUPPORT,2.5,0.5,TRAIN,120,0.65,0.9853336971803932,-0.004772171633484841,-0.018060485731377255,-0.024704642780323475,-0.572660596018181,7.2299456002469915,4,10
ADX25_SUPPORT,2.5,0.5,OOS,48,0.6666666666666666,1.048329146241911,0.014919859126761333,0.0007055872767672509,-0.0064015486482298075,0.716153238084544,3.5,3,5
ADX25_SUPPORT,2.5,0.5,YTD2026,9,0.5555555555555556,0.6978654901225971,-0.12026135971987856,-0.13507355876673108,-0.14247965829015735,-1.082352237478907,1.582352237478907,0,1
ADX25_SUPPORT,2.5,0.5,FULL,168,0.6547619047619048,1.0026639677463993,0.0008541228694426377,-0.012698750586193115,-0.019475187314011,0.14349264206636314,7.2299456002469915,7,15
ADX25_SUPPORT,2.5,0.6,TRAIN,120,0.6,0.9764079626500278,-0.008552033464273275,-0.021840347562165706,-0.028484504611111912,-1.026244015712793,7.65973391090801,5,10
ADX25_SUPPORT,2.5,0.6,OOS,48,0.5833333333333334,0.8402247089769659,-0.06263939437268638,-0.07685366622268046,-0.08396080214767752,-3.0066909298889466,5.235895006117008,2,5
ADX25_SUPPORT,2.5,0.6,YTD2026,9,0.5555555555555556,0.8374385881471166,-0.06470580416432299,-0.07951800321117554,-0.08692410273460183,-0.582352237478907,1.582352237478907,0,1
ADX25_SUPPORT,2.5,0.6,FULL,168,0.5952380952380952,0.9352844233821144,-0.0240055651523913,-0.037558438608027066,-0.044334875335844945,-4.032934945601738,9.529426588915829,7,15
ADX25_SUPPORT,2.5,0.75,TRAIN,120,0.5166666666666667,0.8665859390922034,-0.057475199400856804,-0.07076351349874925,-0.07740767054769544,-6.897023928102817,10.807165137916316,4,10
ADX25_SUPPORT,2.5,0.75,OOS,48,0.5208333333333334,0.8003189311566848,-0.0907643943726864,-0.10497866622268047,-0.11208580214767754,-4.356690929888947,6.641091411569406,3,5
ADX25_SUPPORT,2.5,0.75,YTD2026,9,0.5555555555555556,1.0467982351838958,0.018627529169010337,0.003815330122157808,-0.0035907694012684813,0.16764776252109304,1.582352237478907,1,1
ADX25_SUPPORT,2.5,0.75,FULL,168,0.5178571428571429,0.8469186969858263,-0.0669863979642367,-0.08053927141987247,-0.08731570814769031,-11.253714857991765,13.232054221376533,7,15
ADX25_SUPPORT,2.5,1.0,TRAIN,120,0.48333333333333334,0.9481590626083548,-0.023077222324166567,-0.03636553642205901,-0.04300969347100517,-2.769266678899988,10.356279844143513,5,10
ADX25_SUPPORT,2.5,1.0,OOS,48,0.4166666666666667,0.703452162649426,-0.15555744188773218,-0.16977171373772626,-0.17687884966272335,-7.466757210611145,9.466757210611146,2,5
ADX25_SUPPORT,2.5,1.0,YTD2026,9,0.3333333333333333,0.7608352641296637,-0.10478165561192893,-0.11959385465878149,-0.12699995418220777,-0.9430349005073604,1.9430349005073606,0,1
ADX25_SUPPORT,2.5,1.0,FULL,168,0.4642857142857143,0.8697664800171145,-0.060928713628042454,-0.07448158708367825,-0.08125802381149608,-10.236023889511133,12.902716270644499,7,15
ADX25_SUPPORT,3.0,0.2,TRAIN,120,0.8333333333333334,0.9999999999999998,0.0,-0.011073595081577008,-0.016610392622365508,0.0,4.199999999999999,7,10
ADX25_SUPPORT,3.0,0.2,OOS,48,0.7916666666666666,0.7600000000000001,-0.05000000000000001,-0.061845226541661726,-0.06776783981249258,-2.4000000000000004,3.6,2,5
ADX25_SUPPORT,3.0,0.2,YTD2026,9,0.7777777777777778,0.7,-0.06666666666666667,-0.07901016587237712,-0.08518191547523235,-0.6,1.0,0,1
ADX25_SUPPORT,3.0,0.2,FULL,168,0.8214285714285714,0.9199999999999998,-0.014285714285714296,-0.02557977549874407,-0.031226806105258964,-2.4000000000000017,5.2,9,15
ADX25_SUPPORT,3.0,0.25,TRAIN,120,0.7666666666666667,0.9247467472041692,-0.015597286676388189,-0.02667088175796521,-0.032207679298753705,-1.8716744011665827,6.47862387065389,5,10
ADX25_SUPPORT,3.0,0.25,OOS,48,0.7708333333333334,0.8409090909090909,-0.036458333333333336,-0.04830355987499507,-0.05422617314582593,-1.75,4.0,2,5
ADX25_SUPPORT,3.0,0.25,YTD2026,9,0.7777777777777778,0.875,-0.027777777777777776,-0.04012127698348825,-0.04629302658634346,-0.25,1.0,0,1
ADX25_SUPPORT,3.0,0.25,FULL,168,0.7678571428571429,0.8990380443169721,-0.02155758572122966,-0.03285164693425945,-0.03849867754077434,-3.6216744011665827,6.47862387065389,7,15
ADX25_SUPPORT,3.0,0.3,TRAIN,120,0.7333333333333333,0.9920428991667657,-0.0017646033097780845,-0.0128381983913551,-0.0183749959321436,-0.21175239717337013,6.160645683274703,6,10
ADX25_SUPPORT,3.0,0.3,OOS,48,0.75,0.9000000000000002,-0.025000000000000005,-0.03684522654166175,-0.0427678398124926,-1.2000000000000002,4.500000000000001,3,5
ADX25_SUPPORT,3.0,0.3,YTD2026,9,0.7777777777777778,1.05,0.01111111111111112,-0.0012323880945993447,-0.00740413769745459,0.10000000000000009,1.0,1,1
ADX25_SUPPORT,3.0,0.3,FULL,168,0.7380952380952381,0.9634372358277961,-0.00840328807841291,-0.01969734929144271,-0.0253443798979576,-1.4117523971733688,6.160645683274703,9,15
ADX25_SUPPORT,3.0,0.4,TRAIN,120,0.6916666666666667,1.0374134538884494,0.00985587367203942,-0.0012177214095375828,-0.0067545189503260905,1.1827048406447305,5.223643146159971,6,10
ADX25_SUPPORT,3.0,0.4,OOS,48,0.6666666666666666,0.871823387856203,-0.03920568131242907,-0.05105090785409081,-0.05697352112492166,-1.8818727029965951,3.8000000000000003,3,5
ADX25_SUPPORT,3.0,0.4,YTD2026,9,0.5555555555555556,0.5738397589980856,-0.16503261458138024,-0.1773761137870907,-0.18354786338994591,-1.4852935312324222,1.8852935312324224,0,1
ADX25_SUPPORT,3.0,0.4,FULL,168,0.6845238095238095,0.9848971027687072,-0.004161713466380158,-0.015455774679409924,-0.021102805285924824,-0.6991678623518665,5.223643146159971,9,15
ADX25_SUPPORT,3.0,0.5,TRAIN,120,0.6416666666666667,1.0529239370082846,0.015872655479715732,0.004799060398138718,-0.0007377371426497747,1.9047186575658879,5.78180007171082,5,10
ADX25_SUPPORT,3.0,0.5,OOS,48,0.6041666666666666,0.7734642793673874,-0.083449495310572,-0.09529472185223371,-0.10121733512306459,-4.005575774907456,5.471332931932951,2,5
ADX25_SUPPORT,3.0,0.5,YTD2026,9,0.5555555555555556,0.717299698747607,-0.1094770590258247,-0.12182055823153516,-0.12799230783439042,-0.9852935312324224,1.4852935312324225,0,1
ADX25_SUPPORT,3.0,0.5,FULL,168,0.6309523809523809,0.9608572005365292,-0.012505101888937905,-0.0237991631019677,-0.029446193708482588,-2.100857117341568,6.680870605483372,7,15
ADX25_SUPPORT,3.0,0.6,TRAIN,120,0.5583333333333333,0.9210943635580546,-0.028122749449068066,-0.03919634453064512,-0.044733142071433606,-3.374729933888168,8.435939704347437,4,10
ADX25_SUPPORT,3.0,0.6,OOS,48,0.5625,0.7929688670740317,-0.08254753320887766,-0.0943927597505394,-0.10031537302137028,-3.962281594026128,5.590948662093178,1,5
ADX25_SUPPORT,3.0,0.6,YTD2026,9,0.5555555555555556,0.8607596384971283,-0.053921503470269166,-0.06626500267597958,-0.07243675227883482,-0.48529353123242247,1.4852935312324225,0,1
ADX25_SUPPORT,3.0,0.6,FULL,168,0.5595238095238095,0.8814847952322962,-0.04367268766615652,-0.05496674887918635,-0.06061377948570122,-7.337011527914296,8.435939704347437,5,15
ADX25_SUPPORT,3.0,0.75,TRAIN,120,0.525,0.9220405091838274,-0.029494272268254133,-0.040567867349831165,-0.04610466489061966,-3.539312672190496,8.776546033482571,6,10
ADX25_SUPPORT,3.0,0.75,OOS,48,0.4791666666666667,0.7428605543412059,-0.11485105166423275,-0.1266962782058945,-0.13261889147672537,-5.512850479883172,7.291517547950221,2,5
ADX25_SUPPORT,3.0,0.75,YTD2026,9,0.3333333333333333,0.5943163676111023,-0.17065137967660748,-0.1829948788823179,-0.18916662848517315,-1.5358624170894672,2.0358624170894672,0,1
ADX25_SUPPORT,3.0,0.75,FULL,168,0.5119047619047619,0.8645666909839473,-0.05388192352424803,-0.06517598473727783,-0.07082301534379272,-9.05216315207367,10.052163152073671,8,15
ADX25_SUPPORT,3.0,1.0,TRAIN,120,0.4583333333333333,0.9215641121608241,-0.03225469183482075,-0.04332828691639776,-0.04886508445718624,-3.8705630201784897,13.567285777567257,6,10
ADX25_SUPPORT,3.0,1.0,OOS,48,0.4375,0.7579264638269576,-0.11820827704018873,-0.13005350358185047,-0.13597611685268135,-5.673997297929059,7.67399729792906,2,5
ADX25_SUPPORT,3.0,1.0,YTD2026,9,0.3333333333333333,0.7924218234814697,-0.08731804634327414,-0.09966154554898458,-0.10583329515183983,-0.7858624170894672,1.7858624170894672,0,1
ADX25_SUPPORT,3.0,1.0,FULL,168,0.4523809523809524,0.8688681575794341,-0.056812859036354454,-0.06810692024938424,-0.07375395085589914,-9.544560318107548,13.567285777567257,8,15
ADX30_SUPPORT,0.75,0.2,TRAIN,90,0.17777777777777778,0.043243243243243246,-0.7866666666666666,-0.8319588704022806,-0.8546049722700874,-70.8,70.79999999999998,0,10
ADX30_SUPPORT,0.75,0.2,OOS,36,0.1111111111111111,0.025,-0.8666666666666667,-0.9130248743160563,-0.936203978140751,-31.2,31.200000000000003,0,5
ADX30_SUPPORT,0.75,0.2,YTD2026,7,0.2857142857142857,0.08,-0.6571428571428571,-0.7052616657394877,-0.7293210700378029,-4.6,5.0,0,1
ADX30_SUPPORT,0.75,0.2,FULL,126,0.15873015873015872,0.03773584905660378,-0.8095238095238094,-0.8551205858062164,-0.87791897394742,-101.99999999999999,101.99999999999997,0,15
ADX30_SUPPORT,0.75,0.25,TRAIN,90,0.17777777777777778,0.05405405405405406,-0.7777777777777778,-0.8230699815133916,-0.8457160833811986,-70.0,70.0,0,10
ADX30_SUPPORT,0.75,0.25,OOS,36,0.1111111111111111,0.03125,-0.8611111111111112,-0.9074693187605006,-0.9306484225851955,-31.0,31.0,0,5
ADX30_SUPPORT,0.75,0.25,YTD2026,7,0.2857142857142857,0.1,-0.6428571428571429,-0.6909759514537734,-0.7150353557520887,-4.5,5.0,0,1
ADX30_SUPPORT,0.75,0.25,FULL,126,0.15873015873015872,0.04716981132075472,-0.8015873015873016,-0.8471840778697085,-0.8699824660109119,-101.0,101.0,0,15
ADX30_SUPPORT,0.75,0.3,TRAIN,90,0.17777777777777778,0.06486486486486487,-0.768888888888889,-0.8141810926245029,-0.8368271944923096,-69.2,69.20000000000002,0,10
ADX30_SUPPORT,0.75,0.3,OOS,36,0.1111111111111111,0.0375,-0.8555555555555556,-0.901913763204945,-0.9250928670296399,-30.8,30.799999999999997,0,5
ADX30_SUPPORT,0.75,0.3,YTD2026,7,0.2857142857142857,0.12,-0.6285714285714287,-0.6766902371680592,-0.7007496414663744,-4.4,5.0,0,1
ADX30_SUPPORT,0.75,0.3,FULL,126,0.15873015873015872,0.056603773584905655,-0.7936507936507937,-0.8392475699332004,-0.8620459580744041,-100.00000000000001,100.00000000000003,0,15
ADX30_SUPPORT,0.75,0.4,TRAIN,90,0.17777777777777778,0.08648648648648649,-0.7511111111111111,-0.796403314846725,-0.8190494167145319,-67.6,67.60000000000001,0,10
ADX30_SUPPORT,0.75,0.4,OOS,36,0.1111111111111111,0.05,-0.8444444444444444,-0.8908026520938339,-0.9139817559185287,-30.4,30.400000000000002,0,5
ADX30_SUPPORT,0.75,0.4,YTD2026,7,0.2857142857142857,0.16,-0.6,-0.6481188085966306,-0.6721782128949457,-4.2,5.0,0,1
ADX30_SUPPORT,0.75,0.4,FULL,126,0.15873015873015872,0.07547169811320756,-0.7777777777777778,-0.8233745540601847,-0.8461729422013881,-98.0,97.99999999999999,0,15
ADX30_SUPPORT,0.75,0.5,TRAIN,90,0.16666666666666666,0.1,-0.75,-0.7952922037356138,-0.8179383056034207,-67.5,67.5,0,10
ADX30_SUPPORT,0.75,0.5,OOS,36,0.1111111111111111,0.0625,-0.8333333333333334,-0.8796915409827227,-0.9028706448074176,-30.0,30.0,0,5
ADX30_SUPPORT,0.75,0.5,YTD2026,7,0.2857142857142857,0.2,-0.5714285714285714,-0.619547380025202,-0.6436067843235173,-4.0,5.0,0,1
ADX30_SUPPORT,0.75,0.5,FULL,126,0.15079365079365079,0.08878504672897196,-0.7738095238095238,-0.8194063000919308,-0.8422046882331341,-97.5,97.5,0,15
ADX30_SUPPORT,0.75,0.6,TRAIN,90,0.16666666666666666,0.11999999999999998,-0.7333333333333333,-0.7786255370689471,-0.801271638936754,-66.0,66.0,0,10
ADX30_SUPPORT,0.75,0.6,OOS,36,0.1111111111111111,0.075,-0.8222222222222223,-0.8685804298716117,-0.8917595336963066,-29.6,29.599999999999998,0,5
ADX30_SUPPORT,0.75,0.6,YTD2026,7,0.2857142857142857,0.24,-0.5428571428571428,-0.5909759514537735,-0.6150353557520888,-3.8,5.0,0,1
ADX30_SUPPORT,0.75,0.6,FULL,126,0.15079365079365079,0.10654205607476634,-0.7587301587301588,-0.8043269350125656,-0.8271253231537691,-95.60000000000001,95.60000000000002,0,15
ADX30_SUPPORT,0.75,0.75,TRAIN,90,0.16666666666666666,0.15,-0.7083333333333334,-0.7536255370689473,-0.776271638936754,-63.75,63.75,0,10
ADX30_SUPPORT,0.75,0.75,OOS,36,0.1111111111111111,0.09375,-0.8055555555555556,-0.8519137632049449,-0.8750928670296398,-29.0,29.0,0,5
ADX30_SUPPORT,0.75,0.75,YTD2026,7,0.2857142857142857,0.3,-0.5,-0.5481188085966305,-0.5721782128949459,-3.5,5.0,0,1
ADX30_SUPPORT,0.75,0.75,FULL,126,0.15079365079365079,0.13317757009345793,-0.7361111111111112,-0.781707887393518,-0.8045062755347214,-92.75,92.75,0,15
ADX30_SUPPORT,0.75,1.0,TRAIN,90,0.14444444444444443,0.16883116883116883,-0.7111111111111111,-0.7564033148467249,-0.7790494167145318,-64.0,64.0,0,10
ADX30_SUPPORT,0.75,1.0,OOS,36,0.1111111111111111,0.125,-0.7777777777777778,-0.8241359854271672,-0.847315089251862,-28.0,28.0,0,5
ADX30_SUPPORT,0.75,1.0,YTD2026,7,0.2857142857142857,0.4,-0.42857142857142855,-0.47669023716805914,-0.5007496414663744,-3.0,5.0,0,1
ADX30_SUPPORT,0.75,1.0,FULL,126,0.1349206349206349,0.1559633027522936,-0.7301587301587301,-0.7757555064411371,-0.7985538945823405,-92.0,92.0,0,15
ADX30_SUPPORT,1.0,0.2,TRAIN,90,0.4,0.13333333333333336,-0.52,-0.5539691528017103,-0.5709537292025656,-46.8,47.000000000000014,0,10
ADX30_SUPPORT,1.0,0.2,OOS,36,0.3888888888888889,0.12727272727272732,-0.5333333333333334,-0.5681019890703755,-0.5854863169388964,-19.200000000000003,19.200000000000006,0,5
ADX30_SUPPORT,1.0,0.2,YTD2026,7,0.7142857142857143,0.5,-0.14285714285714285,-0.17894624930461575,-0.1969908025283522,-0.9999999999999999,1.6,0,1
ADX30_SUPPORT,1.0,0.2,FULL,126,0.3968253968253968,0.13157894736842102,-0.5238095238095237,-0.558007106021329,-0.5751058971272316,-65.99999999999999,66.19999999999997,0,15
ADX30_SUPPORT,1.0,0.25,TRAIN,90,0.4,0.16666666666666666,-0.5,-0.5339691528017103,-0.5509537292025656,-45.0,45.25,0,10
ADX30_SUPPORT,1.0,0.25,OOS,36,0.3611111111111111,0.14130434782608695,-0.5486111111111112,-0.5833797668481533,-0.6007640947166742,-19.75,19.75,0,5
ADX30_SUPPORT,1.0,0.25,YTD2026,7,0.7142857142857143,0.625,-0.10714285714285714,-0.14323196359033005,-0.16127651681406646,-0.75,1.5,0,1
ADX30_SUPPORT,1.0,0.25,FULL,126,0.3888888888888889,0.1590909090909091,-0.5138888888888888,-0.5480864711006941,-0.5651852622065966,-64.75,65.0,0,15
ADX30_SUPPORT,1.0,0.3,TRAIN,90,0.4,0.20000000000000004,-0.48000000000000004,-0.5139691528017104,-0.5309537292025656,-43.2,43.49999999999999,0,10
ADX30_SUPPORT,1.0,0.3,OOS,36,0.3611111111111111,0.1695652173913043,-0.5305555555555554,-0.5653242112925976,-0.5827085391611188,-19.099999999999998,19.099999999999994,0,5
ADX30_SUPPORT,1.0,0.3,YTD2026,7,0.7142857142857143,0.75,-0.07142857142857144,-0.10751767787604434,-0.12556223109978076,-0.5000000000000001,1.4,0,1
ADX30_SUPPORT,1.0,0.3,FULL,126,0.3888888888888889,0.19090909090909092,-0.4944444444444445,-0.5286420266562497,-0.5457408177621521,-62.30000000000001,62.60000000000003,0,15
ADX30_SUPPORT,1.0,0.4,TRAIN,90,0.3888888888888889,0.2545454545454546,-0.45555555555555555,-0.4895247083572659,-0.5065092847581212,-41.0,41.4,0,10
ADX30_SUPPORT,1.0,0.4,OOS,36,0.3611111111111111,0.22608695652173919,-0.4944444444444446,-0.5292131001814865,-0.5465974280500075,-17.800000000000004,17.800000000000004,1,5
ADX30_SUPPORT,1.0,0.4,YTD2026,7,0.7142857142857143,1.0,3.172065784643304e-17,-0.036089106447472874,-0.054133659671209325,2.220446049250313e-16,1.2,1,1
ADX30_SUPPORT,1.0,0.4,FULL,126,0.38095238095238093,0.24615384615384614,-0.4666666666666667,-0.5008642488784718,-0.5179630399843745,-58.800000000000004,59.20000000000002,1,15
ADX30_SUPPORT,1.0,0.5,TRAIN,90,0.3888888888888889,0.3181818181818182,-0.4166666666666667,-0.450635819468377,-0.46762039586923226,-37.5,38.0,1,10
ADX30_SUPPORT,1.0,0.5,OOS,36,0.3611111111111111,0.2826086956521739,-0.4583333333333333,-0.49310198907037556,-0.5104863169388965,-16.5,17.0,1,5
ADX30_SUPPORT,1.0,0.5,YTD2026,7,0.7142857142857143,1.25,0.07142857142857142,0.03533946498109856,0.017294911757362103,0.5,1.0,1,1
ADX30_SUPPORT,1.0,0.5,FULL,126,0.38095238095238093,0.3076923076923077,-0.42857142857142855,-0.4627690107832338,-0.47986780188913625,-54.0,55.0,2,15
ADX30_SUPPORT,1.0,0.6,TRAIN,90,0.36666666666666664,0.3473684210526316,-0.4133333333333334,-0.44730248613504364,-0.46428706253589885,-37.2,37.800000000000004,1,10
ADX30_SUPPORT,1.0,0.6,OOS,36,0.3333333333333333,0.29999999999999993,-0.46666666666666656,-0.5014353224037088,-0.5188196502722299,-16.799999999999997,17.799999999999997,1,5
ADX30_SUPPORT,1.0,0.6,YTD2026,7,0.7142857142857143,1.5,0.14285714285714285,0.10676803640966992,0.0887234831859335,1.0,1.0,1,1
ADX30_SUPPORT,1.0,0.6,FULL,126,0.35714285714285715,0.3333333333333334,-0.4285714285714285,-0.46276901078323374,-0.47986780188913625,-53.99999999999999,55.599999999999994,2,15
ADX30_SUPPORT,1.0,0.75,TRAIN,90,0.32222222222222224,0.35655737704918034,-0.4361111111111111,-0.4700802639128214,-0.4870648403136767,-39.25,40.0,1,10
ADX30_SUPPORT,1.0,0.75,OOS,36,0.3055555555555556,0.33,-0.4652777777777778,-0.50004643351482,-0.5174307613833409,-16.75,18.5,1,5
ADX30_SUPPORT,1.0,0.75,YTD2026,7,0.7142857142857143,1.875,0.25,0.21391089355252718,0.19586634032879066,1.75,1.0,1,1
ADX30_SUPPORT,1.0,0.75,FULL,126,0.31746031746031744,0.3488372093023256,-0.4444444444444444,-0.47864202665624966,-0.4957408177621521,-56.0,58.5,2,15
ADX30_SUPPORT,1.0,1.0,TRAIN,90,0.3,0.42857142857142855,-0.4,-0.43396915280171033,-0.4509537292025656,-36.0,37.0,2,10
ADX30_SUPPORT,1.0,1.0,OOS,36,0.19444444444444445,0.2413793103448276,-0.6111111111111112,-0.6458797668481533,-0.6632640947166742,-22.0,22.0,0,5
ADX30_SUPPORT,1.0,1.0,YTD2026,7,0.42857142857142855,0.75,-0.14285714285714285,-0.17894624930461572,-0.19699080252835216,-1.0,2.0,0,1
ADX30_SUPPORT,1.0,1.0,FULL,126,0.2698412698412698,0.3695652173913043,-0.4603174603174603,-0.49451504252926554,-0.5116138336351679,-58.0,59.0,2,15
ADX30_SUPPORT,1.25,0.2,TRAIN,90,0.6222222222222222,0.32941176470588235,-0.25333333333333335,-0.28050865557470167,-0.2940963166953858,-22.8,23.80000000000001,1,10
ADX30_SUPPORT,1.25,0.2,OOS,36,0.5277777777777778,0.22352941176470592,-0.3666666666666667,-0.39448159125630033,-0.40838905355111715,-13.200000000000001,13.200000000000006,0,5
ADX30_SUPPORT,1.25,0.2,YTD2026,7,0.7142857142857143,0.5,-0.14285714285714285,-0.17172842801512114,-0.18616407059411033,-0.9999999999999999,1.6,0,1
ADX30_SUPPORT,1.25,0.2,FULL,126,0.5952380952380952,0.2941176470588235,-0.2857142857142856,-0.31307235148372986,-0.32675138436845197,-35.999999999999986,36.599999999999994,1,15
ADX30_SUPPORT,1.25,0.25,TRAIN,90,0.6111111111111112,0.39285714285714285,-0.2361111111111111,-0.2632864333524794,-0.2768740944731635,-21.25,22.0,1,10
ADX30_SUPPORT,1.25,0.25,OOS,36,0.5277777777777778,0.27941176470588236,-0.3402777777777778,-0.36809270236741143,-0.3820001646622283,-12.25,12.25,0,5
ADX30_SUPPORT,1.25,0.25,YTD2026,7,0.7142857142857143,0.625,-0.10714285714285714,-0.13601414230083544,-0.15044978487982466,-0.75,1.5,0,1
ADX30_SUPPORT,1.25,0.25,FULL,126,0.5873015873015873,0.3557692307692308,-0.26587301587301587,-0.29323108164246,-0.306910114527182,-33.5,33.75,1,15
ADX30_SUPPORT,1.25,0.3,TRAIN,90,0.6,0.45000000000000007,-0.21999999999999997,-0.24717532224136834,-0.26076298336205245,-19.799999999999997,20.999999999999996,3,10
ADX30_SUPPORT,1.25,0.3,OOS,36,0.5277777777777778,0.3352941176470588,-0.3138888888888889,-0.34170381347852247,-0.3556112757733394,-11.299999999999999,11.299999999999994,0,5
ADX30_SUPPORT,1.25,0.3,YTD2026,7,0.7142857142857143,0.75,-0.07142857142857144,-0.10029985658654973,-0.11473549916553892,-0.5000000000000001,1.4,0,1
ADX30_SUPPORT,1.25,0.3,FULL,126,0.5793650793650794,0.4132075471698113,-0.2468253968253968,-0.274183462594841,-0.28786249547956294,-31.099999999999998,31.69999999999998,3,15
ADX30_SUPPORT,1.25,0.4,TRAIN,90,0.5777777777777777,0.5473684210526314,-0.19111111111111115,-0.21828643335247944,-0.23187409447316354,-17.200000000000003,20.6,3,10
ADX30_SUPPORT,1.25,0.4,OOS,36,0.5,0.4000000000000001,-0.3,-0.32781492458963357,-0.3417223868844505,-10.799999999999999,10.799999999999997,1,5
ADX30_SUPPORT,1.25,0.4,YTD2026,7,0.7142857142857143,1.0,3.172065784643304e-17,-0.028871285157978273,-0.0433069277369675,2.220446049250313e-16,1.2,1,1
ADX30_SUPPORT,1.25,0.4,FULL,126,0.5555555555555556,0.49999999999999983,-0.22222222222222227,-0.24958028799166634,-0.26325932087638837,-28.000000000000007,30.60000000000003,4,15
ADX30_SUPPORT,1.25,0.5,TRAIN,90,0.5444444444444444,0.5975609756097561,-0.18333333333333332,-0.2105086555747016,-0.22409631669538577,-16.5,21.5,2,10
ADX30_SUPPORT,1.25,0.5,OOS,36,0.4722222222222222,0.4473684210526316,-0.2916666666666667,-0.3194815912563003,-0.33338905355111714,-10.5,11.0,1,5
ADX30_SUPPORT,1.25,0.5,YTD2026,7,0.7142857142857143,1.25,0.07142857142857142,0.042557286270593124,0.02812164369160392,0.5,1.0,1,1
ADX30_SUPPORT,1.25,0.5,FULL,126,0.5238095238095238,0.55,-0.21428571428571427,-0.2416437800551584,-0.25532281293988046,-27.0,31.5,3,15
ADX30_SUPPORT,1.25,0.6,TRAIN,90,0.4888888888888889,0.573913043478261,-0.21777777777777776,-0.24495310001914608,-0.2585407611398302,-19.599999999999998,25.4,3,10
ADX30_SUPPORT,1.25,0.6,OOS,36,0.4444444444444444,0.48,-0.288888888888889,-0.31670381347852256,-0.3306112757733393,-10.400000000000002,11.600000000000001,1,5
ADX30_SUPPORT,1.25,0.6,YTD2026,7,0.7142857142857143,1.5,0.14285714285714285,0.11398585769916451,0.09955021512017535,1.0,1.0,1,1
ADX30_SUPPORT,1.25,0.6,FULL,126,0.47619047619047616,0.5454545454545455,-0.23809523809523803,-0.26545330386468224,-0.27913233674940435,-29.999999999999993,36.399999999999984,4,15
ADX30_SUPPORT,1.25,0.75,TRAIN,90,0.4666666666666667,0.65625,-0.18333333333333332,-0.2105086555747016,-0.22409631669538577,-16.5,24.75,3,10
ADX30_SUPPORT,1.25,0.75,OOS,36,0.3611111111111111,0.42391304347826086,-0.3680555555555556,-0.3958704801451892,-0.4097779424400061,-13.25,13.75,0,5
ADX30_SUPPORT,1.25,0.75,YTD2026,7,0.5714285714285714,1.0,0.0,-0.02887128515797832,-0.043306927736967475,0.0,1.25,0,1
ADX30_SUPPORT,1.25,0.75,FULL,126,0.4365079365079365,0.5809859154929577,-0.2361111111111111,-0.2634691768805552,-0.2771482097652772,-29.75,37.75,3,15
ADX30_SUPPORT,1.25,1.0,TRAIN,90,0.4444444444444444,0.7789339474152687,-0.12281447365818404,-0.14998979589955236,-0.16357745702023646,-11.053302629236564,23.0,5,10
ADX30_SUPPORT,1.25,1.0,OOS,36,0.3055555555555556,0.44,-0.3888888888888889,-0.4167038134785226,-0.43061127577333935,-14.0,14.0,0,5
ADX30_SUPPORT,1.25,1.0,YTD2026,7,0.42857142857142855,0.75,-0.14285714285714285,-0.1717284280151212,-0.18616407059411033,-1.0,2.0,0,1
ADX30_SUPPORT,1.25,1.0,FULL,126,0.40476190476190477,0.6659559649435124,-0.19883573515267114,-0.22619380092211527,-0.2398728338068373,-25.053302629236562,36.0,5,15
ADX30_SUPPORT,1.5,0.2,TRAIN,90,0.7333333333333333,0.5499999999999999,-0.12000000000000002,-0.14264610186780693,-0.15396915280171036,-10.800000000000002,12.199999999999998,3,10
ADX30_SUPPORT,1.5,0.2,OOS,36,0.5833333333333334,0.2800000000000001,-0.30000000000000004,-0.32317910382469467,-0.3347686557370421,-10.800000000000002,10.800000000000004,0,5
ADX30_SUPPORT,1.5,0.2,YTD2026,7,0.7142857142857143,0.5,-0.14285714285714285,-0.16691654715545812,-0.17894624930461572,-0.9999999999999999,1.6,0,1
ADX30_SUPPORT,1.5,0.2,FULL,126,0.6904761904761905,0.446153846153846,-0.17142857142857143,-0.19422695956977493,-0.20562615364037662,-21.6,22.200000000000017,3,15
ADX30_SUPPORT,1.5,0.25,TRAIN,90,0.7,0.5833333333333334,-0.125,-0.14764610186780688,-0.15896915280171034,-11.25,12.5,3,10
ADX30_SUPPORT,1.5,0.25,OOS,36,0.5833333333333334,0.35,-0.2708333333333333,-0.29401243715802805,-0.30560198907037545,-9.75,9.75,0,5
ADX30_SUPPORT,1.5,0.25,YTD2026,7,0.7142857142857143,0.625,-0.10714285714285714,-0.1312022614411724,-0.14323196359033005,-0.75,1.5,0,1
ADX30_SUPPORT,1.5,0.25,FULL,126,0.6666666666666666,0.5,-0.16666666666666666,-0.18946505480787015,-0.20086424887847187,-21.0,21.25,3,15
ADX30_SUPPORT,1.5,0.3,TRAIN,90,0.7,0.7000000000000002,-0.08999999999999998,-0.11264610186780694,-0.12396915280171038,-8.099999999999998,10.600000000000003,5,10
ADX30_SUPPORT,1.5,0.3,OOS,36,0.5833333333333334,0.41999999999999993,-0.24166666666666664,-0.2648457704913614,-0.27643532240370877,-8.7,8.700000000000003,0,5
ADX30_SUPPORT,1.5,0.3,YTD2026,7,0.7142857142857143,0.75,-0.07142857142857144,-0.09548797572688669,-0.10751767787604434,-0.5000000000000001,1.4,0,1
ADX30_SUPPORT,1.5,0.3,FULL,126,0.6666666666666666,0.6,-0.1333333333333333,-0.1561317214745368,-0.16753091554513846,-16.799999999999997,18.099999999999987,5,15
ADX30_SUPPORT,1.5,0.4,TRAIN,90,0.6222222222222222,0.6588235294117647,-0.1288888888888889,-0.1515349907566958,-0.16285804169059925,-11.6,15.799999999999997,3,10
ADX30_SUPPORT,1.5,0.4,OOS,36,0.5277777777777778,0.44705882352941184,-0.2611111111111111,-0.2842902149358058,-0.2958797668481532,-9.4,9.6,2,5
ADX30_SUPPORT,1.5,0.4,YTD2026,7,0.7142857142857143,1.0,3.172065784643304e-17,-0.024059404298315244,-0.036089106447472874,2.220446049250313e-16,1.2,1,1
ADX30_SUPPORT,1.5,0.4,FULL,126,0.5952380952380952,0.588235294117647,-0.1666666666666667,-0.18946505480787015,-0.20086424887847182,-21.000000000000007,23.799999999999997,5,15
ADX30_SUPPORT,1.5,0.5,TRAIN,90,0.5555555555555556,0.6398115563661092,-0.15637783415810513,-0.17902393602591207,-0.19034698695981547,-14.074005074229461,18.57400507422946,3,10
ADX30_SUPPORT,1.5,0.5,OOS,36,0.5,0.5,-0.25,-0.2731791038246947,-0.28476865573704213,-9.0,10.0,2,5
ADX30_SUPPORT,1.5,0.5,YTD2026,7,0.7142857142857143,1.25,0.07142857142857142,0.04736916713025617,0.03533946498109856,0.5,1.0,1,1
ADX30_SUPPORT,1.5,0.5,FULL,126,0.5396825396825397,0.5957177870342232,-0.18312702439864653,-0.20592541253985,-0.21732460661045172,-23.07400507422946,26.57400507422946,5,15
ADX30_SUPPORT,1.5,0.6,TRAIN,90,0.5222222222222223,0.670247578053192,-0.15415561193588292,-0.17680171380368984,-0.18812476473759332,-13.874005074229462,19.874005074229466,5,10
ADX30_SUPPORT,1.5,0.6,OOS,36,0.4444444444444444,0.48,-0.2888888888888889,-0.31206799271358365,-0.32365754462593105,-10.4,12.200000000000001,2,5
ADX30_SUPPORT,1.5,0.6,YTD2026,7,0.7142857142857143,1.5,0.14285714285714285,0.1187977385588276,0.10676803640966992,1.0,1.0,1,1
ADX30_SUPPORT,1.5,0.6,FULL,126,0.5,0.6089505575610586,-0.19265083392245602,-0.21544922206365952,-0.22684841613426118,-24.274005074229457,29.674005074229456,7,15
ADX30_SUPPORT,1.5,0.75,TRAIN,90,0.4888888888888889,0.7321293048100438,-0.1341556119358829,-0.15680171380368982,-0.16812476473759325,-12.074005074229461,19.32400507422946,4,10
ADX30_SUPPORT,1.5,0.75,OOS,36,0.3888888888888889,0.4772727272727273,-0.3194444444444444,-0.34262354826913916,-0.3542131001814866,-11.5,11.5,1,5
ADX30_SUPPORT,1.5,0.75,YTD2026,7,0.42857142857142855,0.5625,-0.25,-0.27405940429831527,-0.28608910644747293,-1.75,2.5,0,1
ADX30_SUPPORT,1.5,0.75,FULL,126,0.4603174603174603,0.6485373872017843,-0.18709527836690049,-0.20989366650810398,-0.22129286057870565,-23.57400507422946,29.32400507422946,5,15
ADX30_SUPPORT,1.5,1.0,TRAIN,90,0.4444444444444444,0.7904167270831877,-0.11427878442881405,-0.13692488629662097,-0.14824793723052443,-10.285090598593264,21.07400507422946,5,10
ADX30_SUPPORT,1.5,1.0,OOS,36,0.3611111111111111,0.5345765095671383,-0.2973538966654394,-0.3205330004901341,-0.33212255240248156,-10.704740279955818,11.0,1,5
ADX30_SUPPORT,1.5,1.0,YTD2026,7,0.42857142857142855,0.75,-0.14285714285714285,-0.16691654715545812,-0.17894624930461572,-1.0,2.0,0,1
ADX30_SUPPORT,1.5,1.0,FULL,126,0.42063492063492064,0.7087739073618633,-0.16658595935356416,-0.18938434749476765,-0.20078354156536932,-20.989830878549082,30.07400507422946,6,15
ADX30_SUPPORT,1.75,0.2,TRAIN,90,0.7777777777777778,0.6999999999999997,-0.06666666666666667,-0.08607761112478689,-0.09578308335384697,-6.0,8.4,4,10
ADX30_SUPPORT,1.75,0.2,OOS,36,0.6666666666666666,0.4000000000000001,-0.19999999999999998,-0.2198678032783098,-0.22980170491746468,-7.199999999999999,7.3999999999999995,1,5
ADX30_SUPPORT,1.75,0.2,YTD2026,7,0.8571428571428571,1.2,0.028571428571428564,0.007949082030015495,-0.0023620912406910094,0.19999999999999996,1.0,1,1
ADX30_SUPPORT,1.75,0.2,FULL,126,0.746031746031746,0.5874999999999998,-0.10476190476190478,-0.12430338031150771,-0.13407411808630912,-13.200000000000003,15.000000000000002,5,15
ADX30_SUPPORT,1.75,0.25,TRAIN,90,0.7666666666666667,0.8214285714285714,-0.041666666666666664,-0.061077611124786886,-0.07078308335384699,-3.75,7.25,4,10
ADX30_SUPPORT,1.75,0.25,OOS,36,0.6666666666666666,0.5,-0.16666666666666666,-0.18653446994497644,-0.19646837158413133,-6.0,7.0,1,5
ADX30_SUPPORT,1.75,0.25,YTD2026,7,0.8571428571428571,1.5,0.07142857142857142,0.05080622488715836,0.04049505161645179,0.5,1.0,1,1
ADX30_SUPPORT,1.75,0.25,FULL,126,0.7380952380952381,0.7045454545454546,-0.07738095238095238,-0.09692242793055533,-0.1066931657053568,-9.75,12.75,5,15
ADX30_SUPPORT,1.75,0.3,TRAIN,90,0.7222222222222222,0.78,-0.06111111111111111,-0.08052205556923134,-0.09022752779829141,-5.5,10.300000000000002,6,10
ADX30_SUPPORT,1.75,0.3,OOS,36,0.6388888888888888,0.5307692307692307,-0.16944444444444445,-0.1893122477227542,-0.19924614936190915,-6.1000000000000005,7.1000000000000005,1,5
ADX30_SUPPORT,1.75,0.3,YTD2026,7,0.8571428571428571,1.8,0.1142857142857143,0.09366336774430116,0.08335219447359465,0.8,1.0,1,1
ADX30_SUPPORT,1.75,0.3,FULL,126,0.6984126984126984,0.694736842105263,-0.09206349206349201,-0.11160496761309502,-0.12137570538789647,-11.599999999999994,16.200000000000003,7,15
ADX30_SUPPORT,1.75,0.4,TRAIN,90,0.6444444444444445,0.7478699340085527,-0.08690485493095969,-0.1063157993890799,-0.11602127161813998,-7.821436943786372,12.063432920768108,4,10
ADX30_SUPPORT,1.75,0.4,OOS,36,0.6111111111111112,0.6285714285714288,-0.14444444444444443,-0.1643122477227542,-0.17424614936190905,-5.199999999999999,7.199999999999999,2,5
ADX30_SUPPORT,1.75,0.4,YTD2026,7,0.8571428571428571,2.4,0.19999999999999998,0.17937765345858692,0.16906648018788037,1.4,1.0,1,1
ADX30_SUPPORT,1.75,0.4,FULL,126,0.6349206349206349,0.7107725157674354,-0.10334473764909818,-0.12288621319870108,-0.13265695097350255,-13.021436943786371,17.663432920768102,6,15
ADX30_SUPPORT,1.75,0.5,TRAIN,90,0.5888888888888889,0.7356730394002564,-0.10579374381984859,-0.1252046882779688,-0.1349101605070289,-9.521436943786373,15.563432920768111,4,10
ADX30_SUPPORT,1.75,0.5,OOS,36,0.6111111111111112,0.7857142857142857,-0.08333333333333333,-0.10320113661164312,-0.113135038250798,-3.0,6.5,2,5
ADX30_SUPPORT,1.75,0.5,YTD2026,7,0.8571428571428571,3.0,0.2857142857142857,0.26509193917287266,0.2547807659021661,2.0,1.0,1,1
ADX30_SUPPORT,1.75,0.5,FULL,126,0.5952380952380952,0.7496785836468903,-0.09937648368084423,-0.11891795923044718,-0.12868869700524865,-12.521436943786373,19.56343292076811,6,15
ADX30_SUPPORT,1.75,0.6,TRAIN,90,0.5444444444444444,0.7346063071472144,-0.11801596604207083,-0.13742691050019104,-0.14713238272925114,-10.621436943786374,18.663432920768113,5,10
ADX30_SUPPORT,1.75,0.6,OOS,36,0.5,0.6,-0.2,-0.2198678032783098,-0.22980170491746466,-7.2,7.4,1,5
ADX30_SUPPORT,1.75,0.6,YTD2026,7,0.5714285714285714,0.7999999999999999,-0.08571428571428573,-0.10633663225569881,-0.11664780552640534,-0.6000000000000001,1.4,0,1
ADX30_SUPPORT,1.75,0.6,FULL,126,0.5317460317460317,0.6928473701702264,-0.14143997574433625,-0.16098145129393926,-0.17075218906874076,-17.821436943786367,24.86343292076812,6,15
ADX30_SUPPORT,1.75,0.75,TRAIN,90,0.5111111111111111,0.7827774895499408,-0.10383582817886894,-0.12324677263698915,-0.13295224486604923,-9.345224536098204,17.56343292076811,4,10
ADX30_SUPPORT,1.75,0.75,OOS,36,0.4722222222222222,0.6341654497504104,-0.19307934596506116,-0.2129471492433709,-0.2228810508825258,-6.950856454742201,8.200856454742201,1,5
ADX30_SUPPORT,1.75,0.75,YTD2026,7,0.5714285714285714,1.0,0.0,-0.020622346541413088,-0.03093351981211962,0.0,1.25,0,1
ADX30_SUPPORT,1.75,0.75,FULL,126,0.5,0.7372508314244559,-0.129333976117781,-0.148875451667384,-0.15864618944218542,-16.296080990840405,24.264289375510312,5,15
ADX30_SUPPORT,1.75,1.0,TRAIN,90,0.4777777777777778,0.9160468322508105,-0.042439000183920744,-0.06184994464204096,-0.07155541687110105,-3.819510016552867,17.06343292076811,5,10
ADX30_SUPPORT,1.75,1.0,OOS,36,0.4722222222222222,0.8053801739629299,-0.10271601929734255,-0.1225838225756523,-0.13251772421480718,-3.6977766947043316,7.0,2,5
ADX30_SUPPORT,1.75,1.0,YTD2026,7,0.5714285714285714,1.3333333333333333,0.14285714285714285,0.12223479631572978,0.11192362304502325,1.0,1.0,1,1
ADX30_SUPPORT,1.75,1.0,FULL,126,0.47619047619047616,0.8834451894063631,-0.05966100564489841,-0.07920248119450134,-0.0889732189693028,-7.517286711257199,21.014289375510312,7,15
ADX30_SUPPORT,2.0,0.2,TRAIN,90,0.8333333333333334,0.9999999999999998,-4.934324553889585e-18,-0.016984576400855177,-0.025476864601282775,-4.440892098500626e-16,4.799999999999998,7,10
ADX30_SUPPORT,2.0,0.2,OOS,36,0.75,0.6000000000000001,-0.09999999999999998,-0.11738432786852106,-0.12607649180278158,-3.599999999999999,4.199999999999999,1,5
ADX30_SUPPORT,2.0,0.2,YTD2026,7,0.8571428571428571,1.2,0.028571428571428564,0.010526875347692144,0.0015045987358239174,0.19999999999999996,1.0,1,1
ADX30_SUPPORT,2.0,0.2,FULL,126,0.8095238095238095,0.8499999999999998,-0.028571428571428574,-0.045670219677331134,-0.054219615230282424,-3.6000000000000005,7.599999999999998,8,15
ADX30_SUPPORT,2.0,0.25,TRAIN,90,0.8111111111111111,1.0735294117647058,0.013888888888888888,-0.0030956875119662903,-0.011587975712393894,1.25,5.75,6,10
ADX30_SUPPORT,2.0,0.25,OOS,36,0.7222222222222222,0.65,-0.09722222222222222,-0.11460655009074323,-0.1232987140250038,-3.5,4.25,1,5
ADX30_SUPPORT,2.0,0.25,YTD2026,7,0.8571428571428571,1.5,0.07142857142857142,0.05338401820483501,0.04436174159296675,0.5,1.0,1,1
ADX30_SUPPORT,2.0,0.25,FULL,126,0.7857142857142857,0.9166666666666666,-0.017857142857142856,-0.03495593396304543,-0.04350532951599673,-2.25,8.75,7,15
ADX30_SUPPORT,2.0,0.3,TRAIN,90,0.7666666666666667,0.9857142857142859,-0.003333333333333337,-0.020317909734188518,-0.028810197934616116,-0.3000000000000003,7.3,7,10
ADX30_SUPPORT,2.0,0.3,OOS,36,0.7222222222222222,0.7799999999999999,-0.061111111111111116,-0.07849543897963215,-0.08718760291389269,-2.2,3.800000000000001,1,5
ADX30_SUPPORT,2.0,0.3,YTD2026,7,0.8571428571428571,1.8,0.1142857142857143,0.0962411610619778,0.08721888445010959,0.8,1.0,1,1
ADX30_SUPPORT,2.0,0.3,FULL,126,0.753968253968254,0.9193548387096774,-0.019841269841269847,-0.036940060947172414,-0.04548945650012373,-2.500000000000001,9.3,8,15
ADX30_SUPPORT,2.0,0.4,TRAIN,90,0.6444444444444445,0.7509607768108992,-0.08548619250903415,-0.10247076890988935,-0.11096305711031695,-7.693757325813074,12.455503805672095,4,10
ADX30_SUPPORT,2.0,0.4,OOS,36,0.6944444444444444,0.9090909090909093,-0.02777777777777777,-0.045162105646298814,-0.05385426958055934,-0.9999999999999997,3.400000000000001,3,5
ADX30_SUPPORT,2.0,0.4,YTD2026,7,0.8571428571428571,2.4,0.19999999999999998,0.1819554467762636,0.17293317016439538,1.4,1.0,1,1
ADX30_SUPPORT,2.0,0.4,FULL,126,0.6587301587301587,0.7924808400879246,-0.06899807401438948,-0.08609686512029206,-0.09464626067324335,-8.693757325813074,13.855503805672086,7,15
ADX30_SUPPORT,2.0,0.5,TRAIN,90,0.6222222222222222,0.8512253471885152,-0.05437508139792307,-0.07135965779877823,-0.07985194599920584,-4.893757325813076,12.055503805672096,4,10
ADX30_SUPPORT,2.0,0.5,OOS,36,0.5833333333333334,0.7,-0.125,-0.14238432786852098,-0.1510764918027816,-4.5,4.5,1,5
ADX30_SUPPORT,2.0,0.5,YTD2026,7,0.5714285714285714,0.6666666666666666,-0.14285714285714285,-0.1609016960808793,-0.16992397269274753,-1.0,1.5,0,1
ADX30_SUPPORT,2.0,0.5,FULL,126,0.6111111111111112,0.8038625939930136,-0.07455362956994506,-0.09165242067584761,-0.1002018162287989,-9.393757325813077,15.055503805672098,5,15
ADX30_SUPPORT,2.0,0.6,TRAIN,90,0.5888888888888889,0.8690002992329695,-0.0522452385453992,-0.0692298149462544,-0.07772210314668201,-4.7020714690859275,13.000000000000002,5,10
ADX30_SUPPORT,2.0,0.6,OOS,36,0.5833333333333334,0.8399999999999999,-0.06666666666666668,-0.08405099453518775,-0.09274315846944822,-2.4000000000000004,3.4,2,5
ADX30_SUPPORT,2.0,0.6,YTD2026,7,0.5714285714285714,0.7999999999999999,-0.08571428571428573,-0.10375883893802215,-0.11278111554989043,-0.6000000000000001,1.4,0,1
ADX30_SUPPORT,2.0,0.6,FULL,126,0.5873015873015873,0.8604529938000117,-0.056365646580047044,-0.07346443768594962,-0.08201383323890092,-7.102071469085928,15.200000000000003,7,15
ADX30_SUPPORT,2.0,0.75,TRAIN,90,0.5444444444444444,0.8984284323987689,-0.04502301632317698,-0.06200759272403217,-0.07049988092445975,-4.052071469085928,14.305503805672096,4,10
ADX30_SUPPORT,2.0,0.75,OOS,36,0.5555555555555556,0.8602778370083568,-0.06209873910739695,-0.07948306697591795,-0.0881752309101785,-2.2355546078662902,4.0,2,5
ADX30_SUPPORT,2.0,0.75,YTD2026,7,0.5714285714285714,1.0,0.0,-0.01804455322373642,-0.027066829835604694,0.0,1.25,0,1
ADX30_SUPPORT,2.0,0.75,FULL,126,0.5476190476190477,0.8875075432789264,-0.049901794261525544,-0.0670005853674281,-0.07554998092037941,-6.287626076952218,16.055503805672096,6,15
ADX30_SUPPORT,2.0,1.0,TRAIN,90,0.5111111111111111,1.0229509342251957,0.010789172242652108,-0.006195404158203057,-0.014687692358630653,0.9710255018386897,10.055503805672096,4,10
ADX30_SUPPORT,2.0,1.0,OOS,36,0.5,0.9035802995629838,-0.04820985021850806,-0.06559417808702903,-0.07428634202128964,-1.73555460786629,3.956999397899426,2,5
ADX30_SUPPORT,2.0,1.0,YTD2026,7,0.5714285714285714,1.3333333333333333,0.14285714285714285,0.12481258963340644,0.11579031302153818,1.0,1.0,1,1
ADX30_SUPPORT,2.0,1.0,FULL,126,0.5079365079365079,0.9873230830393168,-0.006067691317679369,-0.023166482423581925,-0.03171587797653322,-0.7645291060276005,12.012503203571523,6,15
ADX30_SUPPORT,2.25,0.2,TRAIN,90,0.8555555555555555,1.1846153846153842,0.026666666666666665,0.011569265421462064,0.00402056479885976,2.4,3.199999999999998,7,10
ADX30_SUPPORT,2.25,0.2,OOS,36,0.8333333333333334,1.0000000000000002,-1.5419764230904951e-18,-0.015452735883129818,-0.023179103824694736,-5.551115123125783e-17,2.6,3,5
ADX30_SUPPORT,2.25,0.2,YTD2026,7,1.0,,0.19999999999999998,0.1839603971344565,0.17594059570168472,1.4,0.0,1,1
ADX30_SUPPORT,2.25,0.2,FULL,126,0.8492063492063492,1.1263157894736842,0.019047619047619042,0.0038486936201500973,-0.0037507690935843795,2.3999999999999995,3.399999999999997,10,15
ADX30_SUPPORT,2.25,0.25,TRAIN,90,0.7888888888888889,0.9342105263157895,-0.013888888888888888,-0.0289862901340935,-0.036534990756695813,-1.25,7.25,6,10
ADX30_SUPPORT,2.25,0.25,OOS,36,0.8055555555555556,1.0357142857142858,0.006944444444444444,-0.0085082914386854,-0.016234659380250302,0.25,2.5,3,5
ADX30_SUPPORT,2.25,0.25,YTD2026,7,1.0,,0.25,0.23396039713445652,0.22594059570168473,1.75,0.0,1,1
ADX30_SUPPORT,2.25,0.25,FULL,126,0.7936507936507936,0.9615384615384616,-0.007936507936507936,-0.023135433363976894,-0.030734896077711384,-1.0,8.5,9,15
ADX30_SUPPORT,2.25,0.3,TRAIN,90,0.7444444444444445,0.9222531019626273,-0.018827232847536558,-0.03392463409274116,-0.04147333471534348,-1.6944509562782901,6.349336716152976,6,10
ADX30_SUPPORT,2.25,0.3,OOS,36,0.7777777777777778,1.05,0.011111111111111115,-0.004341624772018739,-0.01206799271358363,0.40000000000000013,3.1,2,5
ADX30_SUPPORT,2.25,0.3,YTD2026,7,1.0,,0.3,0.2839603971344565,0.2759405957016847,2.1,0.0,1,1
ADX30_SUPPORT,2.25,0.3,FULL,126,0.753968253968254,0.9565539583804439,-0.010273420287922948,-0.0254723457153919,-0.03307180842912639,-1.2944509562782913,7.949336716152978,8,15
ADX30_SUPPORT,2.25,0.4,TRAIN,90,0.6444444444444445,0.7533824854659421,-0.0843827884030921,-0.0994801896482967,-0.10702889027089897,-7.594450956278289,12.649336716152972,4,10
ADX30_SUPPORT,2.25,0.4,OOS,36,0.75,1.2000000000000002,0.05000000000000001,0.03454726411687021,0.02682089617530527,1.8000000000000003,3.6,4,5
ADX30_SUPPORT,2.25,0.4,YTD2026,7,1.0,,0.39999999999999997,0.3839603971344565,0.37594059570168475,2.8,0.0,1,1
ADX30_SUPPORT,2.25,0.4,FULL,126,0.6746031746031746,0.8543904786462667,-0.04598770600220863,-0.06118663142967758,-0.06878609414341208,-5.794450956278288,14.049336716152968,8,15
ADX30_SUPPORT,2.25,0.5,TRAIN,90,0.6,0.7759858039986729,-0.08660501062531432,-0.10170241187051896,-0.10925111249312122,-7.79445095627829,13.049336716152975,3,10
ADX30_SUPPORT,2.25,0.5,OOS,36,0.6666666666666666,1.030303099468969,0.009803943287688065,-0.005648792595441767,-0.013375160537006672,0.35294195835677034,3.5,4,5
ADX30_SUPPORT,2.25,0.5,YTD2026,7,0.7142857142857143,1.5178578634094828,0.1218488511938243,0.10580924832828076,0.09778944689550904,0.8529419583567701,1.0,1,1
ADX30_SUPPORT,2.25,0.5,FULL,126,0.6190476190476191,0.839765994721348,-0.05905959522159937,-0.07425852064906831,-0.08185798336280278,-7.44150899792152,15.549336716152975,7,15
ADX30_SUPPORT,2.25,0.6,TRAIN,90,0.5666666666666667,0.8039711710666075,-0.08107459804187758,-0.09617199928708219,-0.10372069990968448,-7.296713823768982,13.277542567401133,4,10
ADX30_SUPPORT,2.25,0.6,OOS,36,0.6388888888888888,1.046743259486353,0.016421242104986168,0.000968506221856322,-0.0067578617197085805,0.591164715779502,3.4,3,5
ADX30_SUPPORT,2.25,0.6,YTD2026,7,0.7142857142857143,1.8214294360913794,0.19327742262239572,0.1772378197568522,0.1692180183240804,1.3529419583567701,1.0,1,1
ADX30_SUPPORT,2.25,0.6,FULL,126,0.5873015873015873,0.8655386514988038,-0.05321864371420222,-0.06841756914167117,-0.07601703185540568,-6.70554910798948,15.477542567401134,7,15
ADX30_SUPPORT,2.25,0.75,TRAIN,90,0.5333333333333333,0.884682386821404,-0.05072891700876973,-0.06582631825397432,-0.07337501887657664,-4.565602530789276,13.72754256740113,4,10
ADX30_SUPPORT,2.25,0.75,OOS,36,0.6111111111111112,1.116362407509119,0.04411123692061917,0.028658501037489324,0.020932133095924444,1.5880045291422902,3.25,3,5
ADX30_SUPPORT,2.25,0.75,YTD2026,7,0.7142857142857143,2.276786795114224,0.30042027976525293,0.28438067689970936,0.2763608754669376,2.1029419583567703,1.0,1,1
ADX30_SUPPORT,2.25,0.75,FULL,126,0.5555555555555556,0.9440706967735486,-0.023631730171801462,-0.038830655599270424,-0.04643011831300489,-2.9775980016469843,15.47754256740113,7,15
ADX30_SUPPORT,2.25,1.0,TRAIN,90,0.5,0.9543511868063417,-0.021602816720252705,-0.03670021796545732,-0.04424891858805961,-1.9442535048227434,9.47754256740113,4,10
ADX30_SUPPORT,2.25,1.0,OOS,36,0.4722222222222222,0.8936665009641317,-0.050354277370382484,-0.06580701325351232,-0.07353338119507719,-1.8127539853337695,4.0,3,5
ADX30_SUPPORT,2.25,1.0,YTD2026,7,0.42857142857142855,1.46497497104191,0.13602620626867296,0.11998660340312939,0.11196680197035767,0.9521834438807106,1.0478165561192894,1,1
ADX30_SUPPORT,2.25,1.0,FULL,126,0.49206349206349204,0.9370045661168394,-0.029817519763146925,-0.04501644519061588,-0.05261590790435036,-3.7570074901565125,11.5994213545417,7,15
ADX30_SUPPORT,2.5,0.2,TRAIN,90,0.8444444444444444,1.0857142857142854,0.013333333333333326,-0.00025432778735080325,-0.007048158347692875,1.1999999999999993,4.3999999999999995,6,10
ADX30_SUPPORT,2.5,0.2,OOS,36,0.8055555555555556,0.8285714285714288,-0.03333333333333334,-0.04724079562815017,-0.054194526775558596,-1.2000000000000002,3.1999999999999997,3,5
ADX30_SUPPORT,2.5,0.2,YTD2026,7,1.0,,0.19999999999999998,0.18556435742101085,0.17834653613151627,1.4,0.0,1,1
ADX30_SUPPORT,2.5,0.2,FULL,126,0.8333333333333334,1.0,-7.48959976929669e-18,-0.013679032884722048,-0.020518549327083073,-9.43689570931383e-16,5.4,9,15
ADX30_SUPPORT,2.5,0.25,TRAIN,90,0.8222222222222222,1.15625,0.027777777777777776,0.014190116657093636,0.007396286096751557,2.5,5.75,6,10
ADX30_SUPPORT,2.5,0.25,OOS,36,0.8055555555555556,1.0357142857142858,0.006944444444444444,-0.006963017850372404,-0.01391674899778083,0.25,2.5,3,5
ADX30_SUPPORT,2.5,0.25,YTD2026,7,1.0,,0.25,0.23556435742101084,0.22834653613151623,1.75,0.0,1,1
ADX30_SUPPORT,2.5,0.25,FULL,126,0.8174603174603174,1.1195652173913044,0.021825396825396824,0.00814636394067477,0.0013068474983137276,2.75,5.75,9,15
ADX30_SUPPORT,2.5,0.3,TRAIN,90,0.7333333333333333,0.9022576347585263,-0.023832794009971695,-0.03742045513065585,-0.044214285690997904,-2.1449514608974525,8.029945600246993,8,10
ADX30_SUPPORT,2.5,0.3,OOS,36,0.7777777777777778,1.05,0.011111111111111115,-0.0027963511837057397,-0.009750082331114181,0.40000000000000013,3.1,2,5
ADX30_SUPPORT,2.5,0.3,YTD2026,7,1.0,,0.3,0.28556435742101083,0.2783465361315162,2.1,0.0,1,1
ADX30_SUPPORT,2.5,0.3,FULL,126,0.746031746031746,0.9417280250670622,-0.013848821118233752,-0.027527854002955838,-0.03436737044531685,-1.7449514608974528,8.129945600246998,10,15
ADX30_SUPPORT,2.5,0.4,TRAIN,90,0.6777777777777778,0.9055499704799729,-0.028277238454416133,-0.04186489957510025,-0.04865873013544233,-2.544951460897452,10.02994560024699,7,10
ADX30_SUPPORT,2.5,0.4,OOS,36,0.6666666666666666,0.887389591292889,-0.03384020121099762,-0.047747663505814456,-0.054701394653222886,-1.2182472435959144,3.6,4,5
ADX30_SUPPORT,2.5,0.4,YTD2026,7,0.7142857142857143,1.2639410825408337,0.059663966074441896,0.045228323495452714,0.038010502205958176,0.41764776252109326,1.0,1,1
ADX30_SUPPORT,2.5,0.4,FULL,126,0.6746031746031746,0.9003474590714268,-0.029866656384867987,-0.04354568926959002,-0.05038520571195108,-3.7631987044933664,11.02994560024699,11,15
ADX30_SUPPORT,2.5,0.5,TRAIN,90,0.6444444444444445,0.9508563980329914,-0.01635114195017482,-0.029938803070858964,-0.036732633631201037,-1.4716027755157337,9.229945600246992,5,10
ADX30_SUPPORT,2.5,0.5,OOS,36,0.6666666666666666,1.0661986384632212,0.01989314550234844,0.005985683207531599,-0.0009680479398768196,0.7161532380845439,3.5,4,5
ADX30_SUPPORT,2.5,0.5,YTD2026,7,0.7142857142857143,1.5799263531760421,0.1310925375030133,0.11665689492402416,0.10943907363452958,0.9176477625210931,1.0,1,1
ADX30_SUPPORT,2.5,0.5,FULL,126,0.6507936507936508,0.9814673636652581,-0.005995631249453888,-0.019674664134175946,-0.02651418057653698,-0.7554495374311898,11.729945600246992,9,15
ADX30_SUPPORT,2.5,0.6,TRAIN,90,0.6111111111111112,0.9982373198856467,-0.0006332004626563902,-0.014220861583340542,-0.021014692143682616,-0.056988041639075115,9.659733910908013,7,10
ADX30_SUPPORT,2.5,0.6,OOS,36,0.6388888888888888,1.0840487637157283,0.02759191861419592,0.01368445631937909,0.006730725171970649,0.9933090701110531,3.4,4,5
ADX30_SUPPORT,2.5,0.6,YTD2026,7,0.7142857142857143,1.8959116238112506,0.20252110893158473,0.18808546635259557,0.180867645063101,1.417647762521093,1.0,1,1
ADX30_SUPPORT,2.5,0.6,FULL,126,0.6190476190476191,1.02120840453445,0.0074311192735871424,-0.006247913611134935,-0.013087430053495972,0.93632102847198,11.459733910908014,11,15
ADX30_SUPPORT,2.5,0.75,TRAIN,90,0.5666666666666667,1.0248727124985322,0.00985576715962021,-0.0037318939610639576,-0.01052572452140599,0.887019044365819,8.479945600246992,7,10
ADX30_SUPPORT,2.5,0.75,OOS,36,0.5833333333333334,1.046555041227041,0.017869696391973704,0.003962234097156871,-0.0029914970502515595,0.6433090701110533,3.25,3,5
ADX30_SUPPORT,2.5,0.75,YTD2026,7,0.7142857142857143,2.369889529764063,0.30966396607444185,0.29522832349545275,0.2880105022059581,2.167647762521093,1.0,1,1
ADX30_SUPPORT,2.5,0.75,FULL,126,0.5714285714285714,1.0309278508201918,0.012145461226006926,-0.0015335716587151528,-0.008373088101076162,1.5303281144768728,9.979945600246992,10,15
ADX30_SUPPORT,2.5,1.0,TRAIN,90,0.5444444444444444,1.193519067365741,0.07758348337098502,0.06399582225030086,0.05720199168995882,6.982513503388652,7.315872932874125,6,10
ADX30_SUPPORT,2.5,1.0,OOS,36,0.4444444444444444,0.7981971386195406,-0.0962988114058651,-0.11020627370068195,-0.1171600048480904,-3.466757210611144,5.700878142130294,2,5
ADX30_SUPPORT,2.5,1.0,YTD2026,7,0.42857142857142855,1.5439763841692433,0.1509950142132342,0.13655937163424503,0.1293415503447505,1.0569650994926394,1.0,1,1
ADX30_SUPPORT,2.5,1.0,FULL,126,0.5158730158730159,1.0660103090536073,0.0279028277204564,0.01422379483573434,0.0073842783933733246,3.5157562927775063,9.260842465111391,8,15
ADX30_SUPPORT,3.0,0.2,TRAIN,90,0.8555555555555555,1.1846153846153842,0.026666666666666655,0.015343615732763218,0.0096820902658115,2.399999999999999,4.799999999999999,6,10
ADX30_SUPPORT,3.0,0.2,OOS,36,0.8055555555555556,0.8285714285714288,-0.03333333333333334,-0.04492288524568071,-0.05071766120185437,-1.2000000000000002,3.1999999999999997,3,5
ADX30_SUPPORT,3.0,0.2,YTD2026,7,1.0,,0.19999999999999998,0.18797029785084238,0.18195544677626357,1.4,0.0,1,1
ADX30_SUPPORT,3.0,0.2,FULL,126,0.8412698412698413,1.06,0.009523809523809513,-0.0018753845467921802,-0.0075749815820930315,1.1999999999999986,5.3999999999999995,9,15
ADX30_SUPPORT,3.0,0.25,TRAIN,90,0.7777777777777778,0.983839201436959,-0.003193995008309737,-0.014517045942213189,-0.020178571409164923,-0.2874595507478763,6.228623870653891,6,10
ADX30_SUPPORT,3.0,0.25,OOS,36,0.7777777777777778,0.875,-0.027777777777777776,-0.03936732969012515,-0.04516210564629883,-1.0,3.75,2,5
ADX30_SUPPORT,3.0,0.25,YTD2026,7,1.0,,0.25,0.23797029785084237,0.23195544677626354,1.75,0.0,1,1
ADX30_SUPPORT,3.0,0.25,FULL,126,0.7777777777777778,0.9500741998949432,-0.010217932942443463,-0.021617127013045186,-0.027316724048346036,-1.2874595507478763,6.47862387065389,8,15
ADX30_SUPPORT,3.0,0.3,TRAIN,90,0.7333333333333333,1.0139527297076236,0.003027360591614867,-0.0082956903422886,-0.013957215809240328,0.272462453245338,7.260645683274703,6,10
ADX30_SUPPORT,3.0,0.3,OOS,36,0.75,0.8999999999999999,-0.024999999999999984,-0.03658955191234738,-0.04238432786852104,-0.8999999999999995,4.400000000000002,2,5
ADX30_SUPPORT,3.0,0.3,YTD2026,7,1.0,,0.3,0.2879702978508423,0.2819554467762635,2.1,0.0,1,1
ADX30_SUPPORT,3.0,0.3,FULL,126,0.7380952380952381,0.9780023934513741,-0.004980456720275092,-0.016379650790876818,-0.02207924782617768,-0.6275375467546616,7.731551490471585,8,15
ADX30_SUPPORT,3.0,0.4,TRAIN,90,0.6888888888888889,1.0368470218925656,0.009632441011815958,-0.0016906099220874856,-0.00735213538903921,0.8669196910634362,6.4236431461599715,7,10
ADX30_SUPPORT,3.0,0.4,OOS,36,0.6666666666666666,0.8987188170953306,-0.030052019527683202,-0.04164157144003056,-0.04743634739620423,-1.0818727029965953,3.6,4,5
ADX30_SUPPORT,3.0,0.4,YTD2026,7,0.7142857142857143,1.3465351850960394,0.0735294955382254,0.06149979338906777,0.05548494231448894,0.5147064687675778,1.0,1,1
ADX30_SUPPORT,3.0,0.4,FULL,126,0.6825396825396826,0.9937165531248896,-0.0017059762851838022,-0.013105170355785501,-0.01880476739108636,-0.21495301193315908,8.194548953356847,11,15
ADX30_SUPPORT,3.0,0.5,TRAIN,90,0.6555555555555556,1.1178305389790641,0.03384183669585911,0.022518785761955644,0.01685726029500392,3.0457653026273195,6.78180007171082,6,10
ADX30_SUPPORT,3.0,0.5,OOS,36,0.6666666666666666,1.0462862869498384,0.013734006252570683,0.00214445434022331,-0.003650321615950355,0.4944242250925446,3.5,4,5
ADX30_SUPPORT,3.0,0.5,YTD2026,7,0.7142857142857143,1.6831689813700492,0.14495806696679678,0.13292836481763917,0.12691351374306034,1.0147064687675775,1.0,1,1
ADX30_SUPPORT,3.0,0.5,FULL,126,0.6587301587301587,1.0969103424155429,0.028096742283490985,0.016697548212889265,0.010997951177588408,3.540189527719864,8.152705878907696,10,15
ADX30_SUPPORT,3.0,0.6,TRAIN,90,0.6222222222222222,1.1660102849212308,0.051878875248467765,0.040555824314564295,0.03489429884761257,4.669098772362099,5.581800071710824,8,10
ADX30_SUPPORT,3.0,0.6,OOS,36,0.6388888888888888,1.147031185597178,0.045492177943718674,0.0339026260313713,0.02810785007519761,1.6377184059738723,3.4,4,5
ADX30_SUPPORT,3.0,0.6,YTD2026,7,0.7142857142857143,2.0198027776440592,0.21638663839536823,0.2043569362462106,0.19834208517163177,1.5147064687675775,1.0,1,1
ADX30_SUPPORT,3.0,0.6,FULL,126,0.626984126984127,1.1606262046603313,0.05005410458996802,0.03865491051936629,0.03295531348406543,6.3068171783359706,5.581800071710824,12,15
ADX30_SUPPORT,3.0,0.75,TRAIN,90,0.6,1.2202416927232336,0.07219841196776478,0.06087536103386131,0.05521383556690959,6.497857077098829,4.6736431461599715,8,10
ADX30_SUPPORT,3.0,0.75,OOS,36,0.5277777777777778,0.9618390613396397,-0.01424584666342146,-0.02583539857576881,-0.031630174531942466,-0.5128504798831726,3.25,3,5
ADX30_SUPPORT,3.0,0.75,YTD2026,7,0.42857142857142855,1.2598954871713843,0.06630536898721899,0.054275666838061364,0.048260815763482526,0.464137582910533,1.035862417089467,1,1
ADX30_SUPPORT,3.0,0.75,FULL,126,0.5793650793650794,1.1393727358516395,0.047500052358854426,0.036100858288252685,0.030401261252951856,5.985006597215658,4.6736431461599715,11,15
ADX30_SUPPORT,3.0,1.0,TRAIN,90,0.5111111111111111,1.1406459434910148,0.0522745928991309,0.040951541965227434,0.03529001649827574,4.704713360921781,9.058143882680685,8,10
ADX30_SUPPORT,3.0,1.0,OOS,36,0.5,1.058326084221474,0.0233938591056575,0.011804307193310163,0.006009531237136474,0.84217892780367,3.0,4,5
ADX30_SUPPORT,3.0,1.0,YTD2026,7,0.42857142857142855,1.6798606495618458,0.17344822613007613,0.16141852398091852,0.1554036729063397,1.214137582910533,1.0,1,1
ADX30_SUPPORT,3.0,1.0,FULL,126,0.5079365079365079,1.1158259196720026,0.04402295467242421,0.03262376060182249,0.02692416356652166,5.54689228872545,9.058143882680685,12,15
DROP0P5_SUPPORT,0.75,0.2,TRAIN,148,0.16216216216216217,0.03870967741935485,-0.8054054054054053,-0.850632072216215,-0.8732454056216197,-119.19999999999999,119.39999999999996,0,10
DROP0P5_SUPPORT,0.75,0.2,OOS,71,0.15492957746478872,0.03666666666666667,-0.8140845070422534,-0.8615768361106716,-0.8853230006448806,-57.8,57.79999999999998,0,5
DROP0P5_SUPPORT,0.75,0.2,YTD2026,13,0.23076923076923078,0.06000000000000001,-0.7230769230769231,-0.7740983657695354,-0.7996090871158413,-9.4,9.4,0,1
DROP0P5_SUPPORT,0.75,0.2,FULL,219,0.1598173515981735,0.03804347826086957,-0.8082191780821918,-0.8541803746660159,-0.877160972957928,-177.0,177.00000000000009,0,15
DROP0P5_SUPPORT,0.75,0.25,TRAIN,148,0.16216216216216217,0.04838709677419355,-0.7972972972972973,-0.8425239641081069,-0.8651372975135114,-118.0,118.25,0,10
DROP0P5_SUPPORT,0.75,0.25,OOS,71,0.15492957746478872,0.04583333333333333,-0.8063380281690141,-0.8538303572374321,-0.8775765217716412,-57.25,57.25,0,5
DROP0P5_SUPPORT,0.75,0.25,YTD2026,13,0.23076923076923078,0.075,-0.7115384615384616,-0.7625599042310737,-0.7880706255773797,-9.25,9.25,0,1
DROP0P5_SUPPORT,0.75,0.25,FULL,219,0.1598173515981735,0.04755434782608696,-0.8002283105022832,-0.8461895070861073,-0.8691701053780193,-175.25,175.25,0,15
DROP0P5_SUPPORT,0.75,0.3,TRAIN,148,0.16216216216216217,0.058064516129032254,-0.7891891891891892,-0.8344158559999986,-0.8570291894054035,-116.80000000000001,117.10000000000004,0,10
DROP0P5_SUPPORT,0.75,0.3,OOS,71,0.15492957746478872,0.054999999999999986,-0.7985915492957747,-0.8460838783641929,-0.8698300428984018,-56.7,56.70000000000002,0,5
DROP0P5_SUPPORT,0.75,0.3,YTD2026,13,0.23076923076923078,0.09,-0.7,-0.7510214426926123,-0.7765321640389182,-9.1,9.1,0,1
DROP0P5_SUPPORT,0.75,0.3,FULL,219,0.1598173515981735,0.05706521739130436,-0.7922374429223744,-0.8381986395061986,-0.8611792377981107,-173.5,173.49999999999991,0,15
DROP0P5_SUPPORT,0.75,0.4,TRAIN,148,0.1554054054054054,0.07360000000000003,-0.7824324324324325,-0.827659099243242,-0.8502724326486468,-115.80000000000001,116.19999999999997,0,10
DROP0P5_SUPPORT,0.75,0.4,OOS,71,0.15492957746478872,0.07333333333333333,-0.7830985915492957,-0.8305909206177138,-0.8543370851519229,-55.599999999999994,55.600000000000016,0,5
DROP0P5_SUPPORT,0.75,0.4,YTD2026,13,0.23076923076923078,0.12000000000000002,-0.676923076923077,-0.7279445196156892,-0.7534552409619952,-8.8,8.8,0,1
DROP0P5_SUPPORT,0.75,0.4,FULL,219,0.1552511415525114,0.07351351351351353,-0.7826484018264839,-0.8286095984103082,-0.8515901967022201,-171.39999999999998,171.39999999999992,0,15
DROP0P5_SUPPORT,0.75,0.5,TRAIN,148,0.1554054054054054,0.092,-0.7668918918918919,-0.8121185587027016,-0.834731892108106,-113.5,114.0,0,10
DROP0P5_SUPPORT,0.75,0.5,OOS,71,0.14084507042253522,0.08196721311475409,-0.7887323943661971,-0.8362247234346152,-0.8599708879688244,-56.0,56.0,0,5
DROP0P5_SUPPORT,0.75,0.5,YTD2026,13,0.15384615384615385,0.09090909090909091,-0.7692307692307693,-0.8202522119233817,-0.8457629332696874,-10.0,10.0,0,1
DROP0P5_SUPPORT,0.75,0.5,FULL,219,0.1506849315068493,0.08870967741935484,-0.773972602739726,-0.8199337993235501,-0.8429143976154623,-169.5,169.5,0,15
DROP0P5_SUPPORT,0.75,0.6,TRAIN,148,0.1554054054054054,0.11039999999999997,-0.7513513513513512,-0.7965780181621609,-0.8191913515675656,-111.19999999999999,111.80000000000003,0,10
DROP0P5_SUPPORT,0.75,0.6,OOS,71,0.14084507042253522,0.0983606557377049,-0.7746478873239436,-0.8221402163923618,-0.8458863809265706,-55.0,54.999999999999986,0,5
DROP0P5_SUPPORT,0.75,0.6,YTD2026,13,0.15384615384615385,0.10909090909090909,-0.7538461538461539,-0.8048675965387664,-0.8303783178850721,-9.8,10.0,0,1
DROP0P5_SUPPORT,0.75,0.6,FULL,219,0.1506849315068493,0.10645161290322581,-0.7589041095890412,-0.8048653061728653,-0.8278459044647773,-166.20000000000002,166.2000000000001,0,15
DROP0P5_SUPPORT,0.75,0.75,TRAIN,148,0.1554054054054054,0.138,-0.7280405405405406,-0.77326720735135,-0.795880540756755,-107.75,108.5,0,10
DROP0P5_SUPPORT,0.75,0.75,OOS,71,0.14084507042253522,0.12295081967213115,-0.7535211267605634,-0.8010134558289814,-0.8247596203631905,-53.5,53.5,0,5
DROP0P5_SUPPORT,0.75,0.75,YTD2026,13,0.15384615384615385,0.13636363636363635,-0.7307692307692307,-0.7817906734618432,-0.807301394808149,-9.5,10.0,0,1
DROP0P5_SUPPORT,0.75,0.75,FULL,219,0.1506849315068493,0.13306451612903225,-0.7363013698630136,-0.7822625664468379,-0.8052431647387499,-161.25,161.25,0,15
DROP0P5_SUPPORT,0.75,1.0,TRAIN,148,0.14864864864864866,0.1746031746031746,-0.7027027027027027,-0.7479293695135122,-0.7705427029189169,-104.0,105.0,0,10
DROP0P5_SUPPORT,0.75,1.0,OOS,71,0.11267605633802817,0.12698412698412698,-0.7746478873239436,-0.8221402163923617,-0.8458863809265708,-55.0,55.0,0,5
DROP0P5_SUPPORT,0.75,1.0,YTD2026,13,0.15384615384615385,0.18181818181818182,-0.6923076923076923,-0.7433291350003045,-0.7688398563466106,-9.0,10.0,0,1
DROP0P5_SUPPORT,0.75,1.0,FULL,219,0.136986301369863,0.15873015873015872,-0.726027397260274,-0.7719885938440981,-0.7949691921360102,-159.0,159.0,0,15
DROP0P5_SUPPORT,1.0,0.2,TRAIN,148,0.41216216216216217,0.14022988505747122,-0.5054054054054052,-0.5393254055135126,-0.5562854055675661,-74.79999999999998,75.19999999999996,0,10
DROP0P5_SUPPORT,1.0,0.2,OOS,71,0.352112676056338,0.10869565217391307,-0.5774647887323944,-0.6130840355337079,-0.6308936589343648,-41.0,40.999999999999986,0,5
DROP0P5_SUPPORT,1.0,0.2,YTD2026,13,0.38461538461538464,0.125,-0.5384615384615384,-0.5767276204809976,-0.5958606614907271,-7.0,7.0,0,1
DROP0P5_SUPPORT,1.0,0.2,FULL,219,0.3926940639269406,0.12932330827067667,-0.5287671232876713,-0.5632380207255394,-0.5804734694444734,-115.80000000000001,115.99999999999989,0,15
DROP0P5_SUPPORT,1.0,0.25,TRAIN,148,0.40540540540540543,0.17045454545454544,-0.49324324324324326,-0.5271632433513503,-0.544123243405404,-73.0,73.5,0,10
DROP0P5_SUPPORT,1.0,0.25,OOS,71,0.3380281690140845,0.1276595744680851,-0.5774647887323944,-0.613084035533708,-0.630893658934365,-41.0,41.0,0,5
DROP0P5_SUPPORT,1.0,0.25,YTD2026,13,0.38461538461538464,0.15625,-0.5192307692307693,-0.5574968512502283,-0.5766298922599579,-6.75,6.75,0,1
DROP0P5_SUPPORT,1.0,0.25,FULL,219,0.3835616438356164,0.15555555555555556,-0.5205479452054794,-0.5550188426433476,-0.5722542913622817,-114.0,114.25,0,15
DROP0P5_SUPPORT,1.0,0.3,TRAIN,148,0.39864864864864863,0.19887640449438204,-0.4817567567567567,-0.5156767568648639,-0.5326367569189175,-71.3,71.90000000000002,0,10
DROP0P5_SUPPORT,1.0,0.3,OOS,71,0.3380281690140845,0.1531914893617021,-0.5605633802816901,-0.5961826270830038,-0.6139922504836607,-39.8,39.80000000000001,0,5
DROP0P5_SUPPORT,1.0,0.3,YTD2026,13,0.38461538461538464,0.1875,-0.5,-0.5382660820194591,-0.5573991230291887,-6.5,6.5,0,1
DROP0P5_SUPPORT,1.0,0.3,FULL,219,0.3789954337899543,0.18308823529411763,-0.5073059360730593,-0.5417768335109275,-0.5590122822298615,-111.1,111.40000000000009,0,15
DROP0P5_SUPPORT,1.0,0.4,TRAIN,148,0.3918918918918919,0.2577777777777777,-0.4513513513513514,-0.48527135145945843,-0.5022313515135121,-66.80000000000001,67.60000000000005,0,10
DROP0P5_SUPPORT,1.0,0.4,OOS,71,0.323943661971831,0.19166666666666674,-0.5464788732394367,-0.5820981200407502,-0.5999077434414071,-38.800000000000004,38.80000000000002,0,5
DROP0P5_SUPPORT,1.0,0.4,YTD2026,13,0.3076923076923077,0.17777777777777778,-0.5692307692307692,-0.6074968512502283,-0.6266298922599579,-7.4,7.4,0,1
DROP0P5_SUPPORT,1.0,0.4,FULL,219,0.3698630136986301,0.23478260869565215,-0.4821917808219177,-0.516662678259786,-0.53389812697872,-105.59999999999998,105.99999999999991,0,15
DROP0P5_SUPPORT,1.0,0.5,TRAIN,148,0.3716216216216216,0.2956989247311828,-0.44256756756756754,-0.4764875676756747,-0.49344756772972836,-65.5,66.5,0,10
DROP0P5_SUPPORT,1.0,0.5,OOS,71,0.323943661971831,0.23958333333333334,-0.5140845070422535,-0.5497037538435671,-0.5675133772442241,-36.5,36.5,0,5
DROP0P5_SUPPORT,1.0,0.5,YTD2026,13,0.3076923076923077,0.2222222222222222,-0.5384615384615384,-0.5767276204809976,-0.5958606614907271,-7.0,7.0,0,1
DROP0P5_SUPPORT,1.0,0.5,FULL,219,0.3561643835616438,0.2765957446808511,-0.4657534246575342,-0.5002243220954025,-0.5174597708143365,-102.0,102.5,0,15
DROP0P5_SUPPORT,1.0,0.6,TRAIN,148,0.3581081081081081,0.3347368421052632,-0.427027027027027,-0.46094702713513425,-0.4779070271891878,-63.199999999999996,64.39999999999995,0,10
DROP0P5_SUPPORT,1.0,0.6,OOS,71,0.30985915492957744,0.26938775510204077,-0.504225352112676,-0.5398445989139897,-0.5576542223146466,-35.8,35.79999999999998,0,5
DROP0P5_SUPPORT,1.0,0.6,YTD2026,13,0.3076923076923077,0.26666666666666666,-0.5076923076923077,-0.5459583897117669,-0.5650914307214964,-6.6,6.8,0,1
DROP0P5_SUPPORT,1.0,0.6,FULL,219,0.3424657534246575,0.3125,-0.4520547945205479,-0.48652569195841605,-0.5037611406773502,-99.0,99.60000000000008,0,15
DROP0P5_SUPPORT,1.0,0.75,TRAIN,148,0.30405405405405406,0.3276699029126214,-0.46790540540540543,-0.5018254055135125,-0.5187854055675661,-69.25,70.75,0,10
DROP0P5_SUPPORT,1.0,0.75,OOS,71,0.2676056338028169,0.27403846153846156,-0.5316901408450704,-0.567309387646384,-0.585119011047041,-37.75,37.75,0,5
DROP0P5_SUPPORT,1.0,0.75,YTD2026,13,0.3076923076923077,0.3333333333333333,-0.46153846153846156,-0.49980454355792064,-0.5189375845676504,-6.0,6.5,0,1
DROP0P5_SUPPORT,1.0,0.75,FULL,219,0.2922374429223744,0.3096774193548387,-0.4885844748858447,-0.5230553723237129,-0.5402908210426469,-107.0,107.75,0,15
DROP0P5_SUPPORT,1.0,1.0,TRAIN,148,0.27702702702702703,0.38317757009345793,-0.44594594594594594,-0.479865946054053,-0.4968259461081067,-66.0,68.0,0,10
DROP0P5_SUPPORT,1.0,1.0,OOS,71,0.15492957746478872,0.18333333333333332,-0.6901408450704225,-0.7257600918717361,-0.7435697152723929,-49.0,49.0,0,5
DROP0P5_SUPPORT,1.0,1.0,YTD2026,13,0.15384615384615385,0.18181818181818182,-0.6923076923076923,-0.7305737743271515,-0.749706815336881,-9.0,9.0,0,1
DROP0P5_SUPPORT,1.0,1.0,FULL,219,0.2374429223744292,0.31137724550898205,-0.5251141552511416,-0.5595850526890097,-0.5768205014079437,-115.0,116.0,0,15
DROP0P5_SUPPORT,1.25,0.2,TRAIN,148,0.5945945945945946,0.2933333333333333,-0.2864864864864865,-0.3136224865729722,-0.327190486616215,-42.400000000000006,42.799999999999976,1,10
DROP0P5_SUPPORT,1.25,0.2,OOS,71,0.5915492957746479,0.28965517241379307,-0.29014084507042254,-0.3186362425114734,-0.3328839412319988,-20.6,21.000000000000018,0,5
DROP0P5_SUPPORT,1.25,0.2,YTD2026,13,0.5384615384615384,0.2333333333333333,-0.3538461538461538,-0.3844590194617211,-0.39976545226950494,-4.6,5.0,0,1
DROP0P5_SUPPORT,1.25,0.2,FULL,219,0.593607305936073,0.2921348314606741,-0.28767123287671226,-0.3152479508270068,-0.3290363098021541,-62.999999999999986,63.59999999999986,1,15
DROP0P5_SUPPORT,1.25,0.25,TRAIN,148,0.5743243243243243,0.3373015873015873,-0.28209459459459457,-0.3092305946810803,-0.32279859472432315,-41.75,42.25,1,10
DROP0P5_SUPPORT,1.25,0.25,OOS,71,0.5774647887323944,0.3416666666666667,-0.27816901408450706,-0.3066644115255579,-0.32091211024608335,-19.75,20.25,0,5
DROP0P5_SUPPORT,1.25,0.25,YTD2026,13,0.46153846153846156,0.21428571428571427,-0.4230769230769231,-0.4536897886924904,-0.46899622150027415,-5.5,6.0,0,1
DROP0P5_SUPPORT,1.25,0.25,FULL,219,0.5753424657534246,0.3387096774193548,-0.2808219178082192,-0.3083986357585136,-0.32218699473366086,-61.5,62.25,1,15
DROP0P5_SUPPORT,1.25,0.3,TRAIN,148,0.5743243243243243,0.40476190476190477,-0.2533783783783784,-0.28051437846486404,-0.2940823785081069,-37.5,38.09999999999998,1,10
DROP0P5_SUPPORT,1.25,0.3,OOS,71,0.5774647887323944,0.41000000000000003,-0.24929577464788732,-0.27779117208893817,-0.2920388708094637,-17.7,18.299999999999983,1,5
DROP0P5_SUPPORT,1.25,0.3,YTD2026,13,0.46153846153846156,0.2571428571428572,-0.4,-0.43061286561556733,-0.44591929842335093,-5.2,5.800000000000001,0,1
DROP0P5_SUPPORT,1.25,0.3,FULL,219,0.5753424657534246,0.40645161290322557,-0.25205479452054796,-0.27963151247084245,-0.29341987144598974,-55.2,56.100000000000094,2,15
DROP0P5_SUPPORT,1.25,0.4,TRAIN,148,0.5405405405405406,0.4705882352941176,-0.24324324324324326,-0.27037924332972896,-0.2839472433729718,-36.0,36.80000000000003,0,10
DROP0P5_SUPPORT,1.25,0.4,OOS,71,0.5633802816901409,0.5161290322580645,-0.2112676056338028,-0.23976300307485368,-0.2540107017953792,-15.0,15.799999999999988,1,5
DROP0P5_SUPPORT,1.25,0.4,YTD2026,13,0.46153846153846156,0.34285714285714286,-0.3538461538461538,-0.3844590194617213,-0.3997654522695049,-4.6,5.4,0,1
DROP0P5_SUPPORT,1.25,0.4,FULL,219,0.547945205479452,0.4848484848484849,-0.2328767123287671,-0.2604534302790616,-0.2742417892542089,-51.0,52.20000000000009,1,15
DROP0P5_SUPPORT,1.25,0.5,TRAIN,148,0.5067567567567568,0.5136986301369864,-0.23986486486486486,-0.26700086495135056,-0.2805688649945934,-35.5,36.5,0,10
DROP0P5_SUPPORT,1.25,0.5,OOS,71,0.5492957746478874,0.609375,-0.176056338028169,-0.2045517354692199,-0.21879943418974537,-12.5,13.5,1,5
DROP0P5_SUPPORT,1.25,0.5,YTD2026,13,0.46153846153846156,0.42857142857142855,-0.3076923076923077,-0.338305173307875,-0.3536116061156588,-4.0,5.0,0,1
DROP0P5_SUPPORT,1.25,0.5,FULL,219,0.5205479452054794,0.5428571428571428,-0.2191780821917808,-0.24675480014207532,-0.26054315911722253,-48.0,49.5,1,15
DROP0P5_SUPPORT,1.25,0.6,TRAIN,148,0.4391891891891892,0.4744403437293726,-0.29190618676354657,-0.31904218685003227,-0.33261018689327515,-43.202115641004895,44.40211564100485,0,10
DROP0P5_SUPPORT,1.25,0.6,OOS,71,0.5070422535211268,0.6171428571428573,-0.18873239436619718,-0.21722779180724808,-0.23147549052777355,-13.4,14.600000000000009,1,5
DROP0P5_SUPPORT,1.25,0.6,YTD2026,13,0.46153846153846156,0.5142857142857143,-0.2615384615384615,-0.29215132715402886,-0.30745775996181257,-3.3999999999999995,4.8,0,1
DROP0P5_SUPPORT,1.25,0.6,FULL,219,0.4611872146118721,0.5170555127658308,-0.25845714904568445,-0.286033866995979,-0.29982222597112623,-56.6021156410049,58.4021156410048,1,15
DROP0P5_SUPPORT,1.25,0.75,TRAIN,148,0.4189189189189189,0.5457610958385771,-0.2615007813581412,-0.28863678144462684,-0.3022047814878698,-38.702115641004895,40.202115641004895,0,10
DROP0P5_SUPPORT,1.25,0.75,OOS,71,0.43661971830985913,0.58125,-0.23591549295774647,-0.26441089039879734,-0.2786585891193228,-16.75,18.25,0,5
DROP0P5_SUPPORT,1.25,0.75,YTD2026,13,0.38461538461538464,0.46875,-0.3269230769230769,-0.35753594253864424,-0.37284237534642795,-4.25,5.75,0,1
DROP0P5_SUPPORT,1.25,0.75,FULL,219,0.4246575342465753,0.5570992122848458,-0.253206007493173,-0.28078272544346755,-0.29457108441861474,-55.452115641004895,57.702115641004895,0,15
DROP0P5_SUPPORT,1.25,1.0,TRAIN,148,0.38513513513513514,0.6202370861613214,-0.23145552885298287,-0.2585915289394686,-0.27215952898271134,-34.255418270241464,36.255418270241464,0,10
DROP0P5_SUPPORT,1.25,1.0,OOS,71,0.36619718309859156,0.5777777777777777,-0.2676056338028169,-0.2961010312438678,-0.31034872996439317,-19.0,21.0,0,5
DROP0P5_SUPPORT,1.25,1.0,YTD2026,13,0.3076923076923077,0.4444444444444444,-0.38461538461538464,-0.41522825023095183,-0.4305346830387356,-5.0,7.0,0,1
DROP0P5_SUPPORT,1.25,1.0,FULL,219,0.3789954337899543,0.6061051410493622,-0.24317542589151353,-0.270752143841808,-0.2845405028169553,-53.255418270241464,56.255418270241464,0,15
DROP0P5_SUPPORT,1.5,0.2,TRAIN,148,0.75,0.5999999999999999,-0.09999999999999999,-0.12261333340540476,-0.13392000010810712,-14.799999999999999,18.0,2,10
DROP0P5_SUPPORT,1.5,0.2,OOS,71,0.6901408450704225,0.4454545454545454,-0.17183098591549298,-0.195577150449702,-0.20745023271680652,-12.200000000000001,13.400000000000016,1,5
DROP0P5_SUPPORT,1.5,0.2,YTD2026,13,0.6153846153846154,0.32,-0.2615384615384615,-0.2870491828847676,-0.29980454355792074,-3.3999999999999995,3.8,0,1
DROP0P5_SUPPORT,1.5,0.2,FULL,219,0.730593607305936,0.5423728813559321,-0.1232876712328767,-0.1462682695247888,-0.15775856867074484,-27.0,30.000000000000043,3,15
DROP0P5_SUPPORT,1.5,0.25,TRAIN,148,0.7364864864864865,0.6987179487179487,-0.07939189189189189,-0.10200522529729666,-0.11331189199999903,-11.75,15.5,2,10
DROP0P5_SUPPORT,1.5,0.25,OOS,71,0.676056338028169,0.5217391304347826,-0.15492957746478872,-0.17867574199899786,-0.19054882426610234,-11.0,12.75,1,5
DROP0P5_SUPPORT,1.5,0.25,YTD2026,13,0.5384615384615384,0.2916666666666667,-0.3269230769230769,-0.35243379826938315,-0.36518915894253606,-4.25,4.75,0,1
DROP0P5_SUPPORT,1.5,0.25,FULL,219,0.7168949771689498,0.6330645161290323,-0.10388127853881278,-0.12686187683072486,-0.13835217597668092,-22.75,26.0,3,15
DROP0P5_SUPPORT,1.5,0.3,TRAIN,148,0.722972972972973,0.7829268292682925,-0.06013513513513515,-0.0827484685405399,-0.09405513524324226,-8.900000000000002,13.10000000000001,2,10
DROP0P5_SUPPORT,1.5,0.3,OOS,71,0.6619718309859155,0.5875000000000002,-0.13943661971830984,-0.16318278425251892,-0.1750558665196235,-9.899999999999999,12.200000000000003,1,5
DROP0P5_SUPPORT,1.5,0.3,YTD2026,13,0.5384615384615384,0.35000000000000003,-0.30000000000000004,-0.3255107213463061,-0.3382660820194591,-3.9000000000000004,4.5,0,1
DROP0P5_SUPPORT,1.5,0.3,FULL,219,0.7031963470319634,0.7107692307692307,-0.08584474885844749,-0.10882534715035957,-0.12031564629631564,-18.8,22.199999999999978,3,15
DROP0P5_SUPPORT,1.5,0.4,TRAIN,148,0.6554054054054054,0.7607843137254902,-0.08243243243243244,-0.10504576583783717,-0.11635243254053954,-12.200000000000001,14.79999999999998,0,10
DROP0P5_SUPPORT,1.5,0.4,OOS,71,0.6338028169014085,0.6923076923076921,-0.11267605633802817,-0.13642222087223727,-0.14829530313934175,-8.0,9.99999999999999,1,5
DROP0P5_SUPPORT,1.5,0.4,YTD2026,13,0.5384615384615384,0.4666666666666666,-0.24615384615384617,-0.27166456750015233,-0.2844199281733053,-3.2,4.2,0,1
DROP0P5_SUPPORT,1.5,0.4,FULL,219,0.6484018264840182,0.7376623376623375,-0.09223744292237444,-0.11521804121428653,-0.12670834036024256,-20.200000000000003,21.400000000000013,1,15
DROP0P5_SUPPORT,1.5,0.5,TRAIN,148,0.5743243243243243,0.6939632651134026,-0.12663807280450592,-0.14925140620991065,-0.160558072912613,-18.742434775066876,22.242434775066876,3,10
DROP0P5_SUPPORT,1.5,0.5,OOS,71,0.5915492957746479,0.7241379310344828,-0.11267605633802817,-0.13642222087223727,-0.14829530313934178,-8.0,11.0,1,5
DROP0P5_SUPPORT,1.5,0.5,YTD2026,13,0.5384615384615384,0.5833333333333334,-0.19230769230769232,-0.21781841365399843,-0.23057377432715148,-2.5,4.0,0,1
DROP0P5_SUPPORT,1.5,0.5,FULL,219,0.5799086757990868,0.703660092486162,-0.12211157431537387,-0.14509217260728594,-0.156582471753242,-26.742434775066876,28.242434775066876,4,15
DROP0P5_SUPPORT,1.5,0.6,TRAIN,148,0.5472972972972973,0.7449139531281416,-0.11244888361531671,-0.1350622170207215,-0.14636888372342385,-16.642434775066874,21.642434775066874,1,10
DROP0P5_SUPPORT,1.5,0.6,OOS,71,0.5211267605633803,0.6529411764705885,-0.16619718309859155,-0.18994334763280069,-0.20181642989990514,-11.8,14.40000000000001,1,5
DROP0P5_SUPPORT,1.5,0.6,YTD2026,13,0.46153846153846156,0.5142857142857143,-0.2615384615384615,-0.28704918288476766,-0.29980454355792074,-3.3999999999999995,4.8,0,1
DROP0P5_SUPPORT,1.5,0.6,FULL,219,0.5388127853881278,0.7134045044387339,-0.12987413139299944,-0.15285472968491154,-0.16434502883086755,-28.44243477506688,30.842434775066817,2,15
DROP0P5_SUPPORT,1.5,0.75,TRAIN,148,0.5,0.7616500705085337,-0.11634445429006111,-0.13895778769546582,-0.1502644543981682,-17.218979234929044,19.718979234929044,1,10
DROP0P5_SUPPORT,1.5,0.75,OOS,71,0.4647887323943662,0.6513157894736842,-0.18661971830985916,-0.2103658828440683,-0.22223896511117272,-13.25,17.0,2,5
DROP0P5_SUPPORT,1.5,0.75,YTD2026,13,0.3076923076923077,0.3333333333333333,-0.46153846153846156,-0.48704918288476773,-0.4998045435579207,-6.0,7.5,0,1
DROP0P5_SUPPORT,1.5,0.75,FULL,219,0.4885844748858447,0.7236184115753936,-0.13912775906360295,-0.16210835735551501,-0.17359865650147105,-30.468979234929044,32.718979234929044,3,15
DROP0P5_SUPPORT,1.5,1.0,TRAIN,148,0.46621621621621623,0.8682063196358634,-0.06878422134657328,-0.09139755475197803,-0.10270422145468042,-10.180064759292845,13.180064759292845,3,10
DROP0P5_SUPPORT,1.5,1.0,OOS,71,0.4225352112676056,0.7145185297571752,-0.16485549690078616,-0.1886016614349953,-0.20047474370209978,-11.704740279955818,14.704740279955818,1,5
DROP0P5_SUPPORT,1.5,1.0,YTD2026,13,0.23076923076923078,0.3,-0.5384615384615384,-0.5639722598078447,-0.5767276204809977,-7.0,7.0,0,1
DROP0P5_SUPPORT,1.5,1.0,FULL,219,0.4520547945205479,0.8149158119005226,-0.0999306166175738,-0.12291121490948591,-0.13440151405544196,-21.88480503924866,23.884805039248665,4,15
DROP0P5_SUPPORT,1.75,0.2,TRAIN,148,0.7972972972972973,0.7866666666666666,-0.04324324324324324,-0.06262610044787588,-0.0723175290501922,-6.3999999999999995,9.599999999999987,4,10
DROP0P5_SUPPORT,1.75,0.2,OOS,71,0.7183098591549296,0.5099999999999999,-0.13802816901408452,-0.15838202432912088,-0.168558951986639,-9.8,12.199999999999996,2,5
DROP0P5_SUPPORT,1.75,0.2,YTD2026,13,0.6153846153846154,0.32,-0.2615384615384615,-0.28340479412100966,-0.29433796041228366,-3.3999999999999995,3.8000000000000003,0,1
DROP0P5_SUPPORT,1.75,0.2,FULL,219,0.771689497716895,0.6759999999999999,-0.07397260273972604,-0.09367025841850782,-0.1035190862578987,-16.200000000000003,19.200000000000003,6,15
DROP0P5_SUPPORT,1.75,0.25,TRAIN,148,0.7905405405405406,0.9435483870967742,-0.011824324324324325,-0.03120718152895697,-0.0408986101312733,-1.75,6.75,4,10
DROP0P5_SUPPORT,1.75,0.25,OOS,71,0.704225352112676,0.5952380952380952,-0.11971830985915492,-0.14007216517419127,-0.15024909283170945,-8.5,11.5,2,5
DROP0P5_SUPPORT,1.75,0.25,YTD2026,13,0.6153846153846154,0.4,-0.23076923076923078,-0.25263556335177884,-0.2635687296430529,-3.0,3.5,0,1
DROP0P5_SUPPORT,1.75,0.25,FULL,219,0.7625570776255708,0.8028846153846154,-0.04680365296803653,-0.06650130864681832,-0.07635013648620921,-10.25,14.75,6,15
DROP0P5_SUPPORT,1.75,0.3,TRAIN,148,0.7567567567567568,0.9333333333333331,-0.016216216216216214,-0.03559907342084887,-0.0452905020231652,-2.3999999999999995,7.400000000000002,2,10
DROP0P5_SUPPORT,1.75,0.3,OOS,71,0.676056338028169,0.6260869565217392,-0.1211267605633803,-0.14148061587841665,-0.15165754353593477,-8.600000000000001,10.900000000000006,1,5
DROP0P5_SUPPORT,1.75,0.3,YTD2026,13,0.6153846153846154,0.48,-0.20000000000000004,-0.22186633258254806,-0.23279949887382217,-2.6000000000000005,3.2,0,1
DROP0P5_SUPPORT,1.75,0.3,FULL,219,0.730593607305936,0.8135593220338981,-0.0502283105022831,-0.06992596618106489,-0.07977479402045581,-11.0,14.399999999999991,3,15
DROP0P5_SUPPORT,1.75,0.4,TRAIN,148,0.668918918918919,0.8395913052416314,-0.051120305802634255,-0.07050316300726688,-0.08019459160958319,-7.56580525878987,11.36580525878986,3,10
DROP0P5_SUPPORT,1.75,0.4,OOS,71,0.6338028169014085,0.6923076923076921,-0.11267605633802817,-0.13302991165306452,-0.14320683931058265,-8.0,11.399999999999993,2,5
DROP0P5_SUPPORT,1.75,0.4,YTD2026,13,0.6153846153846154,0.64,-0.13846153846153844,-0.16032787104408655,-0.17126103733536058,-1.7999999999999998,3.0,0,1
DROP0P5_SUPPORT,1.75,0.4,FULL,219,0.6575342465753424,0.7872530042725134,-0.07107673634150626,-0.09077439202028803,-0.10062321985967891,-15.56580525878987,16.765805258789825,5,15
DROP0P5_SUPPORT,1.75,0.5,TRAIN,148,0.6283783783783784,0.8746223211264572,-0.04503922472155316,-0.06442208192618581,-0.07411351052850214,-6.6658052587898675,11.06343292076811,4,10
DROP0P5_SUPPORT,1.75,0.5,OOS,71,0.5774647887323944,0.7017542580205454,-0.12271134262035338,-0.14306519793538972,-0.1532421255929079,-8.71250532604509,12.5,2,5
DROP0P5_SUPPORT,1.75,0.5,YTD2026,13,0.5384615384615384,0.5833333333333334,-0.19230769230769232,-0.21417402489024037,-0.22510719118151443,-2.5,3.5,0,1
DROP0P5_SUPPORT,1.75,0.5,FULL,219,0.6118721461187214,0.8133208792987076,-0.0702205962777852,-0.08991825195656698,-0.09976707979595789,-15.378310584834958,17.775938246813197,6,15
DROP0P5_SUPPORT,1.75,0.6,TRAIN,148,0.5743243243243243,0.8337992083030905,-0.06868787337020181,-0.08807073057483447,-0.0977621591771508,-10.165805258789868,11.807801235771622,2,10
DROP0P5_SUPPORT,1.75,0.6,OOS,71,0.5070422535211268,0.6313480931651179,-0.17764092008514212,-0.19799477540017849,-0.2081717030576966,-12.61250532604509,16.000000000000007,1,5
DROP0P5_SUPPORT,1.75,0.6,YTD2026,13,0.38461538461538464,0.375,-0.3846153846153847,-0.40648171719793275,-0.4174148834892068,-5.000000000000001,6.199999999999999,0,1
DROP0P5_SUPPORT,1.75,0.6,FULL,219,0.5525114155251142,0.7611793452288648,-0.10401055061568475,-0.12370820629446655,-0.13355703413385742,-22.77831058483496,24.620306561816705,3,15
DROP0P5_SUPPORT,1.75,0.75,TRAIN,148,0.5405405405405406,0.8865697718213837,-0.050710826946800104,-0.07009368415143274,-0.07978511275374905,-7.505202388126415,12.047198365108153,2,10
DROP0P5_SUPPORT,1.75,0.75,OOS,71,0.4788732394366197,0.6848226412940707,-0.1607515743772858,-0.1811054296923221,-0.1912823573498403,-11.413361780787291,15.700856454742201,1,5
DROP0P5_SUPPORT,1.75,0.75,YTD2026,13,0.38461538461538464,0.46875,-0.3269230769230769,-0.348789409505625,-0.35972257579689904,-4.25,5.75,0,1
DROP0P5_SUPPORT,1.75,0.75,FULL,219,0.5205479452054794,0.8152092561320691,-0.08638613775759682,-0.10608379343637861,-0.1159326212757695,-18.918564168913704,22.710560145895442,3,15
DROP0P5_SUPPORT,1.75,1.0,TRAIN,148,0.4864864864864865,0.9495417825706933,-0.025101470028876128,-0.04448432723350878,-0.054175755835825096,-3.715017564273667,13.12463029661823,3,10
DROP0P5_SUPPORT,1.75,1.0,OOS,71,0.43661971830985913,0.7661330940108444,-0.1259814992611661,-0.14633535457620245,-0.15651228223372066,-8.944686447542795,12.732181121497703,2,5
DROP0P5_SUPPORT,1.75,1.0,YTD2026,13,0.3076923076923077,0.4444444444444444,-0.38461538461538464,-0.4064817171979327,-0.41741488348920675,-5.0,5.0,0,1
DROP0P5_SUPPORT,1.75,1.0,FULL,219,0.4703196347031963,0.8868381363095353,-0.05780686763386512,-0.0775045233126469,-0.08735335115203781,-12.65970401181646,18.06931674416102,5,15
DROP0P5_SUPPORT,2.0,0.2,TRAIN,148,0.8378378378378378,1.0333333333333334,0.005405405405405398,-0.011554594648648147,-0.020034594675674932,0.7999999999999989,6.6,6,10
DROP0P5_SUPPORT,2.0,0.2,OOS,71,0.7887323943661971,0.7466666666666666,-0.05352112676056335,-0.07133075016122017,-0.08023556186154857,-3.799999999999998,6.599999999999998,2,5
DROP0P5_SUPPORT,2.0,0.2,YTD2026,13,0.6923076923076923,0.45,-0.1692307692307692,-0.18836381024049884,-0.19793033074536362,-2.1999999999999997,2.6000000000000005,0,1
DROP0P5_SUPPORT,2.0,0.2,FULL,219,0.821917808219178,0.9230769230769229,-0.013698630136986306,-0.030934078855920356,-0.0395518032153874,-3.000000000000001,8.399999999999997,8,15
DROP0P5_SUPPORT,2.0,0.25,TRAIN,148,0.8040540540540541,1.0258620689655173,0.005067567567567568,-0.011892432486485992,-0.020372432513512784,0.75,7.0,5,10
DROP0P5_SUPPORT,2.0,0.25,OOS,71,0.7464788732394366,0.7361111111111112,-0.06690140845070422,-0.08471103185136103,-0.09361584355168942,-4.75,6.5,2,5
DROP0P5_SUPPORT,2.0,0.25,YTD2026,13,0.6153846153846154,0.4,-0.23076923076923078,-0.2499022717789603,-0.25946879228382513,-3.0,3.5,0,1
DROP0P5_SUPPORT,2.0,0.25,FULL,219,0.7853881278538812,0.9148936170212766,-0.0182648401826484,-0.03550028890158247,-0.044118013261049506,-4.0,8.5,7,15
DROP0P5_SUPPORT,2.0,0.3,TRAIN,148,0.7702702702702703,1.0058823529411762,0.001351351351351354,-0.015608648702702226,-0.02408864872972901,0.2000000000000004,6.100000000000001,3,10
DROP0P5_SUPPORT,2.0,0.3,OOS,71,0.7464788732394366,0.8833333333333335,-0.029577464788732414,-0.047387088189389207,-0.056291899889717605,-2.1000000000000014,4.8,2,5
DROP0P5_SUPPORT,2.0,0.3,YTD2026,13,0.6153846153846154,0.48,-0.20000000000000004,-0.21913304100972958,-0.2286995615145944,-2.6000000000000005,3.2,0,1
DROP0P5_SUPPORT,2.0,0.3,FULL,219,0.7625570776255708,0.9634615384615384,-0.008675799086757988,-0.025911247805692064,-0.03452897216515911,-1.8999999999999992,6.100000000000001,5,15
DROP0P5_SUPPORT,2.0,0.4,TRAIN,148,0.668918918918919,0.8421933849466787,-0.050135672982710384,-0.06709567303676392,-0.07557567306379069,-7.420079601441137,14.055503805672084,4,10
DROP0P5_SUPPORT,2.0,0.4,OOS,71,0.676056338028169,0.8654128754723799,-0.0420555233843585,-0.0598651467850153,-0.06876995848534367,-2.9859421602894534,5.8000000000000025,2,5
DROP0P5_SUPPORT,2.0,0.4,YTD2026,13,0.6153846153846154,0.64,-0.13846153846153844,-0.15759457947126804,-0.16716109997613285,-1.7999999999999998,3.0,0,1
DROP0P5_SUPPORT,2.0,0.4,FULL,219,0.6712328767123288,0.8496370475165083,-0.04751608110379265,-0.0647515298227267,-0.07336925418219374,-10.40602176173059,14.055503805672084,6,15
DROP0P5_SUPPORT,2.0,0.5,TRAIN,148,0.6283783783783784,0.877026220057506,-0.04405459190162928,-0.06101459195568285,-0.06949459198270964,-6.520079601441134,13.555503805672098,4,10
DROP0P5_SUPPORT,2.0,0.5,OOS,71,0.5774647887323944,0.7023929495718801,-0.12233721352520358,-0.14014683692586036,-0.1490516486261888,-8.685942160289454,11.5,2,5
DROP0P5_SUPPORT,2.0,0.5,YTD2026,13,0.38461538461538464,0.3125,-0.4230769230769231,-0.44220996408665264,-0.4517764845915174,-5.5,6.5,0,1
DROP0P5_SUPPORT,2.0,0.5,FULL,219,0.6118721461187214,0.8150254514711298,-0.06943388932297073,-0.08666933804190477,-0.09528706240137182,-15.20602176173059,19.241445965961553,6,15
DROP0P5_SUPPORT,2.0,0.6,TRAIN,148,0.5945945945945946,0.8927388219326736,-0.04204933844331494,-0.059009338497368544,-0.06748933852439531,-6.223302089610611,11.658726293841582,2,10
DROP0P5_SUPPORT,2.0,0.6,OOS,71,0.5774647887323944,0.8428715394862561,-0.06459073465196415,-0.08240035805262093,-0.09130516975294932,-4.585942160289454,8.2,2,5
DROP0P5_SUPPORT,2.0,0.6,YTD2026,13,0.38461538461538464,0.375,-0.3846153846153847,-0.40374842562511415,-0.41331494612997904,-5.000000000000001,6.199999999999999,0,1
DROP0P5_SUPPORT,2.0,0.6,FULL,219,0.589041095890411,0.8760493365993267,-0.04935727967990898,-0.06659272839884305,-0.07521045275831008,-10.809244249900066,15.644668454131057,4,15
DROP0P5_SUPPORT,2.0,0.75,TRAIN,148,0.5540540540540541,0.9379366268466626,-0.02684663574061225,-0.04380663579466583,-0.0522866358216926,-3.973302089610613,11.258726293841574,3,10
DROP0P5_SUPPORT,2.0,0.75,OOS,71,0.5352112676056338,0.8412159544937522,-0.07198048034705432,-0.08979010374771111,-0.0986949154480395,-5.110614104640857,7.924671944351403,2,5
DROP0P5_SUPPORT,2.0,0.75,YTD2026,13,0.3076923076923077,0.3333333333333333,-0.46153846153846156,-0.4806715025481911,-0.49023802305305586,-6.0,6.0,0,1
DROP0P5_SUPPORT,2.0,0.75,FULL,219,0.547945205479452,0.9055785071671582,-0.041479069380143695,-0.05871451809907775,-0.06733224245854479,-9.083916194251469,14.11934039848243,5,15
DROP0P5_SUPPORT,2.0,1.0,TRAIN,148,0.5067567567567568,1.0118795914568524,0.005579881282765959,-0.011380118771287596,-0.019860118798314386,0.8258224298493619,12.77970507547374,3,10
DROP0P5_SUPPORT,2.0,1.0,OOS,71,0.4788732394366197,0.9037166757779375,-0.04775659124063462,-0.0655662146412914,-0.07447102634161983,-3.390717978085058,7.204775817795605,3,5
DROP0P5_SUPPORT,2.0,1.0,YTD2026,13,0.3076923076923077,0.4444444444444444,-0.38461538461538464,-0.40374842562511415,-0.41331494612997893,-5.0,5.0,0,1
DROP0P5_SUPPORT,2.0,1.0,FULL,219,0.4977168949771689,0.9755099408543124,-0.01171185181842784,-0.028947300537361914,-0.03756502489682892,-2.5648955482356968,12.77970507547374,6,15
DROP0P5_SUPPORT,2.25,0.2,TRAIN,148,0.831081081081081,0.9840000000000001,-0.00270270270270271,-0.01777825830630586,-0.025316036108107443,-0.400000000000001,6.6,6,10
DROP0P5_SUPPORT,2.25,0.2,OOS,71,0.7887323943661971,0.7466666666666666,-0.053521126760563364,-0.06935190311670275,-0.07726729129477246,-3.799999999999999,6.4,2,5
DROP0P5_SUPPORT,2.25,0.2,YTD2026,13,0.6153846153846154,0.32,-0.2615384615384615,-0.2785456091026657,-0.2870491828847676,-3.3999999999999995,3.8000000000000003,0,1
DROP0P5_SUPPORT,2.25,0.2,FULL,219,0.817351598173516,0.8949999999999999,-0.019178082191780823,-0.034498481053055544,-0.042158680483692895,-4.2,8.400000000000002,8,15
DROP0P5_SUPPORT,2.25,0.25,TRAIN,148,0.7972972972972973,0.9833333333333333,-0.0033783783783783786,-0.018453933981981554,-0.02599171178378313,-0.5,6.5,4,10
DROP0P5_SUPPORT,2.25,0.25,OOS,71,0.7746478873239436,0.859375,-0.03169014084507042,-0.04752091720120981,-0.0554363053792795,-2.25,4.75,2,5
DROP0P5_SUPPORT,2.25,0.25,YTD2026,13,0.6153846153846154,0.4,-0.23076923076923078,-0.2477763783334348,-0.2562799521155369,-3.0,3.5,0,1
DROP0P5_SUPPORT,2.25,0.25,FULL,219,0.7899543378995434,0.9402173913043478,-0.012557077625570776,-0.027877476486845514,-0.035537675917482865,-2.75,7.25,6,15
DROP0P5_SUPPORT,2.25,0.3,TRAIN,148,0.7364864864864865,0.886017087470206,-0.02842390151015696,-0.04349945711376015,-0.051037234915561724,-4.20673742350323,8.906737423503236,3,10
DROP0P5_SUPPORT,2.25,0.3,OOS,71,0.7464788732394366,0.8833333333333335,-0.029577464788732404,-0.04540824114487178,-0.05332362932294148,-2.1000000000000005,4.3999999999999995,2,5
DROP0P5_SUPPORT,2.25,0.3,YTD2026,13,0.6153846153846154,0.48,-0.20000000000000004,-0.21700714756420408,-0.22551072134630615,-2.6000000000000005,3.2,0,1
DROP0P5_SUPPORT,2.25,0.3,FULL,219,0.7397260273972602,0.8851372760530551,-0.028797887778553553,-0.0441182866398283,-0.05177848607046567,-6.306737423503228,8.906737423503236,5,15
DROP0P5_SUPPORT,2.25,0.4,TRAIN,148,0.6554054054054054,0.7933467257080573,-0.06828876637502183,-0.08336432197862498,-0.09090209978042657,-10.106737423503231,15.649336716152959,2,10
DROP0P5_SUPPORT,2.25,0.4,OOS,71,0.6619718309859155,0.8115593008846569,-0.061482843947285794,-0.07731362030342513,-0.08522900848149487,-4.365281920257291,6.800000000000001,2,5
DROP0P5_SUPPORT,2.25,0.4,YTD2026,13,0.5384615384615384,0.4666666666666666,-0.24615384615384617,-0.2631609937180502,-0.27166456750015233,-3.2,4.0,0,1
DROP0P5_SUPPORT,2.25,0.4,FULL,219,0.6575342465753424,0.7992005846994016,-0.06608228010849555,-0.08140267896977024,-0.08906287840040762,-14.472019343760525,17.61461863641023,4,15
DROP0P5_SUPPORT,2.25,0.5,TRAIN,148,0.6013513513513513,0.7763984669269997,-0.08597590358160816,-0.10105145918521137,-0.10858923698701294,-12.724433730078008,14.867033022727753,2,10
DROP0P5_SUPPORT,2.25,0.5,OOS,71,0.6056338028169014,0.801869588053516,-0.0748216896042327,-0.0906524659603721,-0.09856785413844178,-5.312339961900522,9.64705804164323,3,5
DROP0P5_SUPPORT,2.25,0.5,YTD2026,13,0.38461538461538464,0.32692311034987126,-0.3959275416648638,-0.412934689229068,-0.4214382630111701,-5.14705804164323,6.14705804164323,0,1
DROP0P5_SUPPORT,2.25,0.5,FULL,219,0.6027397260273972,0.7845559906382435,-0.08235969722364626,-0.097680096084921,-0.10534029551555836,-18.03677369197853,20.679372984628277,5,15
DROP0P5_SUPPORT,2.25,0.6,TRAIN,148,0.5743243243243243,0.8271864357261772,-0.07045065268627503,-0.08552620828987821,-0.09306398609167978,-10.426696597568704,14.969295890218454,3,10
DROP0P5_SUPPORT,2.25,0.6,OOS,71,0.5774647887323944,0.8307824063107647,-0.06866978643533805,-0.08450056279147747,-0.09241595096954715,-4.875554836909002,8.84705804164323,2,5
DROP0P5_SUPPORT,2.25,0.6,YTD2026,13,0.38461538461538464,0.3923077324198455,-0.35746600320332544,-0.3744731507675295,-0.3829767245496315,-4.6470580416432306,5.84705804164323,0,1
DROP0P5_SUPPORT,2.25,0.6,FULL,219,0.5753424657534246,0.8283486509189952,-0.06987329422135938,-0.08519369308263412,-0.09285389251327149,-15.302251434477704,19.244850727127478,5,15
DROP0P5_SUPPORT,2.25,0.75,TRAIN,148,0.5337837837837838,0.8814408690476597,-0.05244667838674856,-0.06752223399035173,-0.07506001179215332,-7.762108401238787,15.154707693888529,3,10
DROP0P5_SUPPORT,2.25,0.75,OOS,71,0.5492957746478874,0.9000817520722852,-0.043362183430228365,-0.05919295978636776,-0.06710834796443745,-3.0787150235462137,7.950218228280442,3,5
DROP0P5_SUPPORT,2.25,0.75,YTD2026,13,0.3076923076923077,0.34693880688117823,-0.43438908012640226,-0.45139622769060644,-0.4598998014727084,-5.64705804164323,5.64705804164323,0,1
DROP0P5_SUPPORT,2.25,0.75,FULL,219,0.5388127853881278,0.8874063151198146,-0.04950147682550229,-0.06482187568677703,-0.07248207511741439,-10.840823424785,15.983422717434745,6,15
DROP0P5_SUPPORT,2.25,1.0,TRAIN,148,0.4864864864864865,0.9001514545514082,-0.04790101838602183,-0.062976573989625,-0.0705143517914266,-7.089350721131231,16.84412030593988,3,10
DROP0P5_SUPPORT,2.25,1.0,OOS,71,0.4788732394366197,0.9546859508115374,-0.021214542769568193,-0.03704531912570758,-0.04496070730377728,-1.5062325366393416,8.87773574137357,3,5
DROP0P5_SUPPORT,2.25,1.0,YTD2026,13,0.15384615384615385,0.2210478061303469,-0.5421397350860991,-0.5591468826503033,-0.5676504564324054,-7.047816556119289,7.047816556119289,0,1
DROP0P5_SUPPORT,2.25,1.0,FULL,219,0.4840182648401826,0.9175411633953441,-0.03924923861995695,-0.05456963748123171,-0.062229836911869035,-8.595583257770572,16.84412030593988,6,15
DROP0P5_SUPPORT,2.5,0.2,TRAIN,148,0.8175675675675675,0.8962962962962964,-0.018918918918918923,-0.03248691896216176,-0.03927091898378319,-2.8000000000000007,6.999999999999995,4,10
DROP0P5_SUPPORT,2.5,0.2,OOS,71,0.7887323943661971,0.7466666666666666,-0.053521126760563364,-0.06776882548108881,-0.07489267484135152,-3.799999999999999,5.1999999999999975,2,5
DROP0P5_SUPPORT,2.5,0.2,YTD2026,13,0.6923076923076923,0.45,-0.1692307692307692,-0.1845372020385529,-0.19219041844244475,-2.1999999999999997,2.6000000000000005,0,1
DROP0P5_SUPPORT,2.5,0.2,FULL,219,0.8082191780821918,0.8428571428571426,-0.030136986301369864,-0.0439253452765171,-0.05081952476409073,-6.6000000000000005,9.599999999999978,6,15
DROP0P5_SUPPORT,2.5,0.25,TRAIN,148,0.7905405405405406,0.9435483870967742,-0.011824324324324325,-0.02539232436756717,-0.03217632438918861,-1.75,6.5,5,10
DROP0P5_SUPPORT,2.5,0.25,OOS,71,0.7887323943661971,0.9333333333333333,-0.014084507042253521,-0.028332205762778954,-0.03545605512304169,-1.0,3.75,2,5
DROP0P5_SUPPORT,2.5,0.25,YTD2026,13,0.6923076923076923,0.5625,-0.1346153846153846,-0.14992181742316826,-0.15757503382706012,-1.75,2.25,0,1
DROP0P5_SUPPORT,2.5,0.25,FULL,219,0.7899543378995434,0.9402173913043478,-0.012557077625570776,-0.026345436600718027,-0.03323961608829165,-2.75,6.5,7,15
DROP0P5_SUPPORT,2.5,0.3,TRAIN,148,0.7162162162162162,0.8280297991542342,-0.04462442535673337,-0.058192425399976225,-0.06497642542159764,-6.604414952796539,11.132754316181313,4,10
DROP0P5_SUPPORT,2.5,0.3,OOS,71,0.7464788732394366,0.8833333333333335,-0.029577464788732397,-0.043825163509257845,-0.050949012869520575,-2.1,4.3999999999999995,2,5
DROP0P5_SUPPORT,2.5,0.3,YTD2026,13,0.6923076923076923,0.6749999999999999,-0.09999999999999999,-0.11530643280778372,-0.12295964921167551,-1.2999999999999998,1.9,0,1
DROP0P5_SUPPORT,2.5,0.3,FULL,219,0.726027397260274,0.8456784817273426,-0.039746186999070954,-0.05353454597421822,-0.060428725461791837,-8.704414952796538,11.132754316181313,6,15
DROP0P5_SUPPORT,2.5,0.4,TRAIN,148,0.6554054054054054,0.8184891647462692,-0.05813793887024688,-0.07170593891348971,-0.07848993893511115,-8.604414952796539,13.204414952796528,3,10
DROP0P5_SUPPORT,2.5,0.4,OOS,71,0.6197183098591549,0.7043417746134528,-0.10405449305236103,-0.11830219177288645,-0.12542604113314923,-7.387869006717633,9.839115278486071,2,5
DROP0P5_SUPPORT,2.5,0.4,YTD2026,13,0.46153846153846156,0.3646112990330063,-0.3217194028829927,-0.3370258356907765,-0.3446790520946683,-4.182352237478906,4.982352237478906,0,1
DROP0P5_SUPPORT,2.5,0.4,FULL,219,0.6438356164383562,0.779088556337607,-0.0730241276690145,-0.0868124866441617,-0.09370666613173535,-15.992283959514175,18.39228395951414,5,15
DROP0P5_SUPPORT,2.5,0.5,TRAIN,148,0.6216216216216216,0.861328612295779,-0.04910130367116297,-0.06266930371440584,-0.06945330373602725,-7.26699294333212,11.49533230671689,4,10
DROP0P5_SUPPORT,2.5,0.5,OOS,71,0.6197183098591549,0.8617941960513416,-0.04864040176108698,-0.06288810048161242,-0.07001194984187513,-3.4534685250371755,7.339115278486071,3,5
DROP0P5_SUPPORT,2.5,0.5,YTD2026,13,0.46153846153846156,0.4557641237912579,-0.2755655567291467,-0.29087198953693033,-0.2985252059408222,-3.582352237478907,4.582352237478907,0,1
DROP0P5_SUPPORT,2.5,0.5,FULL,219,0.6210045662100456,0.8614789366601786,-0.04895187885100135,-0.06274023782614861,-0.06963441731372222,-10.720461468369296,13.448800831754065,7,15
DROP0P5_SUPPORT,2.5,0.6,TRAIN,148,0.5945945945945946,0.9255710148958862,-0.02805660952334771,-0.04162460956659058,-0.04840860958821201,-4.152378209455461,8.780717572840231,4,10
DROP0P5_SUPPORT,2.5,0.6,OOS,71,0.5774647887323944,0.8382296786828592,-0.06376910650984163,-0.0780168052303671,-0.08514065459062979,-4.527606562198756,7.261959446459561,2,5
DROP0P5_SUPPORT,2.5,0.6,YTD2026,13,0.38461538461538464,0.3956555836553281,-0.35248863365222366,-0.36779506646000726,-0.3754482828638992,-4.582352237478908,4.582352237478906,0,1
DROP0P5_SUPPORT,2.5,0.6,FULL,219,0.589041095890411,0.896392620469346,-0.03963463366052155,-0.053422992635668805,-0.060317172123242446,-8.679984771654219,11.508324135038995,6,15
DROP0P5_SUPPORT,2.5,0.75,TRAIN,148,0.5337837837837838,0.8985008919779822,-0.04319650272496575,-0.05676450276820861,-0.06354850278983004,-6.393082403294931,12.501497485230258,3,10
DROP0P5_SUPPORT,2.5,0.75,OOS,71,0.5211267605633803,0.8613490025841911,-0.059309954496856714,-0.07355765321738214,-0.08068150257764486,-4.2110067692768265,7.295359653537632,3,5
DROP0P5_SUPPORT,2.5,0.75,YTD2026,13,0.3076923076923077,0.3777543321651836,-0.3801284112155089,-0.39543484402329254,-0.4030880604271844,-4.941669345801616,4.941669345801616,0,1
DROP0P5_SUPPORT,2.5,0.75,FULL,219,0.5296803652968036,0.8864146029425123,-0.04842049850489389,-0.062208857480041145,-0.06910303696761476,-10.604089172571761,13.212504254507085,6,15
DROP0P5_SUPPORT,2.5,1.0,TRAIN,148,0.49324324324324326,0.9320585096735082,-0.03062358822542336,-0.04419158826866622,-0.05097558829028763,-4.532291057362658,15.863501580547268,3,10
DROP0P5_SUPPORT,2.5,1.0,OOS,71,0.4788732394366197,0.9800898286240329,-0.008898430985373379,-0.023146129705898813,-0.030269979066161534,-0.6317885999615099,6.709378443215151,3,5
DROP0P5_SUPPORT,2.5,1.0,YTD2026,13,0.15384615384615385,0.24089559173989192,-0.48479630837154375,-0.5001027411793275,-0.5077559575832192,-6.302352008830069,6.302352008830069,0,1
DROP0P5_SUPPORT,2.5,1.0,FULL,219,0.4885844748858447,0.9475412080172411,-0.02358027240787292,-0.03736863138302014,-0.04426281087059377,-5.164079657324169,15.863501580547268,6,15
DROP0P5_SUPPORT,3.0,0.2,TRAIN,148,0.831081081081081,0.9840000000000001,-0.00270270270270271,-0.014009369405405068,-0.019662702756756262,-0.400000000000001,5.799999999999998,5,10
DROP0P5_SUPPORT,3.0,0.2,OOS,71,0.8169014084507042,0.8923076923076921,-0.019718309859154928,-0.03159139212625945,-0.03752793325981174,-1.4,4.0,2,5
DROP0P5_SUPPORT,3.0,0.2,YTD2026,13,0.7692307692307693,0.6666666666666666,-0.07692307692307694,-0.08967843759622998,-0.0960561179328065,-1.0000000000000002,1.4000000000000004,0,1
DROP0P5_SUPPORT,3.0,0.2,FULL,219,0.8264840182648402,0.9526315789473682,-0.00821917808219179,-0.01970947722814782,-0.02545462680112584,-1.800000000000002,5.799999999999998,7,15
DROP0P5_SUPPORT,3.0,0.25,TRAIN,148,0.7635135135135135,0.9063101252293606,-0.01973206617565619,-0.031038732878358566,-0.03669206622970975,-2.9203457939971162,7.978724460457956,4,10
DROP0P5_SUPPORT,3.0,0.25,OOS,71,0.7746478873239436,0.8746820470452364,-0.02774645021814092,-0.039619532485245475,-0.045556073618797724,-1.9699979654880053,4.25,2,5
DROP0P5_SUPPORT,3.0,0.25,YTD2026,13,0.7692307692307693,0.8333333333333334,-0.038461538461538464,-0.05121689913469153,-0.057594579471268066,-0.5,1.25,0,1
DROP0P5_SUPPORT,3.0,0.25,FULL,219,0.7671232876712328,0.8957068051245437,-0.02233033680130192,-0.03382063594725797,-0.039565785520235985,-4.890343759485121,7.978724460457956,6,15
DROP0P5_SUPPORT,3.0,0.3,TRAIN,148,0.722972972972973,0.9194961422723081,-0.018989349932458783,-0.030296016635161176,-0.035949349986512356,-2.8104237900038997,7.110423790003909,5,10
DROP0P5_SUPPORT,3.0,0.3,OOS,71,0.7183098591549296,0.8472732578240201,-0.03884406488056731,-0.05071714714767183,-0.056653688281224135,-2.757928606520279,4.93396716632731,2,5
DROP0P5_SUPPORT,3.0,0.3,YTD2026,13,0.6923076923076923,0.6749999999999999,-0.09999999999999999,-0.11275536067315306,-0.11913304100972957,-1.2999999999999998,2.4,0,1
DROP0P5_SUPPORT,3.0,0.3,FULL,219,0.7214611872146118,0.8948739738997511,-0.02542626665079533,-0.036916565796751385,-0.0426617153697294,-5.568352396524177,7.868352396524199,7,15
DROP0P5_SUPPORT,3.0,0.4,TRAIN,148,0.6756756756756757,0.9384582987029573,-0.01742728906835734,-0.0287339557710597,-0.03438728912241089,-2.579238782116886,6.4844150617142216,5,10
DROP0P5_SUPPORT,3.0,0.4,OOS,71,0.676056338028169,0.9346148267907675,-0.018918621658488736,-0.030791703925593248,-0.03672824505914552,-1.3432221377527003,4.085293531232423,2,5
DROP0P5_SUPPORT,3.0,0.4,YTD2026,13,0.5384615384615384,0.5104558186462088,-0.20656104086403254,-0.2193164015371855,-0.22569408187376208,-2.685293531232423,3.485293531232423,0,1
DROP0P5_SUPPORT,3.0,0.4,FULL,219,0.6757990867579908,0.9371940442931561,-0.017910780456025507,-0.02940107960198154,-0.03514622917495956,-3.9224609198695863,6.4844150617142216,7,15
DROP0P5_SUPPORT,3.0,0.5,TRAIN,148,0.6486486486486487,1.0470154571109906,0.014269599226451863,0.0029629325237494827,-0.0026904008276016924,2.111900685514876,5.701342042286313,6,10
DROP0P5_SUPPORT,3.0,0.5,OOS,71,0.647887323943662,0.9781307467506454,-0.006943710337844638,-0.018816792604949176,-0.024753333738501433,-0.49300343398696933,3.9852935312324225,3,5
DROP0P5_SUPPORT,3.0,0.5,YTD2026,13,0.46153846153846156,0.46258507584157105,-0.268099502402494,-0.28085486307564717,-0.28723254341222365,-3.4852935312324225,3.4852935312324225,0,1
DROP0P5_SUPPORT,3.0,0.5,FULL,219,0.6484018264840182,1.0239969923513708,0.007392224892821491,-0.004098074253134559,-0.009843223826112572,1.6188972515279065,5.701342042286313,9,15
DROP0P5_SUPPORT,3.0,0.6,TRAIN,148,0.5878378378378378,0.9908537917277267,-0.0031472003717972195,-0.014453867074499607,-0.0201072004258508,-0.46578565502598845,8.421229508115498,5,10
DROP0P5_SUPPORT,3.0,0.6,OOS,71,0.5915492957746479,0.9986781810686067,-0.0004464754060334895,-0.012319557673138049,-0.018256098806690296,-0.03169975382837775,5.303920602111031,3,5
DROP0P5_SUPPORT,3.0,0.6,YTD2026,13,0.3076923076923077,0.34762856329288394,-0.34645543093161774,-0.35921079160477076,-0.3655884719413472,-4.50392060211103,4.50392060211103,0,1
DROP0P5_SUPPORT,3.0,0.6,FULL,219,0.589041095890411,0.9933587640739685,-0.0022716228714811217,-0.013761922017437197,-0.019507071590415193,-0.49748540885436565,8.421229508115498,8,15
DROP0P5_SUPPORT,3.0,0.75,TRAIN,148,0.5540540540540541,1.0111355427987194,0.00400798398477055,-0.007298682717931834,-0.01295201606928302,0.5931816297460415,8.162940413034786,5,10
DROP0P5_SUPPORT,3.0,0.75,OOS,71,0.5492957746478874,1.0896957379829157,0.03193987831428982,0.020066796047185278,0.014130254913633027,2.2677313603145772,6.204489487968075,4,5
DROP0P5_SUPPORT,3.0,0.75,YTD2026,13,0.15384615384615385,0.20820351011755783,-0.4388068836898519,-0.451562244363005,-0.45793992469958145,-5.7044894879680745,5.7044894879680745,0,1
DROP0P5_SUPPORT,3.0,0.75,FULL,219,0.5525114155251142,1.0364207634492704,0.013063529634979979,0.00157323048902395,-0.004171919083954083,2.8609129900606156,8.162940413034786,9,15
DROP0P5_SUPPORT,3.0,1.0,TRAIN,148,0.47297297297297297,0.911602652083215,-0.0362941513770693,-0.04760081807977169,-0.05325415143112286,-5.3715344038062565,18.28500735086988,4,10
DROP0P5_SUPPORT,3.0,1.0,OOS,71,0.5070422535211268,1.1563166156381155,0.05875352748810749,0.04688044522100297,0.04094390408745068,4.171500451655632,6.110201370845295,4,5
DROP0P5_SUPPORT,3.0,1.0,YTD2026,13,0.15384615384615385,0.2668634962918738,-0.4062980180162202,-0.4190533786893733,-0.42543105902594974,-5.281874234210862,5.281874234210862,0,1
DROP0P5_SUPPORT,3.0,1.0,FULL,219,0.4840182648401826,0.9862778005926099,-0.005479607087445774,-0.016969906233401808,-0.022715055806379853,-1.2000339521506245,18.28500735086988,8,15
DROP1_SUPPORT,0.75,0.2,TRAIN,95,0.16842105263157894,0.04050632911392405,-0.7978947368421052,-0.8436920590724557,-0.8665907201876308,-75.8,75.99999999999997,0,10
DROP1_SUPPORT,0.75,0.2,OOS,38,0.23684210526315788,0.06206896551724138,-0.7157894736842105,-0.7596127870282433,-0.7815244437002598,-27.2,27.200000000000003,0,5
DROP1_SUPPORT,0.75,0.2,YTD2026,9,0.3333333333333333,0.10000000000000002,-0.6000000000000001,-0.6459149182649369,-0.6688723773974053,-5.4,5.4,0,1
DROP1_SUPPORT,0.75,0.2,FULL,133,0.18796992481203006,0.04629629629629631,-0.7744360902255639,-0.8196694099169665,-0.8422860697626675,-103.0,102.99999999999994,0,15
DROP1_SUPPORT,0.75,0.25,TRAIN,95,0.16842105263157894,0.05063291139240506,-0.7894736842105263,-0.8352710064408768,-0.8581696675560517,-75.0,75.25,0,10
DROP1_SUPPORT,0.75,0.25,OOS,38,0.23684210526315788,0.07758620689655173,-0.7039473684210527,-0.7477706817650854,-0.7696823384371018,-26.75,26.75,0,5
DROP1_SUPPORT,0.75,0.25,YTD2026,9,0.3333333333333333,0.125,-0.5833333333333334,-0.6292482515982702,-0.6522057107307386,-5.25,5.25,0,1
DROP1_SUPPORT,0.75,0.25,FULL,133,0.18796992481203006,0.05787037037037037,-0.7650375939849624,-0.810270913676365,-0.8328875735220661,-101.75,101.75,0,15
DROP1_SUPPORT,0.75,0.3,TRAIN,95,0.16842105263157894,0.060759493670886074,-0.7810526315789474,-0.8268499538092977,-0.8497486149244728,-74.2,74.50000000000003,0,10
DROP1_SUPPORT,0.75,0.3,OOS,38,0.23684210526315788,0.09310344827586206,-0.6921052631578948,-0.7359285765019276,-0.7578402331739439,-26.3,26.299999999999997,0,5
DROP1_SUPPORT,0.75,0.3,YTD2026,9,0.3333333333333333,0.15,-0.5666666666666667,-0.6125815849316036,-0.6355390440640719,-5.1,5.1,0,1
DROP1_SUPPORT,0.75,0.3,FULL,133,0.18796992481203006,0.06944444444444443,-0.7556390977443609,-0.8008724174357634,-0.8234890772814647,-100.5,100.50000000000006,0,15
DROP1_SUPPORT,0.75,0.4,TRAIN,95,0.15789473684210525,0.07500000000000002,-0.7789473684210525,-0.8247446906514031,-0.8476433517665781,-73.99999999999999,74.4,0,10
DROP1_SUPPORT,0.75,0.4,OOS,38,0.23684210526315788,0.12413793103448276,-0.668421052631579,-0.7122443659756117,-0.7341560226476281,-25.400000000000002,25.400000000000006,0,5
DROP1_SUPPORT,0.75,0.4,YTD2026,9,0.3333333333333333,0.20000000000000004,-0.5333333333333333,-0.5792482515982703,-0.6022057107307387,-4.8,4.8,0,1
DROP1_SUPPORT,0.75,0.4,FULL,133,0.18045112781954886,0.08807339449541286,-0.7473684210526316,-0.7926017407440341,-0.8152184005897353,-99.4,99.39999999999995,0,15
DROP1_SUPPORT,0.75,0.5,TRAIN,95,0.15789473684210525,0.09375,-0.7631578947368421,-0.8089552169671926,-0.8318538780823675,-72.5,73.0,0,10
DROP1_SUPPORT,0.75,0.5,OOS,38,0.21052631578947367,0.13333333333333333,-0.6842105263157895,-0.7280338396598223,-0.7499454963318386,-26.0,26.0,0,5
DROP1_SUPPORT,0.75,0.5,YTD2026,9,0.2222222222222222,0.14285714285714285,-0.6666666666666666,-0.7125815849316036,-0.735539044064072,-6.0,6.0,0,1
DROP1_SUPPORT,0.75,0.5,FULL,133,0.17293233082706766,0.10454545454545454,-0.7406015037593985,-0.785834823450801,-0.8084514832965022,-98.5,98.5,0,15
DROP1_SUPPORT,0.75,0.6,TRAIN,95,0.15789473684210525,0.11249999999999998,-0.7473684210526317,-0.7931657432829821,-0.8160644043981571,-71.00000000000001,71.6,0,10
DROP1_SUPPORT,0.75,0.6,OOS,38,0.21052631578947367,0.16,-0.6631578947368421,-0.706981208080875,-0.7288928647528913,-25.2,25.199999999999996,0,5
DROP1_SUPPORT,0.75,0.6,YTD2026,9,0.2222222222222222,0.17142857142857143,-0.6444444444444444,-0.6903593627093814,-0.7133168218418499,-5.8,6.0,0,1
DROP1_SUPPORT,0.75,0.6,FULL,133,0.17293233082706766,0.12545454545454543,-0.7233082706766918,-0.7685415903680942,-0.7911582502137955,-96.2,96.20000000000005,0,15
DROP1_SUPPORT,0.75,0.75,TRAIN,95,0.15789473684210525,0.140625,-0.7236842105263158,-0.7694815327566663,-0.7923801938718412,-68.75,69.5,0,10
DROP1_SUPPORT,0.75,0.75,OOS,38,0.21052631578947367,0.2,-0.631578947368421,-0.6754022607124539,-0.6973139173844702,-24.0,24.0,0,5
DROP1_SUPPORT,0.75,0.75,YTD2026,9,0.2222222222222222,0.21428571428571427,-0.6111111111111112,-0.657026029376048,-0.6799834885085164,-5.5,6.0,0,1
DROP1_SUPPORT,0.75,0.75,FULL,133,0.17293233082706766,0.15681818181818183,-0.6973684210526315,-0.7426017407440341,-0.7652184005897353,-92.75,92.75,0,15
DROP1_SUPPORT,0.75,1.0,TRAIN,95,0.15789473684210525,0.1875,-0.6842105263157895,-0.73000784854614,-0.7529065096613149,-65.0,66.0,0,10
DROP1_SUPPORT,0.75,1.0,OOS,38,0.18421052631578946,0.22580645161290322,-0.631578947368421,-0.6754022607124539,-0.6973139173844702,-24.0,24.0,0,5
DROP1_SUPPORT,0.75,1.0,YTD2026,9,0.2222222222222222,0.2857142857142857,-0.5555555555555556,-0.6014704738204926,-0.6244279329529608,-5.0,6.0,0,1
DROP1_SUPPORT,0.75,1.0,FULL,133,0.16541353383458646,0.1981981981981982,-0.6691729323308271,-0.7144062520222296,-0.7370229118679308,-89.0,89.0,0,15
DROP1_SUPPORT,1.0,0.2,TRAIN,95,0.3894736842105263,0.12758620689655176,-0.5326315789473683,-0.5669795706201312,-0.5841535664565126,-50.599999999999994,51.0,0,10
DROP1_SUPPORT,1.0,0.2,OOS,38,0.4473684210526316,0.1619047619047619,-0.46315789473684216,-0.4960253797448667,-0.5124591222488789,-17.6,17.60000000000001,0,5
DROP1_SUPPORT,1.0,0.2,YTD2026,9,0.4444444444444444,0.16,-0.4666666666666667,-0.5011028553653694,-0.5183209497147208,-4.2,4.2,0,1
DROP1_SUPPORT,1.0,0.2,FULL,133,0.40601503759398494,0.13670886075949362,-0.512781954887218,-0.5467069446557699,-0.5636694395400458,-68.19999999999999,68.39999999999995,0,15
DROP1_SUPPORT,1.0,0.25,TRAIN,95,0.37894736842105264,0.15254237288135594,-0.5263157894736842,-0.5606637811464469,-0.5778377769828285,-50.0,50.5,0,10
DROP1_SUPPORT,1.0,0.25,OOS,38,0.42105263157894735,0.18181818181818182,-0.47368421052631576,-0.5065516955343403,-0.5229854380383527,-18.0,18.0,0,5
DROP1_SUPPORT,1.0,0.25,YTD2026,9,0.4444444444444444,0.2,-0.4444444444444444,-0.4788806331431471,-0.49609872749249856,-4.0,4.0,0,1
DROP1_SUPPORT,1.0,0.25,FULL,133,0.39097744360902253,0.16049382716049382,-0.5112781954887218,-0.5452031852572737,-0.5621656801415496,-68.0,68.25,0,15
DROP1_SUPPORT,1.0,0.3,TRAIN,95,0.3684210526315789,0.17500000000000002,-0.5210526315789474,-0.5554006232517101,-0.5725746190880915,-49.50000000000001,50.1,0,10
DROP1_SUPPORT,1.0,0.3,OOS,38,0.42105263157894735,0.21818181818181817,-0.45263157894736833,-0.485499063955393,-0.5019328064594054,-17.199999999999996,17.199999999999992,0,5
DROP1_SUPPORT,1.0,0.3,YTD2026,9,0.4444444444444444,0.24,-0.4222222222222222,-0.45665841092092485,-0.47387650527027625,-3.8,3.8,0,1
DROP1_SUPPORT,1.0,0.3,FULL,133,0.38345864661654133,0.18658536585365856,-0.5015037593984963,-0.5354287491670481,-0.5523912440513241,-66.70000000000002,67.00000000000004,0,15
DROP1_SUPPORT,1.0,0.4,TRAIN,95,0.35789473684210527,0.22295081967213118,-0.49894736842105264,-0.5332953600938154,-0.5504693559301967,-47.4,48.200000000000024,0,10
DROP1_SUPPORT,1.0,0.4,OOS,38,0.39473684210526316,0.2608695652173914,-0.4473684210526316,-0.4802359060606561,-0.4966696485646684,-17.0,17.0,0,5
DROP1_SUPPORT,1.0,0.4,YTD2026,9,0.3333333333333333,0.20000000000000004,-0.5333333333333333,-0.567769522032036,-0.5849876163813873,-4.8,4.800000000000001,0,1
DROP1_SUPPORT,1.0,0.4,FULL,133,0.3684210526315789,0.2333333333333333,-0.48421052631578954,-0.5181355160843412,-0.5350980109686173,-64.4,64.80000000000005,0,15
DROP1_SUPPORT,1.0,0.5,TRAIN,95,0.3473684210526316,0.2661290322580645,-0.4789473684210526,-0.5132953600938154,-0.5304693559301968,-45.5,46.5,0,10
DROP1_SUPPORT,1.0,0.5,OOS,38,0.39473684210526316,0.32608695652173914,-0.40789473684210525,-0.4407622218501299,-0.45719596435414217,-15.5,15.5,0,5
DROP1_SUPPORT,1.0,0.5,YTD2026,9,0.3333333333333333,0.25,-0.5,-0.5344361886987027,-0.5516542830480541,-4.5,4.5,0,1
DROP1_SUPPORT,1.0,0.5,FULL,133,0.3609022556390977,0.2823529411764706,-0.45864661654135336,-0.49257160630990526,-0.5095341011941812,-61.0,61.5,0,15
DROP1_SUPPORT,1.0,0.6,TRAIN,95,0.3368421052631579,0.30476190476190473,-0.4610526315789473,-0.4954006232517102,-0.5125746190880917,-43.8,44.99999999999998,0,10
DROP1_SUPPORT,1.0,0.6,OOS,38,0.39473684210526316,0.39130434782608686,-0.368421052631579,-0.4012885376396036,-0.41772228014361584,-14.000000000000002,14.000000000000004,0,5
DROP1_SUPPORT,1.0,0.6,YTD2026,9,0.3333333333333333,0.3,-0.4666666666666667,-0.5011028553653694,-0.5183209497147208,-4.2,4.4,0,1
DROP1_SUPPORT,1.0,0.6,FULL,133,0.3533834586466165,0.3279069767441862,-0.4345864661654136,-0.4685114559339653,-0.48547395081824124,-57.800000000000004,58.399999999999956,0,15
DROP1_SUPPORT,1.0,0.75,TRAIN,95,0.29473684210526313,0.31343283582089554,-0.4842105263157895,-0.5185585179885522,-0.5357325138249337,-46.0,47.5,0,10
DROP1_SUPPORT,1.0,0.75,OOS,38,0.3684210526315789,0.4375,-0.35526315789473684,-0.38813064290276145,-0.4045643854067737,-13.5,14.25,0,5
DROP1_SUPPORT,1.0,0.75,YTD2026,9,0.3333333333333333,0.375,-0.4166666666666667,-0.4511028553653693,-0.4683209497147207,-3.75,4.25,0,1
DROP1_SUPPORT,1.0,0.75,FULL,133,0.3157894736842105,0.34615384615384615,-0.4473684210526316,-0.4812934108211835,-0.49825590570545936,-59.5,60.25,0,15
DROP1_SUPPORT,1.0,1.0,TRAIN,95,0.2631578947368421,0.35714285714285715,-0.47368421052631576,-0.5080322021990785,-0.52520619803546,-45.0,47.0,0,10
DROP1_SUPPORT,1.0,1.0,OOS,38,0.21052631578947367,0.26666666666666666,-0.5789473684210527,-0.6118148534290772,-0.6282485959330896,-22.0,22.0,0,5
DROP1_SUPPORT,1.0,1.0,YTD2026,9,0.2222222222222222,0.2857142857142857,-0.5555555555555556,-0.5899917442542583,-0.6072098386036094,-5.0,5.0,0,1
DROP1_SUPPORT,1.0,1.0,FULL,133,0.24812030075187969,0.33,-0.5037593984962406,-0.5376843882647925,-0.5546468831490684,-67.0,68.0,0,15
DROP1_SUPPORT,1.25,0.2,TRAIN,95,0.5578947368421052,0.25238095238095226,-0.33052631578947367,-0.3580047091276839,-0.37174390579678895,-31.4,32.00000000000002,0,10
DROP1_SUPPORT,1.25,0.2,OOS,38,0.6052631578947368,0.30666666666666675,-0.27368421052631575,-0.2999781985327355,-0.3131251925359453,-10.399999999999999,10.399999999999999,1,5
DROP1_SUPPORT,1.25,0.2,YTD2026,9,0.4444444444444444,0.16,-0.4666666666666667,-0.49421561762562877,-0.5079900931051099,-4.2,4.2,0,1
DROP1_SUPPORT,1.25,0.2,FULL,133,0.5714285714285714,0.2666666666666666,-0.3142857142857143,-0.3414257061005557,-0.35499570200797653,-41.8,42.19999999999996,1,15
DROP1_SUPPORT,1.25,0.25,TRAIN,95,0.5368421052631579,0.2897727272727273,-0.32894736842105265,-0.35642576175926277,-0.37016495842836794,-31.25,32.0,0,10
DROP1_SUPPORT,1.25,0.25,OOS,38,0.5789473684210527,0.34375,-0.27631578947368424,-0.3026097774801039,-0.3157567714833136,-10.5,10.5,1,5
DROP1_SUPPORT,1.25,0.25,YTD2026,9,0.3333333333333333,0.125,-0.5833333333333334,-0.6108822842922955,-0.6246567597717765,-5.25,5.25,0,1
DROP1_SUPPORT,1.25,0.25,FULL,133,0.5488721804511278,0.30416666666666664,-0.31390977443609025,-0.3410497662509317,-0.35461976215835245,-41.75,42.25,1,15
DROP1_SUPPORT,1.25,0.3,TRAIN,95,0.5368421052631579,0.3477272727272728,-0.3021052631578947,-0.32958365649610494,-0.34332285316521005,-28.699999999999996,29.59999999999998,0,10
DROP1_SUPPORT,1.25,0.3,OOS,38,0.5789473684210527,0.4124999999999999,-0.2473684210526316,-0.2736624090590513,-0.2868094030622611,-9.4,9.600000000000001,2,5
DROP1_SUPPORT,1.25,0.3,YTD2026,9,0.3333333333333333,0.15,-0.5666666666666667,-0.5942156176256288,-0.6079900931051099,-5.1,5.1,0,1
DROP1_SUPPORT,1.25,0.3,FULL,133,0.5488721804511278,0.365,-0.28646616541353387,-0.31360615722837526,-0.327176153135796,-38.1,38.70000000000001,2,15
DROP1_SUPPORT,1.25,0.4,TRAIN,95,0.5052631578947369,0.4085106382978723,-0.29263157894736846,-0.3201099722855785,-0.3338491689546837,-27.800000000000004,29.000000000000018,0,10
DROP1_SUPPORT,1.25,0.4,OOS,38,0.5526315789473685,0.49411764705882366,-0.2263157894736842,-0.2526097774801039,-0.2657567714833137,-8.6,8.599999999999998,2,5
DROP1_SUPPORT,1.25,0.4,YTD2026,9,0.3333333333333333,0.20000000000000004,-0.5333333333333333,-0.5608822842922954,-0.5746567597717767,-4.8,4.800000000000001,0,1
DROP1_SUPPORT,1.25,0.4,FULL,133,0.518796992481203,0.43124999999999986,-0.27368421052631575,-0.3008242023411572,-0.314394198248578,-36.4,37.200000000000045,2,15
DROP1_SUPPORT,1.25,0.5,TRAIN,95,0.47368421052631576,0.45,-0.2894736842105263,-0.3169520775487365,-0.33069127421784167,-27.5,29.0,0,10
DROP1_SUPPORT,1.25,0.5,OOS,38,0.5526315789473685,0.6176470588235294,-0.17105263157894737,-0.19734661958536703,-0.2104936135885769,-6.5,6.5,2,5
DROP1_SUPPORT,1.25,0.5,YTD2026,9,0.3333333333333333,0.25,-0.5,-0.5275489509589621,-0.5413234264384432,-4.5,4.5,0,1
DROP1_SUPPORT,1.25,0.5,FULL,133,0.49624060150375937,0.4925373134328358,-0.2556390977443609,-0.2827790895592024,-0.29634908546662314,-34.0,35.0,2,15
DROP1_SUPPORT,1.25,0.6,TRAIN,95,0.4105263157894737,0.41785714285714304,-0.34315789473684205,-0.3706362880750522,-0.38437548474415745,-32.599999999999994,34.39999999999999,0,10
DROP1_SUPPORT,1.25,0.6,OOS,38,0.5263157894736842,0.6666666666666665,-0.15789473684210525,-0.18418872484852494,-0.1973357188517348,-6.0,5.999999999999999,2,5
DROP1_SUPPORT,1.25,0.6,YTD2026,9,0.3333333333333333,0.3,-0.4666666666666667,-0.49421561762562877,-0.5079900931051099,-4.2,4.4,0,1
DROP1_SUPPORT,1.25,0.6,FULL,133,0.44360902255639095,0.47837837837837843,-0.29022556390977444,-0.31736555572461594,-0.3309355516320367,-38.6,39.79999999999996,2,15
DROP1_SUPPORT,1.25,0.75,TRAIN,95,0.3894736842105263,0.47844827586206895,-0.31842105263157894,-0.3458994459697891,-0.35963864263889417,-30.25,32.5,0,10
DROP1_SUPPORT,1.25,0.75,OOS,38,0.4473684210526316,0.6071428571428571,-0.21710526315789475,-0.24339925116431443,-0.2565462451675242,-8.25,8.25,2,5
DROP1_SUPPORT,1.25,0.75,YTD2026,9,0.2222222222222222,0.21428571428571427,-0.6111111111111112,-0.6386600620700733,-0.6524345375495543,-5.5,5.5,0,1
DROP1_SUPPORT,1.25,0.75,FULL,133,0.40601503759398494,0.5126582278481012,-0.2894736842105263,-0.3166136760253678,-0.3301836719327885,-38.5,40.0,2,15
DROP1_SUPPORT,1.25,1.0,TRAIN,95,0.3473684210526316,0.5276899854598845,-0.30824443054197004,-0.33572282388018027,-0.34946202054928527,-29.28322090148715,32.283220901487155,1,10
DROP1_SUPPORT,1.25,1.0,OOS,38,0.3684210526315789,0.5833333333333334,-0.2631578947368421,-0.2894518827432618,-0.30259887674647157,-10.0,10.0,1,5
DROP1_SUPPORT,1.25,1.0,YTD2026,9,0.2222222222222222,0.2857142857142857,-0.5555555555555556,-0.5831045065145177,-0.5968789819939988,-5.0,5.0,0,1
DROP1_SUPPORT,1.25,1.0,FULL,133,0.3533834586466165,0.5432183616106144,-0.29536256316907633,-0.3225025549839177,-0.3360725508913386,-39.283220901487155,41.283220901487155,2,15
DROP1_SUPPORT,1.5,0.2,TRAIN,95,0.7263157894736842,0.5307692307692305,-0.12842105263157896,-0.1513197137467541,-0.1627690443043417,-12.200000000000003,14.000000000000005,2,10
DROP1_SUPPORT,1.5,0.2,OOS,38,0.6842105263157895,0.4333333333333334,-0.17894736842105263,-0.20085902509306902,-0.21181485342907722,-6.8,7.799999999999996,2,5
DROP1_SUPPORT,1.5,0.2,YTD2026,9,0.5555555555555556,0.25,-0.3333333333333333,-0.35629079246580175,-0.367769522032036,-3.0,3.0,0,1
DROP1_SUPPORT,1.5,0.2,FULL,133,0.7142857142857143,0.49999999999999983,-0.14285714285714285,-0.1654738027028441,-0.1767821326256947,-19.0,20.600000000000026,4,15
DROP1_SUPPORT,1.5,0.25,TRAIN,95,0.7052631578947368,0.5982142857142857,-0.11842105263157894,-0.1413197137467541,-0.15276904430434168,-11.25,12.5,1,10
DROP1_SUPPORT,1.5,0.25,OOS,38,0.6578947368421053,0.4807692307692308,-0.17763157894736842,-0.19954323561938483,-0.210499063955393,-6.75,8.0,3,5
DROP1_SUPPORT,1.5,0.25,YTD2026,9,0.4444444444444444,0.2,-0.4444444444444444,-0.46740190357691286,-0.4788806331431471,-4.0,4.0,0,1
DROP1_SUPPORT,1.5,0.25,FULL,133,0.6917293233082706,0.5609756097560976,-0.13533834586466165,-0.15795500571036286,-0.1692633356332135,-18.0,18.75,4,15
DROP1_SUPPORT,1.5,0.3,TRAIN,95,0.6947368421052632,0.6827586206896552,-0.09684210526315785,-0.11974076637833309,-0.13119009693592068,-9.199999999999996,10.900000000000007,2,10
DROP1_SUPPORT,1.5,0.3,OOS,38,0.6578947368421053,0.5769230769230769,-0.14473684210526316,-0.16664849877727958,-0.17760432711328775,-5.5,7.000000000000002,3,5
DROP1_SUPPORT,1.5,0.3,YTD2026,9,0.4444444444444444,0.24,-0.4222222222222223,-0.4451796813546907,-0.45665841092092496,-3.8000000000000003,3.8,0,1
DROP1_SUPPORT,1.5,0.3,FULL,133,0.6842105263157895,0.6499999999999999,-0.11052631578947368,-0.1331429756351749,-0.14445130555802557,-14.7,15.599999999999985,5,15
DROP1_SUPPORT,1.5,0.4,TRAIN,95,0.631578947368421,0.6857142857142855,-0.11578947368421048,-0.13868813479938571,-0.15013746535697328,-10.999999999999996,13.599999999999987,1,10
DROP1_SUPPORT,1.5,0.4,OOS,38,0.631578947368421,0.6857142857142858,-0.11578947368421054,-0.13770113035622691,-0.1486569586922351,-4.4,5.4,2,5
DROP1_SUPPORT,1.5,0.4,YTD2026,9,0.4444444444444444,0.32,-0.37777777777777777,-0.4007352369102462,-0.41221396647648045,-3.4,3.6,0,1
DROP1_SUPPORT,1.5,0.4,FULL,133,0.631578947368421,0.6857142857142856,-0.11578947368421053,-0.13840613352991177,-0.14971446345276238,-15.4,16.999999999999982,3,15
DROP1_SUPPORT,1.5,0.5,TRAIN,95,0.5578947368421052,0.6451769179097306,-0.15341057972873118,-0.1763092408439063,-0.18775857140149393,-14.574005074229461,18.07400507422946,1,10
DROP1_SUPPORT,1.5,0.5,OOS,38,0.6052631578947368,0.7666666666666667,-0.09210526315789473,-0.11401691982991115,-0.12497274816591934,-3.5,5.0,2,5
DROP1_SUPPORT,1.5,0.5,YTD2026,9,0.4444444444444444,0.4,-0.3333333333333333,-0.3562907924658018,-0.367769522032036,-3.0,3.5,0,1
DROP1_SUPPORT,1.5,0.5,FULL,133,0.5714285714285714,0.6776758669136703,-0.13589477499420646,-0.15851143483990773,-0.16981976476275834,-18.07400507422946,20.07400507422946,3,15
DROP1_SUPPORT,1.5,0.6,TRAIN,95,0.5263157894736842,0.6806733345307282,-0.14814742183399435,-0.17104608294916962,-0.18249541350675705,-14.074005074229463,18.67400507422947,4,10
DROP1_SUPPORT,1.5,0.6,OOS,38,0.5263157894736842,0.6666666666666665,-0.15789473684210525,-0.17980639351412167,-0.1907622218501299,-6.0,7.0,2,5
DROP1_SUPPORT,1.5,0.6,YTD2026,9,0.3333333333333333,0.3,-0.4666666666666667,-0.4896241257991351,-0.5011028553653694,-4.2,4.4,0,1
DROP1_SUPPORT,1.5,0.6,FULL,133,0.5263157894736842,0.6766117306233984,-0.1509323689791689,-0.17354902882487017,-0.18485735874772077,-20.07400507422946,22.474005074229467,6,15
DROP1_SUPPORT,1.5,0.75,TRAIN,95,0.4631578947368421,0.6590245767455781,-0.1797263692024154,-0.20262503031759052,-0.21407436087517814,-17.07400507422946,19.82400507422946,3,10
DROP1_SUPPORT,1.5,0.75,OOS,38,0.4473684210526316,0.6071428571428571,-0.21710526315789475,-0.23901691982991116,-0.2499727481659193,-8.25,9.0,2,5
DROP1_SUPPORT,1.5,0.75,YTD2026,9,0.2222222222222222,0.21428571428571427,-0.6111111111111112,-0.6340685702435795,-0.6455472998098138,-5.5,5.5,0,1
DROP1_SUPPORT,1.5,0.75,FULL,133,0.45864661654135336,0.6436952575307786,-0.1904060531896952,-0.21302271303539644,-0.22433104295824705,-25.32400507422946,26.82400507422946,5,15
DROP1_SUPPORT,1.5,1.0,TRAIN,95,0.42105263157894735,0.7322800643501552,-0.15238620167160094,-0.17528486278677607,-0.18673419334436367,-14.476689158802088,16.47668915880209,4,10
DROP1_SUPPORT,1.5,1.0,OOS,38,0.39473684210526316,0.6215330313062688,-0.22907211263041627,-0.25098376930243266,-0.2619395976384408,-8.704740279955818,9.704740279955818,1,5
DROP1_SUPPORT,1.5,1.0,YTD2026,9,0.2222222222222222,0.2857142857142857,-0.5555555555555556,-0.578513014688024,-0.5899917442542583,-5.0,5.0,0,1
DROP1_SUPPORT,1.5,1.0,FULL,133,0.41353383458646614,0.6992315448453467,-0.17429646194554815,-0.19691312179124942,-0.20822145171410006,-23.181429438757906,25.181429438757906,5,15
DROP1_SUPPORT,1.75,0.2,TRAIN,95,0.7789473684210526,0.7047619047619046,-0.06526315789473683,-0.08489058170774412,-0.0947042936142478,-6.199999999999998,7.599999999999991,4,10
DROP1_SUPPORT,1.75,0.2,OOS,38,0.7105263157894737,0.490909090909091,-0.14736842105263157,-0.16614984105721706,-0.1755405510595098,-5.6,6.599999999999998,2,5
DROP1_SUPPORT,1.75,0.2,YTD2026,9,0.5555555555555556,0.25,-0.3333333333333333,-0.3530111554468777,-0.36285006650365,-3.0,3.0,0,1
DROP1_SUPPORT,1.75,0.2,FULL,133,0.7593984962406015,0.6312499999999999,-0.0887218045112782,-0.1081075129504507,-0.11780036717003692,-11.8,13.0,6,15
DROP1_SUPPORT,1.75,0.25,TRAIN,95,0.7789473684210526,0.8809523809523809,-0.02631578947368421,-0.045943213286691514,-0.05575692519319513,-2.5,6.5,4,10
DROP1_SUPPORT,1.75,0.25,OOS,38,0.7105263157894737,0.6136363636363636,-0.1118421052631579,-0.13062352526774337,-0.14001423527003612,-4.25,5.5,3,5
DROP1_SUPPORT,1.75,0.25,YTD2026,9,0.5555555555555556,0.3125,-0.3055555555555556,-0.32523337766909993,-0.33507228872587214,-2.75,2.75,0,1
DROP1_SUPPORT,1.75,0.25,FULL,133,0.7593984962406015,0.7890625,-0.05075187969924812,-0.07013758813842061,-0.07983044235800686,-6.75,8.75,7,15
DROP1_SUPPORT,1.75,0.3,TRAIN,95,0.7473684210526316,0.8875000000000002,-0.028421052631578958,-0.04804847644458624,-0.05786218835108988,-2.700000000000001,7.600000000000003,4,10
DROP1_SUPPORT,1.75,0.3,OOS,38,0.6842105263157895,0.6499999999999999,-0.1105263157894737,-0.1293077357940592,-0.13869844579635193,-4.2,4.7,2,5
DROP1_SUPPORT,1.75,0.3,YTD2026,9,0.5555555555555556,0.375,-0.2777777777777778,-0.29745559989132214,-0.3072945109480944,-2.5,2.5,0,1
DROP1_SUPPORT,1.75,0.3,FULL,133,0.7293233082706767,0.8083333333333331,-0.051879699248120296,-0.0712654076872928,-0.08095826190687905,-6.8999999999999995,8.50000000000001,6,15
DROP1_SUPPORT,1.75,0.4,TRAIN,95,0.6736842105263158,0.851532826190161,-0.046983504429138,-0.06661092824214529,-0.07642464014864891,-4.46343292076811,10.463432920768106,5,10
DROP1_SUPPORT,1.75,0.4,OOS,38,0.6578947368421053,0.7692307692307694,-0.07894736842105261,-0.0977287884256381,-0.10711949842793086,-2.9999999999999996,4.6,2,5
DROP1_SUPPORT,1.75,0.4,YTD2026,9,0.5555555555555556,0.5,-0.2222222222222222,-0.2419000443357666,-0.2517389553925388,-2.0,2.2,0,1
DROP1_SUPPORT,1.75,0.4,FULL,133,0.6691729323308271,0.8266874604609439,-0.05611603699825648,-0.07550174543742896,-0.08519459965701519,-7.463432920768112,10.463432920768106,7,15
DROP1_SUPPORT,1.75,0.5,TRAIN,95,0.6210526315789474,0.8413323380702726,-0.058562451797559055,-0.07818987561056631,-0.08800358751706998,-5.56343292076811,11.563432920768111,5,10
DROP1_SUPPORT,1.75,0.5,OOS,38,0.631578947368421,0.8571428571428571,-0.05263157894736842,-0.07141299895195391,-0.08080370895424664,-2.0,4.5,2,5
DROP1_SUPPORT,1.75,0.5,YTD2026,9,0.4444444444444444,0.4,-0.3333333333333333,-0.3530111554468777,-0.36285006650365,-3.0,3.0,0,1
DROP1_SUPPORT,1.75,0.5,FULL,133,0.6240601503759399,0.845843788937839,-0.056867916697504586,-0.07625362513667706,-0.08594647935626332,-7.56343292076811,11.563432920768111,7,15
DROP1_SUPPORT,1.75,0.6,TRAIN,95,0.5473684210526316,0.7417368919643155,-0.11435192548176958,-0.13397934929477687,-0.1437930612012805,-10.86343292076811,14.46343292076812,3,10
DROP1_SUPPORT,1.75,0.6,OOS,38,0.5263157894736842,0.6666666666666665,-0.15789473684210528,-0.17667615684669077,-0.1860668668489835,-6.000000000000001,7.2,2,5
DROP1_SUPPORT,1.75,0.6,YTD2026,9,0.3333333333333333,0.3,-0.4666666666666667,-0.4863444887802111,-0.49618339983698323,-4.2,4.199999999999999,0,1
DROP1_SUPPORT,1.75,0.6,FULL,133,0.5413533834586466,0.7192396088479777,-0.1267927287275798,-0.14617843716675227,-0.15587129138633848,-16.863432920768112,19.66343292076813,5,15
DROP1_SUPPORT,1.75,0.75,TRAIN,95,0.5052631578947369,0.7763638704887476,-0.1084362931621241,-0.12806371697513136,-0.13787742888163498,-10.30144785040179,14.55144785040179,4,10
DROP1_SUPPORT,1.75,0.75,OOS,38,0.47368421052631576,0.6399571772628899,-0.18949622249321582,-0.20827764249780137,-0.2176683525000941,-7.200856454742201,7.950856454742201,1,5
DROP1_SUPPORT,1.75,0.75,YTD2026,9,0.3333333333333333,0.375,-0.4166666666666667,-0.43634448878021104,-0.44618339983698324,-3.75,3.75,0,1
DROP1_SUPPORT,1.75,0.75,FULL,133,0.49624060150375937,0.7350681983763236,-0.13159627297100746,-0.1509819814101799,-0.16067483562976617,-17.50230430514399,20.50230430514399,5,15
DROP1_SUPPORT,1.75,1.0,TRAIN,95,0.43157894736842106,0.7636715794663957,-0.1319681846957303,-0.15159560850873757,-0.1614093204152412,-12.536977546094377,17.536977546094377,4,10
DROP1_SUPPORT,1.75,1.0,OOS,38,0.42105263157894735,0.6799442957879839,-0.17716266109204487,-0.19594408109663036,-0.20533479109892314,-6.732181121497705,7.781324666755502,0,5
DROP1_SUPPORT,1.75,1.0,YTD2026,9,0.3333333333333333,0.5,-0.3333333333333333,-0.3530111554468777,-0.36285006650364987,-3.0,3.0,0,1
DROP1_SUPPORT,1.75,1.0,FULL,133,0.42857142857142855,0.7398989889816745,-0.14488089223753445,-0.16426660067670695,-0.17395945489629316,-19.26915866759208,23.26915866759208,4,15
DROP1_SUPPORT,2.0,0.2,TRAIN,95,0.8210526315789474,0.917647058823529,-0.014736842105263166,-0.03191083794164451,-0.04049783585983522,-1.4000000000000008,6.999999999999998,5,10
DROP1_SUPPORT,2.0,0.2,OOS,38,0.7105263157894737,0.490909090909091,-0.14736842105263157,-0.16380216355664387,-0.17201903480864997,-5.6,6.599999999999998,2,5
DROP1_SUPPORT,2.0,0.2,YTD2026,9,0.5555555555555556,0.25,-0.3333333333333333,-0.3505514276826847,-0.3591604748573604,-3.0,3.0,0,1
DROP1_SUPPORT,2.0,0.2,FULL,133,0.7894736842105263,0.75,-0.05263157894736841,-0.06959407383164432,-0.07807532127378229,-6.999999999999999,9.399999999999993,7,15
DROP1_SUPPORT,2.0,0.25,TRAIN,95,0.8,1.0,0.0,-0.017173995836381364,-0.025760993754572064,0.0,7.5,4,10
DROP1_SUPPORT,2.0,0.25,OOS,38,0.6842105263157895,0.5416666666666666,-0.14473684210526316,-0.16117058460927544,-0.1693874558612816,-5.5,5.75,2,5
DROP1_SUPPORT,2.0,0.25,YTD2026,9,0.5555555555555556,0.3125,-0.3055555555555556,-0.3227736499049069,-0.3313826970795826,-2.75,2.75,0,1
DROP1_SUPPORT,2.0,0.25,FULL,133,0.7669172932330827,0.8225806451612904,-0.041353383458646614,-0.05831587834292253,-0.0667971257850605,-5.5,7.5,6,15
DROP1_SUPPORT,2.0,0.3,TRAIN,95,0.7684210526315789,0.9954545454545454,-0.001052631578947363,-0.018226627415328767,-0.026813625333519456,-0.09999999999999948,7.000000000000002,7,10
DROP1_SUPPORT,2.0,0.3,OOS,38,0.6842105263157895,0.6499999999999999,-0.1105263157894737,-0.12696005829348597,-0.13517692954549215,-4.2,4.7,2,5
DROP1_SUPPORT,2.0,0.3,YTD2026,9,0.5555555555555556,0.375,-0.2777777777777778,-0.29499587212712913,-0.30360491930180483,-2.5,2.5,0,1
DROP1_SUPPORT,2.0,0.3,FULL,133,0.7443609022556391,0.8735294117647058,-0.03233082706766917,-0.04929332195194511,-0.05777456939408308,-4.299999999999999,7.000000000000002,9,15
DROP1_SUPPORT,2.0,0.4,TRAIN,95,0.6526315789473685,0.7736580947329154,-0.07637372427023258,-0.09354772010661397,-0.1021347180248046,-7.255503805672095,13.455503805672087,5,10
DROP1_SUPPORT,2.0,0.4,OOS,38,0.6578947368421053,0.7692307692307694,-0.07894736842105261,-0.09538111092506492,-0.10359798217707106,-2.9999999999999996,4.6,2,5
DROP1_SUPPORT,2.0,0.4,YTD2026,9,0.5555555555555556,0.5,-0.2222222222222222,-0.23944031657157355,-0.24804936374624922,-2.0,2.2,0,1
DROP1_SUPPORT,2.0,0.4,FULL,133,0.6541353383458647,0.7723806651923172,-0.0771090511704669,-0.0940715460547428,-0.10255279349688076,-10.255503805672099,13.65550380567208,7,15
DROP1_SUPPORT,2.0,0.5,TRAIN,95,0.6105263157894737,0.8043154841574519,-0.07426846111233786,-0.09144245694871923,-0.10002945486690992,-7.055503805672096,14.555503805672096,4,10
DROP1_SUPPORT,2.0,0.5,OOS,38,0.5263157894736842,0.5555555555555556,-0.21052631578947367,-0.22696005829348598,-0.23517692954549213,-8.0,8.5,1,5
DROP1_SUPPORT,2.0,0.5,YTD2026,9,0.3333333333333333,0.25,-0.5,-0.5172180943493514,-0.5258271415240271,-4.5,4.5,0,1
DROP1_SUPPORT,2.0,0.5,FULL,133,0.5864661654135338,0.7214806495968259,-0.11319927673437666,-0.13016177161865258,-0.13864301906079055,-15.055503805672096,19.555503805672096,5,15
DROP1_SUPPORT,2.0,0.6,TRAIN,95,0.5578947368421052,0.7708585695688907,-0.09902649335896384,-0.11620048919534526,-0.12478748711353592,-9.407516869101565,14.607516869101579,3,10
DROP1_SUPPORT,2.0,0.6,OOS,38,0.5263157894736842,0.6666666666666665,-0.15789473684210528,-0.1743284793461176,-0.1825453505981237,-6.000000000000001,7.2,2,5
DROP1_SUPPORT,2.0,0.6,YTD2026,9,0.3333333333333333,0.3,-0.4666666666666667,-0.48388476101601796,-0.49249380819069366,-4.2,4.199999999999999,0,1
DROP1_SUPPORT,2.0,0.6,FULL,133,0.5488721804511278,0.7391010849758981,-0.11584599149700428,-0.13280848638128018,-0.14128973382341817,-15.407516869101569,19.807516869101587,5,15
DROP1_SUPPORT,2.0,0.75,TRAIN,95,0.5052631578947369,0.7751079455605487,-0.10902649335896386,-0.12620048919534524,-0.13478748711353591,-10.357516869101566,13.857516869101566,4,10
DROP1_SUPPORT,2.0,0.75,OOS,38,0.47368421052631576,0.6132222696066856,-0.2035672265227971,-0.22000096902680943,-0.22821784027881553,-7.735554607866289,8.485554607866291,1,5
DROP1_SUPPORT,2.0,0.75,YTD2026,9,0.3333333333333333,0.375,-0.4166666666666667,-0.43388476101601803,-0.4424938081906937,-3.75,3.75,0,1
DROP1_SUPPORT,2.0,0.75,FULL,133,0.49624060150375937,0.7260929001435574,-0.13603813140577337,-0.15300062629004926,-0.16148187373218725,-18.093071476967857,21.593071476967857,5,15
DROP1_SUPPORT,2.0,1.0,TRAIN,95,0.45263157894736844,0.8100124347085793,-0.10026641265878496,-0.11744040849516636,-0.12602740641335705,-9.525309202584571,15.095412503676712,4,10
DROP1_SUPPORT,2.0,1.0,OOS,38,0.42105263157894735,0.6782869679567376,-0.17804364424501296,-0.19447738674902526,-0.20269425800103136,-6.765658481310492,7.808659083411065,0,5
DROP1_SUPPORT,2.0,1.0,YTD2026,9,0.3333333333333333,0.5,-0.3333333333333333,-0.3505514276826847,-0.3591604748573604,-3.0,3.0,0,1
DROP1_SUPPORT,2.0,1.0,FULL,133,0.44360902255639095,0.7710868631304261,-0.12248847882627865,-0.13945097371055462,-0.14793222115269258,-16.29096768389506,18.861070984987204,4,15
DROP1_SUPPORT,2.25,0.2,TRAIN,95,0.8210526315789474,0.917647058823529,-0.014736842105263161,-0.030002616182046592,-0.03763550322043832,-1.4000000000000004,6.799999999999999,4,10
DROP1_SUPPORT,2.25,0.2,OOS,38,0.7631578947368421,0.6444444444444446,-0.08421052631578947,-0.09881829743046709,-0.10612218298780587,-3.2,4.6,2,5
DROP1_SUPPORT,2.25,0.2,YTD2026,9,0.5555555555555556,0.25,-0.3333333333333333,-0.34863830608831237,-0.35629079246580175,-3.0,3.0,0,1
DROP1_SUPPORT,2.25,0.2,FULL,133,0.8045112781954887,0.823076923076923,-0.03458646616541353,-0.04966423939588102,-0.05720312601111475,-4.6,6.799999999999999,6,15
DROP1_SUPPORT,2.25,0.25,TRAIN,95,0.7894736842105263,0.9375,-0.013157894736842105,-0.028423668813625555,-0.03605655585201727,-1.25,6.5,4,10
DROP1_SUPPORT,2.25,0.25,OOS,38,0.7368421052631579,0.7,-0.07894736842105263,-0.09355513953573025,-0.10085902509306903,-3.0,3.75,2,5
DROP1_SUPPORT,2.25,0.25,YTD2026,9,0.5555555555555556,0.3125,-0.3055555555555556,-0.32086052831053447,-0.328513014688024,-2.75,2.75,0,1
DROP1_SUPPORT,2.25,0.25,FULL,133,0.7744360902255639,0.8583333333333333,-0.03195488721804511,-0.04703266044851261,-0.05457154706374635,-4.25,6.5,6,15
DROP1_SUPPORT,2.25,0.3,TRAIN,95,0.7578947368421053,0.9796213046252861,-0.004729860170031318,-0.019995634246814775,-0.027628521285206487,-0.44933671615297516,7.000000000000002,7,10
DROP1_SUPPORT,2.25,0.3,OOS,38,0.7105263157894737,0.7363636363636363,-0.0763157894736842,-0.0909235605883618,-0.09822744614570063,-2.8999999999999995,4.199999999999999,2,5
DROP1_SUPPORT,2.25,0.3,YTD2026,9,0.5555555555555556,0.375,-0.2777777777777778,-0.2930827505327568,-0.3007352369102463,-2.5,2.5,0,1
DROP1_SUPPORT,2.25,0.3,FULL,133,0.7443609022556391,0.8986564618552244,-0.02518298282821785,-0.040260756058685364,-0.0477996426739191,-3.3493367161529743,7.000000000000002,9,15
DROP1_SUPPORT,2.25,0.4,TRAIN,95,0.6421052631578947,0.738290157214393,-0.0910456496437155,-0.10631142372049898,-0.11394431075889068,-8.649336716152973,14.849336716152965,4,10
DROP1_SUPPORT,2.25,0.4,OOS,38,0.6578947368421053,0.7692307692307694,-0.07894736842105261,-0.09355513953573025,-0.10085902509306902,-2.999999999999999,4.0,2,5
DROP1_SUPPORT,2.25,0.4,YTD2026,9,0.4444444444444444,0.32,-0.37777777777777777,-0.39308275053275676,-0.4007352369102462,-3.4,3.4000000000000004,0,1
DROP1_SUPPORT,2.25,0.4,FULL,133,0.6466165413533834,0.7470248749084222,-0.08758899786581184,-0.10266677109627932,-0.11020565771151307,-11.649336716152975,14.849336716152965,6,15
DROP1_SUPPORT,2.25,0.5,TRAIN,95,0.5684210526315789,0.674168468540708,-0.13736143911739973,-0.1526272131941832,-0.1602601002325749,-13.049336716152975,16.549336716152975,1,10
DROP1_SUPPORT,2.25,0.5,OOS,38,0.5789473684210527,0.7030075539263991,-0.12229100109587447,-0.13689877221055208,-0.14420265776789085,-4.64705804164323,6.64705804164323,2,5
DROP1_SUPPORT,2.25,0.5,YTD2026,9,0.3333333333333333,0.26562503677818,-0.46078422684924775,-0.47608919960422674,-0.4837416859817163,-4.14705804164323,4.14705804164323,0,1
DROP1_SUPPORT,2.25,0.5,FULL,133,0.5714285714285714,0.682270372530367,-0.13305559968267824,-0.14813337291314574,-0.15567225952837946,-17.696394757796206,20.696394757796206,3,15
DROP1_SUPPORT,2.25,0.6,TRAIN,95,0.5368421052631579,0.7156301606207712,-0.12715086270648648,-0.1424166367832699,-0.15004952382166165,-12.079331957116215,14.879331957116225,3,10
DROP1_SUPPORT,2.25,0.6,OOS,38,0.5263157894736842,0.6481659849721696,-0.16339040221632892,-0.1779981733310065,-0.1853020588883453,-6.208835284220498,7.04705804164323,2,5
DROP1_SUPPORT,2.25,0.6,YTD2026,9,0.3333333333333333,0.31875004413381597,-0.4274508935159144,-0.4427558662708935,-0.45040835264838286,-3.84705804164323,3.84705804164323,0,1
DROP1_SUPPORT,2.25,0.6,FULL,133,0.5338345864661654,0.6958288777624635,-0.13750501685215574,-0.15258279008262327,-0.160121676697857,-18.288167241336712,20.288167241336726,5,15
DROP1_SUPPORT,2.25,0.75,TRAIN,95,0.4842105263157895,0.7228042322417875,-0.13785110582911583,-0.15311687990589928,-0.16074976694429102,-13.095855053766005,16.595855053766005,4,10
DROP1_SUPPORT,2.25,0.75,OOS,38,0.5,0.6963598516069852,-0.148999880812045,-0.16360765192672258,-0.1709115374840614,-5.661995470857709,7.700218228280441,1,5
DROP1_SUPPORT,2.25,0.75,YTD2026,9,0.3333333333333333,0.39843755516727,-0.37745089351591443,-0.39275586627089343,-0.40040835264838287,-3.3970580416432297,3.3970580416432297,0,1
DROP1_SUPPORT,2.25,0.75,FULL,133,0.48872180451127817,0.7153205246824056,-0.1410364701099528,-0.1561142433404203,-0.163653129955654,-18.75785052462372,22.257850524623716,5,15
DROP1_SUPPORT,2.25,1.0,TRAIN,95,0.4421052631578947,0.7677816287753597,-0.12329186363395604,-0.1385576377107395,-0.1461905247491312,-11.712727045225824,14.552625500662526,3,10
DROP1_SUPPORT,2.25,1.0,OOS,38,0.42105263157894735,0.7462846305511027,-0.12735560484081151,-0.14196337595548914,-0.1492672615128279,-4.839512983950837,8.87773574137357,1,5
DROP1_SUPPORT,2.25,1.0,YTD2026,9,0.1111111111111111,0.16534893059680886,-0.5608685062354766,-0.5761734789904556,-0.5838259653679452,-5.047816556119289,5.047816556119289,0,1
DROP1_SUPPORT,2.25,1.0,FULL,133,0.43609022556390975,0.7618827873976649,-0.12445293255020047,-0.13953070578066798,-0.1470695923959017,-16.552240029176662,16.552240029176666,4,15
DROP1_SUPPORT,2.5,0.2,TRAIN,95,0.8105263157894737,0.8555555555555553,-0.027368421052631566,-0.041107617721736676,-0.04797721605628922,-2.5999999999999988,6.799999999999999,4,10
DROP1_SUPPORT,2.5,0.2,OOS,38,0.7631578947368421,0.6444444444444446,-0.08421052631578946,-0.0973575203189993,-0.10393101732060421,-3.1999999999999993,3.3999999999999995,2,5
DROP1_SUPPORT,2.5,0.2,YTD2026,9,0.6666666666666666,0.39999999999999997,-0.2,-0.21377447547948109,-0.2206617132192216,-1.8,1.8000000000000003,0,1
DROP1_SUPPORT,2.5,0.2,FULL,133,0.7969924812030075,0.7851851851851852,-0.04360902255639097,-0.05717901846381171,-0.06396401641752208,-5.799999999999999,6.999999999999985,6,15
DROP1_SUPPORT,2.5,0.25,TRAIN,95,0.7894736842105263,0.9375,-0.013157894736842105,-0.0268970914059472,-0.03376668974049977,-1.25,6.5,5,10
DROP1_SUPPORT,2.5,0.25,OOS,38,0.7631578947368421,0.8055555555555556,-0.046052631578947366,-0.05919962558215721,-0.06577312258376215,-1.75,3.0,2,5
DROP1_SUPPORT,2.5,0.25,YTD2026,9,0.6666666666666666,0.5,-0.16666666666666666,-0.18044114214614773,-0.1873283798858883,-1.5,1.5,0,1
DROP1_SUPPORT,2.5,0.25,FULL,133,0.7819548872180451,0.896551724137931,-0.022556390977443608,-0.03612638688486435,-0.04291138483857472,-3.0,6.5,7,15
DROP1_SUPPORT,2.5,0.3,TRAIN,95,0.7052631578947368,0.7841529533683932,-0.058239519117698015,-0.0719787157868031,-0.07884831412135565,-5.532754316181311,9.202808715934319,6,10
DROP1_SUPPORT,2.5,0.3,OOS,38,0.7368421052631579,0.8400000000000001,-0.04210526315789473,-0.05525225716110458,-0.0618257541627095,-1.5999999999999996,3.0,2,5
DROP1_SUPPORT,2.5,0.3,YTD2026,9,0.6666666666666666,0.6,-0.13333333333333333,-0.14710780881281443,-0.15399504655255494,-1.2,1.2,0,1
DROP1_SUPPORT,2.5,0.3,FULL,133,0.7142857142857143,0.7998259058817065,-0.05362973170061134,-0.06719972760803207,-0.07398472556174247,-7.132754316181308,9.202808715934319,8,15
DROP1_SUPPORT,2.5,0.4,TRAIN,95,0.6421052631578947,0.7713523696391654,-0.07613425595980325,-0.08987345262890835,-0.09674305096346086,-7.232754316181309,12.0327543161813,5,10
DROP1_SUPPORT,2.5,0.4,OOS,38,0.6052631578947368,0.6308995867178806,-0.14164084835470803,-0.1547878423579179,-0.16136133935952282,-5.382352237478905,6.582352237478908,1,5
DROP1_SUPPORT,2.5,0.4,YTD2026,9,0.4444444444444444,0.3491656505394005,-0.33137247083098964,-0.3451469463104707,-0.35203418405021125,-2.982352237478907,3.1823522374789066,0,1
DROP1_SUPPORT,2.5,0.4,FULL,133,0.631578947368421,0.7270350001462647,-0.09485042521549034,-0.10842042112291106,-0.11520541907662143,-12.615106553660215,15.815106553660195,6,15
DROP1_SUPPORT,2.5,0.5,TRAIN,95,0.6,0.7958517407221171,-0.07657226070447246,-0.09031145737357754,-0.09718105570813013,-7.274364766924884,10.774364766924883,3,10
DROP1_SUPPORT,2.5,0.5,OOS,38,0.6052631578947368,0.7566955112578023,-0.09336715146838022,-0.10651414547159006,-0.11308764247319499,-3.547951755798448,5.582352237478907,2,5
DROP1_SUPPORT,2.5,0.5,YTD2026,9,0.4444444444444444,0.43645706317425065,-0.28692802638654524,-0.3007025018660263,-0.30758973960576685,-2.582352237478907,3.082352237478907,0,1
DROP1_SUPPORT,2.5,0.5,FULL,133,0.6015037593984962,0.7844808611297374,-0.08137080092273181,-0.09494079683015257,-0.1017257947838629,-10.822316522723332,14.32231652272333,5,15
DROP1_SUPPORT,2.5,0.6,TRAIN,95,0.5578947368421052,0.8088132824141279,-0.07852368455840235,-0.09226288122750749,-0.09913247956206002,-7.4597500330482225,10.259750033048231,5,10
DROP1_SUPPORT,2.5,0.6,OOS,38,0.5526315789473685,0.7002357776156084,-0.13081041904663,-0.14395741304983978,-0.15053091005144478,-4.97079592377194,6.605196405452398,2,5
DROP1_SUPPORT,2.5,0.6,YTD2026,9,0.4444444444444444,0.5237484758091008,-0.2424835819421008,-0.25625805742158186,-0.2631452951613224,-2.182352237478907,2.982352237478907,0,1
DROP1_SUPPORT,2.5,0.6,FULL,133,0.556390977443609,0.7764310071732644,-0.09346275155503882,-0.10703274746245957,-0.11381774541616996,-12.430545956820163,16.030545956820173,7,15
DROP1_SUPPORT,2.5,0.75,TRAIN,95,0.4842105263157895,0.7366826254228358,-0.12440478305862557,-0.13814397972773065,-0.14501357806228324,-11.818454390569428,13.774537031443144,3,10
DROP1_SUPPORT,2.5,0.75,OOS,38,0.47368421052631576,0.6797130457737471,-0.1514262139697371,-0.16457320797294694,-0.17114670497455184,-5.754196130850009,7.929279504207759,1,5
DROP1_SUPPORT,2.5,0.75,YTD2026,9,0.3333333333333333,0.4553117261703423,-0.2990743717557351,-0.31284884723521617,-0.3197360849749567,-2.691669345801616,2.832352237478907,0,1
DROP1_SUPPORT,2.5,0.75,FULL,133,0.48120300751879697,0.7203974563354363,-0.13212519189037172,-0.14569518779779247,-0.15248018575150285,-17.57265052141944,19.669416053970444,4,15
DROP1_SUPPORT,2.5,1.0,TRAIN,95,0.4631578947368421,0.854410412650052,-0.06942688606321534,-0.08316608273232044,-0.09003568106687297,-6.595554176005457,10.854051732373751,4,10
DROP1_SUPPORT,2.5,1.0,OOS,38,0.42105263157894735,0.7754675816806682,-0.10828628404943323,-0.12143327805264305,-0.128006775054248,-4.114878793878463,8.149279275558921,1,5
DROP1_SUPPORT,2.5,1.0,YTD2026,9,0.1111111111111111,0.18859555124493585,-0.47803911209223,-0.491813587571711,-0.49870082531145155,-4.30235200883007,4.302352008830069,0,1
DROP1_SUPPORT,2.5,1.0,FULL,133,0.45112781954887216,0.8316732177869555,-0.08052957120213475,-0.09409956710955547,-0.10088456506326585,-10.710432969883922,13.581257112447883,5,15
DROP1_SUPPORT,3.0,0.2,TRAIN,95,0.8210526315789474,0.917647058823529,-0.01473684210526316,-0.026186172662850726,-0.031910837941644524,-1.4000000000000001,6.6,5,10
DROP1_SUPPORT,3.0,0.2,OOS,38,0.7631578947368421,0.6444444444444446,-0.08421052631578946,-0.09516635465179767,-0.10064426881980176,-3.1999999999999993,3.3999999999999995,2,5
DROP1_SUPPORT,3.0,0.2,YTD2026,9,0.6666666666666666,0.39999999999999997,-0.2,-0.21147872956623426,-0.21721809434935135,-1.8,1.8000000000000003,0,1
DROP1_SUPPORT,3.0,0.2,FULL,133,0.8045112781954887,0.823076923076923,-0.03458646616541354,-0.045894796088264134,-0.051548961049689444,-4.6000000000000005,6.6,7,15
DROP1_SUPPORT,3.0,0.25,TRAIN,95,0.7473684210526316,0.8245346097941229,-0.039761002773520245,-0.051210333331107825,-0.05693499860990161,-3.7772952634844232,8.585673929945264,4,10
DROP1_SUPPORT,3.0,0.25,OOS,38,0.7368421052631579,0.7201647597925763,-0.07157889382863172,-0.08253472216463993,-0.088012636332644,-2.7199979654880053,3.4699979654880053,2,5
DROP1_SUPPORT,3.0,0.25,YTD2026,9,0.6666666666666666,0.5,-0.16666666666666666,-0.1781453962329009,-0.18388476101601803,-1.5,1.5,0,1
DROP1_SUPPORT,3.0,0.25,FULL,133,0.7443609022556391,0.7920686063473763,-0.04885182878926638,-0.060160158712116996,-0.06581432367354231,-6.497293228972429,8.585673929945264,6,15
DROP1_SUPPORT,3.0,0.3,TRAIN,95,0.7052631578947368,0.8329802877166549,-0.0424233987716012,-0.05387272932918876,-0.059597394607982565,-4.030222883302114,8.65931707610524,5,10
DROP1_SUPPORT,3.0,0.3,OOS,38,0.6842105263157895,0.6655291257702208,-0.10315784119705279,-0.11411366953306096,-0.11959158370106507,-3.919997965488006,4.219997965488005,2,5
DROP1_SUPPORT,3.0,0.3,YTD2026,9,0.5555555555555556,0.375,-0.2777777777777778,-0.289256507344012,-0.29499587212712913,-2.5,2.5,0,1
DROP1_SUPPORT,3.0,0.3,FULL,133,0.6992481203007519,0.7782378836012548,-0.059776096607444484,-0.07108442653029512,-0.07673859149172042,-7.950220848790116,9.450220848790131,7,15
DROP1_SUPPORT,3.0,0.4,TRAIN,95,0.6421052631578947,0.8064546369877592,-0.06138489395356238,-0.07283422451114996,-0.07855888978994374,-5.831564925588426,8.860659118391542,4,10
DROP1_SUPPORT,3.0,0.4,OOS,38,0.631578947368421,0.7269813015777947,-0.09487609201895862,-0.10583192035496683,-0.11130983452297091,-3.6052914967204277,4.805291496720429,2,5
DROP1_SUPPORT,3.0,0.4,YTD2026,9,0.4444444444444444,0.3567213581137395,-0.3205881701369358,-0.33206689970317005,-0.3378062644862871,-2.8852935312324224,3.0852935312324226,0,1
DROP1_SUPPORT,3.0,0.4,FULL,133,0.6390977443609023,0.7822373506506892,-0.07095380768653274,-0.08226213760938333,-0.08791630257080864,-9.436856422308855,11.236856422308833,6,15
DROP1_SUPPORT,3.0,0.5,TRAIN,95,0.6105263157894737,0.8960634497644713,-0.03516237324164908,-0.04661170379923667,-0.05233636907803045,-3.3404254579566626,7.590192173288506,4,10
DROP1_SUPPORT,3.0,0.5,OOS,38,0.6052631578947368,0.7515718301559651,-0.092868278121876,-0.10382410645788417,-0.10930202062588829,-3.528994568631288,4.528994568631287,3,5
DROP1_SUPPORT,3.0,0.5,YTD2026,9,0.4444444444444444,0.44590169764217435,-0.2761437256924914,-0.28762245525872565,-0.2933618200418427,-2.4852935312324225,2.9852935312324225,0,1
DROP1_SUPPORT,3.0,0.5,FULL,133,0.6090225563909775,0.8517744593691495,-0.051649774635999623,-0.06295810455885026,-0.06861226952027555,-6.86942002658795,8.86942002658795,7,15
DROP1_SUPPORT,3.0,0.6,TRAIN,95,0.5368421052631579,0.8140920251879776,-0.07215141819176979,-0.0836007487493574,-0.08932541402815118,-6.85438472821813,10.581650821548594,3,10
DROP1_SUPPORT,3.0,0.6,OOS,38,0.5263157894736842,0.707017341160515,-0.1196972300314828,-0.130653058367491,-0.13613097253549508,-4.548494741196347,5.377161809263395,2,5
DROP1_SUPPORT,3.0,0.6,YTD2026,9,0.3333333333333333,0.37619721197972156,-0.33163605053718664,-0.3431147801034209,-0.34885414488653793,-2.9847244548346796,2.9847244548346796,0,1
DROP1_SUPPORT,3.0,0.6,FULL,133,0.5338345864661654,0.7823652193546042,-0.08573593586025922,-0.09704426578310987,-0.10269843074453516,-11.402879469414477,12.319609234873289,5,15
DROP1_SUPPORT,3.0,0.75,TRAIN,95,0.5157894736842106,0.8643642275601692,-0.05460798360527934,-0.06605731416286692,-0.07178197944166072,-5.187758442501537,8.780735598628127,3,10
DROP1_SUPPORT,3.0,0.75,OOS,38,0.47368421052631576,0.769416714751083,-0.09602799018561554,-0.10698381852162375,-0.11246173268962782,-3.649063627053391,5.67773069512044,3,5
DROP1_SUPPORT,3.0,0.75,YTD2026,9,0.1111111111111111,0.14748411738583828,-0.4816992600768583,-0.4931779896430925,-0.49891735442620955,-4.335293340691725,4.335293340691725,0,1
DROP1_SUPPORT,3.0,0.75,FULL,133,0.5037593984962406,0.8365763018070027,-0.06644227119966112,-0.07775060112251174,-0.08340476608393704,-8.836822069554929,9.767282153502508,6,15
DROP1_SUPPORT,3.0,1.0,TRAIN,95,0.4421052631578947,0.8331914912776788,-0.07244113512524514,-0.08389046568283272,-0.08961513096162653,-6.8819078368982884,10.846007897614966,3,10
DROP1_SUPPORT,3.0,1.0,OOS,38,0.4473684210526316,0.8876676406022774,-0.047781672753216556,-0.058737501089224736,-0.06421541525722885,-1.815703564622229,5.844370632689278,2,5
DROP1_SUPPORT,3.0,1.0,YTD2026,9,0.1111111111111111,0.19664548984778438,-0.4539214822990805,-0.4654002118653147,-0.4711395766484318,-4.085293340691725,4.085293340691725,0,1
DROP1_SUPPORT,3.0,1.0,FULL,133,0.44360902255639095,0.8485264711486167,-0.0653955744475227,-0.0767039043703733,-0.08235806933179861,-8.697611401520518,10.846007897614966,5,15
RANGE_EXPAND_SUPPORT,0.75,0.2,TRAIN,175,0.14857142857142858,0.034899328859060406,-0.8217142857142857,-0.8678857119951054,-0.8909714251355155,-143.8,143.79999999999995,0,10
RANGE_EXPAND_SUPPORT,0.75,0.2,OOS,77,0.11688311688311688,0.026470588235294117,-0.8597402597402596,-0.9092851196360734,-0.9340575495839804,-66.19999999999999,66.19999999999999,0,5
RANGE_EXPAND_SUPPORT,0.75,0.2,YTD2026,13,0.07692307692307693,0.016666666666666666,-0.9076923076923078,-0.9621424102992093,-0.98936746160266,-11.8,11.8,0,1
RANGE_EXPAND_SUPPORT,0.75,0.2,FULL,252,0.1388888888888889,0.03225806451612904,-0.8333333333333334,-0.8805355309965124,-0.904136629828102,-210.0,210.00000000000006,0,15
RANGE_EXPAND_SUPPORT,0.75,0.25,TRAIN,175,0.14857142857142858,0.0436241610738255,-0.8142857142857143,-0.8604571405665342,-0.8835428537069441,-142.5,142.5,0,10
RANGE_EXPAND_SUPPORT,0.75,0.25,OOS,77,0.11688311688311688,0.03308823529411765,-0.8538961038961039,-0.9034409637919175,-0.9282133937398246,-65.75,65.75,0,5
RANGE_EXPAND_SUPPORT,0.75,0.25,YTD2026,13,0.07692307692307693,0.020833333333333332,-0.9038461538461539,-0.9582962564530555,-0.9855213077565063,-11.75,11.75,0,1
RANGE_EXPAND_SUPPORT,0.75,0.25,FULL,252,0.1388888888888889,0.04032258064516129,-0.8263888888888888,-0.873591086552068,-0.8971921853836575,-208.25,208.25,0,15
RANGE_EXPAND_SUPPORT,0.75,0.3,TRAIN,175,0.14857142857142858,0.0523489932885906,-0.8068571428571428,-0.8530285691379624,-0.8761142822783725,-141.2,141.20000000000005,0,10
RANGE_EXPAND_SUPPORT,0.75,0.3,OOS,77,0.11688311688311688,0.039705882352941174,-0.8480519480519482,-0.8975968079477616,-0.9223692378956687,-65.30000000000001,65.30000000000001,0,5
RANGE_EXPAND_SUPPORT,0.75,0.3,YTD2026,13,0.07692307692307693,0.024999999999999998,-0.8999999999999999,-0.9544501026069016,-0.9816751539103523,-11.7,11.7,0,1
RANGE_EXPAND_SUPPORT,0.75,0.3,FULL,252,0.1388888888888889,0.048387096774193554,-0.8194444444444444,-0.8666466421076235,-0.8902477409392131,-206.5,206.49999999999994,0,15
RANGE_EXPAND_SUPPORT,0.75,0.4,TRAIN,175,0.14285714285714285,0.06666666666666668,-0.8,-0.8461714262808198,-0.8692571394212297,-140.0,139.99999999999994,0,10
RANGE_EXPAND_SUPPORT,0.75,0.4,OOS,77,0.11688311688311688,0.052941176470588235,-0.8363636363636364,-0.8859084962594501,-0.9106809262073572,-64.4,64.4,0,5
RANGE_EXPAND_SUPPORT,0.75,0.4,YTD2026,13,0.07692307692307693,0.03333333333333333,-0.8923076923076922,-0.946757794914594,-0.9739828462180445,-11.6,11.6,0,1
RANGE_EXPAND_SUPPORT,0.75,0.4,FULL,252,0.1349206349206349,0.062385321100917435,-0.811111111111111,-0.8583133087742902,-0.8819144076058796,-204.39999999999998,204.3999999999999,0,15
RANGE_EXPAND_SUPPORT,0.75,0.5,TRAIN,175,0.14285714285714285,0.08333333333333333,-0.7857142857142857,-0.8318857119951055,-0.8549714251355155,-137.5,137.5,0,10
RANGE_EXPAND_SUPPORT,0.75,0.5,OOS,77,0.11688311688311688,0.0661764705882353,-0.8246753246753247,-0.8742201845711385,-0.8989926145190452,-63.5,63.5,0,5
RANGE_EXPAND_SUPPORT,0.75,0.5,YTD2026,13,0.07692307692307693,0.041666666666666664,-0.8846153846153846,-0.9390654872222862,-0.966290538525737,-11.5,11.5,0,1
RANGE_EXPAND_SUPPORT,0.75,0.5,FULL,252,0.1349206349206349,0.0779816513761468,-0.7976190476190477,-0.8448212452822267,-0.8684223441138162,-201.0,201.0,0,15
RANGE_EXPAND_SUPPORT,0.75,0.6,TRAIN,175,0.14285714285714285,0.09999999999999999,-0.7714285714285715,-0.8175999977093912,-0.8406857108498011,-135.0,135.00000000000006,0,10
RANGE_EXPAND_SUPPORT,0.75,0.6,OOS,77,0.11688311688311688,0.07941176470588235,-0.812987012987013,-0.8625318728828267,-0.8873043028307337,-62.6,62.599999999999994,0,5
RANGE_EXPAND_SUPPORT,0.75,0.6,YTD2026,13,0.07692307692307693,0.049999999999999996,-0.8769230769230769,-0.9313731795299787,-0.9585982308334292,-11.4,11.4,0,1
RANGE_EXPAND_SUPPORT,0.75,0.6,FULL,252,0.1349206349206349,0.09357798165137615,-0.7841269841269842,-0.8313291817901631,-0.8549302806217528,-197.60000000000002,197.6000000000001,0,15
RANGE_EXPAND_SUPPORT,0.75,0.75,TRAIN,175,0.14285714285714285,0.125,-0.75,-0.7961714262808199,-0.8192571394212298,-131.25,131.25,0,10
RANGE_EXPAND_SUPPORT,0.75,0.75,OOS,77,0.11688311688311688,0.09926470588235294,-0.7954545454545454,-0.8449994053503592,-0.8697718352982662,-61.25,61.25,0,5
RANGE_EXPAND_SUPPORT,0.75,0.75,YTD2026,13,0.07692307692307693,0.0625,-0.8653846153846154,-0.919834717991517,-0.9470597692949678,-11.25,11.25,0,1
RANGE_EXPAND_SUPPORT,0.75,0.75,FULL,252,0.1349206349206349,0.11697247706422019,-0.7638888888888888,-0.811091086552068,-0.8346921853836575,-192.5,192.5,0,15
RANGE_EXPAND_SUPPORT,0.75,1.0,TRAIN,175,0.13142857142857142,0.1513157894736842,-0.7371428571428571,-0.783314283423677,-0.8063999965640869,-129.0,129.0,0,10
RANGE_EXPAND_SUPPORT,0.75,1.0,OOS,77,0.1038961038961039,0.11594202898550725,-0.7922077922077922,-0.8417526521036058,-0.8665250820515129,-61.0,61.0,0,5
RANGE_EXPAND_SUPPORT,0.75,1.0,YTD2026,13,0.07692307692307693,0.08333333333333333,-0.8461538461538461,-0.9006039487607478,-0.9278290000641986,-11.0,11.0,0,1
RANGE_EXPAND_SUPPORT,0.75,1.0,FULL,252,0.12301587301587301,0.14027149321266968,-0.753968253968254,-0.8011704516314331,-0.8247715504630225,-190.0,190.0,0,15
RANGE_EXPAND_SUPPORT,1.0,0.2,TRAIN,175,0.37142857142857144,0.11818181818181817,-0.5542857142857143,-0.5889142839963292,-0.6062285688516363,-97.0,97.19999999999995,0,10
RANGE_EXPAND_SUPPORT,1.0,0.2,OOS,77,0.3246753246753247,0.09615384615384617,-0.6103896103896103,-0.6475482553114708,-0.6661275777724008,-46.99999999999999,46.99999999999998,0,5
RANGE_EXPAND_SUPPORT,1.0,0.2,YTD2026,13,0.3076923076923077,0.08888888888888889,-0.6307692307692307,-0.6716068077244071,-0.692025596201995,-8.2,8.2,0,1
RANGE_EXPAND_SUPPORT,1.0,0.2,FULL,252,0.35714285714285715,0.11111111111111109,-0.5714285714285714,-0.6068302196759557,-0.624531043799648,-144.0,144.2,0,15
RANGE_EXPAND_SUPPORT,1.0,0.25,TRAIN,175,0.37142857142857144,0.14772727272727273,-0.5357142857142857,-0.5703428554249005,-0.5876571402802079,-93.75,94.0,0,10
RANGE_EXPAND_SUPPORT,1.0,0.25,OOS,77,0.3116883116883117,0.11320754716981132,-0.6103896103896104,-0.6475482553114706,-0.6661275777724008,-47.0,47.0,0,5
RANGE_EXPAND_SUPPORT,1.0,0.25,YTD2026,13,0.3076923076923077,0.1111111111111111,-0.6153846153846154,-0.6562221923397916,-0.6766409808173797,-8.0,8.0,0,1
RANGE_EXPAND_SUPPORT,1.0,0.25,FULL,252,0.3531746031746032,0.13650306748466257,-0.558531746031746,-0.5939333942791304,-0.6116342184028224,-140.75,141.0,0,15
RANGE_EXPAND_SUPPORT,1.0,0.3,TRAIN,175,0.3657142857142857,0.17297297297297295,-0.5245714285714287,-0.5591999982820434,-0.5765142831373508,-91.80000000000001,92.10000000000005,0,10
RANGE_EXPAND_SUPPORT,1.0,0.3,OOS,77,0.3116883116883117,0.13584905660377358,-0.5948051948051949,-0.631963839727055,-0.6505431621879852,-45.800000000000004,45.800000000000026,0,5
RANGE_EXPAND_SUPPORT,1.0,0.3,YTD2026,13,0.3076923076923077,0.13333333333333333,-0.6,-0.6408375769551763,-0.6612563654327642,-7.8,7.8,0,1
RANGE_EXPAND_SUPPORT,1.0,0.3,FULL,252,0.3492063492063492,0.16097560975609754,-0.5460317460317461,-0.5814333942791303,-0.5991342184028225,-137.60000000000002,137.90000000000003,0,15
RANGE_EXPAND_SUPPORT,1.0,0.4,TRAIN,175,0.36,0.2249999999999999,-0.496,-0.5306285697106149,-0.5479428545659222,-86.8,87.20000000000005,0,10
RANGE_EXPAND_SUPPORT,1.0,0.4,OOS,77,0.3116883116883117,0.18113207547169813,-0.5636363636363636,-0.600795008558224,-0.6193743310191541,-43.4,43.40000000000002,0,5
RANGE_EXPAND_SUPPORT,1.0,0.4,YTD2026,13,0.3076923076923077,0.17777777777777778,-0.5692307692307692,-0.6100683461859454,-0.6304871346635336,-7.4,7.4,0,1
RANGE_EXPAND_SUPPORT,1.0,0.4,FULL,252,0.34523809523809523,0.21090909090909085,-0.5166666666666666,-0.552068314914051,-0.5697691390377431,-130.2,130.5999999999999,0,15
RANGE_EXPAND_SUPPORT,1.0,0.5,TRAIN,175,0.33714285714285713,0.2543103448275862,-0.4942857142857143,-0.5289142839963291,-0.5462285688516366,-86.5,87.0,0,10
RANGE_EXPAND_SUPPORT,1.0,0.5,OOS,77,0.3116883116883117,0.22641509433962265,-0.5324675324675324,-0.5696261773893927,-0.5882054998503229,-41.0,41.0,0,5
RANGE_EXPAND_SUPPORT,1.0,0.5,YTD2026,13,0.3076923076923077,0.2222222222222222,-0.5384615384615384,-0.5792991154167146,-0.5997179038943028,-7.0,7.0,0,1
RANGE_EXPAND_SUPPORT,1.0,0.5,FULL,252,0.32936507936507936,0.2455621301775148,-0.5059523809523809,-0.5413540291997653,-0.5590548533234574,-127.5,128.0,0,15
RANGE_EXPAND_SUPPORT,1.0,0.6,TRAIN,175,0.3142857142857143,0.2750000000000001,-0.49714285714285716,-0.531771426853472,-0.5490857117087795,-87.0,87.59999999999997,0,10
RANGE_EXPAND_SUPPORT,1.0,0.6,OOS,77,0.2727272727272727,0.22499999999999995,-0.5636363636363636,-0.600795008558224,-0.6193743310191541,-43.4,43.39999999999999,0,5
RANGE_EXPAND_SUPPORT,1.0,0.6,YTD2026,13,0.3076923076923077,0.26666666666666666,-0.5076923076923077,-0.5485298846474839,-0.568948673125072,-6.6,6.6,0,1
RANGE_EXPAND_SUPPORT,1.0,0.6,FULL,252,0.30158730158730157,0.2590909090909091,-0.5174603174603175,-0.5528619657077017,-0.5705627898313939,-130.4,131.00000000000009,0,15
RANGE_EXPAND_SUPPORT,1.0,0.75,TRAIN,175,0.2857142857142857,0.3,-0.5,-0.5346285697106149,-0.5519428545659223,-87.5,88.25,0,10
RANGE_EXPAND_SUPPORT,1.0,0.75,OOS,77,0.24675324675324675,0.24568965517241378,-0.5681818181818182,-0.6053404631036785,-0.6239197855646086,-43.75,43.75,0,5
RANGE_EXPAND_SUPPORT,1.0,0.75,YTD2026,13,0.3076923076923077,0.3333333333333333,-0.46153846153846156,-0.5023760384936378,-0.5227948269712259,-6.0,6.0,0,1
RANGE_EXPAND_SUPPORT,1.0,0.75,FULL,252,0.27380952380952384,0.2827868852459016,-0.5208333333333334,-0.5562349815807176,-0.5739358057044097,-131.25,132.0,0,15
RANGE_EXPAND_SUPPORT,1.0,1.0,TRAIN,175,0.26857142857142857,0.3671875,-0.46285714285714286,-0.49748571256775775,-0.5147999974230651,-81.0,82.0,0,10
RANGE_EXPAND_SUPPORT,1.0,1.0,OOS,77,0.19480519480519481,0.24193548387096775,-0.6103896103896104,-0.6475482553114706,-0.6661275777724008,-47.0,47.0,0,5
RANGE_EXPAND_SUPPORT,1.0,1.0,YTD2026,13,0.23076923076923078,0.3,-0.5384615384615384,-0.5792991154167146,-0.5997179038943028,-7.0,7.0,0,1
RANGE_EXPAND_SUPPORT,1.0,1.0,FULL,252,0.24603174603174602,0.3263157894736842,-0.5079365079365079,-0.5433381561838923,-0.5610389803075844,-128.0,129.0,0,15
RANGE_EXPAND_SUPPORT,1.25,0.2,TRAIN,175,0.5542857142857143,0.2487179487179487,-0.3348571428571428,-0.36255999862563476,-0.3764114265098806,-58.599999999999994,58.79999999999994,0,10
RANGE_EXPAND_SUPPORT,1.25,0.2,OOS,77,0.5584415584415584,0.25294117647058817,-0.32987012987012987,-0.3595970458076181,-0.37446050377636225,-25.4,25.40000000000002,0,5
RANGE_EXPAND_SUPPORT,1.25,0.2,YTD2026,13,0.46153846153846156,0.17142857142857143,-0.4461538461538461,-0.4788239077179871,-0.4951589385000577,-5.8,5.8,0,1
RANGE_EXPAND_SUPPORT,1.25,0.2,FULL,252,0.5555555555555556,0.24999999999999994,-0.33333333333333326,-0.36165465193124074,-0.37581531123019446,-83.99999999999999,84.19999999999982,0,15
RANGE_EXPAND_SUPPORT,1.25,0.25,TRAIN,175,0.5371428571428571,0.29012345679012347,-0.32857142857142857,-0.3562742843399205,-0.37012571222416635,-57.5,57.75,0,10
RANGE_EXPAND_SUPPORT,1.25,0.25,OOS,77,0.5584415584415584,0.3161764705882353,-0.30194805194805197,-0.33167496788554013,-0.3465384258542843,-23.25,23.25,0,5
RANGE_EXPAND_SUPPORT,1.25,0.25,YTD2026,13,0.46153846153846156,0.21428571428571427,-0.4230769230769231,-0.455746984641064,-0.47208201542313455,-5.5,5.5,0,1
RANGE_EXPAND_SUPPORT,1.25,0.25,FULL,252,0.5436507936507936,0.29782608695652174,-0.32043650793650796,-0.34875782653441534,-0.36291848583336905,-80.75,81.0,0,15
RANGE_EXPAND_SUPPORT,1.25,0.3,TRAIN,175,0.5371428571428571,0.34814814814814815,-0.30171428571428577,-0.3294171414827776,-0.34326856936702355,-52.80000000000001,53.10000000000005,0,10
RANGE_EXPAND_SUPPORT,1.25,0.3,OOS,77,0.5584415584415584,0.3794117647058824,-0.27402597402597406,-0.3037528899634622,-0.31861634793220645,-21.1,21.09999999999998,0,5
RANGE_EXPAND_SUPPORT,1.25,0.3,YTD2026,13,0.46153846153846156,0.2571428571428572,-0.4,-0.43267006156414095,-0.4490050923462115,-5.2,5.2,0,1
RANGE_EXPAND_SUPPORT,1.25,0.3,FULL,252,0.5436507936507936,0.357391304347826,-0.29325396825396827,-0.32157528685187564,-0.3357359461508294,-73.9,74.20000000000017,0,15
RANGE_EXPAND_SUPPORT,1.25,0.4,TRAIN,175,0.5028571428571429,0.4045977011494252,-0.29600000000000004,-0.3237028557684919,-0.33755428365273776,-51.800000000000004,52.200000000000045,0,10
RANGE_EXPAND_SUPPORT,1.25,0.4,OOS,77,0.5454545454545454,0.4799999999999999,-0.2363636363636364,-0.2660905523011246,-0.28095401026986877,-18.200000000000003,18.199999999999992,1,5
RANGE_EXPAND_SUPPORT,1.25,0.4,YTD2026,13,0.46153846153846156,0.34285714285714286,-0.3538461538461538,-0.38651621541029474,-0.40285124619236534,-4.6,4.6,0,1
RANGE_EXPAND_SUPPORT,1.25,0.4,FULL,252,0.5158730158730159,0.42622950819672123,-0.2777777777777778,-0.30609909637568516,-0.3202597556746389,-70.0,70.39999999999998,1,15
RANGE_EXPAND_SUPPORT,1.25,0.5,TRAIN,175,0.4685714285714286,0.44086021505376344,-0.29714285714285715,-0.3248457129113491,-0.3386971407955949,-52.0,52.5,0,10
RANGE_EXPAND_SUPPORT,1.25,0.5,OOS,77,0.5064935064935064,0.5131578947368421,-0.24025974025974026,-0.26998665619722845,-0.2848501141659726,-18.5,18.5,0,5
RANGE_EXPAND_SUPPORT,1.25,0.5,YTD2026,13,0.46153846153846156,0.42857142857142855,-0.3076923076923077,-0.34036236925644864,-0.35669740003851924,-4.0,4.0,0,1
RANGE_EXPAND_SUPPORT,1.25,0.5,FULL,252,0.4801587301587302,0.4618320610687023,-0.27976190476190477,-0.30808322335981225,-0.32224388265876586,-70.5,71.0,0,15
RANGE_EXPAND_SUPPORT,1.25,0.6,TRAIN,175,0.4342857142857143,0.4643484481199857,-0.30058351794859944,-0.3282863737170913,-0.3421378016013372,-52.6021156410049,53.20211564100485,0,10
RANGE_EXPAND_SUPPORT,1.25,0.6,OOS,77,0.4805194805194805,0.5550000000000002,-0.23116883116883113,-0.2608957471063194,-0.27575920507506346,-17.799999999999997,17.800000000000004,0,5
RANGE_EXPAND_SUPPORT,1.25,0.6,YTD2026,13,0.46153846153846156,0.5142857142857143,-0.26153846153846155,-0.2942085231026025,-0.31054355388467303,-3.4,3.3999999999999995,0,1
RANGE_EXPAND_SUPPORT,1.25,0.6,FULL,252,0.44841269841269843,0.4905858328255835,-0.27937347476589247,-0.3076947933637999,-0.3218554526627536,-70.4021156410049,71.00211564100488,0,15
RANGE_EXPAND_SUPPORT,1.25,0.75,TRAIN,175,0.41714285714285715,0.540996595310469,-0.26544066080574225,-0.29314351657423415,-0.30699494445848,-46.452115641004895,47.202115641004895,1,10
RANGE_EXPAND_SUPPORT,1.25,0.75,OOS,77,0.44155844155844154,0.5930232558139535,-0.22727272727272727,-0.25699964321021557,-0.2718631011789596,-17.5,17.75,0,5
RANGE_EXPAND_SUPPORT,1.25,0.75,YTD2026,13,0.46153846153846156,0.6428571428571429,-0.19230769230769232,-0.22497775387183325,-0.2413127846539038,-2.5,2.75,0,1
RANGE_EXPAND_SUPPORT,1.25,0.75,FULL,252,0.4246031746031746,0.5565105591084708,-0.25377823667065436,-0.28209955526856184,-0.29626021456751545,-63.952115641004895,64.9521156410049,1,15
RANGE_EXPAND_SUPPORT,1.25,1.0,TRAIN,175,0.38857142857142857,0.6303706566172694,-0.2243166758299512,-0.25201953159844304,-0.26587095948268896,-39.255418270241464,40.25541827024146,1,10
RANGE_EXPAND_SUPPORT,1.25,1.0,OOS,77,0.4025974025974026,0.6739130434782609,-0.19480519480519481,-0.2245321107426831,-0.23939556871142717,-15.0,16.0,1,5
RANGE_EXPAND_SUPPORT,1.25,1.0,YTD2026,13,0.38461538461538464,0.625,-0.23076923076923078,-0.2634392923333717,-0.27977432311544226,-3.0,4.0,0,1
RANGE_EXPAND_SUPPORT,1.25,1.0,FULL,252,0.39285714285714285,0.6435304592072013,-0.21529927885016453,-0.24362059744807196,-0.2577812567470257,-54.255418270241464,56.25541827024146,2,15
RANGE_EXPAND_SUPPORT,1.5,0.2,TRAIN,175,0.6914285714285714,0.4481481481481482,-0.17028571428571432,-0.19337142742612418,-0.2049142839963291,-29.800000000000004,32.200000000000045,1,10
RANGE_EXPAND_SUPPORT,1.5,0.2,OOS,77,0.6883116883116883,0.4416666666666665,-0.174025974025974,-0.19879840397388088,-0.21118461894783433,-13.399999999999999,14.200000000000014,2,5
RANGE_EXPAND_SUPPORT,1.5,0.2,YTD2026,13,0.5384615384615384,0.2333333333333333,-0.3538461538461538,-0.38107120514960463,-0.39468373080132996,-4.6,4.6,0,1
RANGE_EXPAND_SUPPORT,1.5,0.2,FULL,252,0.6904761904761905,0.446153846153846,-0.1714285714285714,-0.19502967026016094,-0.2068302196759557,-43.199999999999996,45.59999999999996,3,15
RANGE_EXPAND_SUPPORT,1.5,0.25,TRAIN,175,0.6857142857142857,0.5454545454545454,-0.14285714285714285,-0.16594285599755276,-0.17748571256775766,-25.0,29.0,2,10
RANGE_EXPAND_SUPPORT,1.5,0.25,OOS,77,0.6883116883116883,0.5520833333333334,-0.1396103896103896,-0.16438281955829648,-0.1767690345322499,-10.75,12.25,2,5
RANGE_EXPAND_SUPPORT,1.5,0.25,YTD2026,13,0.5384615384615384,0.2916666666666667,-0.3269230769230769,-0.35414812822652775,-0.36776065387825313,-4.25,4.25,0,1
RANGE_EXPAND_SUPPORT,1.5,0.25,FULL,252,0.6865079365079365,0.5474683544303798,-0.14186507936507936,-0.1654661781966689,-0.17726672761246368,-35.75,39.5,4,15
RANGE_EXPAND_SUPPORT,1.5,0.3,TRAIN,175,0.6742857142857143,0.621052631578947,-0.12342857142857142,-0.14651428456898133,-0.15805714113918629,-21.599999999999998,26.099999999999973,2,10
RANGE_EXPAND_SUPPORT,1.5,0.3,OOS,77,0.6753246753246753,0.6240000000000001,-0.12207792207792206,-0.1468503520258289,-0.15923656699978242,-9.399999999999999,10.700000000000003,2,5
RANGE_EXPAND_SUPPORT,1.5,0.3,YTD2026,13,0.5384615384615384,0.35000000000000003,-0.30000000000000004,-0.3272250513034508,-0.3408375769551762,-3.900000000000001,3.9000000000000004,0,1
RANGE_EXPAND_SUPPORT,1.5,0.3,FULL,252,0.6746031746031746,0.621951219512195,-0.12301587301587301,-0.14661697184746253,-0.1584175212632573,-31.0,34.79999999999995,4,15
RANGE_EXPAND_SUPPORT,1.5,0.4,TRAIN,175,0.5942857142857143,0.5859154929577465,-0.16800000000000004,-0.19108571314040984,-0.20262856971061483,-29.400000000000006,31.800000000000036,2,10
RANGE_EXPAND_SUPPORT,1.5,0.4,OOS,77,0.6233766233766234,0.6620689655172414,-0.12727272727272726,-0.1520451572206341,-0.16443137219458756,-9.799999999999999,10.999999999999993,2,5
RANGE_EXPAND_SUPPORT,1.5,0.4,YTD2026,13,0.5384615384615384,0.4666666666666666,-0.24615384615384617,-0.273378897457297,-0.28699142310902237,-3.2,3.4000000000000004,0,1
RANGE_EXPAND_SUPPORT,1.5,0.4,FULL,252,0.6031746031746031,0.608,-0.15555555555555556,-0.17915665438714506,-0.19095720380293982,-39.2,40.000000000000114,4,15
RANGE_EXPAND_SUPPORT,1.5,0.5,TRAIN,175,0.5542857142857143,0.6284953599292133,-0.16381959829049952,-0.18690531143090935,-0.1984481680011143,-28.668429700837414,31.668429700837414,0,10
RANGE_EXPAND_SUPPORT,1.5,0.5,OOS,77,0.5974025974025974,0.7419354838709677,-0.1038961038961039,-0.12866853384401075,-0.1410547488179642,-8.0,11.0,2,5
RANGE_EXPAND_SUPPORT,1.5,0.5,YTD2026,13,0.5384615384615384,0.5833333333333334,-0.19230769230769232,-0.21953274361114308,-0.2331452692628685,-2.5,3.0,0,1
RANGE_EXPAND_SUPPORT,1.5,0.5,FULL,252,0.5674603174603174,0.661006175256018,-0.14550964166998975,-0.16911074050157926,-0.180911289917374,-36.668429700837414,38.168429700837414,2,15
RANGE_EXPAND_SUPPORT,1.5,0.6,TRAIN,175,0.5314285714285715,0.6874594002330972,-0.14496245543335662,-0.16804816857376653,-0.1795910251439715,-25.368429700837407,30.399999999999977,2,10
RANGE_EXPAND_SUPPORT,1.5,0.6,OOS,77,0.5454545454545454,0.7200000000000001,-0.1272727272727273,-0.15204515722063416,-0.1644313721945876,-9.8,13.000000000000002,2,5
RANGE_EXPAND_SUPPORT,1.5,0.6,YTD2026,13,0.46153846153846156,0.5142857142857143,-0.26153846153846155,-0.2887635128419124,-0.30237603849363776,-3.4,3.3999999999999995,0,1
RANGE_EXPAND_SUPPORT,1.5,0.6,FULL,252,0.5357142857142857,0.6972634493605117,-0.1395572607176088,-0.16315835954919833,-0.17495890896499305,-35.168429700837414,37.59999999999992,4,15
RANGE_EXPAND_SUPPORT,1.5,0.75,TRAIN,175,0.49142857142857144,0.7261494364521924,-0.13797128091828334,-0.16105699405869317,-0.17259985062889813,-24.144974160699583,27.976544459862172,2,10
RANGE_EXPAND_SUPPORT,1.5,0.75,OOS,77,0.5324675324675324,0.8541666666666666,-0.06818181818181818,-0.09295424812972504,-0.10534046310367845,-5.25,10.0,2,5
RANGE_EXPAND_SUPPORT,1.5,0.75,YTD2026,13,0.38461538461538464,0.46875,-0.3269230769230769,-0.35414812822652775,-0.3677606538782532,-4.25,4.5,0,1
RANGE_EXPAND_SUPPORT,1.5,0.75,FULL,252,0.503968253968254,0.763265314448111,-0.11664672285991898,-0.14024782169150848,-0.15204837110730327,-29.394974160699583,32.72654445986217,4,15
RANGE_EXPAND_SUPPORT,1.5,1.0,TRAIN,175,0.46285714285714286,0.8485961421657772,-0.08060605534321934,-0.10369176848362922,-0.11523462505383415,-14.106059685063384,21.534945899653344,3,10
RANGE_EXPAND_SUPPORT,1.5,1.0,OOS,77,0.4805194805194805,0.9073814930011046,-0.048113510129296336,-0.07288594007720317,-0.08527215505115664,-3.704740279955818,10.0,2,5
RANGE_EXPAND_SUPPORT,1.5,1.0,YTD2026,13,0.3076923076923077,0.4444444444444444,-0.38461538461538464,-0.4118404359188354,-0.42545296157056084,-5.0,5.0,0,1
RANGE_EXPAND_SUPPORT,1.5,1.0,FULL,252,0.46825396825396826,0.8662535857407712,-0.07067777763896507,-0.09427887647055462,-0.10607942588634937,-17.8107999650192,25.534945899653348,5,15
RANGE_EXPAND_SUPPORT,1.75,0.2,TRAIN,175,0.7657142857142857,0.6536585365853657,-0.08114285714285716,-0.10093061126320847,-0.11082448832338417,-14.200000000000003,17.8,3,10
RANGE_EXPAND_SUPPORT,1.75,0.2,OOS,77,0.7272727272727273,0.5333333333333333,-0.1272727272727273,-0.14850623865664742,-0.15912299434860755,-9.8,11.8,2,5
RANGE_EXPAND_SUPPORT,1.75,0.2,YTD2026,13,0.6153846153846154,0.32,-0.26153846153846155,-0.28487421979856226,-0.2965420989286126,-3.4,3.4,0,1
RANGE_EXPAND_SUPPORT,1.75,0.2,FULL,252,0.753968253968254,0.6129032258064515,-0.09523809523809523,-0.11546760852231483,-0.12558236516442464,-24.0,27.60000000000004,5,15
RANGE_EXPAND_SUPPORT,1.75,0.25,TRAIN,175,0.76,0.7916666666666666,-0.05,-0.06978775412035132,-0.07968163118052701,-8.75,14.0,3,10
RANGE_EXPAND_SUPPORT,1.75,0.25,OOS,77,0.7142857142857143,0.625,-0.10714285714285714,-0.1283763685267773,-0.1389931242187374,-8.25,10.25,2,5
RANGE_EXPAND_SUPPORT,1.75,0.25,YTD2026,13,0.6153846153846154,0.4,-0.23076923076923078,-0.25410498902933143,-0.2657728681593818,-3.0,3.25,0,1
RANGE_EXPAND_SUPPORT,1.75,0.25,FULL,252,0.746031746031746,0.734375,-0.06746031746031746,-0.08768983074453705,-0.09780458738664687,-17.0,22.25,5,15
RANGE_EXPAND_SUPPORT,1.75,0.3,TRAIN,175,0.7085714285714285,0.729411764705882,-0.07885714285714283,-0.09864489697749422,-0.10853877403766987,-13.799999999999997,18.299999999999997,2,10
RANGE_EXPAND_SUPPORT,1.75,0.3,OOS,77,0.6883116883116883,0.6625000000000002,-0.10519480519480522,-0.12642831657872536,-0.1370450722706855,-8.100000000000001,9.500000000000005,1,5
RANGE_EXPAND_SUPPORT,1.75,0.3,YTD2026,13,0.6153846153846154,0.48,-0.19999999999999998,-0.2233357582601007,-0.23500363739015104,-2.5999999999999996,3.0999999999999996,0,1
RANGE_EXPAND_SUPPORT,1.75,0.3,FULL,252,0.7023809523809523,0.708,-0.08690476190476192,-0.10713427518898151,-0.11724903183109131,-21.900000000000002,25.699999999999967,3,15
RANGE_EXPAND_SUPPORT,1.75,0.4,TRAIN,175,0.64,0.721389510792835,-0.09887069907441003,-0.11865845319476138,-0.12855233025493704,-17.302372338021755,19.54436831500348,3,10
RANGE_EXPAND_SUPPORT,1.75,0.4,OOS,77,0.6493506493506493,0.7407407407407406,-0.09090909090909088,-0.1121426022930111,-0.1227593579849712,-6.999999999999998,9.999999999999998,2,5
RANGE_EXPAND_SUPPORT,1.75,0.4,YTD2026,13,0.6153846153846154,0.64,-0.13846153846153844,-0.16179729672163917,-0.17346517585168947,-1.7999999999999998,2.8,0,1
RANGE_EXPAND_SUPPORT,1.75,0.4,FULL,252,0.6428571428571429,0.7272533637395483,-0.09643798546834033,-0.11666749875255988,-0.1267822553946697,-24.302372338021762,25.944368315003533,5,15
RANGE_EXPAND_SUPPORT,1.75,0.5,TRAIN,175,0.6228571428571429,0.8371430724064468,-0.06058498478869576,-0.0803727389090471,-0.09026661596922277,-10.602372338021759,15.5,4,10
RANGE_EXPAND_SUPPORT,1.75,0.5,OOS,77,0.6103896103896104,0.7833333333333333,-0.08441558441558442,-0.10564909579950457,-0.11626585149146468,-6.5,11.0,2,5
RANGE_EXPAND_SUPPORT,1.75,0.5,YTD2026,13,0.5384615384615384,0.5833333333333334,-0.19230769230769232,-0.215643450567793,-0.22731132969784332,-2.5,2.5,0,1
RANGE_EXPAND_SUPPORT,1.75,0.5,FULL,252,0.6190476190476191,0.8201688147459151,-0.06786655689691175,-0.08809607018113133,-0.09821082682324112,-17.10237233802176,20.5,6,15
RANGE_EXPAND_SUPPORT,1.75,0.6,TRAIN,175,0.5657142857142857,0.7909204216965569,-0.0897278419315529,-0.10951559605190425,-0.11940947311207992,-15.702372338021759,20.00000000000001,3,10
RANGE_EXPAND_SUPPORT,1.75,0.6,OOS,77,0.5844155844155844,0.8437500000000002,-0.06493506493506493,-0.08616857631898513,-0.0967853320109452,-5.0,11.0,2,5
RANGE_EXPAND_SUPPORT,1.75,0.6,YTD2026,13,0.46153846153846156,0.5142857142857143,-0.26153846153846155,-0.2848742197985622,-0.2965420989286126,-3.4,3.4,0,1
RANGE_EXPAND_SUPPORT,1.75,0.6,FULL,252,0.5714285714285714,0.8067048200138482,-0.08215227118262602,-0.10238178446684562,-0.1124965411089554,-20.702372338021757,25.200000000000014,5,15
RANGE_EXPAND_SUPPORT,1.75,0.75,TRAIN,175,0.5371428571428571,0.8634026789970036,-0.06252439695633318,-0.0823121510766845,-0.09220602813686019,-10.941769467358306,17.265609537024716,2,10
RANGE_EXPAND_SUPPORT,1.75,0.75,OOS,77,0.5584415584415584,0.9279159866252293,-0.03182930460704157,-0.053062815990961756,-0.06367957168292182,-2.450856454742201,10.5,3,5
RANGE_EXPAND_SUPPORT,1.75,0.75,YTD2026,13,0.46153846153846156,0.6428571428571429,-0.19230769230769232,-0.21564345056779294,-0.22731132969784332,-2.5,3.0,0,1
RANGE_EXPAND_SUPPORT,1.75,0.75,FULL,252,0.5436507936507936,0.8826262272406956,-0.0531453409607163,-0.0733748542449359,-0.08348961088704569,-13.392625922100507,20.966465991766917,5,15
RANGE_EXPAND_SUPPORT,1.75,1.0,TRAIN,175,0.49142857142857144,0.9581389032290801,-0.020948885416074106,-0.04073663953642543,-0.050630516596601144,-3.6660549478129685,15.765609537024716,4,10
RANGE_EXPAND_SUPPORT,1.75,1.0,OOS,77,0.5064935064935064,1.0072316237468244,0.0034781672532765645,-0.01775534413064361,-0.02837209982260366,0.26781887850229547,10.0,3,5
RANGE_EXPAND_SUPPORT,1.75,1.0,YTD2026,13,0.38461538461538464,0.625,-0.23076923076923078,-0.2541049890293315,-0.2657728681593817,-3.0,4.0,0,1
RANGE_EXPAND_SUPPORT,1.75,1.0,FULL,252,0.49603174603174605,0.9727292584776944,-0.013485063767105844,-0.03371457705132545,-0.04382933369343524,-3.3982360693106726,15.765609537024716,7,15
RANGE_EXPAND_SUPPORT,2.0,0.2,TRAIN,175,0.8171428571428572,0.8937499999999998,-0.01942857142857143,-0.036742856283878834,-0.04539999871153255,-3.4000000000000004,9.399999999999993,4,10
RANGE_EXPAND_SUPPORT,2.0,0.2,OOS,77,0.8051948051948052,0.8266666666666663,-0.033766233766233764,-0.05234555622716392,-0.06163521745762897,-2.5999999999999996,5.0,2,5
RANGE_EXPAND_SUPPORT,2.0,0.2,YTD2026,13,0.6923076923076923,0.45,-0.16923076923076924,-0.1896495577083573,-0.1998589519471514,-2.2,2.4000000000000004,0,1
RANGE_EXPAND_SUPPORT,2.0,0.2,FULL,252,0.8134920634920635,0.8723404255319149,-0.023809523809523815,-0.041510347933215945,-0.050360759995062024,-6.000000000000002,12.399999999999986,6,15
RANGE_EXPAND_SUPPORT,2.0,0.25,TRAIN,175,0.7771428571428571,0.8717948717948718,-0.02857142857142857,-0.04588571342673599,-0.0545428558543897,-5.0,10.5,2,10
RANGE_EXPAND_SUPPORT,2.0,0.25,OOS,77,0.7662337662337663,0.8194444444444444,-0.04220779220779221,-0.060787114668722345,-0.07007677589918741,-3.25,4.25,1,5
RANGE_EXPAND_SUPPORT,2.0,0.25,YTD2026,13,0.6153846153846154,0.4,-0.23076923076923078,-0.25118801924681883,-0.2613974134856129,-3.0,3.25,0,1
RANGE_EXPAND_SUPPORT,2.0,0.25,FULL,252,0.7738095238095238,0.8552631578947368,-0.03273809523809524,-0.05043891936178739,-0.059289331423633455,-8.25,13.5,3,15
RANGE_EXPAND_SUPPORT,2.0,0.3,TRAIN,175,0.7314285714285714,0.8170212765957445,-0.04914285714285715,-0.06645714199816458,-0.07511428442581829,-8.600000000000001,12.100000000000003,3,10
RANGE_EXPAND_SUPPORT,2.0,0.3,OOS,77,0.7532467532467533,0.9157894736842106,-0.020779220779220783,-0.03935854324015093,-0.04864820447061601,-1.6000000000000003,3.5999999999999996,1,5
RANGE_EXPAND_SUPPORT,2.0,0.3,YTD2026,13,0.6153846153846154,0.48,-0.19999999999999998,-0.22041878847758808,-0.23062818271638214,-2.5999999999999996,3.0999999999999996,0,1
RANGE_EXPAND_SUPPORT,2.0,0.3,FULL,252,0.7380952380952381,0.8454545454545453,-0.04047619047619047,-0.058177014599882636,-0.0670274266617287,-10.2,13.299999999999988,4,15
RANGE_EXPAND_SUPPORT,2.0,0.4,TRAIN,175,0.6742857142857143,0.843390650761769,-0.05008329026153736,-0.06739757511684477,-0.0760547175444985,-8.764575795769037,13.999999999999988,3,10
RANGE_EXPAND_SUPPORT,2.0,0.4,OOS,77,0.7142857142857143,0.9999999999999996,-4.325544251786324e-18,-0.018579322460930133,-0.02786898369139519,-3.3306690738754696e-16,3.8,2,5
RANGE_EXPAND_SUPPORT,2.0,0.4,YTD2026,13,0.6153846153846154,0.64,-0.13846153846153844,-0.15888032693912654,-0.1690897211779206,-1.7999999999999998,2.8,0,1
RANGE_EXPAND_SUPPORT,2.0,0.4,FULL,252,0.6865079365079365,0.8875825885498542,-0.034780062681623175,-0.052480886805315305,-0.06133129886716138,-8.76457579576904,13.999999999999988,5,15
RANGE_EXPAND_SUPPORT,2.0,0.5,TRAIN,175,0.6285714285714286,0.8598509302337622,-0.051226147404394504,-0.06854043225970191,-0.07719757468735565,-8.964575795769038,14.5,4,10
RANGE_EXPAND_SUPPORT,2.0,0.5,OOS,77,0.6623376623376623,0.9807692307692307,-0.006493506493506494,-0.025072828954436646,-0.03436249018490173,-0.5,4.5,3,5
RANGE_EXPAND_SUPPORT,2.0,0.5,YTD2026,13,0.46153846153846156,0.42857142857142855,-0.3076923076923077,-0.32811109616989576,-0.33832049040868983,-4.0,4.0,0,1
RANGE_EXPAND_SUPPORT,2.0,0.5,FULL,252,0.6388888888888888,0.8947966384318332,-0.03755784045940094,-0.055258664583093094,-0.06410907664493917,-9.464575795769038,14.5,7,15
RANGE_EXPAND_SUPPORT,2.0,0.6,TRAIN,175,0.6,0.8989655456654603,-0.03981599019393437,-0.057130275049241806,-0.06578741747689551,-6.9677982839385155,12.45120942474001,4,10
RANGE_EXPAND_SUPPORT,2.0,0.6,OOS,77,0.6623376623376623,1.1769230769230772,0.05974025974025973,0.041160937279329596,0.03187127604886452,4.6,3.400000000000002,3,5
RANGE_EXPAND_SUPPORT,2.0,0.6,YTD2026,13,0.46153846153846156,0.5142857142857143,-0.26153846153846155,-0.28195725001604965,-0.29216664425484373,-3.4,3.4,0,1
RANGE_EXPAND_SUPPORT,2.0,0.6,FULL,252,0.6190476190476191,0.9750665101792197,-0.009396024936263951,-0.027096849059956105,-0.03594726112180217,-2.367798283938516,12.45120942474001,7,15
RANGE_EXPAND_SUPPORT,2.0,0.75,TRAIN,175,0.5714285714285714,0.9943513732155764,-0.002387418765362952,-0.019701703620670374,-0.028358846048324088,-0.4177982839385166,9.544908344896626,4,10
RANGE_EXPAND_SUPPORT,2.0,0.75,OOS,77,0.5974025974025974,1.0730466255527003,0.029408381716022204,0.01082905925509206,0.0015393980246270066,2.2644453921337098,6.5,3,5
RANGE_EXPAND_SUPPORT,2.0,0.75,YTD2026,13,0.38461538461538464,0.46875,-0.3269230769230769,-0.34734186540066503,-0.3575512596394591,-4.25,4.5,0,1
RANGE_EXPAND_SUPPORT,2.0,0.75,FULL,252,0.5793650793650794,1.0175930507430262,0.007327964715060287,-0.010372859408631849,-0.01922327147047792,1.8466471081951923,9.544908344896626,7,15
RANGE_EXPAND_SUPPORT,2.0,1.0,TRAIN,175,0.52,1.058134413587975,0.027106655538585562,0.009792370683278142,0.0011352282556244323,4.7436647192524735,11.01355360915926,4,10
RANGE_EXPAND_SUPPORT,2.0,1.0,OOS,77,0.5324675324675324,1.1208772184629316,0.054991448294668954,0.036412125833738804,0.027122464603273742,4.23434151868951,7.0,3,5
RANGE_EXPAND_SUPPORT,2.0,1.0,YTD2026,13,0.38461538461538464,0.625,-0.23076923076923078,-0.25118801924681883,-0.2613974134856129,-3.0,4.0,0,1
RANGE_EXPAND_SUPPORT,2.0,1.0,FULL,252,0.5238095238095238,1.0769796381694856,0.03562700888072216,0.01792618475703,0.009075772695183932,8.978006237941983,11.01355360915926,7,15
RANGE_EXPAND_SUPPORT,2.25,0.2,TRAIN,175,0.8285714285714286,0.9666666666666666,-0.0057142857142857256,-0.02110476114122564,-0.0287999988546956,-1.000000000000002,5.999999999999995,4,10
RANGE_EXPAND_SUPPORT,2.25,0.2,OOS,77,0.8311688311688312,0.9846153846153846,-0.0025974025974025996,-0.01911235589600717,-0.027369832545309464,-0.20000000000000018,3.0,2,5
RANGE_EXPAND_SUPPORT,2.25,0.2,YTD2026,13,0.6923076923076923,0.45,-0.16923076923076924,-0.1873808034330698,-0.19645582053422,-2.2,2.2,0,1
RANGE_EXPAND_SUPPORT,2.25,0.2,FULL,252,0.8293650793650794,0.9720930232558139,-0.0047619047619047675,-0.02049597064963111,-0.028363003593494276,-1.2000000000000015,6.999999999999996,6,15
RANGE_EXPAND_SUPPORT,2.25,0.25,TRAIN,175,0.7771428571428571,0.8717948717948718,-0.02857142857142857,-0.043961903998368516,-0.05165714171183847,-5.0,10.5,2,10
RANGE_EXPAND_SUPPORT,2.25,0.25,OOS,77,0.8181818181818182,1.125,0.022727272727272728,0.006212319428668139,-0.0020451572206341318,1.75,2.75,3,5
RANGE_EXPAND_SUPPORT,2.25,0.25,YTD2026,13,0.6923076923076923,0.5625,-0.1346153846153846,-0.15276541881768518,-0.16184043591883543,-1.75,2.0,0,1
RANGE_EXPAND_SUPPORT,2.25,0.25,FULL,252,0.7896825396825397,0.9386792452830188,-0.012896825396825396,-0.028630891284551752,-0.03649792422841492,-3.25,11.75,5,15
RANGE_EXPAND_SUPPORT,2.25,0.3,TRAIN,175,0.72,0.7898464906430742,-0.05747086118485862,-0.07286133661179854,-0.08055657432526853,-10.057400707350258,12.257400707350246,3,10
RANGE_EXPAND_SUPPORT,2.25,0.3,OOS,77,0.7922077922077922,1.1437500000000003,0.029870129870129856,0.013355176571525285,0.0050976999222229905,2.299999999999999,2.5,3,5
RANGE_EXPAND_SUPPORT,2.25,0.3,YTD2026,13,0.6923076923076923,0.6749999999999999,-0.09999999999999999,-0.11815003420230055,-0.1272250513034508,-1.2999999999999998,2.0,0,1
RANGE_EXPAND_SUPPORT,2.25,0.3,FULL,252,0.7420634920634921,0.8785199425372578,-0.0307833361402788,-0.04651740202800516,-0.05438443497186833,-7.757400707350258,12.757400707350236,6,15
RANGE_EXPAND_SUPPORT,2.25,0.4,TRAIN,175,0.6685714285714286,0.8231118450328652,-0.057470861184858626,-0.07286133661179854,-0.08055657432526848,-10.05740070735026,15.399999999999988,4,10
RANGE_EXPAND_SUPPORT,2.25,0.4,OOS,77,0.7402597402597403,1.14,0.03636363636363634,0.019848683065031777,0.011591206415729515,2.7999999999999985,3.2,3,5
RANGE_EXPAND_SUPPORT,2.25,0.4,YTD2026,13,0.6153846153846154,0.64,-0.13846153846153847,-0.156611572663839,-0.1656865897649893,-1.8000000000000003,2.4000000000000004,0,1
RANGE_EXPAND_SUPPORT,2.25,0.4,FULL,252,0.6904761904761905,0.9055731700453381,-0.028799209156151827,-0.044533275043878155,-0.05240030798774132,-7.257400707350261,15.399999999999988,7,15
RANGE_EXPAND_SUPPORT,2.25,0.5,TRAIN,175,0.6228571428571429,0.8354066475452319,-0.061000554365285904,-0.07639102979222585,-0.08408626750569581,-10.675097013925033,14.317696306574778,2,10
RANGE_EXPAND_SUPPORT,2.25,0.5,OOS,77,0.7142857142857143,1.25,0.07142857142857142,0.054913618129966826,0.04665614148066456,5.5,3.5,3,5
RANGE_EXPAND_SUPPORT,2.25,0.5,YTD2026,13,0.5384615384615384,0.5833333333333334,-0.19230769230769232,-0.21045772650999284,-0.2195327436111431,-2.5,3.5,0,1
RANGE_EXPAND_SUPPORT,2.25,0.5,FULL,252,0.6507936507936508,0.9404184678360161,-0.02053609926160728,-0.03627016514933364,-0.044137198093196814,-5.1750970139250345,14.817696306574778,5,15
RANGE_EXPAND_SUPPORT,2.25,0.6,TRAIN,175,0.5942857142857143,0.8893866473176499,-0.043571027179187816,-0.05896150260612779,-0.06665674031959773,-7.624929756357868,13.093472032765082,2,10
RANGE_EXPAND_SUPPORT,2.25,0.6,OOS,77,0.6753246753246753,1.2255289102969096,0.07322367217432117,0.05670871887571659,0.048451242226414316,5.638222757422731,4.8000000000000025,3,5
RANGE_EXPAND_SUPPORT,2.25,0.6,YTD2026,13,0.5384615384615384,0.7000000000000001,-0.13846153846153844,-0.15661157266383902,-0.1656865897649893,-1.7999999999999998,3.2,0,1
RANGE_EXPAND_SUPPORT,2.25,0.6,FULL,252,0.6190476190476191,0.9788497837040486,-0.007883757932282291,-0.02361782382000867,-0.03148485676387183,-1.9867069989351376,13.093472032765082,5,15
RANGE_EXPAND_SUPPORT,2.25,0.75,TRAIN,175,0.5542857142857143,0.9456347119333776,-0.02339324836216094,-0.03878372378910087,-0.046478961502570824,-4.093818463378164,13.067696306574778,4,10
RANGE_EXPAND_SUPPORT,2.25,0.75,OOS,77,0.6233766233766234,1.197760778302949,0.07448133208812363,0.057966378789519026,0.04970890214021679,5.735062570785519,6.5,3,5
RANGE_EXPAND_SUPPORT,2.25,0.75,YTD2026,13,0.46153846153846156,0.6428571428571429,-0.19230769230769232,-0.21045772650999292,-0.2195327436111431,-2.5,3.0,0,1
RANGE_EXPAND_SUPPORT,2.25,0.75,FULL,252,0.5753968253968254,1.0157354900422688,0.0065128734420926765,-0.009221192445633675,-0.017088225389496847,1.6412441074073545,13.067696306574778,7,15
RANGE_EXPAND_SUPPORT,2.25,1.0,TRAIN,175,0.5142857142857142,0.9930688075185714,-0.003227813424086255,-0.01861828885102617,-0.026313526564496145,-0.5648673492150946,12.795871627225825,4,10
RANGE_EXPAND_SUPPORT,2.25,1.0,OOS,77,0.5324675324675324,1.1737354577831767,0.07542266308691419,0.05890770978830959,0.05065023313900734,5.807545057692392,9.0,3,5
RANGE_EXPAND_SUPPORT,2.25,1.0,YTD2026,13,0.3076923076923077,0.5404851397564053,-0.26159680880585073,-0.2797468430081513,-0.28882186010930155,-3.4007585144760597,4.40075851447606,0,1
RANGE_EXPAND_SUPPORT,2.25,1.0,FULL,252,0.5198412698412699,1.0456186759886985,0.020804276620941663,0.005070210733215315,-0.0027968222106478586,5.242677708477299,12.795871627225825,7,15
RANGE_EXPAND_SUPPORT,2.5,0.2,TRAIN,175,0.8114285714285714,0.8606060606060604,-0.026285714285714287,-0.04013714216996021,-0.0470628561120832,-4.6000000000000005,9.999999999999996,3,10
RANGE_EXPAND_SUPPORT,2.5,0.2,OOS,77,0.8181818181818182,0.8999999999999996,-0.018181818181818188,-0.03304527615056229,-0.040477005134934345,-1.4000000000000004,3.0000000000000004,1,5
RANGE_EXPAND_SUPPORT,2.5,0.2,YTD2026,13,0.6923076923076923,0.45,-0.16923076923076924,-0.1855658000128397,-0.19373331540387492,-2.2,2.2,0,1
RANGE_EXPAND_SUPPORT,2.5,0.2,FULL,252,0.8134920634920635,0.8723404255319149,-0.023809523809523815,-0.03797018310847751,-0.045050512757954374,-6.000000000000002,10.599999999999985,4,15
RANGE_EXPAND_SUPPORT,2.5,0.25,TRAIN,175,0.7771428571428571,0.8717948717948718,-0.02857142857142857,-0.04242285645567452,-0.04934857039779747,-5.0,10.25,3,10
RANGE_EXPAND_SUPPORT,2.5,0.25,OOS,77,0.8051948051948052,1.0333333333333334,0.006493506493506494,-0.008369951475237617,-0.01580168045960969,0.5,2.75,3,5
RANGE_EXPAND_SUPPORT,2.5,0.25,YTD2026,13,0.6923076923076923,0.5625,-0.1346153846153846,-0.15095041539745505,-0.15911793078849035,-1.75,2.0,0,1
RANGE_EXPAND_SUPPORT,2.5,0.25,FULL,252,0.7857142857142857,0.9166666666666666,-0.017857142857142856,-0.03201780215609657,-0.039098131805573436,-4.5,10.25,6,15
RANGE_EXPAND_SUPPORT,2.5,0.3,TRAIN,175,0.7371428571428571,0.8643860748008598,-0.034695203637801326,-0.04854663152204726,-0.05547234546417023,-6.071660636615232,13.000000000000004,4,10
RANGE_EXPAND_SUPPORT,2.5,0.3,OOS,77,0.7792207792207793,1.058823529411765,0.012987012987012984,-0.0018764449817311396,-0.0093081739661032,0.9999999999999998,3.4,3,5
RANGE_EXPAND_SUPPORT,2.5,0.3,YTD2026,13,0.6923076923076923,0.6749999999999999,-0.09999999999999999,-0.11633503078207046,-0.12450254617310574,-1.2999999999999998,2.0,0,1
RANGE_EXPAND_SUPPORT,2.5,0.3,FULL,252,0.75,0.9178966441188889,-0.020125637446885846,-0.034286296745839565,-0.04136662639531642,-5.071660636615233,13.000000000000004,7,15
RANGE_EXPAND_SUPPORT,2.5,0.4,TRAIN,175,0.6685714285714286,0.8389625800101325,-0.05133245296102838,-0.06518388084527431,-0.07210959478739726,-8.983179268179967,14.901057820502443,5,10
RANGE_EXPAND_SUPPORT,2.5,0.4,OOS,77,0.7142857142857143,1.0735552191135764,0.019575869517867876,0.004712411549123793,-0.0027193174352482755,1.5073419528758265,3.8,3,5
RANGE_EXPAND_SUPPORT,2.5,0.4,YTD2026,13,0.5384615384615384,0.4666666666666666,-0.24615384615384617,-0.2624888769359166,-0.2706563923269518,-3.2,3.8000000000000003,0,1
RANGE_EXPAND_SUPPORT,2.5,0.4,FULL,252,0.6825396825396826,0.9019894428113452,-0.02966602109247676,-0.043826680391430436,-0.050907010040907294,-7.475837315304143,14.901057820502443,8,15
RANGE_EXPAND_SUPPORT,2.5,0.5,TRAIN,175,0.6285714285714286,0.8622918214800023,-0.049404327192660275,-0.0632557550769062,-0.07018146901902919,-8.645757258715548,13.862577990535582,3,10
RANGE_EXPAND_SUPPORT,2.5,0.5,OOS,77,0.7142857142857143,1.3192237151233934,0.08495769395527646,0.07009423598653233,0.06266250700216028,6.541742434556287,3.5,4,5
RANGE_EXPAND_SUPPORT,2.5,0.5,YTD2026,13,0.5384615384615384,0.5833333333333334,-0.19230769230769232,-0.20864272308976278,-0.21681023848079806,-2.5,3.5,0,1
RANGE_EXPAND_SUPPORT,2.5,0.5,FULL,252,0.6547619047619048,0.9747343900465038,-0.008349265175235166,-0.022509924474188876,-0.02959025412366574,-2.104014824159262,13.862577990535582,7,15
RANGE_EXPAND_SUPPORT,2.5,0.6,TRAIN,175,0.6057142857142858,0.9481566590411338,-0.01950831664163895,-0.033359744525884895,-0.040285458468007886,-3.4139554122868163,11.6359266759173,3,10
RANGE_EXPAND_SUPPORT,2.5,0.6,OOS,77,0.6493506493506493,1.1380357536698595,0.045699977488088246,0.03083651951934415,0.023404790534972072,3.518898266582795,4.892658047124175,3,5
RANGE_EXPAND_SUPPORT,2.5,0.6,YTD2026,13,0.46153846153846156,0.5142857142857143,-0.26153846153846155,-0.277873492320532,-0.2860410077115673,-3.4,3.4,0,1
RANGE_EXPAND_SUPPORT,2.5,0.6,FULL,252,0.6190476190476191,1.0011488747322943,0.00041643989799990675,-0.013744219400953817,-0.020824549050430685,0.1049428542959765,11.6359266759173,6,15
RANGE_EXPAND_SUPPORT,2.5,0.75,TRAIN,175,0.5485714285714286,0.9325591190281981,-0.028655936109379873,-0.04250736399362582,-0.04943307793574877,-5.014788819141478,14.369494038263955,5,10
RANGE_EXPAND_SUPPORT,2.5,0.75,OOS,77,0.5974025974025974,1.1646336495397827,0.060971625556200455,0.04610816758745636,0.038676438603084284,4.694815167827435,5.4858950061170075,3,5
RANGE_EXPAND_SUPPORT,2.5,0.75,YTD2026,13,0.46153846153846156,0.6428571428571429,-0.19230769230769232,-0.20864272308976278,-0.21681023848079806,-2.5,3.0,0,1
RANGE_EXPAND_SUPPORT,2.5,0.75,FULL,252,0.5634920634920635,0.9968896860884626,-0.0012697367115636687,-0.01543039601051739,-0.022510725659994246,-0.31997365131404454,14.369494038263955,8,15
RANGE_EXPAND_SUPPORT,2.5,1.0,TRAIN,175,0.5142857142857142,0.9981240642834569,-0.0008444684622066915,-0.014695896346452625,-0.021621610288575614,-0.147781980886171,17.189844040945943,5,10
RANGE_EXPAND_SUPPORT,2.5,1.0,OOS,77,0.5324675324675324,1.1968367882255149,0.08148895739544162,0.06662549942669752,0.05919377044232546,6.274649719449005,6.795994173773237,3,5
RANGE_EXPAND_SUPPORT,2.5,1.0,YTD2026,13,0.3076923076923077,0.5434278562355864,-0.2585140510021887,-0.27484908178425915,-0.28301659717529454,-3.360682663028453,4.360682663028454,0,1
RANGE_EXPAND_SUPPORT,2.5,1.0,FULL,252,0.5198412698412699,1.0553690165684186,0.02431296721651918,0.010152307917565462,0.0030719782680886103,6.126867738562833,17.189844040945943,8,15
RANGE_EXPAND_SUPPORT,3.0,0.2,TRAIN,175,0.8114285714285714,0.8606060606060604,-0.02628571428571428,-0.03782857085591922,-0.0435999991410217,-4.599999999999999,7.999999999999996,6,10
RANGE_EXPAND_SUPPORT,3.0,0.2,OOS,77,0.8441558441558441,1.0833333333333333,0.012987012987012981,0.0006007980130595699,-0.005592309473917157,0.9999999999999996,3.0,3,5
RANGE_EXPAND_SUPPORT,3.0,0.2,YTD2026,13,0.7692307692307693,0.6666666666666666,-0.07692307692307693,-0.09053560257480232,-0.09734186540066503,-1.0,1.2,0,1
RANGE_EXPAND_SUPPORT,3.0,0.2,FULL,252,0.8214285714285714,0.9199999999999998,-0.014285714285714287,-0.026086263701509037,-0.03198653840940641,-3.6000000000000005,7.999999999999996,9,15
RANGE_EXPAND_SUPPORT,3.0,0.25,TRAIN,175,0.7714285714285715,0.8733782539592954,-0.02796028874578681,-0.03950314531599176,-0.04527457360109425,-4.893050530512692,10.25,4,10
RANGE_EXPAND_SUPPORT,3.0,0.25,OOS,77,0.8181818181818182,1.125,0.022727272727272728,0.010341057753319293,0.00414795026634258,1.75,2.75,3,5
RANGE_EXPAND_SUPPORT,3.0,0.25,YTD2026,13,0.7692307692307693,0.8333333333333334,-0.038461538461538464,-0.05207406411326387,-0.058880326939126565,-0.5,1.0,0,1
RANGE_EXPAND_SUPPORT,3.0,0.25,FULL,252,0.7857142857142857,0.9402950532152209,-0.01247242274012973,-0.02427297215592449,-0.030173246863821876,-3.143050530512692,10.25,7,15
RANGE_EXPAND_SUPPORT,3.0,0.3,TRAIN,175,0.72,0.8706772898787548,-0.0320827311231222,-0.04362558769332714,-0.049397015978429624,-5.614477946546386,11.024678180207317,6,10
RANGE_EXPAND_SUPPORT,3.0,0.3,OOS,77,0.7922077922077922,1.2028419249718512,0.04007832206702201,0.027692107093068574,0.021498999606091883,3.086030799160695,2.5000000000000004,4,5
RANGE_EXPAND_SUPPORT,3.0,0.3,YTD2026,13,0.6923076923076923,0.6749999999999999,-0.09999999999999999,-0.1136125256517254,-0.12041878847758812,-1.2999999999999998,1.7,0,1
RANGE_EXPAND_SUPPORT,3.0,0.3,FULL,252,0.7420634920634921,0.9568733734149663,-0.010033520426133688,-0.021834069841928455,-0.02773434454982582,-2.5284471473856893,11.024678180207317,10,15
RANGE_EXPAND_SUPPORT,3.0,0.4,TRAIN,175,0.6742857142857143,0.905021053724666,-0.027904531078053532,-0.03944738764825847,-0.045218815933360954,-4.883292938659368,8.624678180207315,5,10
RANGE_EXPAND_SUPPORT,3.0,0.4,OOS,77,0.7532467532467533,1.3325255186394105,0.07518768347268212,0.0628014684987287,0.05660836101175199,5.789451627396524,2.3999999999999986,4,5
RANGE_EXPAND_SUPPORT,3.0,0.4,YTD2026,13,0.6153846153846154,0.64,-0.13846153846153847,-0.15207406411326385,-0.15888032693912654,-1.8000000000000003,2.4000000000000004,0,1
RANGE_EXPAND_SUPPORT,3.0,0.4,FULL,252,0.6984126984126984,1.0131661219355759,0.0035958678124490273,-0.008204681603345724,-0.01410495631124311,0.9061586887371549,8.834277039844594,9,15
RANGE_EXPAND_SUPPORT,3.0,0.5,TRAIN,175,0.6457142857142857,1.0067472038214187,0.002126680701518774,-0.00941617586868618,-0.015187604153788656,0.3721691227657855,7.487950410138398,5,10
RANGE_EXPAND_SUPPORT,3.0,0.5,OOS,77,0.7012987012987013,1.2225888133525726,0.0618928383829307,0.04950662340897727,0.04331351592200056,4.765748555485664,2.5,3,5
RANGE_EXPAND_SUPPORT,3.0,0.5,YTD2026,13,0.5384615384615384,0.5833333333333334,-0.19230769230769232,-0.20592021795941776,-0.21272648078528045,-2.5,2.5,0,1
RANGE_EXPAND_SUPPORT,3.0,0.5,FULL,252,0.6626984126984127,1.0671013049121945,0.02038856221528353,0.008588012799488757,0.0026877380915913732,5.1379176782514495,7.487950410138398,8,15
RANGE_EXPAND_SUPPORT,3.0,0.6,TRAIN,175,0.5942857142857143,0.9787405301735719,-0.007529312624373655,-0.01907216919457863,-0.024843597479681106,-1.3176297092653897,9.792867485129568,3,10
RANGE_EXPAND_SUPPORT,3.0,0.6,OOS,77,0.6493506493506493,1.2594819836743871,0.0775295758458161,0.06514336087186265,0.05895025338488596,5.969777340127839,2.519196147276353,4,5
RANGE_EXPAND_SUPPORT,3.0,0.6,YTD2026,13,0.46153846153846156,0.5883125680817336,-0.19378431902125776,-0.2073968446729831,-0.2142031074988458,-2.5191961472763507,2.51919614727635,0,1
RANGE_EXPAND_SUPPORT,3.0,0.6,FULL,252,0.6111111111111112,1.0547408064669865,0.018460903297073214,0.00666035388127842,0.0007600791733810528,4.65214763086245,9.792867485129568,7,15
RANGE_EXPAND_SUPPORT,3.0,0.75,TRAIN,175,0.5714285714285714,1.0271507733714904,0.010140785015616499,-0.0014020715545884554,-0.007173499839690907,1.7746373777328874,10.214565644419089,5,10
RANGE_EXPAND_SUPPORT,3.0,0.75,OOS,77,0.5974025974025974,1.3109487866378604,0.10219751239312722,0.08981129741917374,0.08361818993219705,7.869208454270796,3.6697650331333946,4,5
RANGE_EXPAND_SUPPORT,3.0,0.75,YTD2026,13,0.3076923076923077,0.4673068226822225,-0.2630588487025689,-0.27667137435429423,-0.28347763718015695,-3.4197650331333955,3.6697650331333955,0,1
RANGE_EXPAND_SUPPORT,3.0,0.75,FULL,252,0.5793650793650794,1.106362737108899,0.03826922949207811,0.02646868007628332,0.020568405368385972,9.643845832003684,10.214565644419089,9,15
RANGE_EXPAND_SUPPORT,3.0,1.0,TRAIN,175,0.5142857142857142,1.0444216087444664,0.018231089960043575,0.006688233389838614,0.0009168051047361697,3.190440743007626,15.668001023080382,5,10
RANGE_EXPAND_SUPPORT,3.0,1.0,OOS,77,0.5584415584415584,1.360102734537854,0.12801191006527704,0.11562569509132362,0.10943258760434686,9.856917075026331,3.4197650331333946,4,5
RANGE_EXPAND_SUPPORT,3.0,1.0,YTD2026,13,0.3076923076923077,0.611021623612701,-0.19208844456739874,-0.2057009702191241,-0.21250723304498684,-2.4971497793761834,3.4197650331333955,0,1
RANGE_EXPAND_SUPPORT,3.0,1.0,FULL,252,0.5277777777777778,1.1315332988073943,0.05177522943664268,0.039974680020847926,0.034074405312950556,13.047357818033955,15.668001023080382,9,15
BODY50_SUPPORT,0.75,0.2,TRAIN,58,0.017241379310344827,0.0035087719298245615,-0.9793103448275862,-1.023676470201804,-1.045859532888913,-56.8,56.8,0,10
BODY50_SUPPORT,0.75,0.2,OOS,29,0.034482758620689655,0.0071428571428571435,-0.9586206896551724,-1.0022844013719607,-1.024116257230355,-27.8,27.8,0,5
BODY50_SUPPORT,0.75,0.2,YTD2026,7,0.0,0.0,-1.0,-1.0547833814324428,-1.0821750721486645,-7.0,7.0,0,1
BODY50_SUPPORT,0.75,0.2,FULL,87,0.022988505747126436,0.004705882352941177,-0.9724137931034482,-1.0165457805918563,-1.0386117743360603,-84.6,84.6,0,15
BODY50_SUPPORT,0.75,0.25,TRAIN,58,0.017241379310344827,0.0043859649122807015,-0.978448275862069,-1.0228144012362868,-1.0449974639233959,-56.75,56.75,0,10
BODY50_SUPPORT,0.75,0.25,OOS,29,0.034482758620689655,0.008928571428571428,-0.9568965517241379,-1.0005602634409263,-1.0223921192993204,-27.75,27.75,0,5
BODY50_SUPPORT,0.75,0.25,YTD2026,7,0.0,0.0,-1.0,-1.0547833814324428,-1.0821750721486645,-7.0,7.0,0,1
BODY50_SUPPORT,0.75,0.25,FULL,87,0.022988505747126436,0.0058823529411764705,-0.9712643678160919,-1.0153963553044998,-1.037462349048704,-84.5,84.5,0,15
BODY50_SUPPORT,0.75,0.3,TRAIN,58,0.017241379310344827,0.005263157894736842,-0.9775862068965517,-1.0219523322707695,-1.0441353949578787,-56.7,56.7,0,10
BODY50_SUPPORT,0.75,0.3,OOS,29,0.034482758620689655,0.010714285714285714,-0.9551724137931035,-0.9988361255098918,-1.020667981368286,-27.7,27.7,0,5
BODY50_SUPPORT,0.75,0.3,YTD2026,7,0.0,0.0,-1.0,-1.0547833814324428,-1.0821750721486645,-7.0,7.0,0,1
BODY50_SUPPORT,0.75,0.3,FULL,87,0.022988505747126436,0.007058823529411764,-0.9701149425287356,-1.0142469300171435,-1.0363129237613478,-84.4,84.4,0,15
BODY50_SUPPORT,0.75,0.4,TRAIN,58,0.017241379310344827,0.007017543859649123,-0.9758620689655173,-1.020228194339735,-1.042411257026844,-56.6,56.6,0,10
BODY50_SUPPORT,0.75,0.4,OOS,29,0.034482758620689655,0.014285714285714287,-0.9517241379310345,-0.9953878496478228,-1.017219705506217,-27.6,27.6,0,5
BODY50_SUPPORT,0.75,0.4,YTD2026,7,0.0,0.0,-1.0,-1.0547833814324428,-1.0821750721486645,-7.0,7.0,0,1
BODY50_SUPPORT,0.75,0.4,FULL,87,0.022988505747126436,0.009411764705882354,-0.9678160919540231,-1.011948079442431,-1.0340140731866352,-84.2,84.19999999999999,0,15
BODY50_SUPPORT,0.75,0.5,TRAIN,58,0.017241379310344827,0.008771929824561403,-0.9741379310344828,-1.0185040564087005,-1.0406871190958096,-56.5,56.5,0,10
BODY50_SUPPORT,0.75,0.5,OOS,29,0.034482758620689655,0.017857142857142856,-0.9482758620689655,-0.9919395737857539,-1.013771429644148,-27.5,27.5,0,5
BODY50_SUPPORT,0.75,0.5,YTD2026,7,0.0,0.0,-1.0,-1.0547833814324428,-1.0821750721486645,-7.0,7.0,0,1
BODY50_SUPPORT,0.75,0.5,FULL,87,0.022988505747126436,0.011764705882352941,-0.9655172413793104,-1.0096492288677184,-1.0317152226119224,-84.0,84.0,0,15
BODY50_SUPPORT,0.75,0.6,TRAIN,58,0.017241379310344827,0.010526315789473684,-0.9724137931034482,-1.0167799184776662,-1.0389629811647751,-56.4,56.4,0,10
BODY50_SUPPORT,0.75,0.6,OOS,29,0.034482758620689655,0.02142857142857143,-0.9448275862068966,-0.988491297923685,-1.0103231537820792,-27.4,27.4,0,5
BODY50_SUPPORT,0.75,0.6,YTD2026,7,0.0,0.0,-1.0,-1.0547833814324428,-1.0821750721486645,-7.0,7.0,0,1
BODY50_SUPPORT,0.75,0.6,FULL,87,0.022988505747126436,0.014117647058823528,-0.9632183908045977,-1.0073503782930056,-1.0294163720372098,-83.8,83.80000000000001,0,15
BODY50_SUPPORT,0.75,0.75,TRAIN,58,0.017241379310344827,0.013157894736842105,-0.9698275862068966,-1.0141937115811144,-1.0363767742682233,-56.25,56.25,0,10
BODY50_SUPPORT,0.75,0.75,OOS,29,0.034482758620689655,0.026785714285714284,-0.9396551724137931,-0.9833188841305815,-1.0051507399889756,-27.25,27.25,0,5
BODY50_SUPPORT,0.75,0.75,YTD2026,7,0.0,0.0,-1.0,-1.0547833814324428,-1.0821750721486645,-7.0,7.0,0,1
BODY50_SUPPORT,0.75,0.75,FULL,87,0.022988505747126436,0.01764705882352941,-0.9597701149425287,-1.0039021024309367,-1.0259680961751407,-83.5,83.5,0,15
BODY50_SUPPORT,0.75,1.0,TRAIN,58,0.017241379310344827,0.017543859649122806,-0.9655172413793104,-1.009883366753528,-1.0320664294406372,-56.0,56.0,0,10
BODY50_SUPPORT,0.75,1.0,OOS,29,0.0,0.0,-1.0,-1.0436637117167884,-1.0654955675751825,-29.0,29.0,0,5
BODY50_SUPPORT,0.75,1.0,YTD2026,7,0.0,0.0,-1.0,-1.0547833814324428,-1.0821750721486645,-7.0,7.0,0,1
BODY50_SUPPORT,0.75,1.0,FULL,87,0.011494252873563218,0.011627906976744186,-0.9770114942528736,-1.0211434817412814,-1.0432094754854857,-85.0,85.0,0,15
BODY50_SUPPORT,1.0,0.2,TRAIN,58,0.22413793103448276,0.05777777777777779,-0.7310344827586207,-0.7643090767892841,-0.780946373804616,-42.4,42.4,0,10
BODY50_SUPPORT,1.0,0.2,OOS,29,0.20689655172413793,0.05217391304347826,-0.7517241379310345,-0.7844719217186256,-0.8008458136124215,-21.8,21.8,0,5
BODY50_SUPPORT,1.0,0.2,YTD2026,7,0.14285714285714285,0.03333333333333333,-0.8285714285714285,-0.8696589646457608,-0.8902027326829268,-5.8,5.8,0,1
BODY50_SUPPORT,1.0,0.2,FULL,87,0.21839080459770116,0.05588235294117648,-0.7379310344827585,-0.7710300250990649,-0.7875795204072177,-64.19999999999999,64.19999999999999,0,15
BODY50_SUPPORT,1.0,0.25,TRAIN,58,0.22413793103448276,0.07222222222222222,-0.7198275862068966,-0.7531021802375599,-0.7697394772528918,-41.75,41.75,0,10
BODY50_SUPPORT,1.0,0.25,OOS,29,0.20689655172413793,0.06521739130434782,-0.7413793103448276,-0.7741270941324188,-0.7905009860262144,-21.5,21.5,0,5
BODY50_SUPPORT,1.0,0.25,YTD2026,7,0.14285714285714285,0.041666666666666664,-0.8214285714285714,-0.8625161075029036,-0.8830598755400697,-5.75,5.75,0,1
BODY50_SUPPORT,1.0,0.25,FULL,87,0.21839080459770116,0.06985294117647059,-0.7270114942528736,-0.7601104848691796,-0.7766599801773326,-63.25,63.25,0,15
BODY50_SUPPORT,1.0,0.3,TRAIN,58,0.22413793103448276,0.08666666666666664,-0.7086206896551724,-0.7418952836858359,-0.7585325807011677,-41.1,41.099999999999994,0,10
BODY50_SUPPORT,1.0,0.3,OOS,29,0.20689655172413793,0.0782608695652174,-0.7310344827586207,-0.7637822665462118,-0.7801561584400076,-21.2,21.2,0,5
BODY50_SUPPORT,1.0,0.3,YTD2026,7,0.14285714285714285,0.049999999999999996,-0.8142857142857143,-0.8553732503600464,-0.8759170183972124,-5.7,5.7,0,1
BODY50_SUPPORT,1.0,0.3,FULL,87,0.21839080459770116,0.0838235294117647,-0.7160919540229886,-0.7491909446392946,-0.7657404399474477,-62.30000000000001,62.30000000000001,0,15
BODY50_SUPPORT,1.0,0.4,TRAIN,58,0.22413793103448276,0.11555555555555558,-0.6862068965517241,-0.7194814905823875,-0.7361187875977194,-39.8,39.800000000000004,0,10
BODY50_SUPPORT,1.0,0.4,OOS,29,0.20689655172413793,0.10434782608695652,-0.710344827586207,-0.743092611373798,-0.7594665032675938,-20.6,20.6,0,5
BODY50_SUPPORT,1.0,0.4,YTD2026,7,0.14285714285714285,0.06666666666666667,-0.7999999999999999,-0.8410875360743322,-0.8616313041114981,-5.6,5.6,0,1
BODY50_SUPPORT,1.0,0.4,FULL,87,0.21839080459770116,0.11176470588235296,-0.6942528735632184,-0.7273518641795245,-0.7439013594876774,-60.4,60.40000000000001,0,15
BODY50_SUPPORT,1.0,0.5,TRAIN,58,0.1896551724137931,0.11702127659574468,-0.7155172413793104,-0.7487918354099737,-0.7654291324253057,-41.5,41.5,0,10
BODY50_SUPPORT,1.0,0.5,OOS,29,0.20689655172413793,0.13043478260869565,-0.6896551724137931,-0.7224029562013843,-0.73877684809518,-20.0,20.0,0,5
BODY50_SUPPORT,1.0,0.5,YTD2026,7,0.14285714285714285,0.08333333333333333,-0.7857142857142857,-0.8268018217886179,-0.8473455898257839,-5.5,5.5,0,1
BODY50_SUPPORT,1.0,0.5,FULL,87,0.19540229885057472,0.12142857142857143,-0.7068965517241379,-0.7399955423404438,-0.7565450376485969,-61.5,61.5,0,15
BODY50_SUPPORT,1.0,0.6,TRAIN,58,0.13793103448275862,0.096,-0.7793103448275862,-0.8125849388582497,-0.8292222358735815,-45.2,45.199999999999996,0,10
BODY50_SUPPORT,1.0,0.6,OOS,29,0.20689655172413793,0.1565217391304348,-0.6689655172413793,-0.7017133010289706,-0.7180871929227663,-19.4,19.4,0,5
BODY50_SUPPORT,1.0,0.6,YTD2026,7,0.14285714285714285,0.09999999999999999,-0.7714285714285715,-0.8125161075029037,-0.8330598755400695,-5.4,5.4,0,1
BODY50_SUPPORT,1.0,0.6,FULL,87,0.16091954022988506,0.11506849315068492,-0.7425287356321838,-0.7756277262484901,-0.7921772215566428,-64.6,64.6,0,15
BODY50_SUPPORT,1.0,0.75,TRAIN,58,0.1206896551724138,0.10294117647058823,-0.7887931034482759,-0.8220676974789393,-0.838704994494271,-45.75,45.75,0,10
BODY50_SUPPORT,1.0,0.75,OOS,29,0.13793103448275862,0.12,-0.7586206896551724,-0.7913684734427636,-0.8077423653365593,-22.0,22.0,0,5
BODY50_SUPPORT,1.0,0.75,YTD2026,7,0.14285714285714285,0.125,-0.75,-0.7910875360743322,-0.8116313041114982,-5.25,5.25,0,1
BODY50_SUPPORT,1.0,0.75,FULL,87,0.12643678160919541,0.10855263157894737,-0.7787356321839081,-0.8118346228002143,-0.8283841181083671,-67.75,67.75,0,15
BODY50_SUPPORT,1.0,1.0,TRAIN,58,0.08620689655172414,0.09433962264150944,-0.8275862068965517,-0.8608608009272152,-0.877498097942547,-48.0,48.0,0,10
BODY50_SUPPORT,1.0,1.0,OOS,29,0.13793103448275862,0.16,-0.7241379310344828,-0.7568857148220739,-0.7732596067158696,-21.0,21.0,0,5
BODY50_SUPPORT,1.0,1.0,YTD2026,7,0.14285714285714285,0.16666666666666666,-0.7142857142857143,-0.7553732503600464,-0.7759170183972125,-5.0,5.0,0,1
BODY50_SUPPORT,1.0,1.0,FULL,87,0.10344827586206896,0.11538461538461539,-0.7931034482758621,-0.8262024388921684,-0.8427519342003211,-69.0,69.0,0,15
BODY50_SUPPORT,1.25,0.2,TRAIN,58,0.39655172413793105,0.13142857142857148,-0.5241379310344827,-0.5507576062590135,-0.5640674438712788,-30.4,30.40000000000001,0,10
BODY50_SUPPORT,1.25,0.2,OOS,29,0.3793103448275862,0.12222222222222223,-0.5448275862068965,-0.5710258132369695,-0.5841249267520061,-15.8,15.800000000000004,0,5
BODY50_SUPPORT,1.25,0.2,YTD2026,7,0.2857142857142857,0.08,-0.6571428571428571,-0.6900128860023228,-0.7064479004320557,-4.6,4.6,0,1
BODY50_SUPPORT,1.25,0.2,FULL,87,0.39080459770114945,0.12830188679245286,-0.5310344827586205,-0.5575136752516656,-0.570753271498188,-46.19999999999999,46.199999999999974,0,15
BODY50_SUPPORT,1.25,0.25,TRAIN,58,0.3793103448275862,0.1527777777777778,-0.5258620689655172,-0.5524817441900479,-0.5657915818023134,-30.5,30.5,0,10
BODY50_SUPPORT,1.25,0.25,OOS,29,0.3793103448275862,0.1527777777777778,-0.5258620689655172,-0.5520602959955903,-0.5651594095106267,-15.25,15.25,0,5
BODY50_SUPPORT,1.25,0.25,YTD2026,7,0.2857142857142857,0.1,-0.6428571428571429,-0.6757271717166086,-0.6921621861463415,-4.5,4.5,0,1
BODY50_SUPPORT,1.25,0.25,FULL,87,0.3793103448275862,0.1527777777777778,-0.5258620689655172,-0.5523412614585621,-0.5655808577050844,-45.75,45.75,0,15
BODY50_SUPPORT,1.25,0.3,TRAIN,58,0.3793103448275862,0.1833333333333333,-0.506896551724138,-0.5335162269486686,-0.5468260645609342,-29.400000000000002,29.39999999999999,0,10
BODY50_SUPPORT,1.25,0.3,OOS,29,0.3793103448275862,0.1833333333333333,-0.506896551724138,-0.5330947787542109,-0.5461938922692474,-14.7,14.699999999999996,0,5
BODY50_SUPPORT,1.25,0.3,YTD2026,7,0.2857142857142857,0.12,-0.6285714285714287,-0.6614414574308943,-0.6778764718606273,-4.4,4.4,0,1
BODY50_SUPPORT,1.25,0.3,FULL,87,0.3793103448275862,0.18333333333333335,-0.5068965517241381,-0.5333757442171829,-0.5466153404637052,-44.10000000000001,44.10000000000001,0,15
BODY50_SUPPORT,1.25,0.4,TRAIN,58,0.3275862068965517,0.1948717948717949,-0.5413793103448276,-0.5679989855693584,-0.5813088231816238,-31.4,31.400000000000013,0,10
BODY50_SUPPORT,1.25,0.4,OOS,29,0.3793103448275862,0.24444444444444446,-0.46896551724137925,-0.4951637442714522,-0.5082628577864888,-13.599999999999998,13.599999999999998,0,5
BODY50_SUPPORT,1.25,0.4,YTD2026,7,0.2857142857142857,0.16,-0.6,-0.6328700288594657,-0.6493050432891987,-4.2,4.2,0,1
BODY50_SUPPORT,1.25,0.4,FULL,87,0.3448275862068966,0.21052631578947376,-0.5172413793103449,-0.5437205718033897,-0.556960168049912,-45.0,45.00000000000003,0,15
BODY50_SUPPORT,1.25,0.5,TRAIN,58,0.27586206896551724,0.19047619047619047,-0.5862068965517241,-0.6128265717762548,-0.6261364093885204,-34.0,34.0,0,10
BODY50_SUPPORT,1.25,0.5,OOS,29,0.3793103448275862,0.3055555555555556,-0.43103448275862066,-0.4572327097886937,-0.47033182330373013,-12.5,12.5,0,5
BODY50_SUPPORT,1.25,0.5,YTD2026,7,0.2857142857142857,0.2,-0.5714285714285714,-0.6042986002880372,-0.6207336147177701,-4.0,4.0,0,1
BODY50_SUPPORT,1.25,0.5,FULL,87,0.3103448275862069,0.225,-0.5344827586206896,-0.5609619511137345,-0.5742015473602567,-46.5,46.5,0,15
BODY50_SUPPORT,1.25,0.6,TRAIN,58,0.25862068965517243,0.2093023255813953,-0.5862068965517241,-0.6128265717762548,-0.6261364093885204,-34.0,33.999999999999986,1,10
BODY50_SUPPORT,1.25,0.6,OOS,29,0.3103448275862069,0.26999999999999996,-0.503448275862069,-0.529646502892142,-0.5427456164071784,-14.600000000000001,14.8,0,5
BODY50_SUPPORT,1.25,0.6,YTD2026,7,0.2857142857142857,0.24,-0.5428571428571428,-0.5757271717166086,-0.5921621861463414,-3.8,4.0,0,1
BODY50_SUPPORT,1.25,0.6,FULL,87,0.27586206896551724,0.22857142857142854,-0.5586206896551724,-0.5850998821482172,-0.5983394783947396,-48.6,48.799999999999976,1,15
BODY50_SUPPORT,1.25,0.75,TRAIN,58,0.22413793103448276,0.21666666666666667,-0.6077586206896551,-0.6343782959141858,-0.6476881335264515,-35.25,35.25,1,10
BODY50_SUPPORT,1.25,0.75,OOS,29,0.3103448275862069,0.3375,-0.45689655172413796,-0.4830947787542109,-0.49619389226924737,-13.25,13.75,0,5
BODY50_SUPPORT,1.25,0.75,YTD2026,7,0.2857142857142857,0.3,-0.5,-0.5328700288594658,-0.5493050432891986,-3.5,4.0,0,1
BODY50_SUPPORT,1.25,0.75,FULL,87,0.25287356321839083,0.25384615384615383,-0.5574712643678161,-0.583950456860861,-0.5971900531073833,-48.5,49.0,1,15
BODY50_SUPPORT,1.25,1.0,TRAIN,58,0.22413793103448276,0.26548216379474304,-0.5698845280902857,-0.5965042033148164,-0.6098140409270818,-33.05330262923657,33.05330262923657,1,10
BODY50_SUPPORT,1.25,1.0,OOS,29,0.27586206896551724,0.38095238095238093,-0.4482758620689655,-0.47447408909903854,-0.48757320261407494,-13.0,14.0,0,5
BODY50_SUPPORT,1.25,1.0,YTD2026,7,0.2857142857142857,0.4,-0.42857142857142855,-0.4614414574308943,-0.4778764718606272,-3.0,4.0,0,1
BODY50_SUPPORT,1.25,1.0,FULL,87,0.2413793103448276,0.30222268743580966,-0.529348306083179,-0.5558274985762237,-0.5690670948227461,-46.05330262923657,47.05330262923657,1,15
BODY50_SUPPORT,1.5,0.2,TRAIN,58,0.6379310344827587,0.35238095238095246,-0.23448275862068968,-0.25666582130779864,-0.26775735265135314,-13.600000000000001,14.600000000000005,1,10
BODY50_SUPPORT,1.5,0.2,OOS,29,0.6206896551724138,0.3272727272727273,-0.25517241379310346,-0.27700426965149755,-0.2879201975806947,-7.4,7.399999999999998,1,5
BODY50_SUPPORT,1.5,0.2,YTD2026,7,0.42857142857142855,0.15000000000000002,-0.48571428571428565,-0.5131059764305071,-0.5268018217886178,-3.3999999999999995,3.5999999999999996,0,1
BODY50_SUPPORT,1.5,0.2,FULL,87,0.632183908045977,0.34374999999999983,-0.24137931034482762,-0.2634453040890316,-0.27447830096113357,-21.000000000000004,21.00000000000002,2,15
BODY50_SUPPORT,1.5,0.25,TRAIN,58,0.6206896551724138,0.4090909090909091,-0.22413793103448276,-0.24632099372159172,-0.2574125250651462,-13.0,14.5,2,10
BODY50_SUPPORT,1.5,0.25,OOS,29,0.6206896551724138,0.4090909090909091,-0.22413793103448276,-0.24596978689287696,-0.25688571482207395,-6.5,6.75,1,5
BODY50_SUPPORT,1.5,0.25,YTD2026,7,0.42857142857142855,0.1875,-0.4642857142857143,-0.4916774050019357,-0.5053732503600464,-3.25,3.5,0,1
BODY50_SUPPORT,1.5,0.25,FULL,87,0.6206896551724138,0.4090909090909091,-0.22413793103448276,-0.2462039247786868,-0.2572369216507888,-19.5,19.75,3,15
BODY50_SUPPORT,1.5,0.3,TRAIN,58,0.5862068965517241,0.42500000000000004,-0.23793103448275862,-0.2601140971698676,-0.2712056285134221,-13.8,15.299999999999995,3,10
BODY50_SUPPORT,1.5,0.3,OOS,29,0.6206896551724138,0.49090909090909085,-0.19310344827586207,-0.2149353041342562,-0.2258512320634533,-5.6,6.100000000000002,1,5
BODY50_SUPPORT,1.5,0.3,YTD2026,7,0.42857142857142855,0.22499999999999998,-0.44285714285714295,-0.47024883357336433,-0.483944678931475,-3.1000000000000005,3.4000000000000004,0,1
BODY50_SUPPORT,1.5,0.3,FULL,87,0.5977011494252874,0.4457142857142858,-0.22298850574712642,-0.24505449949133046,-0.25608749636343253,-19.4,19.39999999999998,4,15
BODY50_SUPPORT,1.5,0.4,TRAIN,58,0.5,0.40000000000000013,-0.30000000000000004,-0.32218306268710895,-0.33327459403066345,-17.400000000000002,19.4,2,10
BODY50_SUPPORT,1.5,0.4,OOS,29,0.6206896551724138,0.6545454545454547,-0.13103448275862067,-0.15286633861701482,-0.1637822665462119,-3.8,5.2,2,5
BODY50_SUPPORT,1.5,0.4,YTD2026,7,0.42857142857142855,0.30000000000000004,-0.4,-0.4273916907162215,-0.44108753607433215,-2.8000000000000003,3.2,0,1
BODY50_SUPPORT,1.5,0.4,FULL,87,0.5402298850574713,0.46999999999999975,-0.24367816091954025,-0.26574415466374424,-0.2767771515358462,-21.200000000000003,21.600000000000016,4,15
BODY50_SUPPORT,1.5,0.5,TRAIN,58,0.46551724137931033,0.44889265552356394,-0.28575870817637,-0.30794177086347896,-0.3190333022070335,-16.57400507422946,19.07400507422946,2,10
BODY50_SUPPORT,1.5,0.5,OOS,29,0.5517241379310345,0.6153846153846154,-0.1724137931034483,-0.19424564896184243,-0.20516157689103948,-5.0,7.5,2,5
BODY50_SUPPORT,1.5,0.5,YTD2026,7,0.42857142857142855,0.375,-0.35714285714285715,-0.38453454785907853,-0.39823039321718934,-2.5,3.0,0,1
BODY50_SUPPORT,1.5,0.5,FULL,87,0.4942528735632184,0.49914095434007205,-0.24797706981872944,-0.27004306356293345,-0.28107606043503547,-21.57400507422946,22.57400507422946,4,15
BODY50_SUPPORT,1.5,0.6,TRAIN,58,0.41379310344827586,0.43538724650012717,-0.3219656047280941,-0.34414866741520317,-0.3552401987587577,-18.67400507422946,21.674005074229456,2,10
BODY50_SUPPORT,1.5,0.6,OOS,29,0.5172413793103449,0.6428571428571427,-0.17241379310344832,-0.19424564896184243,-0.20516157689103953,-5.000000000000001,7.4,2,5
BODY50_SUPPORT,1.5,0.6,YTD2026,7,0.2857142857142857,0.24,-0.5428571428571428,-0.5702488335733643,-0.5839446789314751,-3.8,4.0,0,1
BODY50_SUPPORT,1.5,0.6,FULL,87,0.4482758620689655,0.497089634992844,-0.2721150008532122,-0.29418099459741615,-0.3052139914695183,-23.674005074229463,24.07400507422944,4,15
BODY50_SUPPORT,1.5,0.75,TRAIN,58,0.3793103448275862,0.470433871611752,-0.32024146679705967,-0.3424245294841686,-0.3535160608277231,-18.57400507422946,22.32400507422946,3,10
BODY50_SUPPORT,1.5,0.75,OOS,29,0.5172413793103449,0.8035714285714286,-0.09482758620689655,-0.11665944206529073,-0.12757536999448776,-2.75,7.25,2,5
BODY50_SUPPORT,1.5,0.75,YTD2026,7,0.2857142857142857,0.3,-0.5,-0.5273916907162214,-0.5410875360743322,-3.5,4.0,0,1
BODY50_SUPPORT,1.5,0.75,FULL,87,0.42528735632183906,0.565472493187081,-0.24510350660033864,-0.2671695003445427,-0.2782024972166447,-21.32400507422946,23.07400507422946,5,15
BODY50_SUPPORT,1.5,1.0,TRAIN,58,0.3620689655172414,0.548564386874054,-0.28077742411367695,-0.30296048680078586,-0.3140520181443404,-16.285090598593264,19.285090598593264,3,10
BODY50_SUPPORT,1.5,1.0,OOS,29,0.5172413793103449,1.0210899800031559,0.010181369656695938,-0.01165048620169824,-0.022566414130895298,0.2952597200441822,7.0,2,5
BODY50_SUPPORT,1.5,1.0,YTD2026,7,0.2857142857142857,0.4,-0.42857142857142855,-0.45596311928765,-0.4696589646457608,-3.0,4.0,0,1
BODY50_SUPPORT,1.5,1.0,FULL,87,0.41379310344827586,0.680676014334267,-0.18379115952355266,-0.20585715326775675,-0.21689015013985866,-15.989830878549082,19.285090598593264,5,15
BODY50_SUPPORT,1.75,0.2,TRAIN,58,0.7241379310344828,0.5249999999999999,-0.13103448275862067,-0.15004853649042837,-0.1595555633563322,-7.6,9.599999999999996,2,10
BODY50_SUPPORT,1.75,0.2,OOS,29,0.7241379310344828,0.5250000000000001,-0.13103448275862067,-0.1497475020658157,-0.15910401171941316,-3.8,4.999999999999999,2,5
BODY50_SUPPORT,1.75,0.2,YTD2026,7,0.5714285714285714,0.26666666666666666,-0.31428571428571433,-0.33776430632818977,-0.34950360234942757,-2.2,2.6,0,1
BODY50_SUPPORT,1.75,0.2,FULL,87,0.7241379310344828,0.5249999999999998,-0.1310344827586207,-0.14994819168222412,-0.15940504614402587,-11.400000000000002,12.400000000000004,4,15
BODY50_SUPPORT,1.75,0.25,TRAIN,58,0.7068965517241379,0.6029411764705882,-0.11637931034482758,-0.1353933640766353,-0.1449003909425391,-6.75,9.5,3,10
BODY50_SUPPORT,1.75,0.25,OOS,29,0.7241379310344828,0.65625,-0.09482758620689655,-0.11354060551409155,-0.12289711516768902,-2.75,4.25,2,5
BODY50_SUPPORT,1.75,0.25,YTD2026,7,0.5714285714285714,0.3333333333333333,-0.2857142857142857,-0.30919287775676124,-0.32093217377799904,-2.0,2.5,0,1
BODY50_SUPPORT,1.75,0.25,FULL,87,0.7126436781609196,0.62,-0.10919540229885058,-0.12810911122245403,-0.13756596568425575,-9.5,11.0,5,15
BODY50_SUPPORT,1.75,0.3,TRAIN,58,0.6551724137931034,0.5700000000000002,-0.14827586206896554,-0.1672899158007732,-0.17679694266667706,-8.600000000000001,10.100000000000001,3,10
BODY50_SUPPORT,1.75,0.3,OOS,29,0.7241379310344828,0.7874999999999999,-0.05862068965517241,-0.07733370896236738,-0.08669021861596492,-1.7,4.1,2,5
BODY50_SUPPORT,1.75,0.3,YTD2026,7,0.5714285714285714,0.39999999999999997,-0.2571428571428571,-0.28062144918533266,-0.2923607452065705,-1.7999999999999998,2.4,0,1
BODY50_SUPPORT,1.75,0.3,FULL,87,0.6781609195402298,0.6321428571428572,-0.11839080459770115,-0.1373045135213046,-0.14676136798310635,-10.3,10.899999999999999,5,15
BODY50_SUPPORT,1.75,0.4,TRAIN,58,0.603448275862069,0.6345340750134095,-0.13902470553048468,-0.15803875926229238,-0.16754578612819615,-8.063432920768111,10.063432920768104,3,10
BODY50_SUPPORT,1.75,0.4,OOS,29,0.6551724137931034,0.7600000000000001,-0.08275862068965516,-0.10147163999685015,-0.1108281496504476,-2.3999999999999995,6.2,2,5
BODY50_SUPPORT,1.75,0.4,YTD2026,7,0.5714285714285714,0.5333333333333333,-0.19999999999999998,-0.2234785920424755,-0.23521788806371327,-1.4,2.2,0,1
BODY50_SUPPORT,1.75,0.4,FULL,87,0.6206896551724138,0.673664608944891,-0.12026934391687483,-0.13918305284047827,-0.14863990730228002,-10.46343292076811,11.8634329207681,5,15
BODY50_SUPPORT,1.75,0.5,TRAIN,58,0.5517241379310345,0.6383802271053639,-0.15626608484082952,-0.1752801385726372,-0.18478716543854096,-9.063432920768111,11.563432920768111,2,10
BODY50_SUPPORT,1.75,0.5,OOS,29,0.5862068965517241,0.7580821371166426,-0.09353466641534793,-0.11224768572254291,-0.12160419537614037,-2.7125053260450898,6.0,2,5
BODY50_SUPPORT,1.75,0.5,YTD2026,7,0.42857142857142855,0.375,-0.35714285714285715,-0.38062144918533264,-0.3923607452065704,-2.5,2.5,0,1
BODY50_SUPPORT,1.75,0.5,FULL,87,0.5632183908045977,0.6753788098686131,-0.13535561203233565,-0.15426932095593907,-0.16372617541774082,-11.775938246813201,12.775938246813201,4,15
BODY50_SUPPORT,1.75,0.6,TRAIN,58,0.5,0.6200239311108399,-0.18385229173738124,-0.20286634546918889,-0.21237337233509274,-10.663432920768113,13.663432920768116,2,10
BODY50_SUPPORT,1.75,0.6,OOS,29,0.5862068965517241,0.9096985645399711,-0.034913976760175526,-0.053626996067370515,-0.06298350572096799,-1.0125053260450902,5.8,2,5
BODY50_SUPPORT,1.75,0.6,YTD2026,7,0.42857142857142855,0.44999999999999996,-0.3142857142857142,-0.3377643063281898,-0.3495036023494276,-2.1999999999999997,2.4,0,1
BODY50_SUPPORT,1.75,0.6,FULL,87,0.5287356321839081,0.7027203227217478,-0.13420618674497933,-0.15311989566858278,-0.1625767501303845,-11.675938246813201,13.67593824681321,4,15
BODY50_SUPPORT,1.75,0.75,TRAIN,58,0.5,0.7456754299008764,-0.12305552608758522,-0.14206957981939292,-0.15157660668529674,-7.137220513079942,10.887220513079942,3,10
BODY50_SUPPORT,1.75,0.75,OOS,29,0.5862068965517241,1.137123205674964,0.05301705772258311,0.03430403841538814,0.02494752876179068,1.5374946739549102,5.5,2,5
BODY50_SUPPORT,1.75,0.75,YTD2026,7,0.42857142857142855,0.5625,-0.25,-0.2734785920424755,-0.28521788806371323,-1.75,2.25,0,1
BODY50_SUPPORT,1.75,0.75,FULL,87,0.5287356321839081,0.857426045332491,-0.0643646648175291,-0.08327837374113253,-0.09273522820293427,-5.599725839125032,10.887220513079942,5,15
BODY50_SUPPORT,1.75,1.0,TRAIN,58,0.4482758620689655,0.7943813702313104,-0.1101244916048266,-0.1291385453366343,-0.1386455722025381,-6.387220513079942,8.387220513079942,4,10
BODY50_SUPPORT,1.75,1.0,OOS,29,0.5517241379310345,1.3562018452391638,0.1381437933517037,0.1194307740445087,0.11007426439091124,4.006170007199407,5.0,2,5
BODY50_SUPPORT,1.75,1.0,YTD2026,7,0.42857142857142855,0.75,-0.14285714285714285,-0.16633573489961836,-0.1780750309208561,-1.0,2.0,0,1
BODY50_SUPPORT,1.75,1.0,FULL,87,0.4827586206896552,0.9437241498078,-0.027368396619316504,-0.04628210554291992,-0.05573896000472163,-2.381050505880536,8.387220513079942,6,15
BODY50_SUPPORT,2.0,0.2,TRAIN,58,0.8275862068965517,0.96,-0.006896551724137925,-0.02353384873946964,-0.03185249724713551,-0.39999999999999963,3.8000000000000007,3,10
BODY50_SUPPORT,2.0,0.2,OOS,29,0.8620689655172413,1.2500000000000002,0.03448275862068967,0.01810886672689406,0.009921920779996258,1.0000000000000004,1.6,2,5
BODY50_SUPPORT,2.0,0.2,YTD2026,7,0.7142857142857143,0.5,-0.14285714285714285,-0.16340091089430892,-0.17367279491289198,-0.9999999999999999,1.6,0,1
BODY50_SUPPORT,2.0,0.2,FULL,87,0.8390804597701149,1.0428571428571427,0.006896551724137927,-0.009652943584015073,-0.01792769123809159,0.5999999999999996,3.8000000000000007,5,15
BODY50_SUPPORT,2.0,0.25,TRAIN,58,0.7586206896551724,0.7857142857142857,-0.05172413793103448,-0.06836143494636619,-0.07668008345403207,-3.0,4.75,2,10
BODY50_SUPPORT,2.0,0.25,OOS,29,0.8275862068965517,1.2,0.034482758620689655,0.01810886672689404,0.009921920779996233,1.0,2.5,2,5
BODY50_SUPPORT,2.0,0.25,YTD2026,7,0.5714285714285714,0.3333333333333333,-0.2857142857142857,-0.30625805375145176,-0.31652993777003485,-2.0,2.5,0,1
BODY50_SUPPORT,2.0,0.25,FULL,87,0.7816091954022989,0.8947368421052632,-0.022988505747126436,-0.03953800105527944,-0.04781274870935596,-2.0,4.75,4,15
BODY50_SUPPORT,2.0,0.3,TRAIN,58,0.7241379310344828,0.7875000000000001,-0.058620689655172406,-0.07525798667050412,-0.08357663517817002,-3.3999999999999995,5.900000000000004,5,10
BODY50_SUPPORT,2.0,0.3,OOS,29,0.8275862068965517,1.44,0.07586206896551721,0.059488177071721625,0.05130123112482382,2.1999999999999993,2.4000000000000004,3,5
BODY50_SUPPORT,2.0,0.3,YTD2026,7,0.5714285714285714,0.39999999999999997,-0.2571428571428571,-0.27768662518002324,-0.2879585091986062,-1.7999999999999998,2.4,0,1
BODY50_SUPPORT,2.0,0.3,FULL,87,0.7586206896551724,0.9428571428571428,-0.013793103448275848,-0.030342598756428887,-0.0386173464105054,-1.1999999999999988,5.900000000000004,8,15
BODY50_SUPPORT,2.0,0.4,TRAIN,58,0.6551724137931034,0.7976698047456264,-0.06647420354607064,-0.08311150056140235,-0.09143014906906821,-3.855503805672097,7.855503805672095,4,10
BODY50_SUPPORT,2.0,0.4,OOS,29,0.7241379310344828,1.1689490135920668,0.041864063438294734,0.025490171544499108,0.01730322559760132,1.2140578397105473,2.8000000000000003,2,5
BODY50_SUPPORT,2.0,0.4,YTD2026,7,0.5714285714285714,0.5333333333333333,-0.19999999999999998,-0.22054376803716605,-0.2308156520557491,-1.4,2.2,0,1
BODY50_SUPPORT,2.0,0.4,FULL,87,0.6781609195402298,0.8993406853651341,-0.030361447884615526,-0.04691094319276852,-0.05518569084684503,-2.641445965961551,7.855503805672095,6,15
BODY50_SUPPORT,2.0,0.5,TRAIN,58,0.5862068965517241,0.7373510526288163,-0.10440523802882926,-0.12104253504416097,-0.12936118355182685,-6.055503805672097,10.555503805672096,2,10
BODY50_SUPPORT,2.0,0.5,OOS,29,0.6896551724137931,1.2216064814763365,0.06255371861070849,0.046179826716912904,0.0379928807700151,1.8140578397105465,2.5,2,5
BODY50_SUPPORT,2.0,0.5,YTD2026,7,0.42857142857142855,0.375,-0.35714285714285715,-0.37768662518002316,-0.3879585091986063,-2.5,2.5,0,1
BODY50_SUPPORT,2.0,0.5,FULL,87,0.6206896551724138,0.8642365666882792,-0.04875225248231667,-0.06530174779046968,-0.07357649544454618,-4.24144596596155,10.555503805672096,4,15
BODY50_SUPPORT,2.0,0.6,TRAIN,58,0.5862068965517241,0.8584364941033306,-0.056272723257671534,-0.07291002027300326,-0.08122866878066913,-3.263817948944949,8.86381794894495,3,10
BODY50_SUPPORT,2.0,0.6,OOS,29,0.6896551724137931,1.4659277777716035,0.13151923585208775,0.1151453439582922,0.10695839801139442,3.8140578397105447,2.4000000000000004,2,5
BODY50_SUPPORT,2.0,0.6,YTD2026,7,0.42857142857142855,0.44999999999999996,-0.3142857142857142,-0.33482948232288035,-0.3451013663414634,-2.1999999999999997,2.4,0,1
BODY50_SUPPORT,2.0,0.6,FULL,87,0.6206896551724138,1.0176124975574148,0.006324596445581569,-0.010224898862571446,-0.018499646516647966,0.5502398907655965,8.86381794894495,5,15
BODY50_SUPPORT,2.0,0.75,TRAIN,58,0.5689655172413793,0.9911114749176638,-0.003686516361119818,-0.020323813376451536,-0.028642461884117405,-0.21381794894494943,6.463817948944949,6,10
BODY50_SUPPORT,2.0,0.75,OOS,29,0.6896551724137931,1.7447383787821684,0.2102201825261576,0.19384629063236197,0.1856593446854642,6.09638529325857,2.25,3,5
BODY50_SUPPORT,2.0,0.75,YTD2026,7,0.42857142857142855,0.5625,-0.25,-0.2705437680371661,-0.28081565205574915,-1.75,2.25,0,1
BODY50_SUPPORT,2.0,0.75,FULL,87,0.6091954022988506,1.182453583208522,0.06761571660130598,0.05106622129315297,0.042791473639076476,5.88256734431362,6.463817948944949,9,15
BODY50_SUPPORT,2.0,1.0,TRAIN,58,0.5172413793103449,1.0567789113109398,0.026485897431983638,0.009848600416651898,0.0015299519089860404,1.536182051055051,6.055503805672096,6,10
BODY50_SUPPORT,2.0,1.0,OOS,29,0.6551724137931034,2.164341263490599,0.3298717730970472,0.31349788120325156,0.30531093525635383,9.566281419814368,2.0,3,5
BODY50_SUPPORT,2.0,1.0,YTD2026,7,0.42857142857142855,0.75,-0.14285714285714285,-0.16340091089430894,-0.173672794912892,-1.0,2.0,0,1
BODY50_SUPPORT,2.0,1.0,FULL,87,0.5632183908045977,1.3147710696416757,0.12761452265367149,0.11106502734551846,0.10279027969144194,11.102463470869418,6.055503805672096,9,15
BODY50_SUPPORT,2.25,0.2,TRAIN,58,0.8275862068965517,0.96,-0.006896551724137928,-0.021685260182210567,-0.029079614411246884,-0.39999999999999986,3.4000000000000004,4,10
BODY50_SUPPORT,2.25,0.2,OOS,29,0.8620689655172413,1.2500000000000002,0.03448275862068967,0.019928188048426877,0.012650902762295512,1.0000000000000004,2.6,3,5
BODY50_SUPPORT,2.25,0.2,YTD2026,7,0.5714285714285714,0.26666666666666666,-0.31428571428571433,-0.33254684142986196,-0.3416774050019357,-2.2,2.6,0,1
BODY50_SUPPORT,2.25,0.2,FULL,87,0.8390804597701149,1.0428571428571427,0.006896551724137937,-0.007814110771998076,-0.015169442020066082,0.6000000000000005,3.4000000000000004,7,15
BODY50_SUPPORT,2.25,0.25,TRAIN,58,0.7931034482758621,0.9583333333333334,-0.008620689655172414,-0.023409398113245064,-0.030803752342281374,-0.5,3.75,3,10
BODY50_SUPPORT,2.25,0.25,OOS,29,0.8620689655172413,1.5625,0.07758620689655173,0.06303163632428893,0.055754351038157575,2.25,2.5,3,5
BODY50_SUPPORT,2.25,0.25,YTD2026,7,0.5714285714285714,0.3333333333333333,-0.2857142857142857,-0.3039754128584334,-0.3131059764305072,-2.0,2.5,0,1
BODY50_SUPPORT,2.25,0.25,FULL,87,0.8160919540229885,1.109375,0.020114942528735632,0.005404280032599599,-0.0019510512154683863,1.75,3.75,6,15
BODY50_SUPPORT,2.25,0.3,TRAIN,58,0.7586206896551724,1.0055208041452424,0.0012421177971585885,-0.01354659066091406,-0.02094094488995038,0.07204283223519814,3.727957167764802,5,10
BODY50_SUPPORT,2.25,0.3,OOS,29,0.7931034482758621,1.1499999999999997,0.031034482758620686,0.016479912186357908,0.00920262690022652,0.8999999999999999,2.4,3,5
BODY50_SUPPORT,2.25,0.3,YTD2026,7,0.5714285714285714,0.39999999999999997,-0.2571428571428571,-0.2754039842870048,-0.28453454785907856,-1.7999999999999998,2.4,0,1
BODY50_SUPPORT,2.25,0.3,FULL,87,0.7701149425287356,1.0510276471416955,0.01117290611764595,-0.0035377563784900717,-0.010893087626558075,0.9720428322351977,3.727957167764802,8,15
BODY50_SUPPORT,2.25,0.4,TRAIN,58,0.6724137931034483,0.8544014547962336,-0.04530960634077244,-0.06009831479884508,-0.06749266902788138,-2.6279571677648015,7.049336716152972,5,10
BODY50_SUPPORT,2.25,0.4,OOS,29,0.7241379310344828,1.172319539340383,0.042576485508369254,0.02802191493610646,0.02074462964997509,1.2347180797427084,2.8000000000000003,3,5
BODY50_SUPPORT,2.25,0.4,YTD2026,7,0.42857142857142855,0.30000000000000004,-0.4,-0.4182611271441476,-0.4273916907162215,-2.8000000000000003,2.8000000000000003,0,1
BODY50_SUPPORT,2.25,0.4,FULL,87,0.6896551724137931,0.9447447884057922,-0.016014242391058548,-0.03072490488719456,-0.038080236135262555,-1.3932390880220937,7.049336716152972,8,15
BODY50_SUPPORT,2.25,0.5,TRAIN,58,0.6379310344827587,0.9088270503087471,-0.031516502892496585,-0.04630521135056924,-0.053699565579605535,-1.827957167764802,7.327957167764802,4,10
BODY50_SUPPORT,2.25,0.5,OOS,29,0.7241379310344828,1.4653994241754782,0.11499027861181751,0.10043570803955473,0.09315842275342337,3.334718079742708,2.5,3,5
BODY50_SUPPORT,2.25,0.5,YTD2026,7,0.42857142857142855,0.375,-0.35714285714285715,-0.3754039842870048,-0.38453454785907853,-2.5,2.5,0,1
BODY50_SUPPORT,2.25,0.5,FULL,87,0.6666666666666666,1.0553658653868483,0.017319090942274774,0.0026084284461387612,-0.004746902801929242,1.5067609119779055,7.327957167764802,7,15
BODY50_SUPPORT,2.25,0.6,TRAIN,58,0.6206896551724138,0.9761505936848788,-0.008655416965643734,-0.02344412542371641,-0.030838479652752698,-0.5020141840073366,6.102014184007339,3,10
BODY50_SUPPORT,2.25,0.6,OOS,29,0.7241379310344828,1.744322485376819,0.183906222321086,0.16935165174882325,0.16207436646269185,5.333280447311494,2.4000000000000004,3,5
BODY50_SUPPORT,2.25,0.6,YTD2026,7,0.42857142857142855,0.44999999999999996,-0.3142857142857142,-0.33254684142986196,-0.3416774050019358,-2.1999999999999997,2.4,0,1
BODY50_SUPPORT,2.25,0.6,FULL,87,0.6551724137931034,1.1712327331289722,0.05553179612993284,0.040821133633796816,0.033465802385728834,4.8312662633041565,6.102014184007339,6,15
BODY50_SUPPORT,2.25,0.75,TRAIN,58,0.5517241379310345,0.8981204886610159,-0.04400024455185064,-0.05878895300992329,-0.06618330723895959,-2.552014184007337,6.77339373239551,6,10
BODY50_SUPPORT,2.25,0.75,OOS,29,0.7241379310344828,2.0858079761912447,0.2682800089887684,0.25372543841650563,0.24644815313037433,7.780120260674284,2.25,3,5
BODY50_SUPPORT,2.25,0.75,YTD2026,7,0.42857142857142855,0.5625,-0.25,-0.2682611271441477,-0.2773916907162214,-1.75,2.25,0,1
BODY50_SUPPORT,2.25,0.75,FULL,87,0.6091954022988506,1.1622898639798867,0.06009317329502237,0.045382510798886326,0.03802717955081835,5.228106076666946,6.77339373239551,9,15
BODY50_SUPPORT,2.25,1.0,TRAIN,58,0.5172413793103449,0.9803169404025782,-0.009179546666461496,-0.023968255124534127,-0.031362609353570436,-0.5324137066547667,8.307217707035328,7,10
BODY50_SUPPORT,2.25,1.0,OOS,29,0.6551724137931034,2.1600724845211148,0.3277021124847316,0.31314754191246885,0.30587025662633743,9.503361262057215,3.0,3,5
BODY50_SUPPORT,2.25,1.0,YTD2026,7,0.42857142857142855,0.75,-0.14285714285714285,-0.16111827000129053,-0.17024883357336426,-1.0,2.0,0,1
BODY50_SUPPORT,2.25,1.0,FULL,87,0.5632183908045977,1.2545572323621648,0.10311433971726952,0.08840367722113351,0.08104834597306552,8.970947555402448,8.307217707035328,10,15
BODY50_SUPPORT,2.5,0.2,TRAIN,58,0.7931034482758621,0.7666666666666663,-0.04827586206896552,-0.061585699681230885,-0.06824061848736357,-2.8,4.999999999999999,3,10
BODY50_SUPPORT,2.5,0.2,OOS,29,0.896551724137931,1.7333333333333336,0.07586206896551728,0.06276295545048075,0.05621339869296251,2.200000000000001,1.3999999999999995,3,5
BODY50_SUPPORT,2.5,0.2,YTD2026,7,0.7142857142857143,0.5,-0.14285714285714285,-0.1592921572868757,-0.16750966450174218,-1.0,1.4,0,1
BODY50_SUPPORT,2.5,0.2,FULL,87,0.8275862068965517,0.9599999999999999,-0.006896551724137937,-0.020136147970660337,-0.026755946093921543,-0.6000000000000005,4.999999999999999,6,15
BODY50_SUPPORT,2.5,0.25,TRAIN,58,0.7758620689655172,0.8614801225807197,-0.031047558731907662,-0.04435739634417304,-0.051012315150305736,-1.8007584064506443,4.800758406450644,3,10
BODY50_SUPPORT,2.5,0.25,OOS,29,0.896551724137931,2.1666666666666665,0.1206896551724138,0.10759054165737733,0.10104098489985906,3.5,1.25,3,5
BODY50_SUPPORT,2.5,0.25,YTD2026,7,0.7142857142857143,0.625,-0.10714285714285714,-0.12357787157259,-0.13179537878745645,-0.75,1.25,0,1
BODY50_SUPPORT,2.5,0.25,FULL,87,0.8160919540229885,1.1062025995968348,0.019531512569532825,0.00629191632301041,-0.0003278818002508074,1.6992415935493557,4.800758406450644,6,15
BODY50_SUPPORT,2.5,0.3,TRAIN,58,0.7413793103448276,0.9113410910353642,-0.021468300879108983,-0.034778138491374386,-0.041433057297507084,-1.245161450988321,5.045161450988323,5,10
BODY50_SUPPORT,2.5,0.3,OOS,29,0.8275862068965517,1.44,0.07586206896551721,0.06276295545048073,0.05621339869296251,2.1999999999999993,2.0,3,5
BODY50_SUPPORT,2.5,0.3,YTD2026,7,0.7142857142857143,0.75,-0.07142857142857142,-0.08786358585830431,-0.09608109307317074,-0.5,1.1,0,1
BODY50_SUPPORT,2.5,0.3,FULL,87,0.7701149425287356,1.0501374890448745,0.010975155735766426,-0.002264440510755999,-0.008884238634017213,0.9548385490116791,5.045161450988323,8,15
BODY50_SUPPORT,2.5,0.4,TRAIN,58,0.6379310344827587,0.7283450428087362,-0.09388209398255726,-0.10719193159482261,-0.11384685040095531,-5.445161450988321,9.64516145098832,4,10
BODY50_SUPPORT,2.5,0.4,OOS,29,0.7586206896551724,1.4311843324599962,0.0914222852333944,0.07832317171835791,0.07177361496083966,2.651246271768438,2.0,3,5
BODY50_SUPPORT,2.5,0.4,YTD2026,7,0.5714285714285714,0.5333333333333333,-0.2,-0.21643501442973284,-0.2246525216445993,-1.4000000000000001,1.6,0,1
BODY50_SUPPORT,2.5,0.4,FULL,87,0.6781609195402298,0.8933341558080359,-0.03211396757724006,-0.04535356382376245,-0.05197336194702365,-2.7939151792198853,9.64516145098832,7,15
BODY50_SUPPORT,2.5,0.5,TRAIN,58,0.6206896551724138,0.816016982880796,-0.06675539251045869,-0.08006523012272407,-0.08672014892885677,-3.871812765606604,8.371812765606604,3,10
BODY50_SUPPORT,2.5,0.5,OOS,29,0.7586206896551724,1.7889804155749947,0.1672843541989116,0.15418524068387512,0.1476356839263569,4.851246271768437,2.0,3,5
BODY50_SUPPORT,2.5,0.5,YTD2026,7,0.5714285714285714,0.6666666666666666,-0.14285714285714285,-0.1592921572868757,-0.16750966450174218,-1.0,1.5,0,1
BODY50_SUPPORT,2.5,0.5,FULL,87,0.6666666666666666,1.0360176464375266,0.011257856392664753,-0.001981739853857649,-0.008601537977118878,0.9794335061618336,8.371812765606604,6,15
BODY50_SUPPORT,2.5,0.6,TRAIN,58,0.603448275862069,0.9014800826668451,-0.03744504768287248,-0.05075488529513785,-0.057409804101270556,-2.171812765606604,6.171812765606606,3,10
BODY50_SUPPORT,2.5,0.6,OOS,29,0.7586206896551724,2.0534017982973807,0.22334855981402946,0.21024944629899303,0.20369988954147467,6.477108234606854,2.0,3,5
BODY50_SUPPORT,2.5,0.6,YTD2026,7,0.5714285714285714,0.7999999999999999,-0.08571428571428572,-0.10214930014401857,-0.11036680735888507,-0.6,1.4,0,1
BODY50_SUPPORT,2.5,0.6,FULL,87,0.6551724137931034,1.1527071091648236,0.04948615481609483,0.036246558569572436,0.029626760446311216,4.30529546900025,6.171812765606606,6,15
BODY50_SUPPORT,2.5,0.75,TRAIN,58,0.5517241379310345,0.9262407157299297,-0.03078581205705271,-0.044095649669318074,-0.0507505684754508,-1.7855770993090572,6.821054359155959,6,10
BODY50_SUPPORT,2.5,0.75,OOS,29,0.6896551724137931,2.16251210591975,0.2618520009492684,0.248752887434232,0.24220333067671376,7.593708027528784,2.0,3,5
BODY50_SUPPORT,2.5,0.75,YTD2026,7,0.42857142857142855,0.6697789840755505,-0.15847387261752985,-0.17490888704726265,-0.18312639426212915,-1.109317108322709,1.609317108322709,0,1
BODY50_SUPPORT,2.5,0.75,FULL,87,0.5977011494252874,1.1889417767946233,0.06676012561172104,0.053520529365198626,0.04690073124193737,5.80813092821973,6.821054359155959,9,15
BODY50_SUPPORT,2.5,1.0,TRAIN,58,0.5,0.922123092588806,-0.03653255054730131,-0.0498423881595667,-0.05649730696569942,-2.118887931743476,10.376495936331795,6,10
BODY50_SUPPORT,2.5,1.0,OOS,29,0.6551724137931034,2.3400825466684854,0.3480588975009926,0.3349597839859561,0.3284102272284379,10.093708027528786,3.0,3,5
BODY50_SUPPORT,2.5,1.0,YTD2026,7,0.42857142857142855,0.8930386454340673,-0.051331015474672705,-0.06776602990440551,-0.075983537119272,-0.3593171083227089,1.359317108322709,0,1
BODY50_SUPPORT,2.5,1.0,FULL,87,0.5517241379310345,1.2295551622510439,0.09166459880212997,0.07842500255560758,0.07180520443234636,7.974820095785308,10.376495936331795,9,15
BODY50_SUPPORT,3.0,0.2,TRAIN,58,0.8275862068965517,0.9566034661291131,-0.007482161012221911,-0.01857369235577638,-0.024119458027553622,-0.43396533870887083,2.8339653387088712,6,10
BODY50_SUPPORT,3.0,0.2,OOS,29,0.9310344827586207,2.7000000000000006,0.11724137931034487,0.10632545138114775,0.10086748741654922,3.4000000000000012,1.0,4,5
BODY50_SUPPORT,3.0,0.2,YTD2026,7,0.8571428571428571,1.2,0.028571428571428564,0.014875583213317898,0.0080276605342625,0.19999999999999996,1.0,1,1
BODY50_SUPPORT,3.0,0.2,FULL,87,0.8620689655172413,1.2471695551075939,0.03409235242863367,0.023059355556531658,0.017542857120480655,2.9660346612911295,2.8339653387088712,10,15
BODY50_SUPPORT,3.0,0.25,TRAIN,58,0.7931034482758621,1.0343419441013815,0.006535036623731009,-0.00455649471982348,-0.010102260391600715,0.37903212417639853,3.120967875823601,5,10
BODY50_SUPPORT,3.0,0.25,OOS,29,0.8620689655172413,1.6801084457528992,0.08724144946593085,0.07632552153673375,0.07086755757213524,2.5300020345119947,1.7199979654880053,3,5
BODY50_SUPPORT,3.0,0.25,YTD2026,7,0.8571428571428571,1.5,0.07142857142857142,0.057732726070460726,0.05088480339140533,0.5,1.0,1,1
BODY50_SUPPORT,3.0,0.25,FULL,87,0.8160919540229885,1.1971290953182063,0.03343717423779762,0.022404177365695613,0.016887678929644604,2.909034158688393,3.120967875823601,8,15
BODY50_SUPPORT,3.0,0.3,TRAIN,58,0.7241379310344828,0.913936839695278,-0.020239577511056702,-0.03133110885461123,-0.03687687452638845,-1.1738954956412888,4.073895495641291,5,10
BODY50_SUPPORT,3.0,0.3,OOS,29,0.7931034482758621,1.4244545468130285,0.07089795152824224,0.05998202359904517,0.05452405963444665,2.056040594319025,1.7199979654880053,3,5
BODY50_SUPPORT,3.0,0.3,YTD2026,7,0.7142857142857143,0.75,-0.07142857142857142,-0.08512441678668219,-0.09197233946573749,-0.5,1.0,0,1
BODY50_SUPPORT,3.0,0.3,FULL,87,0.7471264367816092,1.0477250794909538,0.01013959883537629,-0.0008933980367257641,-0.006409896472776753,0.8821450986777373,4.073895495641291,8,15
BODY50_SUPPORT,3.0,0.4,TRAIN,58,0.6724137931034483,0.8990717964568192,-0.028955832031434335,-0.04004736337498881,-0.04559312904676603,-1.6794382578231914,5.079438257823192,4,10
BODY50_SUPPORT,3.0,0.4,OOS,29,0.7931034482758621,1.899272729084039,0.15020829635582855,0.13929236842663142,0.13383440446203287,4.356040594319028,1.7199979654880053,4,5
BODY50_SUPPORT,3.0,0.4,YTD2026,7,0.7142857142857143,1.0,0.0,-0.013695845358110732,-0.020543768037166035,0.0,1.0,1,1
BODY50_SUPPORT,3.0,0.4,FULL,87,0.7126436781609196,1.1245864874093232,0.030765544097653256,0.019732547225551268,0.014216048789500266,2.6766023364958333,5.079438257823192,8,15
BODY50_SUPPORT,3.0,0.5,TRAIN,58,0.6551724137931034,1.042294031656708,0.012635441349046336,0.0015439100054918558,-0.00400185566628538,0.7328555982446875,3.7320218126208116,5,10
BODY50_SUPPORT,3.0,0.5,OOS,29,0.7931034482758621,2.2753187449863135,0.21302042172474858,0.20210449379555145,0.19664652983095293,6.177592230017709,1.7199979654880053,4,5
BODY50_SUPPORT,3.0,0.5,YTD2026,7,0.7142857142857143,1.25,0.07142857142857142,0.0577327260704607,0.05088480339140533,0.5,1.0,1,1
BODY50_SUPPORT,3.0,0.5,FULL,87,0.7011494252873564,1.3116802200313566,0.07943043480761376,0.06839743793551172,0.06288093949946073,6.910447828262397,3.7320218126208116,9,15
BODY50_SUPPORT,3.0,0.6,TRAIN,58,0.603448275862069,1.047682541101816,0.015505987973399239,0.00441445662984473,-0.0011313090419324823,0.8993473024571559,4.204114838089384,5,10
BODY50_SUPPORT,3.0,0.6,OOS,29,0.6896551724137931,2.143155303685653,0.2082377900060792,0.19732186207688215,0.1918638981122837,6.038895910176297,1.7199979654880053,3,5
BODY50_SUPPORT,3.0,0.6,YTD2026,7,0.42857142857142855,0.7442238705060549,-0.08837529583980112,-0.10207114119791186,-0.10891906387696718,-0.6186270708786079,1.0,0,1
BODY50_SUPPORT,3.0,0.6,FULL,87,0.632183908045977,1.2873716283289982,0.07974992198429258,0.06871692511219055,0.06320042667613956,6.938243212633455,4.204114838089384,8,15
BODY50_SUPPORT,3.0,0.75,TRAIN,58,0.5517241379310345,1.0395734990558823,0.014037351825025659,0.0029458204814711638,-0.002599945190306064,0.8141664058514883,5.504114838089384,6,10
BODY50_SUPPORT,3.0,0.75,OOS,29,0.6551724137931034,2.112411091027146,0.24099641069573446,0.23008048276653736,0.22462251880193881,6.988895910176299,2.7199979654880053,3,5
BODY50_SUPPORT,3.0,0.75,YTD2026,7,0.42857142857142855,0.9302798381325688,-0.024089581554086834,-0.037785426912197564,-0.04463334959125292,-0.16862707087860784,1.0,0,1
BODY50_SUPPORT,3.0,0.75,FULL,87,0.5862068965517241,1.2905499537868081,0.08969037144859526,0.07865737457649322,0.07314087614044223,7.803062316027788,5.504114838089384,9,15
BODY50_SUPPORT,3.0,1.0,TRAIN,58,0.5172413793103449,1.09411786465236,0.03663055259994116,0.025539021256386695,0.01999325558460945,2.1245720507965875,8.424947553513773,5,10
BODY50_SUPPORT,3.0,1.0,OOS,29,0.6206896551724138,2.2850333662222235,0.28129296478890514,0.2703770368597081,0.2649190728951096,8.157495978878249,2.7199979654880053,4,5
BODY50_SUPPORT,3.0,1.0,YTD2026,7,0.42857142857142855,1.2083777978617936,0.07199831183980056,0.05830246648168983,0.05145454380263449,0.5039881828786039,1.0,1,1
BODY50_SUPPORT,3.0,1.0,FULL,87,0.5517241379310345,1.355515101901289,0.1181846899962625,0.10715169312416051,0.1016351946881095,10.282068029674837,8.424947553513773,9,15
SMALLBODY40_SUPPORT,0.75,0.2,TRAIN,129,0.24806201550387597,0.06597938144329897,-0.7023255813953488,-0.748430236319293,-0.771482563781265,-90.6,90.79999999999995,0,10
SMALLBODY40_SUPPORT,0.75,0.2,OOS,57,0.21052631578947367,0.053333333333333344,-0.7473684210526315,-0.795959867097665,-0.8202555901201817,-42.599999999999994,42.79999999999999,0,5
SMALLBODY40_SUPPORT,0.75,0.2,YTD2026,9,0.3333333333333333,0.10000000000000002,-0.6000000000000001,-0.6495743614504381,-0.674361542175657,-5.4,5.4,0,1
SMALLBODY40_SUPPORT,0.75,0.2,FULL,186,0.23655913978494625,0.06197183098591547,-0.7161290322580645,-0.7629957683320198,-0.7864291363689976,-133.2,133.19999999999996,0,15
SMALLBODY40_SUPPORT,0.75,0.25,TRAIN,129,0.24806201550387597,0.08247422680412371,-0.689922480620155,-0.736027135544099,-0.7590794630060712,-89.0,89.25,0,10
SMALLBODY40_SUPPORT,0.75,0.25,OOS,57,0.21052631578947367,0.06666666666666667,-0.7368421052631579,-0.7854335513081911,-0.8097292743307078,-42.0,42.25,0,5
SMALLBODY40_SUPPORT,0.75,0.25,YTD2026,9,0.3333333333333333,0.125,-0.5833333333333334,-0.6329076947837714,-0.6576948755089903,-5.25,5.25,0,1
SMALLBODY40_SUPPORT,0.75,0.25,FULL,186,0.23655913978494625,0.07746478873239436,-0.7043010752688172,-0.7511678113427726,-0.7746011793797504,-131.0,131.0,0,15
SMALLBODY40_SUPPORT,0.75,0.3,TRAIN,129,0.24806201550387597,0.09896907216494845,-0.6775193798449612,-0.7236240347689054,-0.7466763622308774,-87.4,87.70000000000005,0,10
SMALLBODY40_SUPPORT,0.75,0.3,OOS,57,0.21052631578947367,0.07999999999999999,-0.7263157894736844,-0.7749072355187174,-0.7992029585412344,-41.400000000000006,41.70000000000001,0,5
SMALLBODY40_SUPPORT,0.75,0.3,YTD2026,9,0.3333333333333333,0.15,-0.5666666666666667,-0.6162410281171048,-0.6410282088423238,-5.1,5.1,0,1
SMALLBODY40_SUPPORT,0.75,0.3,FULL,186,0.23655913978494625,0.09295774647887325,-0.6924731182795699,-0.7393398543535252,-0.7627732223905029,-128.8,128.80000000000007,0,15
SMALLBODY40_SUPPORT,0.75,0.4,TRAIN,129,0.24031007751937986,0.126530612244898,-0.6635658914728682,-0.7096705463968123,-0.7327228738587843,-85.6,85.99999999999999,0,10
SMALLBODY40_SUPPORT,0.75,0.4,OOS,57,0.21052631578947367,0.10666666666666669,-0.7052631578947369,-0.7538546039397702,-0.7781503269622869,-40.2,40.60000000000001,0,5
SMALLBODY40_SUPPORT,0.75,0.4,YTD2026,9,0.3333333333333333,0.20000000000000004,-0.5333333333333333,-0.5829076947837714,-0.6076948755089904,-4.8,5.0,0,1
SMALLBODY40_SUPPORT,0.75,0.4,FULL,186,0.23118279569892472,0.12027972027972025,-0.6763440860215053,-0.7232108220954607,-0.7466441901324384,-125.8,125.79999999999991,0,15
SMALLBODY40_SUPPORT,0.75,0.5,TRAIN,129,0.23255813953488372,0.15151515151515152,-0.6511627906976745,-0.6972674456216185,-0.7203197730835906,-84.0,84.5,0,10
SMALLBODY40_SUPPORT,0.75,0.5,OOS,57,0.19298245614035087,0.11956521739130435,-0.7105263157894737,-0.759117761834507,-0.7834134848570238,-40.5,41.0,0,5
SMALLBODY40_SUPPORT,0.75,0.5,YTD2026,9,0.2222222222222222,0.14285714285714285,-0.6666666666666666,-0.7162410281171048,-0.7410282088423236,-6.0,6.0,0,1
SMALLBODY40_SUPPORT,0.75,0.5,FULL,186,0.22043010752688172,0.1413793103448276,-0.6693548387096774,-0.7162215747836329,-0.7396549428206105,-124.5,124.5,0,15
SMALLBODY40_SUPPORT,0.75,0.6,TRAIN,129,0.23255813953488372,0.18181818181818185,-0.627906976744186,-0.67401163166813,-0.6970639591301022,-81.0,81.6,0,10
SMALLBODY40_SUPPORT,0.75,0.6,OOS,57,0.19298245614035087,0.1434782608695652,-0.6912280701754385,-0.7398195162204719,-0.7641152392429887,-39.4,39.99999999999999,0,5
SMALLBODY40_SUPPORT,0.75,0.6,YTD2026,9,0.2222222222222222,0.17142857142857143,-0.6444444444444444,-0.6940188058948826,-0.7188059866201014,-5.8,6.0,0,1
SMALLBODY40_SUPPORT,0.75,0.6,FULL,186,0.22043010752688172,0.1696551724137931,-0.6473118279569893,-0.6941785640309447,-0.7176119320679224,-120.4,120.40000000000006,0,15
SMALLBODY40_SUPPORT,0.75,0.75,TRAIN,129,0.23255813953488372,0.22727272727272727,-0.5930232558139535,-0.6391279107378975,-0.6621802381998697,-76.5,77.25,0,10
SMALLBODY40_SUPPORT,0.75,0.75,OOS,57,0.19298245614035087,0.1793478260869565,-0.6622807017543859,-0.7108721477994192,-0.7351678708219361,-37.75,38.5,0,5
SMALLBODY40_SUPPORT,0.75,0.75,YTD2026,9,0.2222222222222222,0.21428571428571427,-0.6111111111111112,-0.6606854725615492,-0.6854726532867681,-5.5,6.0,0,1
SMALLBODY40_SUPPORT,0.75,0.75,FULL,186,0.22043010752688172,0.2120689655172414,-0.614247311827957,-0.6611140479019124,-0.68454741593889,-114.25,114.25,0,15
SMALLBODY40_SUPPORT,0.75,1.0,TRAIN,129,0.20930232558139536,0.2647058823529412,-0.5813953488372093,-0.6275000037611533,-0.6505523312231255,-75.0,76.0,0,10
SMALLBODY40_SUPPORT,0.75,1.0,OOS,57,0.17543859649122806,0.2127659574468085,-0.6491228070175439,-0.6977142530625772,-0.722009976085094,-37.0,38.0,0,5
SMALLBODY40_SUPPORT,0.75,1.0,YTD2026,9,0.2222222222222222,0.2857142857142857,-0.5555555555555556,-0.6051299170059936,-0.6299170977312125,-5.0,6.0,0,1
SMALLBODY40_SUPPORT,0.75,1.0,FULL,186,0.1989247311827957,0.2483221476510067,-0.6021505376344086,-0.649017273708364,-0.6724506417453416,-112.0,112.0,0,15
SMALLBODY40_SUPPORT,1.0,0.2,TRAIN,129,0.4883720930232558,0.19090909090909083,-0.41395348837209295,-0.4485319795650511,-0.4658212251615302,-53.39999999999999,53.79999999999998,1,10
SMALLBODY40_SUPPORT,1.0,0.2,OOS,57,0.45614035087719296,0.167741935483871,-0.4526315789473684,-0.4890751634811435,-0.5072969557480309,-25.799999999999997,26.00000000000001,0,5
SMALLBODY40_SUPPORT,1.0,0.2,YTD2026,9,0.5555555555555556,0.25,-0.3333333333333333,-0.3705141044211619,-0.38910448996507613,-3.0,3.0,0,1
SMALLBODY40_SUPPORT,1.0,0.2,FULL,186,0.478494623655914,0.18350515463917522,-0.42580645161290315,-0.4609565036683697,-0.4785315296961029,-79.19999999999999,79.3999999999999,1,15
SMALLBODY40_SUPPORT,1.0,0.25,TRAIN,129,0.4806201550387597,0.23134328358208955,-0.3992248062015504,-0.43380329739450846,-0.45109254299098756,-51.5,52.0,0,10
SMALLBODY40_SUPPORT,1.0,0.25,OOS,57,0.43859649122807015,0.1953125,-0.4517543859649123,-0.48819797049868735,-0.5064197627655749,-25.75,26.0,0,5
SMALLBODY40_SUPPORT,1.0,0.25,YTD2026,9,0.5555555555555556,0.3125,-0.3055555555555556,-0.3427363266433841,-0.3613267121872984,-2.75,3.0,0,1
SMALLBODY40_SUPPORT,1.0,0.25,FULL,186,0.46774193548387094,0.2196969696969697,-0.4153225806451613,-0.4504726327006279,-0.46804765872836107,-77.25,77.5,0,15
SMALLBODY40_SUPPORT,1.0,0.3,TRAIN,129,0.4728682170542636,0.2691176470588236,-0.38527131782945745,-0.4198498090224155,-0.43713905461889446,-49.70000000000001,50.30000000000001,0,10
SMALLBODY40_SUPPORT,1.0,0.3,OOS,57,0.43859649122807015,0.23437499999999997,-0.42982456140350883,-0.46626814593728383,-0.4844899382041713,-24.500000000000004,24.79999999999999,0,5
SMALLBODY40_SUPPORT,1.0,0.3,YTD2026,9,0.5555555555555556,0.375,-0.2777777777777778,-0.31495854886560637,-0.3335489344095206,-2.5,3.0,0,1
SMALLBODY40_SUPPORT,1.0,0.3,FULL,186,0.46236559139784944,0.258,-0.3989247311827958,-0.4340747832382622,-0.45164980926599546,-74.20000000000002,74.50000000000009,0,15
SMALLBODY40_SUPPORT,1.0,0.4,TRAIN,129,0.4573643410852713,0.3371428571428571,-0.3596899224806202,-0.3942684136735782,-0.4115576592700572,-46.400000000000006,47.200000000000024,1,10
SMALLBODY40_SUPPORT,1.0,0.4,OOS,57,0.42105263157894735,0.29090909090909095,-0.41052631578947374,-0.4469699003232487,-0.46519169259013626,-23.400000000000002,23.800000000000022,0,5
SMALLBODY40_SUPPORT,1.0,0.4,YTD2026,9,0.4444444444444444,0.32,-0.37777777777777777,-0.4149585488656063,-0.43354893440952064,-3.4,3.4,0,1
SMALLBODY40_SUPPORT,1.0,0.4,FULL,186,0.44623655913978494,0.3223300970873786,-0.37526881720430105,-0.41041886925976756,-0.4279938952875008,-69.8,70.19999999999999,1,15
SMALLBODY40_SUPPORT,1.0,0.5,TRAIN,129,0.4418604651162791,0.3958333333333333,-0.3372093023255814,-0.37178779351853947,-0.3890770391150185,-43.5,44.5,0,10
SMALLBODY40_SUPPORT,1.0,0.5,OOS,57,0.42105263157894735,0.36363636363636365,-0.3684210526315789,-0.404864637165354,-0.42308642943224156,-21.0,21.5,0,5
SMALLBODY40_SUPPORT,1.0,0.5,YTD2026,9,0.4444444444444444,0.4,-0.3333333333333333,-0.3705141044211619,-0.38910448996507613,-3.0,3.0,0,1
SMALLBODY40_SUPPORT,1.0,0.5,FULL,186,0.43548387096774194,0.38571428571428573,-0.3467741935483871,-0.3819242456038536,-0.39949927163158677,-64.5,65.0,0,15
SMALLBODY40_SUPPORT,1.0,0.6,TRAIN,129,0.4186046511627907,0.43200000000000005,-0.33023255813953484,-0.364811049332493,-0.38210029492897196,-42.599999999999994,44.399999999999984,0,10
SMALLBODY40_SUPPORT,1.0,0.6,OOS,57,0.3684210526315789,0.3499999999999999,-0.4105263157894737,-0.4469699003232488,-0.46519169259013626,-23.4,23.99999999999999,0,5
SMALLBODY40_SUPPORT,1.0,0.6,YTD2026,9,0.4444444444444444,0.48,-0.2888888888888889,-0.32606965997671744,-0.34466004552063173,-2.6,3.0,0,1
SMALLBODY40_SUPPORT,1.0,0.6,FULL,186,0.4032258064516129,0.40540540540540543,-0.3548387096774194,-0.38998876173288594,-0.40756378776061913,-66.0,67.19999999999995,0,15
SMALLBODY40_SUPPORT,1.0,0.75,TRAIN,129,0.3643410852713178,0.4298780487804878,-0.3624031007751938,-0.39698159196815186,-0.41427083756463096,-46.75,49.75,0,10
SMALLBODY40_SUPPORT,1.0,0.75,OOS,57,0.3508771929824561,0.40540540540540543,-0.38596491228070173,-0.42240849681447673,-0.44063028908136437,-22.0,22.75,0,5
SMALLBODY40_SUPPORT,1.0,0.75,YTD2026,9,0.4444444444444444,0.6,-0.2222222222222222,-0.2594029933100508,-0.2779933788539651,-2.0,3.0,0,1
SMALLBODY40_SUPPORT,1.0,0.75,FULL,186,0.3602150537634409,0.4222689075630252,-0.3696236559139785,-0.40477370796944495,-0.42234873399717826,-68.75,71.0,0,15
SMALLBODY40_SUPPORT,1.0,1.0,TRAIN,129,0.35658914728682173,0.5542168674698795,-0.2868217054263566,-0.3214001966193146,-0.3386894422157937,-37.0,42.0,1,10
SMALLBODY40_SUPPORT,1.0,1.0,OOS,57,0.22807017543859648,0.29545454545454547,-0.543859649122807,-0.5803032336565822,-0.5985250259234696,-31.0,32.0,0,5
SMALLBODY40_SUPPORT,1.0,1.0,YTD2026,9,0.2222222222222222,0.2857142857142857,-0.5555555555555556,-0.5927363266433842,-0.6113267121872984,-5.0,5.0,0,1
SMALLBODY40_SUPPORT,1.0,1.0,FULL,186,0.3172043010752688,0.4645669291338583,-0.3655913978494624,-0.40074144990492894,-0.41831647593266214,-68.0,72.0,1,15
SMALLBODY40_SUPPORT,1.25,0.2,TRAIN,129,0.6744186046511628,0.41428571428571415,-0.19069767441860463,-0.21836046737297113,-0.23219186385015433,-24.599999999999998,26.800000000000022,2,10
SMALLBODY40_SUPPORT,1.25,0.2,OOS,57,0.6666666666666666,0.4000000000000001,-0.2,-0.22915486762702003,-0.24373230144053004,-11.4,11.800000000000011,1,5
SMALLBODY40_SUPPORT,1.25,0.2,YTD2026,9,0.6666666666666666,0.39999999999999997,-0.2,-0.2297446168702628,-0.24461692530539425,-1.8,2.0,0,1
SMALLBODY40_SUPPORT,1.25,0.2,FULL,186,0.6720430107526881,0.4098360655737705,-0.19354838709677416,-0.2216684287411474,-0.23572844956333397,-35.99999999999999,38.199999999999974,3,15
SMALLBODY40_SUPPORT,1.25,0.25,TRAIN,129,0.6434108527131783,0.45108695652173914,-0.19573643410852712,-0.2233992270628936,-0.2372306235400768,-25.25,27.0,2,10
SMALLBODY40_SUPPORT,1.25,0.25,OOS,57,0.6491228070175439,0.4625,-0.18859649122807018,-0.2177513588550902,-0.2323287926686002,-10.75,11.25,1,5
SMALLBODY40_SUPPORT,1.25,0.25,YTD2026,9,0.5555555555555556,0.3125,-0.3055555555555556,-0.3353001724258184,-0.3501724808609498,-2.75,3.0,0,1
SMALLBODY40_SUPPORT,1.25,0.25,FULL,186,0.6451612903225806,0.45454545454545453,-0.1935483870967742,-0.2216684287411474,-0.23572844956333397,-36.0,37.75,3,15
SMALLBODY40_SUPPORT,1.25,0.3,TRAIN,129,0.6356589147286822,0.5234042553191489,-0.17364341085271318,-0.2013062038070797,-0.2151376002842629,-22.4,25.299999999999983,1,10
SMALLBODY40_SUPPORT,1.25,0.3,OOS,57,0.6491228070175439,0.5550000000000002,-0.156140350877193,-0.18529521850421302,-0.19987265231772303,-8.9,9.500000000000007,1,5
SMALLBODY40_SUPPORT,1.25,0.3,YTD2026,9,0.5555555555555556,0.375,-0.2777777777777778,-0.3075223946480406,-0.32239470308317203,-2.5,2.8,0,1
SMALLBODY40_SUPPORT,1.25,0.3,FULL,186,0.6397849462365591,0.5328358208955221,-0.16827956989247314,-0.19639961153684635,-0.21045963235903295,-31.300000000000004,34.19999999999995,2,15
SMALLBODY40_SUPPORT,1.25,0.4,TRAIN,129,0.6124031007751938,0.6319999999999998,-0.1426356589147287,-0.17029845186909515,-0.18412984834627838,-18.400000000000002,23.80000000000001,2,10
SMALLBODY40_SUPPORT,1.25,0.4,OOS,57,0.631578947368421,0.6857142857142858,-0.11578947368421055,-0.14494434131123055,-0.15952177512474056,-6.600000000000001,7.999999999999998,1,5
SMALLBODY40_SUPPORT,1.25,0.4,YTD2026,9,0.5555555555555556,0.5,-0.2222222222222222,-0.25196683909248496,-0.26683914752761656,-2.0,2.4,0,1
SMALLBODY40_SUPPORT,1.25,0.4,FULL,186,0.6182795698924731,0.647887323943662,-0.13440860215053763,-0.16252864379491083,-0.17658866461709744,-25.0,30.80000000000004,3,15
SMALLBODY40_SUPPORT,1.25,0.5,TRAIN,129,0.5891472868217055,0.7169811320754716,-0.11627906976744186,-0.14394186272180834,-0.15777325919899157,-15.0,20.0,3,10
SMALLBODY40_SUPPORT,1.25,0.5,OOS,57,0.5789473684210527,0.6875,-0.13157894736842105,-0.16073381499544107,-0.17531124880895108,-7.5,8.5,0,5
SMALLBODY40_SUPPORT,1.25,0.5,YTD2026,9,0.5555555555555556,0.625,-0.16666666666666666,-0.19641128353692947,-0.21128359197206092,-1.5,2.0,0,1
SMALLBODY40_SUPPORT,1.25,0.5,FULL,186,0.5860215053763441,0.7077922077922078,-0.12096774193548387,-0.14908778357985708,-0.16314780440204368,-22.5,27.0,3,15
SMALLBODY40_SUPPORT,1.25,0.6,TRAIN,129,0.5193798449612403,0.6568400385993576,-0.16280709799228602,-0.19046989094665248,-0.20430128742383571,-21.002115641004895,25.00211564100489,2,10
SMALLBODY40_SUPPORT,1.25,0.6,OOS,57,0.543859649122807,0.7153846153846156,-0.12982456140350876,-0.1589794290305288,-0.17355686284403885,-7.3999999999999995,8.600000000000003,0,5
SMALLBODY40_SUPPORT,1.25,0.6,YTD2026,9,0.5555555555555556,0.75,-0.1111111111111111,-0.1408557279813739,-0.1557280364165054,-1.0,2.0,0,1
SMALLBODY40_SUPPORT,1.25,0.6,FULL,186,0.5268817204301075,0.6742955668881796,-0.15269954645701553,-0.1808195881013888,-0.19487960892357534,-28.402115641004887,32.402115641004826,2,15
SMALLBODY40_SUPPORT,1.25,0.75,TRAIN,129,0.5038759689922481,0.7713349388002368,-0.11203190419383639,-0.1396946971482029,-0.15352609362538605,-14.452115641004895,21.702115641004895,4,10
SMALLBODY40_SUPPORT,1.25,0.75,OOS,57,0.49122807017543857,0.7241379310344828,-0.14035087719298245,-0.16950574482000247,-0.18408317863351248,-8.0,9.5,1,5
SMALLBODY40_SUPPORT,1.25,0.75,YTD2026,9,0.4444444444444444,0.6,-0.2222222222222222,-0.251966839092485,-0.2668391475276165,-2.0,2.75,0,1
SMALLBODY40_SUPPORT,1.25,0.75,FULL,186,0.5,0.7564902336034922,-0.1207102991451876,-0.1488303407895608,-0.1628903616117474,-22.452115641004895,27.952115641004895,5,15
SMALLBODY40_SUPPORT,1.25,1.0,TRAIN,129,0.4573643410852713,0.8525750904216611,-0.07908616775972786,-0.10674896071409438,-0.12058035719127753,-10.202115641004895,20.0,4,10
SMALLBODY40_SUPPORT,1.25,1.0,OOS,57,0.42105263157894735,0.7272727272727273,-0.15789473684210525,-0.18704960446912527,-0.20162703828263528,-9.0,11.0,0,5
SMALLBODY40_SUPPORT,1.25,1.0,YTD2026,9,0.3333333333333333,0.5,-0.3333333333333333,-0.3630779502035961,-0.3779502586387276,-3.0,4.0,0,1
SMALLBODY40_SUPPORT,1.25,1.0,FULL,186,0.44623655913978494,0.812116260797827,-0.10323718086561771,-0.13135722250999093,-0.14541724333217754,-19.202115641004895,28.0,4,15
SMALLBODY40_SUPPORT,1.5,0.2,TRAIN,129,0.7441860465116279,0.5818181818181818,-0.10697674418604651,-0.13002907164801855,-0.14155523537900458,-13.799999999999999,18.200000000000006,3,10
SMALLBODY40_SUPPORT,1.5,0.2,OOS,57,0.7017543859649122,0.47058823529411764,-0.15789473684210525,-0.18219045986462193,-0.19433832137588028,-9.0,9.399999999999995,1,5
SMALLBODY40_SUPPORT,1.5,0.2,YTD2026,9,0.6666666666666666,0.39999999999999997,-0.2,-0.22478718072521897,-0.23718077108782853,-1.8,2.0,0,1
SMALLBODY40_SUPPORT,1.5,0.2,FULL,186,0.7311827956989247,0.5439999999999999,-0.1225806451612903,-0.146014013198268,-0.15773069721675684,-22.799999999999997,27.000000000000043,4,15
SMALLBODY40_SUPPORT,1.5,0.25,TRAIN,129,0.7286821705426356,0.6714285714285714,-0.08914728682170543,-0.11219961428367749,-0.1237257780146635,-11.5,16.25,2,10
SMALLBODY40_SUPPORT,1.5,0.25,OOS,57,0.6842105263157895,0.5416666666666666,-0.14473684210526316,-0.16903256512777987,-0.1811804266390382,-8.25,8.75,1,5
SMALLBODY40_SUPPORT,1.5,0.25,YTD2026,9,0.5555555555555556,0.3125,-0.3055555555555556,-0.33034273628077454,-0.3427363266433841,-2.75,3.0,0,1
SMALLBODY40_SUPPORT,1.5,0.25,FULL,186,0.7150537634408602,0.6273584905660378,-0.10618279569892473,-0.12961616373590237,-0.14133284775439126,-19.75,24.0,3,15
SMALLBODY40_SUPPORT,1.5,0.3,TRAIN,129,0.7286821705426356,0.8057142857142857,-0.05271317829457365,-0.07576550575654571,-0.08729166948753171,-6.800000000000001,13.100000000000005,3,10
SMALLBODY40_SUPPORT,1.5,0.3,OOS,57,0.6666666666666666,0.6000000000000002,-0.13333333333333336,-0.15762905635585003,-0.16977691786710838,-7.600000000000001,8.200000000000005,1,5
SMALLBODY40_SUPPORT,1.5,0.3,YTD2026,9,0.5555555555555556,0.375,-0.2777777777777778,-0.3025649585029968,-0.3149585488656063,-2.5,2.8,0,1
SMALLBODY40_SUPPORT,1.5,0.3,FULL,186,0.7096774193548387,0.7333333333333334,-0.0774193548387097,-0.10085272287568735,-0.11256940689417619,-14.400000000000002,19.899999999999984,4,15
SMALLBODY40_SUPPORT,1.5,0.4,TRAIN,129,0.6589147286821705,0.7727272727272726,-0.07751937984496124,-0.10057170730693327,-0.11209787103791931,-10.0,15.59999999999999,3,10
SMALLBODY40_SUPPORT,1.5,0.4,OOS,57,0.5964912280701754,0.591304347826087,-0.1649122807017544,-0.18920800372427107,-0.2013558652355294,-9.4,10.199999999999994,0,5
SMALLBODY40_SUPPORT,1.5,0.4,YTD2026,9,0.5555555555555556,0.5,-0.2222222222222222,-0.2470094029474412,-0.25940299331005073,-2.0,2.4,0,1
SMALLBODY40_SUPPORT,1.5,0.4,FULL,186,0.6397849462365591,0.7104477611940297,-0.1043010752688172,-0.12773444330579486,-0.1394511273242837,-19.4,23.599999999999994,3,15
SMALLBODY40_SUPPORT,1.5,0.5,TRAIN,129,0.5891472868217055,0.7284098873190737,-0.1098327883785846,-0.13288511584055662,-0.14441127957154265,-14.168429700837413,20.668429700837414,2,10
SMALLBODY40_SUPPORT,1.5,0.5,OOS,57,0.5614035087719298,0.64,-0.15789473684210525,-0.18219045986462193,-0.19433832137588028,-9.0,10.0,0,5
SMALLBODY40_SUPPORT,1.5,0.5,YTD2026,9,0.5555555555555556,0.625,-0.16666666666666666,-0.1914538473918857,-0.2038474377544952,-1.5,2.0,0,1
SMALLBODY40_SUPPORT,1.5,0.5,FULL,186,0.5806451612903226,0.6997680296119075,-0.12456145000450222,-0.14799481804147988,-0.1597115020599687,-23.168429700837414,27.668429700837414,2,15
SMALLBODY40_SUPPORT,1.5,0.6,TRAIN,129,0.5736434108527132,0.8196656289505397,-0.07572426124680165,-0.0987765887087737,-0.11030275243975973,-9.768429700837412,18.368429700837414,2,10
SMALLBODY40_SUPPORT,1.5,0.6,OOS,57,0.5263157894736842,0.6666666666666669,-0.15789473684210525,-0.18219045986462196,-0.19433832137588034,-9.0,10.200000000000005,0,5
SMALLBODY40_SUPPORT,1.5,0.6,YTD2026,9,0.5555555555555556,0.75,-0.1111111111111111,-0.13589829183633015,-0.14829188219893968,-1.0,2.0,0,1
SMALLBODY40_SUPPORT,1.5,0.6,FULL,186,0.5591397849462365,0.7687718024112054,-0.10090553602600759,-0.12433890406298527,-0.13605558808147408,-18.768429700837412,24.368429700837414,2,15
SMALLBODY40_SUPPORT,1.5,0.75,TRAIN,129,0.5426356589147286,0.8943589470731214,-0.047635458610074274,-0.07068778607204632,-0.08221394980303233,-6.144974160699581,14.64497416069958,3,10
SMALLBODY40_SUPPORT,1.5,0.75,OOS,57,0.45614035087719296,0.6290322580645161,-0.20175438596491227,-0.22605010898742894,-0.23819797049868735,-11.5,13.0,0,5
SMALLBODY40_SUPPORT,1.5,0.75,YTD2026,9,0.3333333333333333,0.375,-0.4166666666666667,-0.4414538473918857,-0.4538474377544952,-3.75,4.5,0,1
SMALLBODY40_SUPPORT,1.5,0.75,FULL,186,0.5161290322580645,0.8021163519431825,-0.09486545247687946,-0.11829882051385714,-0.13001550453234595,-17.64497416069958,24.89497416069958,3,15
SMALLBODY40_SUPPORT,1.5,1.0,TRAIN,129,0.4806201550387597,0.9260225128081342,-0.037945536129454116,-0.060997863591426144,-0.07252402732241217,-4.894974160699581,15.89497416069958,3,10
SMALLBODY40_SUPPORT,1.5,1.0,OOS,57,0.38596491228070173,0.6285714285714286,-0.22807017543859648,-0.2523658984611132,-0.26451375997237153,-13.0,14.0,0,5
SMALLBODY40_SUPPORT,1.5,1.0,YTD2026,9,0.2222222222222222,0.2857142857142857,-0.5555555555555556,-0.5803427362807745,-0.5927363266433842,-5.0,5.0,0,1
SMALLBODY40_SUPPORT,1.5,1.0,FULL,186,0.45161290322580644,0.8231170117632907,-0.09620953849838486,-0.11964290653536251,-0.13135959055385135,-17.894974160699583,26.89497416069958,3,15
SMALLBODY40_SUPPORT,1.75,0.2,TRAIN,129,0.8062015503875969,0.8320000000000001,-0.03255813953488372,-0.052317277359431195,-0.06219684627170492,-4.2,7.799999999999997,5,10
SMALLBODY40_SUPPORT,1.75,0.2,OOS,57,0.6842105263157895,0.4333333333333334,-0.17894736842105263,-0.1997722738689241,-0.2101847265928598,-10.2,10.599999999999996,1,5
SMALLBODY40_SUPPORT,1.75,0.2,YTD2026,9,0.5555555555555556,0.25,-0.3333333333333333,-0.3545794882406639,-0.3652025656943292,-3.0,3.2,0,1
SMALLBODY40_SUPPORT,1.75,0.2,FULL,186,0.7688172043010753,0.6651162790697673,-0.07741935483870967,-0.09750509887040484,-0.1075479708862524,-14.399999999999999,17.40000000000001,6,15
SMALLBODY40_SUPPORT,1.75,0.25,TRAIN,129,0.7984496124031008,0.9903846153846154,-0.001937984496124031,-0.021697122320671513,-0.03157669123294526,-0.25,6.0,6,10
SMALLBODY40_SUPPORT,1.75,0.25,OOS,57,0.6666666666666666,0.5,-0.16666666666666666,-0.18749157211453812,-0.19790402483847383,-9.5,10.0,1,5
SMALLBODY40_SUPPORT,1.75,0.25,YTD2026,9,0.5555555555555556,0.3125,-0.3055555555555556,-0.32680171046288614,-0.33742478791655145,-2.75,3.0,0,1
SMALLBODY40_SUPPORT,1.75,0.25,FULL,186,0.7580645161290323,0.7833333333333333,-0.05241935483870968,-0.07250509887040484,-0.08254797088625239,-9.75,14.0,7,15
SMALLBODY40_SUPPORT,1.75,0.3,TRAIN,129,0.7596899224806202,0.9483870967741934,-0.012403100775193809,-0.03216223859974128,-0.04204180751201502,-1.6000000000000014,8.5,5,10
SMALLBODY40_SUPPORT,1.75,0.3,OOS,57,0.631578947368421,0.5142857142857145,-0.17894736842105263,-0.19977227386892407,-0.2101847265928598,-10.2,10.800000000000004,1,5
SMALLBODY40_SUPPORT,1.75,0.3,YTD2026,9,0.5555555555555556,0.375,-0.2777777777777778,-0.29902393268510835,-0.3096470101387736,-2.5,2.8,0,1
SMALLBODY40_SUPPORT,1.75,0.3,FULL,186,0.7204301075268817,0.7730769230769231,-0.06344086021505377,-0.08352660424674892,-0.09356947626259651,-11.8,17.29999999999999,6,15
SMALLBODY40_SUPPORT,1.75,0.4,TRAIN,129,0.6744186046511628,0.8466664579311458,-0.04885559951954851,-0.06861473734409598,-0.07849430625636969,-6.302372338021757,11.902372338021754,4,10
SMALLBODY40_SUPPORT,1.75,0.4,OOS,57,0.5964912280701754,0.591304347826087,-0.1649122807017544,-0.18573718614962584,-0.19614963887356157,-9.4,10.199999999999996,0,5
SMALLBODY40_SUPPORT,1.75,0.4,YTD2026,9,0.5555555555555556,0.5,-0.2222222222222222,-0.2434683771295528,-0.2540914545832181,-2.0,2.4,0,1
SMALLBODY40_SUPPORT,1.75,0.4,FULL,186,0.6505376344086021,0.7550422587291981,-0.08442135665603097,-0.10450710068772609,-0.11454997270357366,-15.70237233802176,19.102372338021738,4,15
SMALLBODY40_SUPPORT,1.75,0.5,TRAIN,129,0.6511627906976745,0.9523297222673609,-0.016297459984664787,-0.036056597809212276,-0.04593616672148601,-2.1023723380217576,9.602372338021757,5,10
SMALLBODY40_SUPPORT,1.75,0.5,OOS,57,0.5789473684210527,0.6875,-0.13157894736842105,-0.15240385281629248,-0.16281630554022822,-7.5,8.5,1,5
SMALLBODY40_SUPPORT,1.75,0.5,YTD2026,9,0.5555555555555556,0.625,-0.16666666666666666,-0.18791282157399725,-0.19853589902766255,-1.5,2.0,0,1
SMALLBODY40_SUPPORT,1.75,0.5,FULL,186,0.6290322580645161,0.8590009127676053,-0.051625657731299776,-0.07171140176299491,-0.08175427377884248,-9.602372338021759,14.102372338021757,6,15
SMALLBODY40_SUPPORT,1.75,0.6,TRAIN,129,0.6046511627906976,0.9340875055627726,-0.02559978556606014,-0.04535892339060763,-0.05523849230288136,-3.3023723380217582,10.600000000000001,5,10
SMALLBODY40_SUPPORT,1.75,0.6,OOS,57,0.47368421052631576,0.5399999999999999,-0.24210526315789477,-0.2629301686057662,-0.27334262132970194,-13.800000000000002,15.000000000000004,0,5
SMALLBODY40_SUPPORT,1.75,0.6,YTD2026,9,0.3333333333333333,0.3,-0.4666666666666667,-0.48791282157399724,-0.4985358990276626,-4.2,4.8,0,1
SMALLBODY40_SUPPORT,1.75,0.6,FULL,186,0.5645161290322581,0.7864935601925502,-0.09194823837646107,-0.11203398240815622,-0.12207685442400376,-17.10237233802176,23.60000000000001,5,15
SMALLBODY40_SUPPORT,1.75,0.75,TRAIN,129,0.5503875968992248,0.9235061224919013,-0.03386032461276336,-0.05361946243731084,-0.06349903134958457,-4.367981875046473,13.015609537024716,3,10
SMALLBODY40_SUPPORT,1.75,0.75,OOS,57,0.43859649122807015,0.5640357357893062,-0.24475186762705617,-0.2655767730749276,-0.27598922579886337,-13.950856454742201,15.450856454742201,0,5
SMALLBODY40_SUPPORT,1.75,0.75,YTD2026,9,0.3333333333333333,0.375,-0.4166666666666667,-0.43791282157399714,-0.44853589902766244,-3.75,4.5,0,1
SMALLBODY40_SUPPORT,1.75,0.75,FULL,186,0.5161290322580645,0.7944068395811763,-0.09848837811714342,-0.11857412214883857,-0.12861699416468614,-18.318838329788676,25.716465991766917,3,15
SMALLBODY40_SUPPORT,1.75,1.0,TRAIN,129,0.4728682170542636,0.904934058096472,-0.049052690319331196,-0.06881182814387868,-0.07869139705615241,-6.327797051193724,13.369793028175465,4,10
SMALLBODY40_SUPPORT,1.75,1.0,OOS,57,0.38596491228070173,0.60140410129308,-0.24475186762705617,-0.2655767730749276,-0.2759892257988633,-13.950856454742201,15.0,1,5
SMALLBODY40_SUPPORT,1.75,1.0,YTD2026,9,0.2222222222222222,0.2857142857142857,-0.5555555555555556,-0.576801710462886,-0.5874247879165514,-5.0,5.0,0,1
SMALLBODY40_SUPPORT,1.75,1.0,FULL,186,0.44623655913978494,0.8003326434544664,-0.10902501884911787,-0.12911076288081305,-0.13915363489666063,-20.278653505935925,27.320649482917666,5,15
SMALLBODY40_SUPPORT,2.0,0.2,TRAIN,129,0.8217054263565892,0.9217391304347826,-0.013953488372093016,-0.031242733968572065,-0.039887356766811585,-1.7999999999999992,6.8,5,10
SMALLBODY40_SUPPORT,2.0,0.2,OOS,57,0.7368421052631579,0.5599999999999999,-0.1157894736842105,-0.13401126595109802,-0.1431221620845418,-6.599999999999999,6.999999999999996,1,5
SMALLBODY40_SUPPORT,2.0,0.2,YTD2026,9,0.5555555555555556,0.25,-0.3333333333333333,-0.35192371887724755,-0.36121891164920483,-3.0,3.2,0,1
SMALLBODY40_SUPPORT,2.0,0.2,FULL,186,0.7956989247311828,0.7789473684210525,-0.045161290322580656,-0.06273631635031388,-0.07152382936418052,-8.400000000000002,12.599999999999994,6,15
SMALLBODY40_SUPPORT,2.0,0.25,TRAIN,129,0.7984496124031008,0.9903846153846154,-0.001937984496124031,-0.019227230092603076,-0.027871852890842597,-0.25,6.75,5,10
SMALLBODY40_SUPPORT,2.0,0.25,OOS,57,0.7017543859649122,0.5882352941176471,-0.12280701754385964,-0.14102880981074714,-0.15013970594419093,-7.0,7.5,1,5
SMALLBODY40_SUPPORT,2.0,0.25,YTD2026,9,0.5555555555555556,0.3125,-0.3055555555555556,-0.3241459410994698,-0.333441133871427,-2.75,3.0,0,1
SMALLBODY40_SUPPORT,2.0,0.25,FULL,186,0.7688172043010753,0.8313953488372093,-0.038978494623655914,-0.056553520651389154,-0.06534103366525582,-7.25,12.75,6,15
SMALLBODY40_SUPPORT,2.0,0.3,TRAIN,129,0.7596899224806202,0.9483870967741934,-0.012403100775193802,-0.02969234637167285,-0.03833696916991238,-1.6000000000000005,7.199999999999999,5,10
SMALLBODY40_SUPPORT,2.0,0.3,OOS,57,0.6842105263157895,0.6500000000000002,-0.11052631578947368,-0.1287481080563612,-0.13785900418980498,-6.3,6.900000000000007,1,5
SMALLBODY40_SUPPORT,2.0,0.3,YTD2026,9,0.5555555555555556,0.375,-0.2777777777777778,-0.296368163321692,-0.3056633560936492,-2.5,2.8,0,1
SMALLBODY40_SUPPORT,2.0,0.3,FULL,186,0.7365591397849462,0.8387755102040815,-0.04247311827956989,-0.06004814430730314,-0.06883565732116978,-7.8999999999999995,12.100000000000005,6,15
SMALLBODY40_SUPPORT,2.0,0.4,TRAIN,129,0.6744186046511628,0.849514472540791,-0.04778740926952742,-0.06507665486600646,-0.07372127766424598,-6.164575795769037,11.799999999999997,3,10
SMALLBODY40_SUPPORT,2.0,0.4,OOS,57,0.6491228070175439,0.7400000000000001,-0.09122807017543859,-0.10944986244232609,-0.11856075857576988,-5.199999999999999,6.0000000000000036,1,5
SMALLBODY40_SUPPORT,2.0,0.4,YTD2026,9,0.5555555555555556,0.5,-0.2222222222222222,-0.24081260776613644,-0.25010780053809367,-2.0,2.4,0,1
SMALLBODY40_SUPPORT,2.0,0.4,FULL,186,0.6666666666666666,0.8135872242621633,-0.061099869869726015,-0.07867489589745924,-0.08746240891132588,-11.364575795769039,14.79999999999998,4,15
SMALLBODY40_SUPPORT,2.0,0.5,TRAIN,129,0.6434108527131783,0.9229487716840634,-0.02685717671138789,-0.04414642230786693,-0.05279104510610645,-3.4645757957690377,10.5,5,10
SMALLBODY40_SUPPORT,2.0,0.5,OOS,57,0.543859649122807,0.5961538461538461,-0.18421052631578946,-0.202432318582677,-0.2115432147161208,-10.5,11.5,0,5
SMALLBODY40_SUPPORT,2.0,0.5,YTD2026,9,0.3333333333333333,0.25,-0.5,-0.5185903855439142,-0.5278855783158715,-4.5,5.0,0,1
SMALLBODY40_SUPPORT,2.0,0.5,FULL,186,0.6129032258064516,0.8032176527630055,-0.07507836449338193,-0.0926533905211152,-0.1014409035349818,-13.964575795769038,19.5,5,15
SMALLBODY40_SUPPORT,2.0,0.6,TRAIN,129,0.6124031007751938,0.9599815967192556,-0.015189799540043913,-0.03247904513652294,-0.04112366793476248,-1.9594841406656647,10.394908344896633,3,10
SMALLBODY40_SUPPORT,2.0,0.6,OOS,57,0.543859649122807,0.7153846153846156,-0.1298245614035088,-0.14804635367039634,-0.15715724980384005,-7.4,8.599999999999998,1,5
SMALLBODY40_SUPPORT,2.0,0.6,YTD2026,9,0.3333333333333333,0.3,-0.4666666666666667,-0.48525705221058085,-0.49455224498253814,-4.2,4.8,0,1
SMALLBODY40_SUPPORT,2.0,0.6,FULL,186,0.5913978494623656,0.8751479076442139,-0.05031980720787992,-0.06789483323561317,-0.07668234624947982,-9.359484140665666,16.994908344896636,4,15
SMALLBODY40_SUPPORT,2.0,0.75,TRAIN,129,0.5426356589147286,0.8963248836351476,-0.046585148377253215,-0.06387439397373225,-0.07251901677197178,-6.0094841406656645,13.544908344896626,3,10
SMALLBODY40_SUPPORT,2.0,0.75,OOS,57,0.47368421052631576,0.6514333534033524,-0.18345612978770925,-0.2016779220545967,-0.21078881818804054,-10.456999397899427,11.206999397899427,1,5
SMALLBODY40_SUPPORT,2.0,0.75,YTD2026,9,0.2222222222222222,0.21428571428571427,-0.6111111111111112,-0.6297014966550254,-0.6389966894269825,-5.5,5.5,0,1
SMALLBODY40_SUPPORT,2.0,0.75,FULL,186,0.521505376344086,0.8128055141561076,-0.08852948139013489,-0.10610450741786816,-0.11489202043173477,-16.46648353856509,23.751907742796057,4,15
SMALLBODY40_SUPPORT,2.0,1.0,TRAIN,129,0.4883720930232558,0.94794486892293,-0.025608121973830923,-0.042897367570309965,-0.0515419903685495,-3.3034477346241893,9.908975239947292,4,10
SMALLBODY40_SUPPORT,2.0,1.0,OOS,57,0.42105263157894735,0.6982727455181992,-0.17468419996314785,-0.19290599223003535,-0.20201688836347914,-9.956999397899427,11.0,1,5
SMALLBODY40_SUPPORT,2.0,1.0,YTD2026,9,0.2222222222222222,0.2857142857142857,-0.5555555555555556,-0.5741459410994698,-0.5834411338714269,-5.0,5.0,0,1
SMALLBODY40_SUPPORT,2.0,1.0,FULL,186,0.46774193548387094,0.8625298544465292,-0.07129272651894417,-0.08886775254667743,-0.09765526556054406,-13.260447132523616,18.86597463784672,5,15
SMALLBODY40_SUPPORT,2.25,0.2,TRAIN,129,0.8372093023255814,1.0285714285714285,0.004651162790697677,-0.01071705551728369,-0.01840116467127437,0.6000000000000003,5.6,5,10
SMALLBODY40_SUPPORT,2.25,0.2,OOS,57,0.7543859649122807,0.6142857142857141,-0.09473684210526315,-0.11093399078694097,-0.11903256512777982,-5.3999999999999995,5.999999999999996,1,5
SMALLBODY40_SUPPORT,2.25,0.2,YTD2026,9,0.6666666666666666,0.39999999999999997,-0.2,-0.216524787150146,-0.224787180725219,-1.8,2.2,0,1
SMALLBODY40_SUPPORT,2.25,0.2,FULL,186,0.8118279569892473,0.8628571428571427,-0.02580645161290323,-0.04142869697088832,-0.04923981964988088,-4.800000000000001,9.199999999999996,6,15
SMALLBODY40_SUPPORT,2.25,0.25,TRAIN,129,0.8062015503875969,1.04,0.007751937984496124,-0.0076162803234852494,-0.015300389477475928,1.0,6.0,5,10
SMALLBODY40_SUPPORT,2.25,0.25,OOS,57,0.7368421052631579,0.7,-0.07894736842105263,-0.09514451710273046,-0.10324309144356934,-4.5,5.25,1,5
SMALLBODY40_SUPPORT,2.25,0.25,YTD2026,9,0.6666666666666666,0.5,-0.16666666666666666,-0.1831914538168127,-0.1914538473918857,-1.5,2.0,0,1
SMALLBODY40_SUPPORT,2.25,0.25,FULL,186,0.7849462365591398,0.9125,-0.01881720430107527,-0.034439449659060394,-0.04225057233805294,-3.5,9.25,6,15
SMALLBODY40_SUPPORT,2.25,0.3,TRAIN,129,0.7364341085271318,0.8673844974482265,-0.033778300056978725,-0.04914651836496011,-0.0568306275189508,-4.357400707350256,9.257400707350264,5,10
SMALLBODY40_SUPPORT,2.25,0.3,OOS,57,0.7192982456140351,0.76875,-0.0649122807017544,-0.0811094293834322,-0.08920800372427107,-3.7,4.600000000000004,2,5
SMALLBODY40_SUPPORT,2.25,0.3,YTD2026,9,0.6666666666666666,0.6,-0.13333333333333333,-0.14985812048347938,-0.1581205140585524,-1.2,1.7999999999999998,0,1
SMALLBODY40_SUPPORT,2.25,0.3,FULL,186,0.7311827956989247,0.8350833120326421,-0.04331935864166803,-0.058941603999653154,-0.06675272667864572,-8.057400707350254,10.657400707350275,7,15
SMALLBODY40_SUPPORT,2.25,0.4,TRAIN,129,0.6666666666666666,0.8218379406908388,-0.05780930780891671,-0.07317752611689805,-0.08086163527088874,-7.4574007073502555,13.199999999999998,4,10
SMALLBODY40_SUPPORT,2.25,0.4,OOS,57,0.6666666666666666,0.8000000000000002,-0.06666666666666667,-0.08286381534834444,-0.09096238968918337,-3.8000000000000003,5.200000000000001,2,5
SMALLBODY40_SUPPORT,2.25,0.4,YTD2026,9,0.6666666666666666,0.7999999999999999,-0.06666666666666665,-0.08319145381681269,-0.0914538473918857,-0.5999999999999999,1.4,0,1
SMALLBODY40_SUPPORT,2.25,0.4,FULL,186,0.6666666666666666,0.8150200209587558,-0.060523659716936865,-0.07614590507492196,-0.08395702775391452,-11.257400707350257,15.399999999999988,6,15
SMALLBODY40_SUPPORT,2.25,0.5,TRAIN,129,0.627906976744186,0.8575444452069673,-0.05174493809244212,-0.06711315640042351,-0.07479726555441417,-6.675097013925034,12.817696306574778,3,10
SMALLBODY40_SUPPORT,2.25,0.5,OOS,57,0.5789473684210527,0.6977612171012127,-0.12538698318672334,-0.14158413186840113,-0.14968270620924,-7.14705804164323,8.64705804164323,1,5
SMALLBODY40_SUPPORT,2.25,0.5,YTD2026,9,0.4444444444444444,0.4303798192485642,-0.29411756018258106,-0.3106423473327271,-0.31890474090780013,-2.6470580416432297,3.6470580416432297,0,1
SMALLBODY40_SUPPORT,2.25,0.5,FULL,186,0.6129032258064516,0.8039534619395177,-0.07431266158907669,-0.08993490694706181,-0.09774602962605437,-13.822155055568265,19.96475434821801,4,15
SMALLBODY40_SUPPORT,2.25,0.6,TRAIN,129,0.5736434108527132,0.8399759856263828,-0.06495409760746894,-0.0803223159154503,-0.08800642506944098,-8.379078591363493,14.921677884013238,2,10
SMALLBODY40_SUPPORT,2.25,0.6,OOS,57,0.543859649122807,0.7033252206991538,-0.13348833831965787,-0.1496854870013357,-0.15778406134217457,-7.608835284220499,9.4088352842205,1,5
SMALLBODY40_SUPPORT,2.25,0.6,YTD2026,9,0.4444444444444444,0.516455783098277,-0.24967311573813664,-0.26619790288828266,-0.2744602964633557,-2.2470580416432298,3.44705804164323,0,1
SMALLBODY40_SUPPORT,2.25,0.6,FULL,186,0.5645161290322581,0.7950489228001301,-0.08595652621281714,-0.10157877157080228,-0.10938989424979484,-15.98791387558399,22.33051316823375,3,15
SMALLBODY40_SUPPORT,2.25,0.75,TRAIN,129,0.5116279069767442,0.822435972275641,-0.08189527438010526,-0.09726349268808662,-0.1049476018420773,-10.564490395033578,16.20708968768332,3,10
SMALLBODY40_SUPPORT,2.25,0.75,OOS,57,0.49122807017543857,0.7082131340653007,-0.14664623305649996,-0.16284338173817778,-0.1709419560790167,-8.358835284220497,10.147058041643229,1,5
SMALLBODY40_SUPPORT,2.25,0.75,YTD2026,9,0.3333333333333333,0.39843755516727,-0.37745089351591443,-0.3939756806660605,-0.4022380742411335,-3.3970580416432297,3.3970580416432297,0,1
SMALLBODY40_SUPPORT,2.25,0.75,FULL,186,0.5053763440860215,0.7853131531927731,-0.10173831010351653,-0.11736055546150163,-0.1251716781404942,-18.923325679254074,24.56592497190382,4,15
SMALLBODY40_SUPPORT,2.25,1.0,TRAIN,129,0.4728682170542636,0.875628781720702,-0.06076592665601216,-0.07613414496399351,-0.0838182541179842,-7.838804538625569,11.964373945251534,3,10
SMALLBODY40_SUPPORT,2.25,1.0,OOS,57,0.42105263157894735,0.7394635957223678,-0.14191379800355897,-0.1581109466852368,-0.16620952102607567,-8.089086486202861,11.127309243625593,1,5
SMALLBODY40_SUPPORT,2.25,1.0,YTD2026,9,0.1111111111111111,0.16534893059680886,-0.5608685062354766,-0.5773932933856227,-0.5856556869606957,-5.047816556119289,5.047816556119289,0,1
SMALLBODY40_SUPPORT,2.25,1.0,FULL,186,0.45698924731182794,0.8306899736899022,-0.08563382271413135,-0.10125606807211647,-0.10906719075110902,-15.92789102482843,19.03088178244311,4,15
SMALLBODY40_SUPPORT,2.5,0.2,TRAIN,129,0.8294573643410853,0.9727272727272727,-0.004651162790697677,-0.01848255926788089,-0.025398257506472514,-0.6000000000000003,7.600000000000001,6,10
SMALLBODY40_SUPPORT,2.5,0.2,OOS,57,0.7368421052631579,0.5599999999999999,-0.1157894736842105,-0.1303669074977205,-0.1376556244044755,-6.599999999999999,7.199999999999993,1,5
SMALLBODY40_SUPPORT,2.5,0.2,YTD2026,9,0.6666666666666666,0.39999999999999997,-0.2,-0.21487230843513141,-0.22230846265269713,-1.8,2.2,0,1
SMALLBODY40_SUPPORT,2.5,0.2,FULL,186,0.8010752688172043,0.8054054054054053,-0.038709677419354833,-0.05276969824154142,-0.059799708652634745,-7.199999999999999,11.599999999999993,7,15
SMALLBODY40_SUPPORT,2.5,0.25,TRAIN,129,0.813953488372093,1.09375,0.01744186046511628,0.0036104639879330435,-0.0033052342506585675,2.25,6.0,6,10
SMALLBODY40_SUPPORT,2.5,0.25,OOS,57,0.7192982456140351,0.640625,-0.10087719298245613,-0.11545462679596614,-0.12274334370272116,-5.75,6.5,0,5
SMALLBODY40_SUPPORT,2.5,0.25,YTD2026,9,0.6666666666666666,0.5,-0.16666666666666666,-0.18153897510179812,-0.1889751293193638,-1.5,2.0,0,1
SMALLBODY40_SUPPORT,2.5,0.25,FULL,186,0.7849462365591398,0.9125,-0.01881720430107527,-0.03287722512326186,-0.03990723553435518,-3.5,8.0,6,15
SMALLBODY40_SUPPORT,2.5,0.3,TRAIN,129,0.7364341085271318,0.8905802974092979,-0.027144234394280795,-0.040975630871464025,-0.04789132911005565,-3.5016062368622225,11.529945600246998,4,10
SMALLBODY40_SUPPORT,2.5,0.3,OOS,57,0.6842105263157895,0.6500000000000002,-0.11052631578947368,-0.1251037496029837,-0.1323924665097387,-6.3,7.200000000000005,0,5
SMALLBODY40_SUPPORT,2.5,0.3,YTD2026,9,0.6666666666666666,0.6,-0.13333333333333333,-0.14820564176846476,-0.15564179598603045,-1.2,1.7999999999999998,0,1
SMALLBODY40_SUPPORT,2.5,0.3,FULL,186,0.7204301075268817,0.8039741725409558,-0.0526968077250657,-0.06675682854725232,-0.07378683895834562,-9.80160623686222,12.929945600246999,4,15
SMALLBODY40_SUPPORT,2.5,0.4,TRAIN,129,0.6821705426356589,0.9259959585494774,-0.021807169522689594,-0.03563856599987281,-0.04255426423846442,-2.8131248684269576,9.429945600246992,7,10
SMALLBODY40_SUPPORT,2.5,0.4,OOS,57,0.5789473684210527,0.5784843971179542,-0.16874117971220903,-0.18331861352571902,-0.19060733043247402,-9.618247243595915,10.818247243595913,1,5
SMALLBODY40_SUPPORT,2.5,0.4,YTD2026,9,0.4444444444444444,0.3491656505394005,-0.33137247083098964,-0.34624477926612107,-0.35368093348368673,-2.982352237478907,3.7823522374789067,0,1
SMALLBODY40_SUPPORT,2.5,0.4,FULL,186,0.6505376344086021,0.7956420892639063,-0.06683533393560684,-0.08089535475779343,-0.08792536516888673,-12.431372112022872,16.459711475407623,8,15
SMALLBODY40_SUPPORT,2.5,0.5,TRAIN,129,0.6434108527131783,0.9570119225236406,-0.014333732901893468,-0.028165129379076698,-0.03508082761766833,-1.8490515443442574,9.565872276164292,4,10
SMALLBODY40_SUPPORT,2.5,0.5,OOS,57,0.5789473684210527,0.7027007951358146,-0.11901485547220098,-0.13359228928571099,-0.140881006192466,-6.783846761915456,8.283846761915456,1,5
SMALLBODY40_SUPPORT,2.5,0.5,YTD2026,9,0.4444444444444444,0.43645706317425065,-0.28692802638654524,-0.3018003348216766,-0.3092364890392423,-2.582352237478907,3.582352237478907,0,1
SMALLBODY40_SUPPORT,2.5,0.5,FULL,186,0.6236559139784946,0.8688634608501031,-0.04641343175408448,-0.06047345257627107,-0.06750346298736438,-8.632898306259714,14.861237669644483,5,15
SMALLBODY40_SUPPORT,2.5,0.6,TRAIN,129,0.5891472868217055,0.9318576589850999,-0.025601821426657907,-0.03943321790384115,-0.04634891614243278,-3.30263496403887,11.051257542287633,4,10
SMALLBODY40_SUPPORT,2.5,0.6,OOS,57,0.5087719298245614,0.6277218764063875,-0.17515520634939394,-0.18973264016290398,-0.19702135706965898,-9.983846761915455,10.583846761915458,1,5
SMALLBODY40_SUPPORT,2.5,0.6,YTD2026,9,0.3333333333333333,0.32244471925564355,-0.42026135971987855,-0.4351336681550099,-0.44256982237257575,-3.782352237478907,3.7823522374789067,0,1
SMALLBODY40_SUPPORT,2.5,0.6,FULL,186,0.5645161290322581,0.8235174394124899,-0.07143269745136735,-0.08549271827355394,-0.09252272868464725,-13.286481725954328,18.914821089339103,5,15
SMALLBODY40_SUPPORT,2.5,0.75,TRAIN,129,0.5271317829457365,0.9031650071773926,-0.041033636882777835,-0.05486503335996107,-0.06178073159855267,-5.293339157878341,10.398044377000815,4,10
SMALLBODY40_SUPPORT,2.5,0.75,OOS,57,0.47368421052631576,0.677848320078573,-0.162874504595008,-0.177451938408518,-0.184740655315273,-9.283846761915456,10.033846761915456,1,5
SMALLBODY40_SUPPORT,2.5,0.75,YTD2026,9,0.3333333333333333,0.40305589906955447,-0.37026135971987856,-0.38513366815500993,-0.3925698223725757,-3.332352237478907,3.332352237478907,0,1
SMALLBODY40_SUPPORT,2.5,0.75,FULL,186,0.510752688172043,0.8253847427404017,-0.07837196731071933,-0.09243198813290594,-0.09946199854399923,-14.577185919793795,18.511607924052274,5,15
SMALLBODY40_SUPPORT,2.5,1.0,TRAIN,129,0.4883720930232558,0.9519058744373814,-0.021394670180431466,-0.0352260666576147,-0.04214176489620631,-2.759912453275659,11.818857503203763,3,10
SMALLBODY40_SUPPORT,2.5,1.0,OOS,57,0.42105263157894735,0.7224700923802106,-0.14693957243946593,-0.16151700625297594,-0.16880572315973094,-8.375555629049558,9.375555629049558,1,5
SMALLBODY40_SUPPORT,2.5,1.0,YTD2026,9,0.1111111111111111,0.16826419779473775,-0.5492261000563734,-0.5640984084915047,-0.5715345627090705,-4.94303490050736,4.94303490050736,0,1
SMALLBODY40_SUPPORT,2.5,1.0,FULL,186,0.46774193548387094,0.8728313590746141,-0.05986810796949042,-0.07392812879167703,-0.08095813920277033,-11.135468082325218,17.065694416211798,4,15
SMALLBODY40_SUPPORT,3.0,0.2,TRAIN,129,0.8294573643410853,0.9727272727272727,-0.004651162790697677,-0.01617732652168369,-0.021940408387176705,-0.6000000000000003,7.6,6,10
SMALLBODY40_SUPPORT,3.0,0.2,OOS,57,0.7543859649122807,0.6142857142857141,-0.09473684210526315,-0.10688470361652151,-0.11295863437215067,-5.3999999999999995,5.999999999999996,1,5
SMALLBODY40_SUPPORT,3.0,0.2,YTD2026,9,0.6666666666666666,0.39999999999999997,-0.2,-0.21239359036260952,-0.2185903855439143,-1.8,2.2,0,1
SMALLBODY40_SUPPORT,3.0,0.2,FULL,186,0.8064516129032258,0.8333333333333331,-0.03225806451612903,-0.04397474853461786,-0.04983309054386227,-6.0,9.19999999999999,7,15
SMALLBODY40_SUPPORT,3.0,0.25,TRAIN,129,0.7596899224806202,0.8496715383310506,-0.033602107473270165,-0.04512827120425618,-0.05089135306974921,-4.334671864051852,11.44162133353916,4,10
SMALLBODY40_SUPPORT,3.0,0.25,OOS,57,0.7192982456140351,0.640625,-0.10087719298245613,-0.11302505449371447,-0.11909898524934363,-5.75,6.5,1,5
SMALLBODY40_SUPPORT,3.0,0.25,YTD2026,9,0.6666666666666666,0.5,-0.16666666666666666,-0.1790602570292762,-0.18525705221058095,-1.5,2.0,0,1
SMALLBODY40_SUPPORT,3.0,0.25,FULL,186,0.7473118279569892,0.7750697965487358,-0.05421866593576265,-0.06593534995425147,-0.0717936919634959,-10.084671864051852,12.19162133353916,5,15
SMALLBODY40_SUPPORT,3.0,0.3,TRAIN,129,0.7131782945736435,0.8624145223164109,-0.03413311364548723,-0.045659277376473274,-0.051422359241966295,-4.403171660267853,10.613371893928791,4,10
SMALLBODY40_SUPPORT,3.0,0.3,OOS,57,0.7017543859649122,0.7058823529411765,-0.08771929824561403,-0.09986715975687241,-0.10594109051250154,-5.0,5.900000000000005,1,5
SMALLBODY40_SUPPORT,3.0,0.3,YTD2026,9,0.6666666666666666,0.6,-0.13333333333333333,-0.14572692369594284,-0.15192371887724762,-1.2,1.7999999999999998,0,1
SMALLBODY40_SUPPORT,3.0,0.3,FULL,186,0.7096774193548387,0.8081109580935143,-0.0505546863455261,-0.062271370364014936,-0.06812971237325935,-9.403171660267855,12.22297075356607,5,15
SMALLBODY40_SUPPORT,3.0,0.4,TRAIN,129,0.6821705426356589,0.9703791682504506,-0.008267006900766963,-0.019793170631752982,-0.025556252497245982,-1.0664438901989381,7.276644123859869,5,10
SMALLBODY40_SUPPORT,3.0,0.4,OOS,57,0.6140350877192983,0.676921292430716,-0.11722583689467712,-0.12937369840593546,-0.13544762916156464,-6.681872702996596,7.881872702996596,2,5
SMALLBODY40_SUPPORT,3.0,0.4,YTD2026,9,0.4444444444444444,0.3567213581137395,-0.32058817013693586,-0.3329817604995453,-0.3391785556808501,-2.885293531232423,3.6852935312324226,0,1
SMALLBODY40_SUPPORT,3.0,0.4,FULL,186,0.6612903225806451,0.8633093317605846,-0.04165761609244911,-0.053374300110937925,-0.05923264212018234,-7.748316593195535,12.768115686493738,7,15
SMALLBODY40_SUPPORT,3.0,0.5,TRAIN,129,0.627906976744186,0.9699276158973433,-0.009646744754091328,-0.021172908485077344,-0.026935990350570385,-1.2444300732777813,9.397798512295987,3,10
SMALLBODY40_SUPPORT,3.0,0.5,OOS,57,0.5614035087719298,0.6557195565915749,-0.14303869534964117,-0.1551865568608995,-0.1612604876165287,-8.153205634929547,8.653205634929545,1,5
SMALLBODY40_SUPPORT,3.0,0.5,YTD2026,9,0.3333333333333333,0.2734584742747548,-0.44281039235915803,-0.4552039827217676,-0.46140077790307227,-3.9852935312324225,3.9852935312324225,0,1
SMALLBODY40_SUPPORT,3.0,0.5,FULL,186,0.6075268817204301,0.8555610516556933,-0.05052492316240499,-0.06224160718089382,-0.06809994919013826,-9.397635708207329,14.117434801505539,4,15
SMALLBODY40_SUPPORT,3.0,0.6,TRAIN,129,0.5658914728682171,0.9206623658725256,-0.02876054946954177,-0.0402867132005278,-0.04604979506602081,-3.7101108815708885,9.59512087455697,4,10
SMALLBODY40_SUPPORT,3.0,0.6,OOS,57,0.543859649122807,0.7304416194431719,-0.11672290587595696,-0.12887076738721534,-0.1349446981428445,-6.653205634929547,7.253205634929547,2,5
SMALLBODY40_SUPPORT,3.0,0.6,YTD2026,9,0.3333333333333333,0.3281501691297057,-0.4094770590258247,-0.42187064938843416,-0.428067444569739,-3.685293531232422,3.685293531232422,0,1
SMALLBODY40_SUPPORT,3.0,0.6,FULL,186,0.5591397849462365,0.8549478265648836,-0.05571675546505609,-0.06743343948354492,-0.07329178149278934,-10.363316516500433,13.499845375257449,6,15
SMALLBODY40_SUPPORT,3.0,0.75,TRAIN,129,0.5348837209302325,0.93447419220348,-0.025089660542274607,-0.036615824273260614,-0.042378906138753634,-3.2365662099534243,9.868291326111024,4,10
SMALLBODY40_SUPPORT,3.0,0.75,OOS,57,0.49122807017543857,0.7781811991491674,-0.10111217607747927,-0.11326003758873765,-0.11933396834436681,-5.763394036416319,7.535862417089467,2,5
SMALLBODY40_SUPPORT,3.0,0.75,YTD2026,9,0.1111111111111111,0.12962631081319104,-0.5595402685654963,-0.5719338589281058,-0.5781306541094106,-5.035862417089467,5.035862417089467,0,1
SMALLBODY40_SUPPORT,3.0,0.75,FULL,186,0.521505376344086,0.8805994502507049,-0.04838688304499862,-0.06010356706348746,-0.06596190907273188,-8.999960246369744,12.759438446897073,6,15
SMALLBODY40_SUPPORT,3.0,1.0,TRAIN,129,0.4573643410852713,0.8841279472449664,-0.04930430770730005,-0.06083047143828607,-0.0665935533037791,-6.360255694241706,16.46941426958228,2,10
SMALLBODY40_SUPPORT,3.0,1.0,OOS,57,0.43859649122807015,0.7763435736787528,-0.1111248897814345,-0.12327275129269284,-0.129346682048322,-6.334118717541767,7.554152613344405,2,5
SMALLBODY40_SUPPORT,3.0,1.0,YTD2026,9,0.1111111111111111,0.17283508108425472,-0.5317624907877185,-0.544156081150328,-0.5503528763316328,-4.785862417089467,4.785862417089467,0,1
SMALLBODY40_SUPPORT,3.0,1.0,FULL,186,0.45161290322580644,0.8474437165200313,-0.06824932479453479,-0.07996600881302361,-0.08582435082226807,-12.694374411783471,17.836664585130777,4,15
ADX20_GAP5_SUPPORT,0.75,0.2,TRAIN,101,0.19801980198019803,0.04938271604938273,-0.7623762376237624,-0.8064614042473407,-0.8285039875591297,-77.0,76.99999999999999,0,10
ADX20_GAP5_SUPPORT,0.75,0.2,OOS,42,0.09523809523809523,0.021052631578947368,-0.8857142857142858,-0.9346800862455841,-0.959162986511233,-37.2,37.2,0,5
ADX20_GAP5_SUPPORT,0.75,0.2,YTD2026,6,0.0,0.0,-1.0,-1.0566861177312228,-1.0850291765968338,-6.0,6.0,0,1
ADX20_GAP5_SUPPORT,0.75,0.2,FULL,143,0.16783216783216784,0.04033613445378152,-0.7986013986013987,-0.8441200381209504,-0.8668793578807266,-114.2,114.19999999999997,0,15
ADX20_GAP5_SUPPORT,0.75,0.25,TRAIN,101,0.19801980198019803,0.06172839506172839,-0.7524752475247525,-0.7965604141483307,-0.8186029974601198,-76.0,76.0,0,10
ADX20_GAP5_SUPPORT,0.75,0.25,OOS,42,0.09523809523809523,0.02631578947368421,-0.8809523809523809,-0.9299181814836792,-0.9544010817493283,-37.0,37.0,0,5
ADX20_GAP5_SUPPORT,0.75,0.25,YTD2026,6,0.0,0.0,-1.0,-1.0566861177312228,-1.0850291765968338,-6.0,6.0,0,1
ADX20_GAP5_SUPPORT,0.75,0.25,FULL,143,0.16783216783216784,0.05042016806722689,-0.7902097902097902,-0.8357284297293421,-0.8584877494891182,-113.0,113.0,0,15
ADX20_GAP5_SUPPORT,0.75,0.3,TRAIN,101,0.19801980198019803,0.07407407407407407,-0.7425742574257426,-0.786659424049321,-0.8087020073611099,-75.0,75.00000000000001,0,10
ADX20_GAP5_SUPPORT,0.75,0.3,OOS,42,0.09523809523809523,0.031578947368421054,-0.8761904761904761,-0.9251562767217746,-0.9496391769874235,-36.8,36.8,0,5
ADX20_GAP5_SUPPORT,0.75,0.3,YTD2026,6,0.0,0.0,-1.0,-1.0566861177312228,-1.0850291765968338,-6.0,6.0,0,1
ADX20_GAP5_SUPPORT,0.75,0.3,FULL,143,0.16783216783216784,0.06050420168067226,-0.7818181818181817,-0.8273368213377339,-0.8500961410975099,-111.8,111.80000000000003,0,15
ADX20_GAP5_SUPPORT,0.75,0.4,TRAIN,101,0.19801980198019803,0.09876543209876545,-0.7227722772277227,-0.7668574438513012,-0.78890002716309,-73.0,73.00000000000001,0,10
ADX20_GAP5_SUPPORT,0.75,0.4,OOS,42,0.09523809523809523,0.042105263157894736,-0.8666666666666666,-0.9156324671979649,-0.940115367463614,-36.4,36.4,0,5
ADX20_GAP5_SUPPORT,0.75,0.4,YTD2026,6,0.0,0.0,-1.0,-1.0566861177312228,-1.0850291765968338,-6.0,6.0,0,1
ADX20_GAP5_SUPPORT,0.75,0.4,FULL,143,0.16783216783216784,0.08067226890756304,-0.765034965034965,-0.810553604554517,-0.8333129243142929,-109.4,109.39999999999999,0,15
ADX20_GAP5_SUPPORT,0.75,0.5,TRAIN,101,0.18811881188118812,0.11585365853658537,-0.7178217821782178,-0.7619069488017962,-0.783949532113585,-72.5,72.5,0,10
ADX20_GAP5_SUPPORT,0.75,0.5,OOS,42,0.09523809523809523,0.05263157894736842,-0.8571428571428571,-0.9061086576741554,-0.9305915579398044,-36.0,36.0,0,5
ADX20_GAP5_SUPPORT,0.75,0.5,YTD2026,6,0.0,0.0,-1.0,-1.0566861177312228,-1.0850291765968338,-6.0,6.0,0,1
ADX20_GAP5_SUPPORT,0.75,0.5,FULL,143,0.16083916083916083,0.09583333333333334,-0.7587412587412588,-0.8042598982608107,-0.8270192180205868,-108.5,108.5,0,15
ADX20_GAP5_SUPPORT,0.75,0.6,TRAIN,101,0.18811881188118812,0.13902439024390242,-0.6990099009900991,-0.7430950676136775,-0.7651376509254663,-70.60000000000001,70.6,0,10
ADX20_GAP5_SUPPORT,0.75,0.6,OOS,42,0.09523809523809523,0.06315789473684211,-0.8476190476190476,-0.8965848481503459,-0.9210677484159949,-35.6,35.6,0,5
ADX20_GAP5_SUPPORT,0.75,0.6,YTD2026,6,0.0,0.0,-1.0,-1.0566861177312228,-1.0850291765968338,-6.0,6.0,0,1
ADX20_GAP5_SUPPORT,0.75,0.6,FULL,143,0.16083916083916083,0.11499999999999998,-0.7426573426573426,-0.7881759821768946,-0.8109353019366706,-106.19999999999999,106.20000000000002,0,15
ADX20_GAP5_SUPPORT,0.75,0.75,TRAIN,101,0.18811881188118812,0.17378048780487804,-0.6707920792079208,-0.714877245831499,-0.7369198291432879,-67.75,67.75,0,10
ADX20_GAP5_SUPPORT,0.75,0.75,OOS,42,0.09523809523809523,0.07894736842105263,-0.8333333333333334,-0.8822991338646317,-0.9067820341302806,-35.0,35.0,0,5
ADX20_GAP5_SUPPORT,0.75,0.75,YTD2026,6,0.0,0.0,-1.0,-1.0566861177312228,-1.0850291765968338,-6.0,6.0,0,1
ADX20_GAP5_SUPPORT,0.75,0.75,FULL,143,0.16083916083916083,0.14375,-0.7185314685314685,-0.7640501080510205,-0.7868094278107965,-102.75,102.75,0,15
ADX20_GAP5_SUPPORT,0.75,1.0,TRAIN,101,0.16831683168316833,0.20238095238095238,-0.6633663366336634,-0.7074515032572416,-0.7294940865690306,-67.0,67.0,0,10
ADX20_GAP5_SUPPORT,0.75,1.0,OOS,42,0.09523809523809523,0.10526315789473684,-0.8095238095238095,-0.8584896100551078,-0.8829725103207567,-34.0,34.0,0,5
ADX20_GAP5_SUPPORT,0.75,1.0,YTD2026,6,0.0,0.0,-1.0,-1.0566861177312228,-1.0850291765968338,-6.0,6.0,0,1
ADX20_GAP5_SUPPORT,0.75,1.0,FULL,143,0.14685314685314685,0.1721311475409836,-0.7062937062937062,-0.7518123458132583,-0.7745716655730344,-101.0,101.0,0,15
ADX20_GAP5_SUPPORT,1.0,0.2,TRAIN,101,0.43564356435643564,0.15438596491228065,-0.4772277227722772,-0.5102915977399609,-0.5268235352238028,-48.199999999999996,48.40000000000001,1,10
ADX20_GAP5_SUPPORT,1.0,0.2,OOS,42,0.38095238095238093,0.12307692307692308,-0.5428571428571429,-0.5795814932556165,-0.5979436684548534,-22.8,22.800000000000004,0,5
ADX20_GAP5_SUPPORT,1.0,0.2,YTD2026,6,0.5,0.20000000000000004,-0.4000000000000001,-0.442514588298417,-0.4637718824476254,-2.4000000000000004,2.6000000000000005,0,1
ADX20_GAP5_SUPPORT,1.0,0.2,FULL,143,0.4195804195804196,0.14457831325301201,-0.4965034965034964,-0.5306424761431604,-0.5477119659629924,-70.99999999999999,71.19999999999997,1,15
ADX20_GAP5_SUPPORT,1.0,0.25,TRAIN,101,0.43564356435643564,0.19298245614035087,-0.45544554455445546,-0.48850941952213905,-0.505041357005981,-46.0,46.25,1,10
ADX20_GAP5_SUPPORT,1.0,0.25,OOS,42,0.35714285714285715,0.1388888888888889,-0.5535714285714286,-0.5902957789699023,-0.608657954169139,-23.25,23.25,0,5
ADX20_GAP5_SUPPORT,1.0,0.25,YTD2026,6,0.5,0.25,-0.375,-0.417514588298417,-0.43877188244762544,-2.25,2.5,0,1
ADX20_GAP5_SUPPORT,1.0,0.25,FULL,143,0.4125874125874126,0.17559523809523808,-0.48426573426573427,-0.5184047139053983,-0.5354742037252301,-69.25,69.5,1,15
ADX20_GAP5_SUPPORT,1.0,0.3,TRAIN,101,0.43564356435643564,0.2315789473684211,-0.43366336633663366,-0.46672724130431725,-0.4832591787881592,-43.8,44.09999999999999,1,10
ADX20_GAP5_SUPPORT,1.0,0.3,OOS,42,0.35714285714285715,0.16666666666666663,-0.5357142857142857,-0.5724386361127595,-0.5908008113119962,-22.5,22.499999999999996,0,5
ADX20_GAP5_SUPPORT,1.0,0.3,YTD2026,6,0.5,0.3,-0.35000000000000003,-0.39251458829841696,-0.41377188244762547,-2.1,2.4,0,1
ADX20_GAP5_SUPPORT,1.0,0.3,FULL,143,0.4125874125874126,0.21071428571428574,-0.46363636363636374,-0.49777534327602757,-0.5148448330958596,-66.30000000000001,66.60000000000002,1,15
ADX20_GAP5_SUPPORT,1.0,0.4,TRAIN,101,0.42574257425742573,0.29655172413793096,-0.403960396039604,-0.4370242710072876,-0.45355620849112954,-40.800000000000004,41.199999999999996,1,10
ADX20_GAP5_SUPPORT,1.0,0.4,OOS,42,0.35714285714285715,0.2222222222222223,-0.5,-0.5367243503984737,-0.5550865255977103,-21.0,21.000000000000004,0,5
ADX20_GAP5_SUPPORT,1.0,0.4,YTD2026,6,0.5,0.4000000000000001,-0.3,-0.3425145882984169,-0.3637718824476254,-1.7999999999999998,2.1999999999999997,0,1
ADX20_GAP5_SUPPORT,1.0,0.4,FULL,143,0.40559440559440557,0.2729411764705882,-0.4321678321678322,-0.4663068118074961,-0.48337630162732814,-61.800000000000004,62.20000000000002,1,15
ADX20_GAP5_SUPPORT,1.0,0.5,TRAIN,101,0.40594059405940597,0.3416666666666667,-0.3910891089108911,-0.4241529838785747,-0.4406849213624166,-39.5,40.0,1,10
ADX20_GAP5_SUPPORT,1.0,0.5,OOS,42,0.35714285714285715,0.2777777777777778,-0.4642857142857143,-0.501010064684188,-0.5193722398834247,-19.5,19.5,0,5
ADX20_GAP5_SUPPORT,1.0,0.5,YTD2026,6,0.5,0.5,-0.25,-0.292514588298417,-0.31377188244762544,-1.5,2.0,0,1
ADX20_GAP5_SUPPORT,1.0,0.5,FULL,143,0.3916083916083916,0.3218390804597701,-0.4125874125874126,-0.4467263922270766,-0.46379588204690847,-59.0,59.5,1,15
ADX20_GAP5_SUPPORT,1.0,0.6,TRAIN,101,0.37623762376237624,0.361904761904762,-0.398019801980198,-0.4310836769478817,-0.44761561443172354,-40.199999999999996,40.800000000000004,1,10
ADX20_GAP5_SUPPORT,1.0,0.6,OOS,42,0.3333333333333333,0.29999999999999993,-0.4666666666666667,-0.5033910170651403,-0.521753192264377,-19.6,19.599999999999994,0,5
ADX20_GAP5_SUPPORT,1.0,0.6,YTD2026,6,0.5,0.6,-0.20000000000000004,-0.242514588298417,-0.26377188244762545,-1.2000000000000002,2.0,0,1
ADX20_GAP5_SUPPORT,1.0,0.6,FULL,143,0.36363636363636365,0.3428571428571429,-0.41818181818181815,-0.4523207978214821,-0.46939028764131413,-59.8,60.399999999999984,1,15
ADX20_GAP5_SUPPORT,1.0,0.75,TRAIN,101,0.32673267326732675,0.3639705882352941,-0.4282178217821782,-0.46128169674986186,-0.4778136342337037,-43.25,44.0,1,10
ADX20_GAP5_SUPPORT,1.0,0.75,OOS,42,0.30952380952380953,0.33620689655172414,-0.4583333333333333,-0.49505768373180703,-0.5134198589310438,-19.25,19.25,0,5
ADX20_GAP5_SUPPORT,1.0,0.75,YTD2026,6,0.5,0.75,-0.125,-0.16751458829841695,-0.18877188244762544,-0.75,2.0,0,1
ADX20_GAP5_SUPPORT,1.0,0.75,FULL,143,0.32167832167832167,0.3556701030927835,-0.4370629370629371,-0.47120191670260114,-0.48827140652243295,-62.5,63.25,1,15
ADX20_GAP5_SUPPORT,1.0,1.0,TRAIN,101,0.31683168316831684,0.463768115942029,-0.36633663366336633,-0.39940050863105,-0.41593244611489183,-37.0,38.0,1,10
ADX20_GAP5_SUPPORT,1.0,1.0,OOS,42,0.23809523809523808,0.3125,-0.5238095238095238,-0.5605338742079975,-0.5788960494072343,-22.0,22.0,0,5
ADX20_GAP5_SUPPORT,1.0,1.0,YTD2026,6,0.3333333333333333,0.5,-0.3333333333333333,-0.3758479216317503,-0.3971052157809587,-2.0,3.0,0,1
ADX20_GAP5_SUPPORT,1.0,1.0,FULL,143,0.2937062937062937,0.4158415841584158,-0.4125874125874126,-0.4467263922270766,-0.46379588204690847,-59.0,60.0,1,15
ADX20_GAP5_SUPPORT,1.25,0.2,TRAIN,101,0.6336633663366337,0.3459459459459459,-0.2396039603960396,-0.26605506037018656,-0.27928061035726,-24.2,25.000000000000007,1,10
ADX20_GAP5_SUPPORT,1.25,0.2,OOS,42,0.5,0.20000000000000004,-0.3999999999999999,-0.42937948031877887,-0.4440692204781683,-16.799999999999997,16.800000000000008,0,5
ADX20_GAP5_SUPPORT,1.25,0.2,YTD2026,6,0.5,0.20000000000000004,-0.4000000000000001,-0.4340116706387335,-0.45101750595810036,-2.4000000000000004,2.6000000000000005,0,1
ADX20_GAP5_SUPPORT,1.25,0.2,FULL,143,0.5944055944055944,0.293103448275862,-0.28671328671328666,-0.31402447042501785,-0.3276800622808835,-40.99999999999999,41.799999999999976,1,15
ADX20_GAP5_SUPPORT,1.25,0.25,TRAIN,101,0.6237623762376238,0.4144736842105263,-0.2202970297029703,-0.2467481296771172,-0.25997367966419077,-22.25,23.75,2,10
ADX20_GAP5_SUPPORT,1.25,0.25,OOS,42,0.5,0.25,-0.375,-0.4043794803187789,-0.4190692204781684,-15.75,15.75,0,5
ADX20_GAP5_SUPPORT,1.25,0.25,YTD2026,6,0.5,0.25,-0.375,-0.4090116706387336,-0.4260175059581004,-2.25,2.5,0,1
ADX20_GAP5_SUPPORT,1.25,0.25,FULL,143,0.5874125874125874,0.3559322033898305,-0.26573426573426573,-0.2930454494459969,-0.30670104130186243,-38.0,39.5,2,15
ADX20_GAP5_SUPPORT,1.25,0.3,TRAIN,101,0.6138613861386139,0.47692307692307706,-0.20198019801980197,-0.22843129799394887,-0.24165684798102238,-20.4,22.499999999999993,2,10
ADX20_GAP5_SUPPORT,1.25,0.3,OOS,42,0.5,0.29999999999999993,-0.35000000000000003,-0.3793794803187789,-0.3940692204781683,-14.700000000000001,14.699999999999992,0,5
ADX20_GAP5_SUPPORT,1.25,0.3,YTD2026,6,0.5,0.3,-0.35000000000000003,-0.38401167063873354,-0.40101750595810043,-2.1,2.4,0,1
ADX20_GAP5_SUPPORT,1.25,0.3,FULL,143,0.5804195804195804,0.415,-0.24545454545454545,-0.2727657291662766,-0.2864213210221422,-35.1,37.20000000000001,2,15
ADX20_GAP5_SUPPORT,1.25,0.4,TRAIN,101,0.594059405940594,0.5853658536585364,-0.16831683168316833,-0.19476793165731524,-0.20799348164438874,-17.0,22.0,2,10
ADX20_GAP5_SUPPORT,1.25,0.4,OOS,42,0.47619047619047616,0.3636363636363637,-0.3333333333333333,-0.3627128136521122,-0.3774025538115017,-14.0,13.999999999999993,0,5
ADX20_GAP5_SUPPORT,1.25,0.4,YTD2026,6,0.5,0.4000000000000001,-0.3,-0.33401167063873355,-0.35101750595810044,-1.7999999999999998,2.1999999999999997,0,1
ADX20_GAP5_SUPPORT,1.25,0.4,FULL,143,0.5594405594405595,0.5079365079365079,-0.21678321678321683,-0.24409440049494793,-0.2577499923508135,-31.000000000000007,36.00000000000003,2,15
ADX20_GAP5_SUPPORT,1.25,0.5,TRAIN,101,0.5544554455445545,0.6222222222222222,-0.16831683168316833,-0.19476793165731524,-0.20799348164438874,-17.0,22.5,2,10
ADX20_GAP5_SUPPORT,1.25,0.5,OOS,42,0.4523809523809524,0.41304347826086957,-0.32142857142857145,-0.3508080517473503,-0.36549779190673976,-13.5,13.5,0,5
ADX20_GAP5_SUPPORT,1.25,0.5,YTD2026,6,0.5,0.5,-0.25,-0.2840116706387335,-0.3010175059581004,-1.5,2.0,0,1
ADX20_GAP5_SUPPORT,1.25,0.5,FULL,143,0.5244755244755245,0.5514705882352942,-0.21328671328671328,-0.24059789699844444,-0.25425348885431,-30.5,36.0,2,15
ADX20_GAP5_SUPPORT,1.25,0.6,TRAIN,101,0.49504950495049505,0.5975843770117154,-0.2000209469406425,-0.2264720469147894,-0.23969759690186293,-20.202115641004895,25.0,3,10
ADX20_GAP5_SUPPORT,1.25,0.6,OOS,42,0.42857142857142855,0.44999999999999996,-0.3142857142857143,-0.3436651946044932,-0.3583549347638826,-13.2,13.200000000000005,0,5
ADX20_GAP5_SUPPORT,1.25,0.6,YTD2026,6,0.5,0.6,-0.20000000000000004,-0.23401167063873354,-0.2510175059581004,-1.2000000000000002,2.0,0,1
ADX20_GAP5_SUPPORT,1.25,0.6,FULL,143,0.4755244755244755,0.549849551425101,-0.23358122825877545,-0.26089241197050667,-0.27454800382637223,-33.40211564100489,38.199999999999974,3,15
ADX20_GAP5_SUPPORT,1.25,0.75,TRAIN,101,0.48514851485148514,0.7177437795279106,-0.1430902538713356,-0.1695413538454825,-0.182766903832556,-14.452115641004895,22.0,3,10
ADX20_GAP5_SUPPORT,1.25,0.75,OOS,42,0.38095238095238093,0.46153846153846156,-0.3333333333333333,-0.3627128136521122,-0.3774025538115017,-14.0,14.5,1,5
ADX20_GAP5_SUPPORT,1.25,0.75,YTD2026,6,0.5,0.75,-0.125,-0.15901167063873353,-0.17601750595810037,-0.75,2.0,0,1
ADX20_GAP5_SUPPORT,1.25,0.75,FULL,143,0.45454545454545453,0.6314593789979905,-0.19896584364339087,-0.22627702735512206,-0.2399326192109876,-28.452115641004895,36.5,4,15
ADX20_GAP5_SUPPORT,1.25,1.0,TRAIN,101,0.45544554455445546,0.8292424906152636,-0.09163780465585604,-0.11808890463000297,-0.13131445461707644,-9.25541827024146,21.0,5,10
ADX20_GAP5_SUPPORT,1.25,1.0,OOS,42,0.3333333333333333,0.5,-0.3333333333333333,-0.3627128136521123,-0.3774025538115017,-14.0,14.0,1,5
ADX20_GAP5_SUPPORT,1.25,1.0,YTD2026,6,0.3333333333333333,0.5,-0.3333333333333333,-0.3673450039720669,-0.38435083929143365,-2.0,3.0,0,1
ADX20_GAP5_SUPPORT,1.25,1.0,FULL,143,0.4195804195804196,0.71709465031529,-0.16262530258910113,-0.18993648630083218,-0.2035920781566978,-23.25541827024146,35.0,6,15
ADX20_GAP5_SUPPORT,1.5,0.2,TRAIN,101,0.7425742574257426,0.5769230769230768,-0.10891089108910895,-0.13095347440089805,-0.14197476605679257,-11.000000000000004,15.199999999999998,4,10
ADX20_GAP5_SUPPORT,1.5,0.2,OOS,42,0.5952380952380952,0.2941176470588236,-0.2857142857142857,-0.3101971859799348,-0.32243863611275936,-12.0,12.000000000000005,0,5
ADX20_GAP5_SUPPORT,1.5,0.2,YTD2026,6,0.5,0.20000000000000004,-0.4000000000000001,-0.42834305886561125,-0.442514588298417,-2.4000000000000004,2.6000000000000005,0,1
ADX20_GAP5_SUPPORT,1.5,0.2,FULL,143,0.6993006993006993,0.4651162790697674,-0.16083916083916083,-0.18359848059893685,-0.19497814047882478,-23.0,26.20000000000002,4,15
ADX20_GAP5_SUPPORT,1.5,0.25,TRAIN,101,0.7227722772277227,0.6517857142857143,-0.09653465346534654,-0.11857723677713565,-0.1295985284330302,-9.75,14.0,4,10
ADX20_GAP5_SUPPORT,1.5,0.25,OOS,42,0.5952380952380952,0.36764705882352944,-0.25595238095238093,-0.28043528121803,-0.2926767313508546,-10.75,10.75,0,5
ADX20_GAP5_SUPPORT,1.5,0.25,YTD2026,6,0.5,0.25,-0.375,-0.4033430588656113,-0.417514588298417,-2.25,2.5,0,1
ADX20_GAP5_SUPPORT,1.5,0.25,FULL,143,0.6853146853146853,0.5444444444444444,-0.14335664335664336,-0.16611596311641935,-0.1774956229963073,-20.5,23.5,4,15
ADX20_GAP5_SUPPORT,1.5,0.3,TRAIN,101,0.7128712871287128,0.7448275862068965,-0.07326732673267325,-0.09530991004446242,-0.10633120170035694,-7.399999999999998,13.500000000000004,5,10
ADX20_GAP5_SUPPORT,1.5,0.3,OOS,42,0.5952380952380952,0.4411764705882352,-0.2261904761904762,-0.25067337645612525,-0.2629148265889499,-9.5,9.500000000000002,1,5
ADX20_GAP5_SUPPORT,1.5,0.3,YTD2026,6,0.5,0.3,-0.35000000000000003,-0.3783430588656113,-0.39251458829841696,-2.1,2.4,0,1
ADX20_GAP5_SUPPORT,1.5,0.3,FULL,143,0.6783216783216783,0.6326086956521738,-0.11818181818181817,-0.14094113794159416,-0.15232079782148214,-16.9,21.499999999999982,6,15
ADX20_GAP5_SUPPORT,1.5,0.4,TRAIN,101,0.6336633663366337,0.6918918918918918,-0.11287128712871287,-0.13491387044050196,-0.14593516209639654,-11.4,16.999999999999996,4,10
ADX20_GAP5_SUPPORT,1.5,0.4,OOS,42,0.5476190476190477,0.48421052631578965,-0.23333333333333334,-0.25781623359898237,-0.270057683731807,-9.8,9.799999999999997,1,5
ADX20_GAP5_SUPPORT,1.5,0.4,YTD2026,6,0.5,0.4000000000000001,-0.3,-0.32834305886561127,-0.3425145882984169,-1.7999999999999998,2.1999999999999997,0,1
ADX20_GAP5_SUPPORT,1.5,0.4,FULL,143,0.6083916083916084,0.6214285714285712,-0.1482517482517483,-0.17101106801152421,-0.18239072789141217,-21.200000000000006,24.80000000000001,5,15
ADX20_GAP5_SUPPORT,1.5,0.5,TRAIN,101,0.5742574257425742,0.7031592620116589,-0.12121222549571162,-0.14325480880750074,-0.15427610046339527,-12.242434775066874,18.07400507422946,3,10
ADX20_GAP5_SUPPORT,1.5,0.5,OOS,42,0.5238095238095238,0.55,-0.21428571428571427,-0.23876861455136333,-0.2510100646841879,-9.0,9.0,1,5
ADX20_GAP5_SUPPORT,1.5,0.5,YTD2026,6,0.5,0.5,-0.25,-0.2783430588656113,-0.292514588298417,-1.5,2.0,0,1
ADX20_GAP5_SUPPORT,1.5,0.5,FULL,143,0.5594405594405595,0.65314189657732,-0.1485484949305376,-0.1713078146903136,-0.1826874745702015,-21.242434775066876,24.574005074229465,4,15
ADX20_GAP5_SUPPORT,1.5,0.6,TRAIN,101,0.5544554455445545,0.7770145269288444,-0.09546965123828591,-0.11751223455007502,-0.12853352620596953,-9.642434775066876,17.474005074229467,5,10
ADX20_GAP5_SUPPORT,1.5,0.6,OOS,42,0.47619047619047616,0.5454545454545454,-0.23809523809523808,-0.26257813836088717,-0.27481958849371174,-10.0,10.8,1,5
ADX20_GAP5_SUPPORT,1.5,0.6,YTD2026,6,0.5,0.6,-0.20000000000000004,-0.22834305886561132,-0.242514588298417,-1.2000000000000002,2.0,0,1
ADX20_GAP5_SUPPORT,1.5,0.6,FULL,143,0.5314685314685315,0.6989316103424539,-0.13735968374172636,-0.16011900350150238,-0.17149866338139033,-19.642434775066867,25.274005074229464,6,15
ADX20_GAP5_SUPPORT,1.5,0.75,TRAIN,101,0.5247524752475248,0.8596000663319855,-0.0642815324264047,-0.08632411573819376,-0.09734540739408838,-6.492434775066876,16.32400507422946,5,10
ADX20_GAP5_SUPPORT,1.5,0.75,OOS,42,0.4523809523809524,0.6195652173913043,-0.20833333333333334,-0.23281623359898238,-0.24505768373180692,-8.75,9.0,1,5
ADX20_GAP5_SUPPORT,1.5,0.75,YTD2026,6,0.3333333333333333,0.375,-0.4166666666666667,-0.445009725532278,-0.4591812549650836,-2.5,3.25,0,1
ADX20_GAP5_SUPPORT,1.5,0.75,FULL,143,0.5034965034965035,0.7798685903437435,-0.10659045297249564,-0.1293497727322716,-0.1407294326121596,-15.242434775066876,23.07400507422946,6,15
ADX20_GAP5_SUPPORT,1.5,1.0,TRAIN,101,0.4752475247524752,0.9130892136765204,-0.04409426039040275,-0.06613684370219185,-0.07715813535808641,-4.453520299430678,17.07400507422946,6,10
ADX20_GAP5_SUPPORT,1.5,1.0,OOS,42,0.40476190476190477,0.6518103888017673,-0.207255720951329,-0.23173862121697805,-0.24398007134980262,-8.704740279955818,10.0,1,5
ADX20_GAP5_SUPPORT,1.5,1.0,YTD2026,6,0.3333333333333333,0.5,-0.3333333333333333,-0.3616763921989447,-0.3758479216317503,-2.0,3.0,0,1
ADX20_GAP5_SUPPORT,1.5,1.0,FULL,143,0.45454545454545453,0.8274155249867551,-0.09201580824745802,-0.11477512800723397,-0.12615478788712195,-13.158260579386496,23.07400507422946,7,15
ADX20_GAP5_SUPPORT,1.75,0.2,TRAIN,101,0.8118811881188119,0.863157894736842,-0.025742574257425748,-0.044636217096102125,-0.054083038515440315,-2.6000000000000005,7.399999999999999,5,10
ADX20_GAP5_SUPPORT,1.75,0.2,OOS,42,0.6666666666666666,0.4000000000000001,-0.19999999999999996,-0.22098534308484208,-0.2314780146272631,-8.399999999999999,8.999999999999998,0,5
ADX20_GAP5_SUPPORT,1.75,0.2,YTD2026,6,0.6666666666666666,0.4,-0.19999999999999998,-0.22429405045623826,-0.23644107568435735,-1.2,2.0,0,1
ADX20_GAP5_SUPPORT,1.75,0.2,FULL,143,0.7692307692307693,0.6666666666666665,-0.07692307692307694,-0.09643106528859915,-0.1061850594713603,-11.000000000000004,14.800000000000002,5,15
ADX20_GAP5_SUPPORT,1.75,0.25,TRAIN,101,0.7920792079207921,0.9523809523809523,-0.009900990099009901,-0.028794632937686294,-0.038241454357024474,-1.0,6.25,6,10
ADX20_GAP5_SUPPORT,1.75,0.25,OOS,42,0.6666666666666666,0.5,-0.16666666666666666,-0.18765200975150872,-0.19814468129392976,-7.0,8.25,0,5
ADX20_GAP5_SUPPORT,1.75,0.25,YTD2026,6,0.6666666666666666,0.5,-0.16666666666666666,-0.19096071712290494,-0.20310774235102402,-1.0,2.0,0,1
ADX20_GAP5_SUPPORT,1.75,0.25,FULL,143,0.7552447552447552,0.7714285714285715,-0.055944055944055944,-0.0754520443095782,-0.08520603849233932,-8.0,12.0,6,15
ADX20_GAP5_SUPPORT,1.75,0.3,TRAIN,101,0.7326732673267327,0.8222222222222222,-0.04752475247524753,-0.06641839531392393,-0.0758652167332621,-4.800000000000001,10.400000000000002,4,10
ADX20_GAP5_SUPPORT,1.75,0.3,OOS,42,0.6428571428571429,0.5399999999999999,-0.16428571428571428,-0.18527105737055635,-0.19576372891297739,-6.9,7.500000000000003,1,5
ADX20_GAP5_SUPPORT,1.75,0.3,YTD2026,6,0.6666666666666666,0.6,-0.13333333333333333,-0.1576273837895716,-0.16977440901769073,-0.8,2.0,0,1
ADX20_GAP5_SUPPORT,1.75,0.3,FULL,143,0.7062937062937062,0.7214285714285713,-0.08181818181818179,-0.10132617018370407,-0.1110801643664652,-11.699999999999996,15.8,5,15
ADX20_GAP5_SUPPORT,1.75,0.4,TRAIN,101,0.6732673267326733,0.8727513944895945,-0.03926539860187988,-0.058159041440556246,-0.06760586285989444,-3.965805258789868,9.26343292076811,5,10
ADX20_GAP5_SUPPORT,1.75,0.4,OOS,42,0.6190476190476191,0.6500000000000001,-0.13333333333333336,-0.1543186764181754,-0.16481134796059643,-5.6000000000000005,7.399999999999998,1,5
ADX20_GAP5_SUPPORT,1.75,0.4,YTD2026,6,0.6666666666666666,0.8,-0.06666666666666665,-0.09096071712290492,-0.103107742351024,-0.3999999999999999,2.0,0,1
ADX20_GAP5_SUPPORT,1.75,0.4,FULL,143,0.6573426573426573,0.7971877039668014,-0.0668937430684606,-0.08640173143398286,-0.09615572561674396,-9.565805258789867,13.863432920768108,6,15
ADX20_GAP5_SUPPORT,1.75,0.5,TRAIN,101,0.6435643564356436,0.9512434948870022,-0.016493121374157114,-0.0353867642128335,-0.044833585632171706,-1.6658052587898684,9.563432920768111,6,10
ADX20_GAP5_SUPPORT,1.75,0.5,OOS,42,0.5714285714285714,0.6971675402674943,-0.12410726966774023,-0.1450926127525823,-0.15558528429500335,-5.21250532604509,8.0,1,5
ADX20_GAP5_SUPPORT,1.75,0.5,YTD2026,6,0.6666666666666666,1.0,0.0,-0.024294050456238225,-0.03644107568435736,0.0,2.0,0,1
ADX20_GAP5_SUPPORT,1.75,0.5,FULL,143,0.6223776223776224,0.8661242359559951,-0.048100074019824884,-0.06760806238534715,-0.07736205656810824,-6.878310584834958,14.2759382468132,7,15
ADX20_GAP5_SUPPORT,1.75,0.6,TRAIN,101,0.594059405940594,0.9191691518182338,-0.03134460652267197,-0.05023824936134836,-0.059685070780686564,-3.1658052587898693,13.863432920768112,5,10
ADX20_GAP5_SUPPORT,1.75,0.6,OOS,42,0.5238095238095238,0.6870525096019442,-0.14315488871535925,-0.16414023180020132,-0.1746329033426224,-6.012505326045089,8.6,1,5
ADX20_GAP5_SUPPORT,1.75,0.6,YTD2026,6,0.5,0.6,-0.20000000000000004,-0.22429405045623826,-0.23644107568435738,-1.2000000000000002,2.4000000000000004,0,1
ADX20_GAP5_SUPPORT,1.75,0.6,FULL,143,0.5734265734265734,0.8427787564784509,-0.06418399010374098,-0.08369197846926324,-0.09344597265202435,-9.17831058483496,18.875938246813202,6,15
ADX20_GAP5_SUPPORT,1.75,0.75,TRAIN,101,0.5544554455445545,0.9539081261388827,-0.019698939119818813,-0.03859258195849517,-0.04803940337783339,-1.9895928511017003,12.313432920768111,4,10
ADX20_GAP5_SUPPORT,1.75,0.75,OOS,42,0.5,0.7445461758699465,-0.12293718525684026,-0.14392252834168234,-0.15441519988410338,-5.163361780787291,9.75,1,5
ADX20_GAP5_SUPPORT,1.75,0.75,YTD2026,6,0.5,0.75,-0.125,-0.14929405045623823,-0.1614410756843574,-0.75,2.25,0,1
ADX20_GAP5_SUPPORT,1.75,0.75,FULL,143,0.5384615384615384,0.8871387614172137,-0.050020661761461485,-0.06952865012698373,-0.07928264430974483,-7.152954631888992,17.226794701555402,5,15
ADX20_GAP5_SUPPORT,1.75,1.0,TRAIN,101,0.49504950495049505,1.000742631600695,0.0003576402816201591,-0.018536002557056206,-0.0279828239763944,0.03612166844363607,13.063432920768111,6,10
ADX20_GAP5_SUPPORT,1.75,1.0,OOS,42,0.4523809523809524,0.7789406485817739,-0.11691147668451003,-0.13789681976935209,-0.14838949131177315,-4.910282020749421,10.0,3,5
ADX20_GAP5_SUPPORT,1.75,1.0,YTD2026,6,0.5,1.0,0.0,-0.024294050456238225,-0.036441075684357394,0.0,2.0,0,1
ADX20_GAP5_SUPPORT,1.75,1.0,FULL,143,0.4825174825174825,0.931207032303879,-0.034085037428711794,-0.05359302579423403,-0.06334701997699514,-4.874160352305786,17.226794701555402,9,15
ADX20_GAP5_SUPPORT,2.0,0.2,TRAIN,101,0.8712871287128713,1.3538461538461537,0.04554455445544554,0.02901261697160373,0.0207466482296828,4.6,4.6,8,10
ADX20_GAP5_SUPPORT,2.0,0.2,OOS,42,0.7857142857142857,0.7333333333333334,-0.05714285714285714,-0.07550503234209394,-0.08468611994171235,-2.4,3.400000000000001,1,5
ADX20_GAP5_SUPPORT,2.0,0.2,YTD2026,6,0.6666666666666666,0.4,-0.19999999999999998,-0.22125729414920844,-0.2318859412238127,-1.2,2.0,0,1
ADX20_GAP5_SUPPORT,2.0,0.2,FULL,143,0.8461538461538461,1.1,0.01538461538461538,-0.0016848744352165623,-0.010219619345132557,2.1999999999999993,5.999999999999993,9,15
ADX20_GAP5_SUPPORT,2.0,0.25,TRAIN,101,0.8316831683168316,1.2352941176470589,0.039603960396039604,0.023072022912197766,0.014806054170276845,4.0,4.5,7,10
ADX20_GAP5_SUPPORT,2.0,0.25,OOS,42,0.7619047619047619,0.8,-0.047619047619047616,-0.06598122281828442,-0.07516231041790282,-2.0,2.5,1,5
ADX20_GAP5_SUPPORT,2.0,0.25,YTD2026,6,0.6666666666666666,0.5,-0.16666666666666666,-0.18792396081587515,-0.19855260789047938,-1.0,2.0,0,1
ADX20_GAP5_SUPPORT,2.0,0.25,FULL,143,0.8111888111888111,1.0740740740740742,0.013986013986013986,-0.003083475833817981,-0.01161822074373397,2.0,5.25,8,15
ADX20_GAP5_SUPPORT,2.0,0.3,TRAIN,101,0.7821782178217822,1.0772727272727274,0.016831683168316836,0.00029974568447499076,-0.007966223057445931,1.7000000000000006,5.800000000000004,6,10
ADX20_GAP5_SUPPORT,2.0,0.3,OOS,42,0.7619047619047619,0.96,-0.009523809523809516,-0.027885984723046344,-0.03706707232266474,-0.3999999999999997,2.4,3,5
ADX20_GAP5_SUPPORT,2.0,0.3,YTD2026,6,0.6666666666666666,0.6,-0.13333333333333333,-0.1545906274825418,-0.16521927455714605,-0.8,2.0,0,1
ADX20_GAP5_SUPPORT,2.0,0.3,FULL,143,0.7762237762237763,1.0406249999999995,0.00909090909090909,-0.007978580728922874,-0.01651332563883888,1.2999999999999998,6.100000000000003,9,15
ADX20_GAP5_SUPPORT,2.0,0.4,TRAIN,101,0.7029702970297029,1.0135588622146283,0.0037615881045432206,-0.012770349379298577,-0.021036318121219512,0.3799203985588653,6.455503805672097,6,10
ADX20_GAP5_SUPPORT,2.0,0.4,OOS,42,0.6904761904761905,0.9519165483815547,-0.013951003816415569,-0.032313179015652345,-0.04149426661527073,-0.5859421602894539,2.8,2,5
ADX20_GAP5_SUPPORT,2.0,0.4,YTD2026,6,0.6666666666666666,0.8,-0.06666666666666665,-0.08792396081587506,-0.09855260789047937,-0.3999999999999999,2.0,0,1
ADX20_GAP5_SUPPORT,2.0,0.4,FULL,143,0.6993006993006993,0.9948758481266432,-0.001440711620493633,-0.01851020144032558,-0.02704494635024154,-0.2060217617305895,6.641445965961551,8,15
ADX20_GAP5_SUPPORT,2.0,0.5,TRAIN,101,0.6732673267326733,1.0960642408674033,0.029504162361968966,0.01297222487812712,0.0047062561362062,2.9799203985588654,8.0,5,10
ADX20_GAP5_SUPPORT,2.0,0.5,OOS,42,0.6428571428571429,0.9516463444909846,-0.016331956197367943,-0.03469413139660474,-0.043875218996223146,-0.6859421602894535,2.5,2,5
ADX20_GAP5_SUPPORT,2.0,0.5,YTD2026,6,0.5,0.5,-0.25,-0.27125729414920846,-0.2818859412238127,-1.5,2.5,0,1
ADX20_GAP5_SUPPORT,2.0,0.5,FULL,143,0.6643356643356644,1.0507449704457603,0.01604180586202386,-0.0010276839578081047,-0.009562428867724094,2.2939782382694123,8.0,7,15
ADX20_GAP5_SUPPORT,2.0,0.6,TRAIN,101,0.6435643564356436,1.1285007650335077,0.043283230250356554,0.026751292766514723,0.018485324024593786,4.371606255286012,8.600000000000007,6,10
ADX20_GAP5_SUPPORT,2.0,0.6,OOS,42,0.6428571428571429,1.1419756133891814,0.04795375808834633,0.029591582889109548,0.020410495289491133,2.0140578397105457,2.4000000000000004,2,5
ADX20_GAP5_SUPPORT,2.0,0.6,YTD2026,6,0.5,0.6,-0.20000000000000004,-0.22125729414920844,-0.23188594122381276,-1.2000000000000002,2.4000000000000004,0,1
ADX20_GAP5_SUPPORT,2.0,0.6,FULL,143,0.6433566433566433,1.1324661082086214,0.04465499367130463,0.027585503851472636,0.01905075894155665,6.385664094996562,8.600000000000007,8,15
ADX20_GAP5_SUPPORT,2.0,0.75,TRAIN,101,0.594059405940594,1.129974267276961,0.05021392331966349,0.03368198583582166,0.025416017093900727,5.071606255286013,8.805503805672096,5,10
ADX20_GAP5_SUPPORT,2.0,0.75,OOS,42,0.5714285714285714,0.9754743287144494,-0.010035637337041508,-0.02839781253627832,-0.0375789001358967,-0.42149676815574333,5.5,2,5
ADX20_GAP5_SUPPORT,2.0,0.75,YTD2026,6,0.5,0.75,-0.125,-0.14625729414920843,-0.15688594122381275,-0.75,2.25,0,1
ADX20_GAP5_SUPPORT,2.0,0.75,FULL,143,0.5874125874125874,1.0827332969204455,0.03251824816175015,0.01544875834191818,0.006914013432002183,4.650109487130271,8.805503805672096,7,15
ADX20_GAP5_SUPPORT,2.0,1.0,TRAIN,101,0.5346534653465347,1.140128474148611,0.0616497017282321,0.045117764244390283,0.03685179550246935,6.226619874551442,7.0,5,10
ADX20_GAP5_SUPPORT,2.0,1.0,OOS,42,0.5,0.95434957849188,-0.021940399241803413,-0.04030257444104023,-0.04948366204065862,-0.9214967681557433,5.0,3,5
ADX20_GAP5_SUPPORT,2.0,1.0,YTD2026,6,0.5,1.0,0.0,-0.021257294149208444,-0.031885941223812754,0.0,2.0,0,1
ADX20_GAP5_SUPPORT,2.0,1.0,FULL,143,0.5244755244755245,1.0820959337776128,0.03709876298178811,0.020029273161956167,0.011494528252040144,5.305123106395699,7.1859421602894535,8,15
ADX20_GAP5_SUPPORT,2.25,0.2,TRAIN,101,0.8811881188118812,1.4833333333333332,0.05742574257425742,0.04273068703306469,0.03538315926246832,5.8,2.5999999999999996,7,10
ADX20_GAP5_SUPPORT,2.25,0.2,OOS,42,0.8333333333333334,1.0000000000000002,-5.28677630773884e-18,-0.01632193351043272,-0.02448290026564907,-2.220446049250313e-16,2.4000000000000004,2,5
ADX20_GAP5_SUPPORT,2.25,0.2,YTD2026,6,0.8333333333333334,1.0,0.0,-0.018895372577074188,-0.02834305886561128,0.0,1.0,0,1
ADX20_GAP5_SUPPORT,2.25,0.2,FULL,143,0.8671328671328671,1.305263157894737,0.04055944055944055,0.02538656071958993,0.017800120799664615,5.799999999999999,2.5999999999999996,9,15
ADX20_GAP5_SUPPORT,2.25,0.25,TRAIN,101,0.8217821782178217,1.1527777777777777,0.027227722772277228,0.01253266723108449,0.005185139460488112,2.75,4.5,7,10
ADX20_GAP5_SUPPORT,2.25,0.25,OOS,42,0.8095238095238095,1.0625,0.011904761904761904,-0.00441717160567081,-0.01257813836088717,0.5,2.5,3,5
ADX20_GAP5_SUPPORT,2.25,0.25,YTD2026,6,0.8333333333333334,1.25,0.041666666666666664,0.02277129408959248,0.013323607801055348,0.25,1.0,1,1
ADX20_GAP5_SUPPORT,2.25,0.25,FULL,143,0.8181818181818182,1.125,0.022727272727272728,0.00755439288742209,-3.20470325032263e-05,3.25,5.25,10,15
ADX20_GAP5_SUPPORT,2.25,0.3,TRAIN,101,0.7623762376237624,1.0544701181845795,0.011814480955413554,-0.0028805745857791846,-0.010228102356375576,1.193262576496769,3.8000000000000003,6,10
ADX20_GAP5_SUPPORT,2.25,0.3,OOS,42,0.7857142857142857,1.1,0.021428571428571425,0.005106637918138691,-0.0030543288370776613,0.8999999999999999,2.7999999999999994,3,5
ADX20_GAP5_SUPPORT,2.25,0.3,YTD2026,6,0.8333333333333334,1.5,0.08333333333333333,0.06443796075625911,0.054990274467722054,0.5,1.0,1,1
ADX20_GAP5_SUPPORT,2.25,0.3,FULL,143,0.7692307692307693,1.0677283579891845,0.01463819983564174,-0.0005346800042089031,-0.00812111992413423,2.0932625764967687,3.9000000000000004,9,15
ADX20_GAP5_SUPPORT,2.25,0.4,TRAIN,101,0.7029702970297029,1.0176753939025966,0.004883787886106629,-0.009811267655086104,-0.017158795425682483,0.4932625764967695,7.849336716152974,5,10
ADX20_GAP5_SUPPORT,2.25,0.4,OOS,42,0.7380952380952381,1.2198382786894855,0.05320757332720733,0.03688563981677464,0.02872467306155828,2.234718079742708,2.8,4,5
ADX20_GAP5_SUPPORT,2.25,0.4,YTD2026,6,0.8333333333333334,2.0,0.16666666666666666,0.14777129408959247,0.13832360780105538,1.0,1.0,1,1
ADX20_GAP5_SUPPORT,2.25,0.4,FULL,143,0.7132867132867133,1.0716531642728993,0.019076787805870465,0.00390390796601985,-0.003682531953905466,2.7279806562394766,7.849336716152974,9,15
ADX20_GAP5_SUPPORT,2.25,0.5,TRAIN,101,0.6633663366336634,1.0499349888191056,0.01577487699501752,0.0010798214538247797,-0.006267706316771596,1.5932625764967696,7.5,5,10
ADX20_GAP5_SUPPORT,2.25,0.5,OOS,42,0.6904761904761905,1.1919164796218162,0.05558852570815972,0.03926659219772699,0.03110562544251063,2.334718079742708,2.5,3,5
ADX20_GAP5_SUPPORT,2.25,0.5,YTD2026,6,0.6666666666666666,1.0,0.0,-0.018895372577074226,-0.0283430588656113,0.0,1.0,0,1
ADX20_GAP5_SUPPORT,2.25,0.5,FULL,143,0.6713286713286714,1.089126405250491,0.027468396197478866,0.012295516357628227,0.004709076437702905,3.9279806562394777,7.665281920257292,8,15
ADX20_GAP5_SUPPORT,2.25,0.6,TRAIN,101,0.6138613861386139,1.015102609198062,0.005380493406573584,-0.009314562134619153,-0.016662089905215536,0.543429834063932,8.125112442343278,4,10
ADX20_GAP5_SUPPORT,2.25,0.6,OOS,42,0.6428571428571429,1.1039824583412656,0.03507001993251048,0.018748086422077752,0.010587119666861397,1.47294083716544,3.5999999999999996,3,5
ADX20_GAP5_SUPPORT,2.25,0.6,YTD2026,6,0.6666666666666666,1.2,0.06666666666666665,0.04777129408959243,0.038323607801055294,0.3999999999999999,1.0,1,1
ADX20_GAP5_SUPPORT,2.25,0.6,FULL,143,0.6223776223776224,1.0402085608832201,0.014100494204401208,-0.0010723856354494514,-0.00865882555537477,2.0163706712293727,8.125112442343278,7,15
ADX20_GAP5_SUPPORT,2.25,0.75,TRAIN,101,0.5544554455445545,0.9921294355609975,-0.0032223650787758427,-0.017917420619968604,-0.02526494839056495,-0.3254588729563601,9.625112442343275,5,10
ADX20_GAP5_SUPPORT,2.25,0.75,OOS,42,0.5714285714285714,0.974936656941005,-0.010243317844566002,-0.026565251354998737,-0.03472621811021511,-0.4302193494717721,5.8031601866372124,2,5
ADX20_GAP5_SUPPORT,2.25,0.75,YTD2026,6,0.6666666666666666,1.5,0.16666666666666666,0.14777129408959244,0.13832360780105538,1.0,1.0,1,1
ADX20_GAP5_SUPPORT,2.25,0.75,FULL,143,0.5594405594405595,0.9870861064972801,-0.005284463093903018,-0.020457342933753675,-0.028043782853678947,-0.7556782224281315,10.555331791815046,7,15
ADX20_GAP5_SUPPORT,2.25,1.0,TRAIN,101,0.504950495049505,0.9642843369643257,-0.0161561170085034,-0.03085117254969616,-0.03819870032029253,-1.6317678178588435,8.944734109821857,4,10
ADX20_GAP5_SUPPORT,2.25,1.0,OOS,42,0.47619047619047616,0.8874364284275955,-0.054830373908084575,-0.0711523074185173,-0.07931327417373367,-2.3028757041395522,7.096323853798689,4,5
ADX20_GAP5_SUPPORT,2.25,1.0,YTD2026,6,0.5,1.3082363212711543,0.11780605547308724,0.09891068289601301,0.08946299660747592,0.7068363328385234,1.0,1,1
ADX20_GAP5_SUPPORT,2.25,1.0,FULL,143,0.4965034965034965,0.9405159395310154,-0.027514989664324453,-0.04268786950417511,-0.050274309424100404,-3.934643521998397,10.225031164950122,8,15
ADX20_GAP5_SUPPORT,2.5,0.2,TRAIN,101,0.8613861386138614,1.2428571428571424,0.033663366336633666,0.0204378163495602,0.01382504135602347,3.4000000000000004,4.199999999999999,6,10
ADX20_GAP5_SUPPORT,2.5,0.2,OOS,42,0.8095238095238095,0.8500000000000001,-0.028571428571428574,-0.04326116873081801,-0.050606038810512746,-1.2000000000000002,3.0,2,5
ADX20_GAP5_SUPPORT,2.5,0.2,YTD2026,6,0.8333333333333334,1.0,0.0,-0.017005835319366763,-0.02550875297905016,0.0,1.0,0,1
ADX20_GAP5_SUPPORT,2.5,0.2,FULL,143,0.8461538461538461,1.1,0.01538461538461538,0.0017290235287498188,-0.0050987723991829615,2.1999999999999993,4.199999999999999,8,15
ADX20_GAP5_SUPPORT,2.5,0.25,TRAIN,101,0.8415841584158416,1.328125,0.05198019801980198,0.03875464803272851,0.032141873039191776,5.25,4.0,6,10
ADX20_GAP5_SUPPORT,2.5,0.25,OOS,42,0.8095238095238095,1.0625,0.011904761904761904,-0.002784978254627535,-0.010129848334322284,0.5,2.5,3,5
ADX20_GAP5_SUPPORT,2.5,0.25,YTD2026,6,0.8333333333333334,1.25,0.041666666666666664,0.024660831347299905,0.016157913687616505,0.25,1.0,1,1
ADX20_GAP5_SUPPORT,2.5,0.25,FULL,143,0.8321678321678322,1.2395833333333333,0.04020979020979021,0.02655419835392464,0.019726402425991846,5.75,4.0,9,15
ADX20_GAP5_SUPPORT,2.5,0.3,TRAIN,101,0.7722772277227723,1.1673146346246668,0.03320782889703069,0.019982278909957216,0.013369503916420498,3.3539907186000995,4.929945600246992,8,10
ADX20_GAP5_SUPPORT,2.5,0.3,OOS,42,0.7857142857142857,1.1,0.021428571428571425,0.006738831269181971,-0.000606038810512762,0.8999999999999999,2.7999999999999994,3,5
ADX20_GAP5_SUPPORT,2.5,0.3,YTD2026,6,0.8333333333333334,1.5,0.08333333333333333,0.06632749801396653,0.05782458035428314,0.5,1.0,1,1
ADX20_GAP5_SUPPORT,2.5,0.3,FULL,143,0.7762237762237763,1.1464569771835817,0.029748186843357338,0.01609259498749176,0.009264799059558975,4.253990718600099,4.929945600246992,11,15
ADX20_GAP5_SUPPORT,2.5,0.4,TRAIN,101,0.7326732673267327,1.230973491426547,0.054990007114852496,0.041764457127779035,0.0351516821342423,5.553990718600102,6.82994560024699,7,10
ADX20_GAP5_SUPPORT,2.5,0.4,OOS,42,0.6904761904761905,1.09008092580951,0.0228235291581968,0.008133788998807366,0.0007889189191126334,0.9585882246442656,2.2,3,5
ADX20_GAP5_SUPPORT,2.5,0.4,YTD2026,6,0.6666666666666666,0.8,-0.06666666666666665,-0.08367250198603342,-0.0921754196457168,-0.3999999999999999,1.2,0,1
ADX20_GAP5_SUPPORT,2.5,0.4,FULL,143,0.7202797202797203,1.1877504508792525,0.04554251009261795,0.0318869182367524,0.025059122308819612,6.512578943244367,6.82994560024699,10,15
ADX20_GAP5_SUPPORT,2.5,0.5,TRAIN,101,0.693069306930693,1.2291712642427322,0.06363702380180018,0.050411473814726715,0.043798698821189974,6.427339403981819,6.2299456002469915,5,10
ADX20_GAP5_SUPPORT,2.5,0.5,OOS,42,0.6904761904761905,1.318847609504454,0.0807854453886839,0.06609570522929446,0.05875083514959972,3.392988706324724,2.0,3,5
ADX20_GAP5_SUPPORT,2.5,0.5,YTD2026,6,0.6666666666666666,1.0,0.0,-0.017005835319366763,-0.025508752979050142,0.0,1.0,0,1
ADX20_GAP5_SUPPORT,2.5,0.5,FULL,143,0.6923076923076923,1.2538377550651365,0.06867362314899682,0.05501803129313123,0.048190235365198446,9.820328110306544,6.2299456002469915,8,15
ADX20_GAP5_SUPPORT,2.5,0.6,TRAIN,101,0.6534653465346535,1.2493761496778342,0.07682318069713413,0.06359763071006064,0.05698485571652391,7.759141250410548,6.274348644784674,7,10
ADX20_GAP5_SUPPORT,2.5,0.6,OOS,42,0.6190476190476191,1.0711176052982927,0.023098679484553162,0.008408939325163707,0.001064069245468974,0.9701445383512328,2.892658047124172,3,5
ADX20_GAP5_SUPPORT,2.5,0.6,YTD2026,6,0.6666666666666666,1.2,0.06666666666666665,0.04966083134729989,0.041157913687616454,0.3999999999999999,1.0,1,1
ADX20_GAP5_SUPPORT,2.5,0.6,FULL,143,0.6433566433566433,1.1950433474674746,0.06104395656476771,0.04738836470890212,0.04056056878096932,8.729285788761782,6.274348644784674,10,15
ADX20_GAP5_SUPPORT,2.5,0.75,TRAIN,101,0.5841584158415841,1.1622340510611904,0.05880578220507908,0.04558023221800562,0.0389674572244689,5.939384002712987,6.4799456002469915,6,10
ADX20_GAP5_SUPPORT,2.5,0.75,OOS,42,0.5476190476190477,0.959146767664534,-0.016187034801161133,-0.03087677496055054,-0.03822164504024529,-0.6798554616487675,4.315502215097663,2,5
ADX20_GAP5_SUPPORT,2.5,0.75,YTD2026,6,0.6666666666666666,1.5,0.16666666666666666,0.1496608313472999,0.14115791368761652,1.0,1.0,1,1
ADX20_GAP5_SUPPORT,2.5,0.75,FULL,143,0.5734265734265734,1.0987679231447958,0.03677991986758196,0.02312432801171638,0.016296532083783618,5.2595285410642205,6.4799456002469915,8,15
ADX20_GAP5_SUPPORT,2.5,1.0,TRAIN,101,0.5445544554455446,1.2123195418735375,0.08058077857578262,0.06735522858870915,0.060742453595172385,8.138658636154045,6.266133631713796,7,10
ADX20_GAP5_SUPPORT,2.5,1.0,OOS,42,0.4523809523809524,0.8309677967148937,-0.08011023329865508,-0.09479997345804451,-0.10214484353773927,-3.3646297985435134,6.750892934298666,3,5
ADX20_GAP5_SUPPORT,2.5,1.0,YTD2026,6,0.5,1.3251777182188305,0.12269211659244521,0.1056862812730784,0.09718336361339501,0.7361526995546712,1.0,1,1
ADX20_GAP5_SUPPORT,2.5,1.0,FULL,143,0.5174825174825175,1.0819753348887589,0.03338481704622749,0.019729225190361913,0.012901429262429112,4.7740288376105315,6.750892934298664,10,15
ADX20_GAP5_SUPPORT,3.0,0.2,TRAIN,101,0.8613861386138614,1.2428571428571424,0.033663366336633666,0.022642074680739116,0.017131428852791848,3.4,4.3999999999999995,7,10
ADX20_GAP5_SUPPORT,3.0,0.2,OOS,42,0.8095238095238095,0.8500000000000001,-0.028571428571428574,-0.04081287870425309,-0.04693360377066537,-1.2000000000000002,3.0,2,5
ADX20_GAP5_SUPPORT,3.0,0.2,YTD2026,6,0.8333333333333334,1.0,0.0,-0.01417152943280564,-0.02125729414920848,0.0,1.0,0,1
ADX20_GAP5_SUPPORT,3.0,0.2,FULL,143,0.8461538461538461,1.1,0.01538461538461538,0.004004955504727415,-0.0016848744352165653,2.1999999999999993,4.3999999999999995,9,15
ADX20_GAP5_SUPPORT,3.0,0.25,TRAIN,101,0.7920792079207921,1.1190893226375302,0.021072530681518983,0.01005123902562443,0.00454059319767716,2.1283255988334173,5.478623870653891,5,10
ADX20_GAP5_SUPPORT,3.0,0.25,OOS,42,0.7857142857142857,0.9166666666666666,-0.017857142857142856,-0.0300985929899674,-0.03621931805637966,-0.75,3.5,2,5
ADX20_GAP5_SUPPORT,3.0,0.25,YTD2026,6,0.8333333333333334,1.25,0.041666666666666664,0.027495137233861027,0.020409372517458186,0.25,1.0,1,1
ADX20_GAP5_SUPPORT,3.0,0.25,FULL,143,0.7902097902097902,1.051292881055956,0.009638640551282638,-0.0017410193286053382,-0.007430849268549322,1.3783255988334173,5.478623870653891,7,15
ADX20_GAP5_SUPPORT,3.0,0.3,TRAIN,101,0.7623762376237624,1.2648803349164883,0.04789507771914733,0.03687378606325279,0.03136314023530551,4.837402849633881,5.7453937065495975,7,10
ADX20_GAP5_SUPPORT,3.0,0.3,OOS,42,0.7380952380952381,0.9959380035587759,-0.0009031105007683957,-0.013144560633592943,-0.019265285700005207,-0.037930641032272616,3.013969200839303,3,5
ADX20_GAP5_SUPPORT,3.0,0.3,YTD2026,6,0.8333333333333334,1.5,0.08333333333333333,0.06916180390052766,0.062076039184124854,0.5,1.0,1,1
ADX20_GAP5_SUPPORT,3.0,0.3,FULL,143,0.7552447552447552,1.1738905953130845,0.03356274271749378,0.022183082837605794,0.0164932528976618,4.79947220860161,5.7453937065495975,10,15
ADX20_GAP5_SUPPORT,3.0,0.4,TRAIN,101,0.7227722772277227,1.2934006326096843,0.06467188205398003,0.05365059039808546,0.04813994457013821,6.531860087451983,5.045393706549595,7,10
ADX20_GAP5_SUPPORT,3.0,0.4,OOS,42,0.6904761904761905,1.1011428349432348,0.025368813981037013,0.013127363848212484,0.007006638781800227,1.0654901872035545,2.2,3,5
ADX20_GAP5_SUPPORT,3.0,0.4,YTD2026,6,0.6666666666666666,0.8,-0.06666666666666665,-0.08083819609947229,-0.08792396081587511,-0.3999999999999999,1.2,0,1
ADX20_GAP5_SUPPORT,3.0,0.4,FULL,143,0.7132867132867133,1.2316469645688202,0.05312832359898975,0.0417486637191018,0.03605883377915782,7.597350274655534,5.045393706549595,10,15
ADX20_GAP5_SUPPORT,3.0,0.5,TRAIN,101,0.6831683168316832,1.3386738425828375,0.08490127022583421,0.07387997856993966,0.06836933274199238,8.575028292809256,5.9823962436643265,6,10
ADX20_GAP5_SUPPORT,3.0,0.5,OOS,42,0.6428571428571429,1.0113117399411937,0.0033758836974451044,-0.008865566435379427,-0.014986291501791704,0.1417871152926944,2.7139692008393035,2,5
ADX20_GAP5_SUPPORT,3.0,0.5,YTD2026,6,0.6666666666666666,1.0,0.0,-0.01417152943280564,-0.02125729414920846,0.0,1.0,0,1
ADX20_GAP5_SUPPORT,3.0,0.5,FULL,143,0.6713286713286714,1.2302749910352353,0.06095675110560805,0.04957709122572007,0.04388726128577608,8.71681540810195,5.9823962436643265,8,15
ADX20_GAP5_SUPPORT,3.0,0.6,TRAIN,101,0.6237623762376238,1.253851383780945,0.07415642038604045,0.06313512873014589,0.0576244829021986,7.4897984589900855,5.854489269132904,7,10
ADX20_GAP5_SUPPORT,3.0,0.6,OOS,42,0.5952380952380952,0.998933709248827,-0.00035520723395186343,-0.012596657366776409,-0.018717382433188667,-0.014918703825978263,2.9196243317000574,2,5
ADX20_GAP5_SUPPORT,3.0,0.6,YTD2026,6,0.6666666666666666,1.2,0.06666666666666665,0.052495137233861046,0.04540937251745817,0.3999999999999999,1.0,1,1
ADX20_GAP5_SUPPORT,3.0,0.6,FULL,143,0.6153846153846154,1.1718526149072626,0.052271886399749,0.040892226519861026,0.035202396579917035,7.474879755164107,5.854489269132904,9,15
ADX20_GAP5_SUPPORT,3.0,0.75,TRAIN,101,0.594059405940594,1.2311364859978122,0.07267505551307692,0.06165376385718235,0.05614311802923508,7.340180606820769,5.676037314384561,7,10
ADX20_GAP5_SUPPORT,3.0,0.75,OOS,42,0.5238095238095238,0.9324899757487799,-0.026057404043495557,-0.03829885417632008,-0.04441957924273237,-1.0944109698268134,4.249116597700893,2,5
ADX20_GAP5_SUPPORT,3.0,0.75,YTD2026,6,0.5,1.0135716110862012,0.0050212082714820765,-0.009150321161323546,-0.016236085877726365,0.03012724962889246,1.0,1,1
ADX20_GAP5_SUPPORT,3.0,0.75,FULL,143,0.5734265734265734,1.1302070095589087,0.04367671074820947,0.03229705086832149,0.026607220928377518,6.245769636993954,5.676037314384561,9,15
ADX20_GAP5_SUPPORT,3.0,1.0,TRAIN,101,0.5148514851485149,1.1796026054311428,0.06349106119614523,0.05246976954025067,0.046959123712303374,6.4125971808106685,9.740534758002106,7,10
ADX20_GAP5_SUPPORT,3.0,1.0,OOS,42,0.47619047619047616,0.855520346077751,-0.06264599397667159,-0.0748874441094961,-0.08100816917590839,-2.6311317470202065,4.561267508602597,1,5
ADX20_GAP5_SUPPORT,3.0,1.0,YTD2026,6,0.5,1.3514288147816016,0.13002120827148209,0.11584967883867647,0.10876391412227364,0.7801272496288925,1.0,1,1
ADX20_GAP5_SUPPORT,3.0,1.0,FULL,143,0.5034965034965035,1.0701369480892966,0.02644381422231092,0.015064154342422932,0.009374324402478948,3.7814654337904616,9.740534758002106,8,15
ADX20_GAP10_SUPPORT,0.75,0.2,TRAIN,49,0.16326530612244897,0.03902439024390244,-0.8040816326530613,-0.8495890665867274,-0.8723427835535603,-39.400000000000006,39.4,0,10
ADX20_GAP10_SUPPORT,0.75,0.2,OOS,21,0.047619047619047616,0.01,-0.9428571428571428,-0.9916084520588723,-1.015984106659737,-19.8,19.8,0,5
ADX20_GAP10_SUPPORT,0.75,0.2,YTD2026,3,0.0,0.0,-1.0,-1.0542533980617421,-1.081380097092613,-3.0,3.0,0,1
ADX20_GAP10_SUPPORT,0.75,0.2,FULL,70,0.12857142857142856,0.029508196721311476,-0.8457142857142858,-0.8921948822283708,-0.9154351804854134,-59.2,59.199999999999996,0,15
ADX20_GAP10_SUPPORT,0.75,0.25,TRAIN,49,0.16326530612244897,0.04878048780487805,-0.7959183673469388,-0.841425801280605,-0.8641795182474379,-39.0,39.0,0,10
ADX20_GAP10_SUPPORT,0.75,0.25,OOS,21,0.047619047619047616,0.0125,-0.9404761904761905,-0.9892274996779197,-1.0136031542787847,-19.75,19.75,0,5
ADX20_GAP10_SUPPORT,0.75,0.25,YTD2026,3,0.0,0.0,-1.0,-1.0542533980617421,-1.081380097092613,-3.0,3.0,0,1
ADX20_GAP10_SUPPORT,0.75,0.25,FULL,70,0.12857142857142856,0.036885245901639344,-0.8392857142857143,-0.8857663107997994,-0.909006609056842,-58.75,58.75,0,15
ADX20_GAP10_SUPPORT,0.75,0.3,TRAIN,49,0.16326530612244897,0.058536585365853655,-0.7877551020408162,-0.8332625359744824,-0.8560162529413154,-38.599999999999994,38.6,0,10
ADX20_GAP10_SUPPORT,0.75,0.3,OOS,21,0.047619047619047616,0.015,-0.9380952380952381,-0.9868465472969674,-1.0112222018978323,-19.7,19.7,0,5
ADX20_GAP10_SUPPORT,0.75,0.3,YTD2026,3,0.0,0.0,-1.0,-1.0542533980617421,-1.081380097092613,-3.0,3.0,0,1
ADX20_GAP10_SUPPORT,0.75,0.3,FULL,70,0.12857142857142856,0.04426229508196721,-0.8328571428571429,-0.879337739371228,-0.9025780376282706,-58.3,58.300000000000004,0,15
ADX20_GAP10_SUPPORT,0.75,0.4,TRAIN,49,0.16326530612244897,0.07804878048780488,-0.7714285714285714,-0.8169360053622375,-0.8396897223290705,-37.8,37.8,0,10
ADX20_GAP10_SUPPORT,0.75,0.4,OOS,21,0.047619047619047616,0.02,-0.9333333333333333,-0.9820846425350626,-1.0064602971359276,-19.6,19.6,0,5
ADX20_GAP10_SUPPORT,0.75,0.4,YTD2026,3,0.0,0.0,-1.0,-1.0542533980617421,-1.081380097092613,-3.0,3.0,0,1
ADX20_GAP10_SUPPORT,0.75,0.4,FULL,70,0.12857142857142856,0.05901639344262295,-0.82,-0.8664805965140852,-0.8897208947711276,-57.4,57.4,0,15
ADX20_GAP10_SUPPORT,0.75,0.5,TRAIN,49,0.14285714285714285,0.08333333333333333,-0.7857142857142857,-0.8312217196479519,-0.8539754366147848,-38.5,38.5,0,10
ADX20_GAP10_SUPPORT,0.75,0.5,OOS,21,0.047619047619047616,0.025,-0.9285714285714286,-0.9773227377731578,-1.0016983923740228,-19.5,19.5,0,5
ADX20_GAP10_SUPPORT,0.75,0.5,YTD2026,3,0.0,0.0,-1.0,-1.0542533980617421,-1.081380097092613,-3.0,3.0,0,1
ADX20_GAP10_SUPPORT,0.75,0.5,FULL,70,0.11428571428571428,0.06451612903225806,-0.8285714285714286,-0.8750520250855137,-0.8982923233425564,-58.0,58.0,0,15
ADX20_GAP10_SUPPORT,0.75,0.6,TRAIN,49,0.14285714285714285,0.1,-0.7714285714285714,-0.8169360053622375,-0.8396897223290705,-37.8,37.8,0,10
ADX20_GAP10_SUPPORT,0.75,0.6,OOS,21,0.047619047619047616,0.03,-0.9238095238095237,-0.972560833011253,-0.9969364876121182,-19.4,19.4,0,5
ADX20_GAP10_SUPPORT,0.75,0.6,YTD2026,3,0.0,0.0,-1.0,-1.0542533980617421,-1.081380097092613,-3.0,3.0,0,1
ADX20_GAP10_SUPPORT,0.75,0.6,FULL,70,0.11428571428571428,0.07741935483870968,-0.8171428571428572,-0.8636234536569423,-0.8868637519139849,-57.2,57.199999999999996,0,15
ADX20_GAP10_SUPPORT,0.75,0.75,TRAIN,49,0.14285714285714285,0.125,-0.75,-0.7955074339336662,-0.8182611509004991,-36.75,36.75,0,10
ADX20_GAP10_SUPPORT,0.75,0.75,OOS,21,0.047619047619047616,0.0375,-0.9166666666666666,-0.9654179758683958,-0.9897936304692608,-19.25,19.25,0,5
ADX20_GAP10_SUPPORT,0.75,0.75,YTD2026,3,0.0,0.0,-1.0,-1.0542533980617421,-1.081380097092613,-3.0,3.0,0,1
ADX20_GAP10_SUPPORT,0.75,0.75,FULL,70,0.11428571428571428,0.0967741935483871,-0.8,-0.8464805965140851,-0.8697208947711278,-56.0,56.0,0,15
ADX20_GAP10_SUPPORT,0.75,1.0,TRAIN,49,0.10204081632653061,0.11363636363636363,-0.7959183673469388,-0.841425801280605,-0.8641795182474379,-39.0,39.0,0,10
ADX20_GAP10_SUPPORT,0.75,1.0,OOS,21,0.047619047619047616,0.05,-0.9047619047619048,-0.953513213963634,-0.977888868564499,-19.0,19.0,0,5
ADX20_GAP10_SUPPORT,0.75,1.0,YTD2026,3,0.0,0.0,-1.0,-1.0542533980617421,-1.081380097092613,-3.0,3.0,0,1
ADX20_GAP10_SUPPORT,0.75,1.0,FULL,70,0.08571428571428572,0.09375,-0.8285714285714286,-0.8750520250855137,-0.8982923233425564,-58.0,58.0,0,15
ADX20_GAP10_SUPPORT,1.0,0.2,TRAIN,49,0.3673469387755102,0.11612903225806454,-0.5591836734693877,-0.5933142489196372,-0.6103795366447622,-27.4,27.400000000000002,0,10
ADX20_GAP10_SUPPORT,1.0,0.2,OOS,21,0.38095238095238093,0.12307692307692308,-0.5428571428571429,-0.5794206247584399,-0.5977023657090884,-11.400000000000002,11.400000000000002,0,5
ADX20_GAP10_SUPPORT,1.0,0.2,YTD2026,3,0.6666666666666666,0.4,-0.19999999999999998,-0.24069004854630657,-0.2610350728194598,-0.6,1.0,0,1
ADX20_GAP10_SUPPORT,1.0,0.2,FULL,70,0.37142857142857144,0.11818181818181821,-0.5542857142857143,-0.5891461616712782,-0.60657638536406,-38.8,38.8,0,15
ADX20_GAP10_SUPPORT,1.0,0.25,TRAIN,49,0.3673469387755102,0.14516129032258066,-0.5408163265306123,-0.5749469019808618,-0.5920121897059867,-26.5,26.5,0,10
ADX20_GAP10_SUPPORT,1.0,0.25,OOS,21,0.3333333333333333,0.125,-0.5833333333333334,-0.6198968152346304,-0.6381785561852789,-12.25,12.25,0,5
ADX20_GAP10_SUPPORT,1.0,0.25,YTD2026,3,0.6666666666666666,0.5,-0.16666666666666666,-0.20735671521297325,-0.2277017394861265,-0.5,1.0,0,1
ADX20_GAP10_SUPPORT,1.0,0.25,FULL,70,0.35714285714285715,0.1388888888888889,-0.5535714285714286,-0.5884318759569924,-0.6058620996497743,-38.75,38.75,0,15
ADX20_GAP10_SUPPORT,1.0,0.3,TRAIN,49,0.3673469387755102,0.17419354838709675,-0.5224489795918368,-0.5565795550420863,-0.5736448427672112,-25.6,25.599999999999998,1,10
ADX20_GAP10_SUPPORT,1.0,0.3,OOS,21,0.3333333333333333,0.15,-0.5666666666666667,-0.6032301485679638,-0.6215118895186121,-11.899999999999999,11.899999999999999,0,5
ADX20_GAP10_SUPPORT,1.0,0.3,YTD2026,3,0.6666666666666666,0.6,-0.13333333333333333,-0.17402338187963992,-0.19436840615279316,-0.4,1.0,0,1
ADX20_GAP10_SUPPORT,1.0,0.3,FULL,70,0.35714285714285715,0.16666666666666666,-0.5357142857142858,-0.5705747330998496,-0.5880049567926314,-37.50000000000001,37.5,1,15
ADX20_GAP10_SUPPORT,1.0,0.4,TRAIN,49,0.3469387755102041,0.21250000000000002,-0.5142857142857142,-0.5484162897359638,-0.5654815774610887,-25.199999999999996,25.2,1,10
ADX20_GAP10_SUPPORT,1.0,0.4,OOS,21,0.3333333333333333,0.19999999999999998,-0.5333333333333332,-0.5698968152346305,-0.5881785561852789,-11.199999999999998,11.2,0,5
ADX20_GAP10_SUPPORT,1.0,0.4,YTD2026,3,0.6666666666666666,0.8,-0.06666666666666665,-0.10735671521297323,-0.12770173948612648,-0.19999999999999996,1.0,0,1
ADX20_GAP10_SUPPORT,1.0,0.4,FULL,70,0.34285714285714286,0.2086956521739131,-0.5200000000000001,-0.5548604473855641,-0.5722906710783457,-36.400000000000006,36.40000000000001,1,15
ADX20_GAP10_SUPPORT,1.0,0.5,TRAIN,49,0.3469387755102041,0.265625,-0.47959183673469385,-0.5137224121849434,-0.5307876999100684,-23.5,23.5,1,10
ADX20_GAP10_SUPPORT,1.0,0.5,OOS,21,0.3333333333333333,0.25,-0.5,-0.536563481901297,-0.5548452228519456,-10.5,10.5,0,5
ADX20_GAP10_SUPPORT,1.0,0.5,YTD2026,3,0.6666666666666666,1.0,0.0,-0.04069004854630657,-0.06103507281945982,0.0,1.0,0,1
ADX20_GAP10_SUPPORT,1.0,0.5,FULL,70,0.34285714285714286,0.2608695652173913,-0.4857142857142857,-0.5205747330998496,-0.5380049567926316,-34.0,34.0,1,15
ADX20_GAP10_SUPPORT,1.0,0.6,TRAIN,49,0.2857142857142857,0.23999999999999996,-0.5428571428571429,-0.5769877183073925,-0.5940530060325172,-26.6,26.6,1,10
ADX20_GAP10_SUPPORT,1.0,0.6,OOS,21,0.2857142857142857,0.24000000000000002,-0.5428571428571429,-0.57942062475844,-0.5977023657090884,-11.400000000000002,11.6,1,5
ADX20_GAP10_SUPPORT,1.0,0.6,YTD2026,3,0.6666666666666666,1.2,0.06666666666666665,0.02597661812036008,0.005631593847206832,0.19999999999999996,1.0,1,1
ADX20_GAP10_SUPPORT,1.0,0.6,FULL,70,0.2857142857142857,0.23999999999999996,-0.5428571428571428,-0.5777175902427066,-0.5951478139354884,-38.0,38.199999999999996,2,15
ADX20_GAP10_SUPPORT,1.0,0.75,TRAIN,49,0.22448979591836735,0.21710526315789475,-0.6071428571428571,-0.6412734325931068,-0.6583387203182314,-29.75,29.75,1,10
ADX20_GAP10_SUPPORT,1.0,0.75,OOS,21,0.23809523809523808,0.234375,-0.5833333333333334,-0.6198968152346304,-0.6381785561852789,-12.25,12.75,1,5
ADX20_GAP10_SUPPORT,1.0,0.75,YTD2026,3,0.6666666666666666,1.5,0.16666666666666666,0.1259766181203601,0.10563159384720684,0.5,1.0,1,1
ADX20_GAP10_SUPPORT,1.0,0.75,FULL,70,0.22857142857142856,0.2222222222222222,-0.6,-0.6348604473855638,-0.6522906710783457,-42.0,42.5,2,15
ADX20_GAP10_SUPPORT,1.0,1.0,TRAIN,49,0.22448979591836735,0.2894736842105263,-0.5510204081632653,-0.5851509836135149,-0.6022162713386396,-27.0,28.0,2,10
ADX20_GAP10_SUPPORT,1.0,1.0,OOS,21,0.14285714285714285,0.16666666666666666,-0.7142857142857143,-0.7508491961870113,-0.7691309371376598,-15.0,15.0,0,5
ADX20_GAP10_SUPPORT,1.0,1.0,YTD2026,3,0.3333333333333333,0.5,-0.3333333333333333,-0.3740233818796399,-0.39436840615279306,-1.0,1.0,0,1
ADX20_GAP10_SUPPORT,1.0,1.0,FULL,70,0.2,0.25,-0.6,-0.6348604473855638,-0.6522906710783457,-42.0,43.0,2,15
ADX20_GAP10_SUPPORT,1.25,0.2,TRAIN,49,0.6122448979591837,0.3157894736842106,-0.2653061224489796,-0.2926105828091793,-0.3062628129892791,-13.000000000000002,14.8,2,10
ADX20_GAP10_SUPPORT,1.25,0.2,OOS,21,0.47619047619047616,0.18181818181818182,-0.42857142857142855,-0.45782221409246626,-0.47244760685298504,-9.0,9.0,0,5
ADX20_GAP10_SUPPORT,1.25,0.2,YTD2026,3,0.6666666666666666,0.4,-0.19999999999999998,-0.2325520388370452,-0.24882805825556786,-0.6,1.0,0,1
ADX20_GAP10_SUPPORT,1.25,0.2,FULL,70,0.5714285714285714,0.26666666666666666,-0.31428571428571433,-0.3421740721941653,-0.35611825114839096,-22.000000000000004,23.40000000000001,2,15
ADX20_GAP10_SUPPORT,1.25,0.25,TRAIN,49,0.5918367346938775,0.3625,-0.2602040816326531,-0.2875085419928527,-0.30116077217295256,-12.75,14.25,2,10
ADX20_GAP10_SUPPORT,1.25,0.25,OOS,21,0.47619047619047616,0.22727272727272727,-0.40476190476190477,-0.43401269028294226,-0.4486380830434612,-8.5,8.5,0,5
ADX20_GAP10_SUPPORT,1.25,0.25,YTD2026,3,0.6666666666666666,0.5,-0.16666666666666666,-0.19921870550371187,-0.21549472492223454,-0.5,1.0,0,1
ADX20_GAP10_SUPPORT,1.25,0.25,FULL,70,0.5571428571428572,0.31451612903225806,-0.30357142857142855,-0.3314597864798796,-0.3454039654341051,-21.25,22.25,2,15
ADX20_GAP10_SUPPORT,1.25,0.3,TRAIN,49,0.5714285714285714,0.4,-0.2571428571428571,-0.2844473175030568,-0.29809954768315666,-12.6,13.7,2,10
ADX20_GAP10_SUPPORT,1.25,0.3,OOS,21,0.47619047619047616,0.2727272727272727,-0.38095238095238093,-0.41020316647341853,-0.4248285592339374,-8.0,8.0,0,5
ADX20_GAP10_SUPPORT,1.25,0.3,YTD2026,3,0.6666666666666666,0.6,-0.13333333333333333,-0.16588537217037855,-0.1821613915889012,-0.4,1.0,0,1
ADX20_GAP10_SUPPORT,1.25,0.3,FULL,70,0.5428571428571428,0.3562500000000001,-0.29428571428571426,-0.32217407219416544,-0.3361182511483909,-20.599999999999998,21.09999999999999,2,15
ADX20_GAP10_SUPPORT,1.25,0.4,TRAIN,49,0.5510204081632653,0.490909090909091,-0.22857142857142856,-0.2558758889316282,-0.2695281191117281,-11.2,13.999999999999998,2,10
ADX20_GAP10_SUPPORT,1.25,0.4,OOS,21,0.42857142857142855,0.3,-0.3999999999999999,-0.4292507855210376,-0.44387617828155645,-8.399999999999999,8.399999999999999,0,5
ADX20_GAP10_SUPPORT,1.25,0.4,YTD2026,3,0.6666666666666666,0.8,-0.06666666666666665,-0.09921870550371185,-0.11549472492223452,-0.19999999999999996,1.0,0,1
ADX20_GAP10_SUPPORT,1.25,0.4,FULL,70,0.5142857142857142,0.42352941176470593,-0.28,-0.30788835790845104,-0.32183253686267665,-19.6,21.6,2,15
ADX20_GAP10_SUPPORT,1.25,0.5,TRAIN,49,0.4897959183673469,0.48,-0.2653061224489796,-0.29261058280917923,-0.3062628129892791,-13.0,16.0,2,10
ADX20_GAP10_SUPPORT,1.25,0.5,OOS,21,0.38095238095238093,0.3076923076923077,-0.42857142857142855,-0.45782221409246615,-0.4724476068529849,-9.0,9.0,0,5
ADX20_GAP10_SUPPORT,1.25,0.5,YTD2026,3,0.6666666666666666,1.0,0.0,-0.032552038837045195,-0.04882805825556787,0.0,1.0,0,1
ADX20_GAP10_SUPPORT,1.25,0.5,FULL,70,0.45714285714285713,0.42105263157894735,-0.3142857142857143,-0.3421740721941653,-0.35611825114839096,-22.0,24.0,2,15
ADX20_GAP10_SUPPORT,1.25,0.6,TRAIN,49,0.40816326530612246,0.4137931034482758,-0.3469387755102041,-0.3742432358704037,-0.38789546605050357,-17.0,19.400000000000002,2,10
ADX20_GAP10_SUPPORT,1.25,0.6,OOS,21,0.3333333333333333,0.3,-0.4666666666666667,-0.4959174521877043,-0.510542844948223,-9.8,10.0,1,5
ADX20_GAP10_SUPPORT,1.25,0.6,YTD2026,3,0.6666666666666666,1.2,0.06666666666666665,0.034114627829621456,0.017838608411098782,0.19999999999999996,1.0,1,1
ADX20_GAP10_SUPPORT,1.25,0.6,FULL,70,0.38571428571428573,0.3767441860465116,-0.38285714285714284,-0.4107455007655939,-0.4246896797198195,-26.799999999999997,28.799999999999994,3,15
ADX20_GAP10_SUPPORT,1.25,0.75,TRAIN,49,0.40816326530612246,0.5172413793103449,-0.2857142857142857,-0.31301874607448527,-0.3266709762545852,-14.0,18.5,2,10
ADX20_GAP10_SUPPORT,1.25,0.75,OOS,21,0.2857142857142857,0.3,-0.5,-0.5292507855210377,-0.5438761782815563,-10.5,11.0,1,5
ADX20_GAP10_SUPPORT,1.25,0.75,YTD2026,3,0.6666666666666666,1.5,0.16666666666666666,0.13411462782962147,0.11783860841109879,0.5,1.0,1,1
ADX20_GAP10_SUPPORT,1.25,0.75,FULL,70,0.37142857142857144,0.4431818181818182,-0.35,-0.37788835790845093,-0.39183253686267655,-24.5,28.75,3,15
ADX20_GAP10_SUPPORT,1.25,1.0,TRAIN,49,0.3673469387755102,0.5558038152338899,-0.28102207607651863,-0.3083265364367182,-0.3219787666168181,-13.770081727749414,19.0,2,10
ADX20_GAP10_SUPPORT,1.25,1.0,OOS,21,0.19047619047619047,0.23529411764705882,-0.6190476190476191,-0.6482984045686567,-0.6629237973291754,-13.0,13.0,0,5
ADX20_GAP10_SUPPORT,1.25,1.0,YTD2026,3,0.3333333333333333,0.5,-0.3333333333333333,-0.36588537217037853,-0.3821613915889011,-1.0,1.0,0,1
ADX20_GAP10_SUPPORT,1.25,1.0,FULL,70,0.3142857142857143,0.4422899640052205,-0.38242973896784876,-0.4103180968762997,-0.42426227583052534,-26.770081727749414,31.0,2,15
ADX20_GAP10_SUPPORT,1.5,0.2,TRAIN,49,0.673469387755102,0.41250000000000003,-0.1918367346938776,-0.21459045166071058,-0.22596731014412713,-9.400000000000002,11.6,2,10
ADX20_GAP10_SUPPORT,1.5,0.2,OOS,21,0.5714285714285714,0.2666666666666667,-0.3142857142857143,-0.33866136888657894,-0.3508491961870114,-6.6,6.599999999999999,1,5
ADX20_GAP10_SUPPORT,1.5,0.2,YTD2026,3,0.6666666666666666,0.4,-0.19999999999999998,-0.227126699030871,-0.24069004854630657,-0.6,1.0,0,1
ADX20_GAP10_SUPPORT,1.5,0.2,FULL,70,0.6428571428571429,0.3599999999999999,-0.22857142857142862,-0.2518117268284712,-0.26343187595699236,-16.000000000000004,17.40000000000001,3,15
ADX20_GAP10_SUPPORT,1.5,0.25,TRAIN,49,0.6326530612244898,0.4305555555555556,-0.20918367346938777,-0.2319373904362208,-0.24331424891963738,-10.25,11.25,2,10
ADX20_GAP10_SUPPORT,1.5,0.25,OOS,21,0.5714285714285714,0.3333333333333333,-0.2857142857142857,-0.31008994031515047,-0.3222777676155828,-6.0,6.25,1,5
ADX20_GAP10_SUPPORT,1.5,0.25,YTD2026,3,0.6666666666666666,0.5,-0.16666666666666666,-0.1937933656975377,-0.20735671521297325,-0.5,1.0,0,1
ADX20_GAP10_SUPPORT,1.5,0.25,FULL,70,0.6142857142857143,0.39814814814814814,-0.23214285714285715,-0.25538315539989964,-0.267003304528421,-16.25,16.25,3,15
ADX20_GAP10_SUPPORT,1.5,0.3,TRAIN,49,0.6326530612244898,0.5166666666666668,-0.17755102040816326,-0.20030473737499635,-0.21168159585841287,-8.7,10.400000000000002,3,10
ADX20_GAP10_SUPPORT,1.5,0.3,OOS,21,0.5714285714285714,0.3999999999999999,-0.2571428571428572,-0.28151851174372183,-0.29370633904415416,-5.4,6.1,1,5
ADX20_GAP10_SUPPORT,1.5,0.3,YTD2026,3,0.6666666666666666,0.6,-0.13333333333333333,-0.16046003236420434,-0.17402338187963992,-0.4,1.0,0,1
ADX20_GAP10_SUPPORT,1.5,0.3,FULL,70,0.6142857142857143,0.47777777777777786,-0.2014285714285714,-0.22466886968561398,-0.23628901881413522,-14.099999999999998,14.799999999999994,4,15
ADX20_GAP10_SUPPORT,1.5,0.4,TRAIN,49,0.5510204081632653,0.490909090909091,-0.22857142857142856,-0.25132514553826163,-0.26270200402167815,-11.2,13.399999999999999,3,10
ADX20_GAP10_SUPPORT,1.5,0.4,OOS,21,0.47619047619047616,0.36363636363636365,-0.33333333333333326,-0.35770898793419803,-0.36989681523463036,-6.999999999999998,7.199999999999999,1,5
ADX20_GAP10_SUPPORT,1.5,0.4,YTD2026,3,0.6666666666666666,0.8,-0.06666666666666665,-0.09379336569753764,-0.10735671521297323,-0.19999999999999996,1.0,0,1
ADX20_GAP10_SUPPORT,1.5,0.4,FULL,70,0.5285714285714286,0.44848484848484854,-0.26000000000000006,-0.28324029825704256,-0.29486044738556383,-18.200000000000003,18.999999999999993,4,15
ADX20_GAP10_SUPPORT,1.5,0.5,TRAIN,49,0.46938775510204084,0.4586423256258913,-0.2770205117189686,-0.29977422868580167,-0.3111510871692182,-13.574005074229461,16.07400507422946,3,10
ADX20_GAP10_SUPPORT,1.5,0.5,OOS,21,0.42857142857142855,0.375,-0.35714285714285715,-0.3815185117437218,-0.39370633904415425,-7.5,8.0,1,5
ADX20_GAP10_SUPPORT,1.5,0.5,YTD2026,3,0.6666666666666666,1.0,0.0,-0.027126699030870987,-0.04069004854630657,0.0,1.0,0,1
ADX20_GAP10_SUPPORT,1.5,0.5,FULL,70,0.45714285714285713,0.43156923477689685,-0.30105721534613517,-0.32429751360317766,-0.33591766273169904,-21.07400507422946,22.07400507422946,4,15
ADX20_GAP10_SUPPORT,1.5,0.6,TRAIN,49,0.46938775510204084,0.5503707907510694,-0.23008173620876454,-0.2528354531755976,-0.26421231165901415,-11.274005074229462,15.474005074229463,3,10
ADX20_GAP10_SUPPORT,1.5,0.6,OOS,21,0.38095238095238093,0.3692307692307692,-0.39047619047619053,-0.41485184507705514,-0.4270396723774875,-8.200000000000001,9.0,2,5
ADX20_GAP10_SUPPORT,1.5,0.6,YTD2026,3,0.6666666666666666,1.2,0.06666666666666665,0.03953996763579563,0.02597661812036008,0.19999999999999996,1.0,1,1
ADX20_GAP10_SUPPORT,1.5,0.6,FULL,70,0.44285714285714284,0.488522286104056,-0.27820007248899226,-0.3014403707460349,-0.3130605198745562,-19.474005074229456,22.074005074229465,5,15
ADX20_GAP10_SUPPORT,1.5,0.75,TRAIN,49,0.40816326530612246,0.5343021047527434,-0.26681643008631556,-0.2895701470531486,-0.3009470055365651,-13.074005074229461,16.57400507422946,2,10
ADX20_GAP10_SUPPORT,1.5,0.75,OOS,21,0.3333333333333333,0.375,-0.4166666666666667,-0.4410423212675313,-0.4532301485679638,-8.75,8.75,1,5
ADX20_GAP10_SUPPORT,1.5,0.75,YTD2026,3,0.3333333333333333,0.375,-0.4166666666666667,-0.4437933656975377,-0.4573567152129732,-1.25,1.25,0,1
ADX20_GAP10_SUPPORT,1.5,0.75,FULL,70,0.38571428571428573,0.4812948033892601,-0.3117715010604209,-0.3350117993174634,-0.3466319484459847,-21.82400507422946,23.82400507422946,3,15
ADX20_GAP10_SUPPORT,1.5,1.0,TRAIN,49,0.3673469387755102,0.5716431355842384,-0.26290625538817636,-0.28565997235500934,-0.29703683083842586,-12.88240651402064,19.07400507422946,2,10
ADX20_GAP10_SUPPORT,1.5,1.0,OOS,21,0.2857142857142857,0.4,-0.42857142857142855,-0.45294708317229315,-0.4651349104727257,-9.0,9.0,1,5
ADX20_GAP10_SUPPORT,1.5,1.0,YTD2026,3,0.3333333333333333,0.5,-0.3333333333333333,-0.3604600323642044,-0.3740233818796399,-1.0,1.0,0,1
ADX20_GAP10_SUPPORT,1.5,1.0,FULL,70,0.34285714285714286,0.5145226948884636,-0.312605807343152,-0.33584610560019457,-0.34746625472871584,-21.88240651402064,26.07400507422946,3,15
ADX20_GAP10_SUPPORT,1.75,0.2,TRAIN,49,0.7346938775510204,0.5538461538461539,-0.11836734693877553,-0.1378705329103467,-0.1476221258961323,-5.800000000000001,7.199999999999999,3,10
ADX20_GAP10_SUPPORT,1.75,0.2,OOS,21,0.6190476190476191,0.32500000000000007,-0.2571428571428571,-0.27803627537216974,-0.28848298448682597,-5.3999999999999995,5.8,1,5
ADX20_GAP10_SUPPORT,1.75,0.2,YTD2026,3,0.6666666666666666,0.4,-0.19999999999999998,-0.22325145631217513,-0.23487718446826275,-0.6,1.0,0,1
ADX20_GAP10_SUPPORT,1.75,0.2,FULL,70,0.7,0.4666666666666666,-0.16000000000000006,-0.17992025564889363,-0.18988038347334044,-11.200000000000005,11.8,4,15
ADX20_GAP10_SUPPORT,1.75,0.25,TRAIN,49,0.7142857142857143,0.625,-0.10714285714285714,-0.12664604311442834,-0.13639763610021396,-5.25,6.5,4,10
ADX20_GAP10_SUPPORT,1.75,0.25,OOS,21,0.6190476190476191,0.40625,-0.2261904761904762,-0.24708389441978879,-0.2575306035344451,-4.75,5.5,1,5
ADX20_GAP10_SUPPORT,1.75,0.25,YTD2026,3,0.6666666666666666,0.5,-0.16666666666666666,-0.1899181229788418,-0.20154385113492937,-0.5,1.0,0,1
ADX20_GAP10_SUPPORT,1.75,0.25,FULL,70,0.6857142857142857,0.5454545454545454,-0.14285714285714285,-0.16277739850603648,-0.17273752633048328,-10.0,10.25,5,15
ADX20_GAP10_SUPPORT,1.75,0.3,TRAIN,49,0.6530612244897959,0.5647058823529412,-0.15102040816326529,-0.1705235941348365,-0.1802751871206221,-7.3999999999999995,9.700000000000003,4,10
ADX20_GAP10_SUPPORT,1.75,0.3,OOS,21,0.5714285714285714,0.3999999999999999,-0.2571428571428572,-0.27803627537216974,-0.2884829844868261,-5.4,5.6,1,5
ADX20_GAP10_SUPPORT,1.75,0.3,YTD2026,3,0.6666666666666666,0.6,-0.13333333333333333,-0.15658478964550848,-0.1682105178015961,-0.4,1.0,0,1
ADX20_GAP10_SUPPORT,1.75,0.3,FULL,70,0.6285714285714286,0.5076923076923078,-0.18285714285714283,-0.20277739850603652,-0.21273752633048326,-12.799999999999997,14.099999999999998,5,15
ADX20_GAP10_SUPPORT,1.75,0.4,TRAIN,49,0.5714285714285714,0.5594004082447195,-0.18002932538339533,-0.19953251135496658,-0.2092841043407521,-8.821436943786372,10.42143694378637,3,10
ADX20_GAP10_SUPPORT,1.75,0.4,OOS,21,0.5238095238095238,0.44000000000000006,-0.26666666666666655,-0.2875600848959793,-0.29800679401063546,-5.599999999999998,6.199999999999999,1,5
ADX20_GAP10_SUPPORT,1.75,0.4,YTD2026,3,0.6666666666666666,0.8,-0.06666666666666665,-0.08991812297884179,-0.10154385113492936,-0.19999999999999996,1.0,0,1
ADX20_GAP10_SUPPORT,1.75,0.4,FULL,70,0.5571428571428572,0.5196286916315903,-0.20602052776837673,-0.22594078341727034,-0.2359009112417172,-14.421436943786372,15.021436943786366,4,15
ADX20_GAP10_SUPPORT,1.75,0.5,TRAIN,49,0.5306122448979592,0.5903338657320505,-0.1841109580364566,-0.20361414400802783,-0.21336573699381334,-9.021436943786373,11.563432920768111,3,10
ADX20_GAP10_SUPPORT,1.75,0.5,OOS,21,0.5238095238095238,0.55,-0.21428571428571427,-0.2351791325150269,-0.2456258416296832,-4.5,6.0,1,5
ADX20_GAP10_SUPPORT,1.75,0.5,YTD2026,3,0.6666666666666666,1.0,0.0,-0.02325145631217514,-0.03487718446826271,0.0,1.0,0,1
ADX20_GAP10_SUPPORT,1.75,0.5,FULL,70,0.5285714285714286,0.577737970737439,-0.1931633849112339,-0.2130836405601275,-0.22304376838457432,-13.521436943786373,15.063432920768111,4,15
ADX20_GAP10_SUPPORT,1.75,0.6,TRAIN,49,0.46938775510204084,0.5515270778014602,-0.2290089172201301,-0.24851210319170122,-0.2582636961774869,-11.221436943786374,14.26343292076811,3,10
ADX20_GAP10_SUPPORT,1.75,0.6,OOS,21,0.42857142857142855,0.44999999999999996,-0.31428571428571433,-0.33517913251502685,-0.3456258416296832,-6.600000000000001,7.6000000000000005,1,5
ADX20_GAP10_SUPPORT,1.75,0.6,YTD2026,3,0.3333333333333333,0.3,-0.4666666666666666,-0.4899181229788418,-0.5015438511349294,-1.4,1.4,0,1
ADX20_GAP10_SUPPORT,1.75,0.6,FULL,70,0.45714285714285713,0.5186184433941186,-0.2545919563398053,-0.27451221198869896,-0.2844723398131457,-17.82143694378637,19.663432920768113,4,15
ADX20_GAP10_SUPPORT,1.75,0.75,TRAIN,49,0.4489795918367347,0.6115814192621667,-0.20626958380539845,-0.22577276977696964,-0.23552436276275523,-10.107209606464524,13.25,4,10
ADX20_GAP10_SUPPORT,1.75,0.75,OOS,21,0.38095238095238093,0.40762642655829223,-0.3667074502258191,-0.3876008684551317,-0.39804757756978804,-7.700856454742201,8.75,1,5
ADX20_GAP10_SUPPORT,1.75,0.75,YTD2026,3,0.3333333333333333,0.375,-0.4166666666666667,-0.4399181229788418,-0.4515438511349294,-1.25,1.25,0,1
ADX20_GAP10_SUPPORT,1.75,0.75,FULL,70,0.42857142857142855,0.5436337701540637,-0.2544009437315246,-0.2743211993804183,-0.28428132720486504,-17.808066061206723,19.450856454742198,5,15
ADX20_GAP10_SUPPORT,1.75,1.0,TRAIN,49,0.3673469387755102,0.5819225950951938,-0.2516631650391671,-0.27116635101073827,-0.28091794399652387,-12.331495086919187,15.537718401222774,2,10
ADX20_GAP10_SUPPORT,1.75,1.0,OOS,21,0.38095238095238093,0.5422418111736769,-0.28337411689248576,-0.3042675351217983,-0.31471424423645467,-5.950856454742201,8.0,1,5
ADX20_GAP10_SUPPORT,1.75,1.0,YTD2026,3,0.3333333333333333,0.5,-0.3333333333333333,-0.3565847896455085,-0.368210517801596,-1.0,1.0,0,1
ADX20_GAP10_SUPPORT,1.75,1.0,FULL,70,0.37142857142857144,0.5697837217791948,-0.26117645059516276,-0.2810967062440564,-0.2910568340685032,-18.28235154166139,19.488574855964977,3,15
ADX20_GAP10_SUPPORT,2.0,0.2,TRAIN,49,0.7959183673469388,0.7800000000000001,-0.04489795918367348,-0.06196324690879826,-0.07049589077136066,-2.2000000000000006,4.4,3,10
ADX20_GAP10_SUPPORT,2.0,0.2,OOS,21,0.7619047619047619,0.64,-0.08571428571428573,-0.10399602666493421,-0.11313689714025846,-1.8000000000000003,2.6000000000000005,1,5
ADX20_GAP10_SUPPORT,2.0,0.2,YTD2026,3,0.6666666666666666,0.4,-0.19999999999999998,-0.22034502427315325,-0.23051753640972986,-0.6,1.0,0,1
ADX20_GAP10_SUPPORT,2.0,0.2,FULL,70,0.7857142857142857,0.733333333333333,-0.05714285714285713,-0.07457308083563903,-0.08328819268202999,-3.999999999999999,5.399999999999999,4,15
ADX20_GAP10_SUPPORT,2.0,0.25,TRAIN,49,0.7755102040816326,0.8636363636363636,-0.030612244897959183,-0.04767753262308397,-0.05621017648564637,-1.5,5.0,4,10
ADX20_GAP10_SUPPORT,2.0,0.25,OOS,21,0.7142857142857143,0.625,-0.10714285714285714,-0.12542459809350565,-0.13456546856882992,-2.25,2.5,1,5
ADX20_GAP10_SUPPORT,2.0,0.25,YTD2026,3,0.6666666666666666,0.5,-0.16666666666666666,-0.18701169093981992,-0.19718420307639653,-0.5,1.0,0,1
ADX20_GAP10_SUPPORT,2.0,0.25,FULL,70,0.7571428571428571,0.7794117647058824,-0.05357142857142857,-0.07100165226421046,-0.07971676411060144,-3.75,6.5,5,15
ADX20_GAP10_SUPPORT,2.0,0.3,TRAIN,49,0.7142857142857143,0.7500000000000001,-0.07142857142857142,-0.08849385915369623,-0.0970265030162586,-3.5,7.0,5,10
ADX20_GAP10_SUPPORT,2.0,0.3,OOS,21,0.7142857142857143,0.7499999999999999,-0.07142857142857141,-0.08971031237921993,-0.09885118285454422,-1.4999999999999996,2.4,2,5
ADX20_GAP10_SUPPORT,2.0,0.3,YTD2026,3,0.6666666666666666,0.6,-0.13333333333333333,-0.1536783576064866,-0.1638508697430632,-0.4,1.0,0,1
ADX20_GAP10_SUPPORT,2.0,0.3,FULL,70,0.7142857142857143,0.7500000000000001,-0.07142857142857144,-0.08885879512135335,-0.09757390696774429,-5.000000000000001,7.8000000000000025,7,15
ADX20_GAP10_SUPPORT,2.0,0.4,TRAIN,49,0.6122448979591837,0.670624943744437,-0.12028076175128724,-0.13734604947641202,-0.14587869333897444,-5.893757325813075,8.799999999999999,4,10
ADX20_GAP10_SUPPORT,2.0,0.4,OOS,21,0.6666666666666666,0.8000000000000002,-0.06666666666666665,-0.08494840761731517,-0.09408927809263942,-1.3999999999999997,2.4000000000000004,2,5
ADX20_GAP10_SUPPORT,2.0,0.4,YTD2026,3,0.6666666666666666,0.8,-0.06666666666666665,-0.0870116909398199,-0.09718420307639652,-0.19999999999999996,1.0,0,1
ADX20_GAP10_SUPPORT,2.0,0.4,FULL,70,0.6285714285714286,0.7070045622140789,-0.10419653322590106,-0.12162675691868294,-0.13034186876507395,-7.293757325813074,9.599999999999994,6,15
ADX20_GAP10_SUPPORT,2.0,0.5,TRAIN,49,0.5918367346938775,0.7674492558549894,-0.08966851685332806,-0.10673380457845287,-0.11526644844101527,-4.393757325813075,9.0,3,10
ADX20_GAP10_SUPPORT,2.0,0.5,OOS,21,0.5714285714285714,0.6666666666666666,-0.14285714285714285,-0.16113888380779134,-0.17027975428311565,-3.0,3.5,1,5
ADX20_GAP10_SUPPORT,2.0,0.5,YTD2026,3,0.3333333333333333,0.25,-0.5,-0.5203450242731532,-0.5305175364097299,-1.5,1.5,0,1
ADX20_GAP10_SUPPORT,2.0,0.5,FULL,70,0.5857142857142857,0.7349314673010781,-0.1056251046544725,-0.12305532834725441,-0.1317704401936454,-7.393757325813075,10.5,4,15
ADX20_GAP10_SUPPORT,2.0,0.6,TRAIN,49,0.5306122448979592,0.6916902701895741,-0.13775629399298894,-0.15482158171811375,-0.16335422558067617,-6.750058405656459,10.799999999999999,4,10
ADX20_GAP10_SUPPORT,2.0,0.6,OOS,21,0.5714285714285714,0.7999999999999998,-0.08571428571428573,-0.10399602666493424,-0.1131368971402585,-1.8000000000000003,3.0,1,5
ADX20_GAP10_SUPPORT,2.0,0.6,YTD2026,3,0.3333333333333333,0.3,-0.4666666666666666,-0.4870116909398199,-0.4971842030763966,-1.4,1.4,0,1
ADX20_GAP10_SUPPORT,2.0,0.6,FULL,70,0.5428571428571428,0.723243168013348,-0.122143691509378,-0.13957391520215992,-0.14828902704855085,-8.55005840565646,11.6,5,15
ADX20_GAP10_SUPPORT,2.0,0.75,TRAIN,49,0.4897959183673469,0.727959972262953,-0.13265425317666243,-0.14971954090178724,-0.1582521847643496,-6.500058405656459,11.805503805672096,4,10
ADX20_GAP10_SUPPORT,2.0,0.75,OOS,21,0.47619047619047616,0.6175455092818702,-0.20033330466187746,-0.21861504561252593,-0.22775591608785023,-4.206999397899427,5.75,2,5
ADX20_GAP10_SUPPORT,2.0,0.75,YTD2026,3,0.3333333333333333,0.375,-0.4166666666666667,-0.4370116909398199,-0.4471842030763966,-1.25,1.25,0,1
ADX20_GAP10_SUPPORT,2.0,0.75,FULL,70,0.4857142857142857,0.6931526260247356,-0.1529579686222269,-0.17038819231500885,-0.1791033041613998,-10.707057803555884,14.512503203571523,6,15
ADX20_GAP10_SUPPORT,2.0,1.0,TRAIN,49,0.42857142857142855,0.7656651672045793,-0.1258175143072304,-0.1428828020323552,-0.1514154458949176,-6.16505820105429,10.055503805672098,3,10
ADX20_GAP10_SUPPORT,2.0,1.0,OOS,21,0.38095238095238093,0.5417692770846595,-0.2836666379952108,-0.3019483789458593,-0.31108924942118354,-5.956999397899427,7.0,1,5
ADX20_GAP10_SUPPORT,2.0,1.0,YTD2026,3,0.3333333333333333,0.5,-0.3333333333333333,-0.3536783576064866,-0.3638508697430633,-1.0,1.0,0,1
ADX20_GAP10_SUPPORT,2.0,1.0,FULL,70,0.4142857142857143,0.6916194129065281,-0.17317225141362452,-0.19060247510640643,-0.19931758695279736,-12.122057598953717,14.012503203571525,4,15
ADX20_GAP10_SUPPORT,2.25,0.2,TRAIN,49,0.8367346938775511,1.025,0.004081632653061215,-0.011087511991494145,-0.018672084313771813,0.19999999999999957,2.8,4,10
ADX20_GAP10_SUPPORT,2.25,0.2,OOS,21,0.8095238095238095,0.8500000000000001,-0.028571428571428564,-0.044821864972005014,-0.05294708317229327,-0.5999999999999999,2.0,2,5
ADX20_GAP10_SUPPORT,2.25,0.2,YTD2026,3,0.6666666666666666,0.4,-0.19999999999999998,-0.21808446602058065,-0.227126699030871,-0.6,1.0,0,1
ADX20_GAP10_SUPPORT,2.25,0.2,FULL,70,0.8285714285714286,0.9666666666666665,-0.005714285714285716,-0.021207817885647417,-0.028954583971328246,-0.40000000000000013,2.8,6,15
ADX20_GAP10_SUPPORT,2.25,0.25,TRAIN,49,0.7755102040816326,0.8636363636363636,-0.030612244897959183,-0.04578138954251456,-0.053365961864792234,-1.5,5.0,4,10
ADX20_GAP10_SUPPORT,2.25,0.25,OOS,21,0.7619047619047619,0.8,-0.047619047619047616,-0.06386948401962407,-0.07199470221991232,-1.0,2.0,2,5
ADX20_GAP10_SUPPORT,2.25,0.25,YTD2026,3,0.6666666666666666,0.5,-0.16666666666666666,-0.18475113268724738,-0.1937933656975377,-0.5,1.0,0,1
ADX20_GAP10_SUPPORT,2.25,0.25,FULL,70,0.7714285714285715,0.84375,-0.03571428571428571,-0.051207817885647405,-0.05895458397132826,-2.5,6.0,6,15
ADX20_GAP10_SUPPORT,2.25,0.3,TRAIN,49,0.6938775510204082,0.7394277621000682,-0.07335614196486305,-0.08852528660941843,-0.0961098589316961,-3.5944509562782896,5.0944509562782905,5,10
ADX20_GAP10_SUPPORT,2.25,0.3,OOS,21,0.7142857142857143,0.7499999999999999,-0.07142857142857141,-0.0876790078291479,-0.09580422602943611,-1.4999999999999996,2.8999999999999995,2,5
ADX20_GAP10_SUPPORT,2.25,0.3,YTD2026,3,0.6666666666666666,0.6,-0.13333333333333333,-0.151417799353914,-0.16046003236420434,-0.4,1.0,0,1
ADX20_GAP10_SUPPORT,2.25,0.3,FULL,70,0.7,0.7426323686607503,-0.07277787080397556,-0.08827140297533727,-0.0960181690610181,-5.09445095627829,6.794450956278292,7,15
ADX20_GAP10_SUPPORT,2.25,0.4,TRAIN,49,0.6530612244897959,0.8104112029872115,-0.06111124400567937,-0.07628038865023475,-0.08386496097251243,-2.994450956278289,6.200000000000001,5,10
ADX20_GAP10_SUPPORT,2.25,0.4,OOS,21,0.7142857142857143,1.0000000000000002,2.114710523095536e-17,-0.01625043640057645,-0.02437565460086466,4.440892098500626e-16,2.2,2,5
ADX20_GAP10_SUPPORT,2.25,0.4,YTD2026,3,0.6666666666666666,0.8,-0.06666666666666665,-0.08475113268724736,-0.09379336569753764,-0.19999999999999996,1.0,0,1
ADX20_GAP10_SUPPORT,2.25,0.4,FULL,70,0.6714285714285714,0.8626048913879295,-0.04277787080397556,-0.05827140297533724,-0.06601816906101811,-2.9944509562782895,6.6,7,15
ADX20_GAP10_SUPPORT,2.25,0.5,TRAIN,49,0.5714285714285714,0.7072689225340479,-0.11825410114853653,-0.13342324579309187,-0.14100781811536958,-5.79445095627829,8.5,4,10
ADX20_GAP10_SUPPORT,2.25,0.5,OOS,21,0.6190476190476191,0.8125,-0.07142857142857142,-0.08767900782914789,-0.09580422602943611,-1.5,2.0,2,5
ADX20_GAP10_SUPPORT,2.25,0.5,YTD2026,3,0.3333333333333333,0.25,-0.5,-0.5180844660205807,-0.5271266990308711,-1.5,1.5,0,1
ADX20_GAP10_SUPPORT,2.25,0.5,FULL,70,0.5857142857142857,0.7375572927217474,-0.10420644223254699,-0.11969997440390867,-0.12744674048958957,-7.29445095627829,9.5,6,15
ADX20_GAP10_SUPPORT,2.25,0.6,TRAIN,49,0.5306122448979592,0.7248475353734488,-0.1171937614080825,-0.13236290605263784,-0.13994747837491556,-5.742494308996043,9.8757757261903,5,10
ADX20_GAP10_SUPPORT,2.25,0.6,OOS,21,0.5238095238095238,0.6038222757422731,-0.18865605917034609,-0.20490649557092258,-0.21303171377121077,-3.9617772425772677,4.6,1,5
ADX20_GAP10_SUPPORT,2.25,0.6,YTD2026,3,0.3333333333333333,0.3,-0.4666666666666666,-0.4847511326872474,-0.49379336569753773,-1.4,1.4,0,1
ADX20_GAP10_SUPPORT,2.25,0.6,FULL,70,0.5285714285714286,0.6856430096418946,-0.1386324507367616,-0.15412598290812327,-0.1618727489938041,-9.704271551573312,12.637552968767572,6,15
ADX20_GAP10_SUPPORT,2.25,0.75,TRAIN,49,0.4489795918367347,0.6550458677364855,-0.1706404697146191,-0.18580961435917445,-0.19339418668145217,-8.361383016016337,10.875112442343275,4,10
ADX20_GAP10_SUPPORT,2.25,0.75,OOS,21,0.47619047619047616,0.6171111597657029,-0.200560821075108,-0.21681125747568444,-0.2249364756759727,-4.211777242577268,5.75,2,5
ADX20_GAP10_SUPPORT,2.25,0.75,YTD2026,3,0.3333333333333333,0.375,-0.4166666666666667,-0.43475113268724735,-0.4437933656975377,-1.25,1.25,0,1
ADX20_GAP10_SUPPORT,2.25,0.75,FULL,70,0.45714285714285713,0.6432044300878244,-0.17961657512276577,-0.19511010729412748,-0.20285687337980832,-12.573160258593603,13.586889684920543,6,15
ADX20_GAP10_SUPPORT,2.25,1.0,TRAIN,49,0.42857142857142855,0.7600823784124677,-0.12357772520856032,-0.13874686985311568,-0.1463314421753934,-6.055308535219456,9.277825124003387,4,10
ADX20_GAP10_SUPPORT,2.25,1.0,OOS,21,0.3333333333333333,0.43130162553019513,-0.3791322496465366,-0.39538268604711296,-0.4035079042474012,-7.961777242577268,9.0,1,5
ADX20_GAP10_SUPPORT,2.25,1.0,YTD2026,3,0.3333333333333333,0.5,-0.3333333333333333,-0.35141779935391404,-0.3604600323642044,-1.0,1.0,0,1
ADX20_GAP10_SUPPORT,2.25,1.0,FULL,70,0.4,0.6427777324064872,-0.20024408253995318,-0.21573761471131492,-0.22348438079699573,-14.017085777796723,15.399703911143959,5,15
ADX20_GAP10_SUPPORT,2.5,0.2,TRAIN,49,0.8367346938775511,1.025,0.004081632653061219,-0.009570597527038606,-0.016396712617088513,0.19999999999999973,3.0000000000000004,4,10
ADX20_GAP10_SUPPORT,2.5,0.2,OOS,21,0.7619047619047619,0.64,-0.08571428571428573,-0.1003396784748045,-0.10765237485506393,-1.8000000000000003,2.4000000000000004,2,5
ADX20_GAP10_SUPPORT,2.5,0.2,YTD2026,3,0.6666666666666666,0.4,-0.19999999999999998,-0.2162760194185226,-0.22441402912778388,-0.6,1.0,0,1
ADX20_GAP10_SUPPORT,2.5,0.2,FULL,70,0.8142857142857143,0.8769230769230768,-0.02285714285714286,-0.03680132181136838,-0.04377341128848113,-1.6000000000000003,3.600000000000001,6,15
ADX20_GAP10_SUPPORT,2.5,0.25,TRAIN,49,0.8163265306122449,1.1111111111111112,0.02040816326530612,0.006755933085206287,-7.018200484363144e-05,1.0,3.75,5,10
ADX20_GAP10_SUPPORT,2.5,0.25,OOS,21,0.7619047619047619,0.8,-0.047619047619047616,-0.06224444037956644,-0.06955713675982583,-1.0,2.0,2,5
ADX20_GAP10_SUPPORT,2.5,0.25,YTD2026,3,0.6666666666666666,0.5,-0.16666666666666666,-0.18294268608518927,-0.19108069579445056,-0.5,1.0,0,1
ADX20_GAP10_SUPPORT,2.5,0.25,FULL,70,0.8,1.0,0.0,-0.013944178954225532,-0.020916268431338297,0.0,3.75,7,15
ADX20_GAP10_SUPPORT,2.5,0.3,TRAIN,49,0.7142857142857143,0.8790324543697318,-0.029488805324437786,-0.04314103550453764,-0.04996715059458757,-1.4449514608974514,5.329945600246992,6,10
ADX20_GAP10_SUPPORT,2.5,0.3,OOS,21,0.7142857142857143,0.7499999999999999,-0.07142857142857141,-0.08605396418909023,-0.09336666056934968,-1.4999999999999996,2.8999999999999995,2,5
ADX20_GAP10_SUPPORT,2.5,0.3,YTD2026,3,0.6666666666666666,0.6,-0.13333333333333333,-0.14960935275185594,-0.15774736246111723,-0.4,1.0,0,1
ADX20_GAP10_SUPPORT,2.5,0.3,FULL,70,0.7142857142857143,0.8358896948083376,-0.04207073515567789,-0.05601491410990344,-0.06298700358701621,-2.9449514608974523,5.329945600246994,8,15
ADX20_GAP10_SUPPORT,2.5,0.4,TRAIN,49,0.673469387755102,0.9465791284404005,-0.015203091038723492,-0.028855321218823324,-0.035681436308873216,-0.7449514608974511,5.029945600246991,6,10
ADX20_GAP10_SUPPORT,2.5,0.4,OOS,21,0.6190476190476191,0.718639504249865,-0.09694738124366702,-0.11157277400418583,-0.11888547038444527,-2.0358950061170074,2.2,2,5
ADX20_GAP10_SUPPORT,2.5,0.4,YTD2026,3,0.3333333333333333,0.2,-0.5333333333333333,-0.549609352751856,-0.5577473624611172,-1.6,1.6,0,1
ADX20_GAP10_SUPPORT,2.5,0.4,FULL,70,0.6571428571428571,0.8687093798944645,-0.03972637810020657,-0.05367055705443207,-0.060642646531544844,-2.78084646701446,5.029945600246991,8,15
ADX20_GAP10_SUPPORT,2.5,0.5,TRAIN,49,0.6122448979591837,0.8624963706653924,-0.047550863770860374,-0.061203093950960206,-0.06802920904101012,-2.3299923247721583,4.7299456002469915,4,10
ADX20_GAP10_SUPPORT,2.5,0.5,OOS,21,0.6190476190476191,0.833953571269229,-0.057214024973169006,-0.07183941773368781,-0.07915211411394722,-1.2014945244365491,2.0,2,5
ADX20_GAP10_SUPPORT,2.5,0.5,YTD2026,3,0.3333333333333333,0.25,-0.5,-0.5162760194185226,-0.5244140291277839,-1.5,1.5,0,1
ADX20_GAP10_SUPPORT,2.5,0.5,FULL,70,0.6142857142857143,0.8539552015258821,-0.05044981213155297,-0.06439399108577848,-0.07136608056289125,-3.5314868492087075,5.7299456002469915,6,15
ADX20_GAP10_SUPPORT,2.5,0.6,TRAIN,49,0.5510204081632653,0.8265310826863973,-0.0673100097621108,-0.08096223994221063,-0.08778835503226058,-3.2981904783434293,6.342546798355938,3,10
ADX20_GAP10_SUPPORT,2.5,0.6,OOS,21,0.5238095238095238,0.653363910880735,-0.15245212021126425,-0.16707751297178305,-0.17439020935204244,-3.201494524436549,4.0,1,5
ADX20_GAP10_SUPPORT,2.5,0.6,YTD2026,3,0.3333333333333333,0.3,-0.4666666666666666,-0.48294268608518925,-0.4910806957944505,-1.4,1.4,0,1
ADX20_GAP10_SUPPORT,2.5,0.6,FULL,70,0.5428571428571428,0.7699148735797068,-0.09285264289685685,-0.10679682185108239,-0.11376891132819514,-6.499685002779979,8.50814631667548,4,15
ADX20_GAP10_SUPPORT,2.5,0.75,TRAIN,49,0.46938775510204084,0.7435599915193282,-0.11694265948289169,-0.13059488966299151,-0.13742100475304145,-5.730190314661693,7.980190314661693,5,10
ADX20_GAP10_SUPPORT,2.5,0.75,OOS,21,0.42857142857142855,0.5370645131869985,-0.24769021544935946,-0.26231560820987826,-0.26962830459013765,-5.201494524436549,6.25,1,5
ADX20_GAP10_SUPPORT,2.5,0.75,YTD2026,3,0.3333333333333333,0.375,-0.4166666666666667,-0.43294268608518927,-0.4410806957944506,-1.25,1.25,0,1
ADX20_GAP10_SUPPORT,2.5,0.75,FULL,70,0.45714285714285713,0.6744685873863349,-0.15616692627283202,-0.17011110522705755,-0.17708319470417036,-10.931684839098242,11.695789832981234,6,15
ADX20_GAP10_SUPPORT,2.5,1.0,TRAIN,49,0.4489795918367347,0.8945369124534925,-0.04827858397084969,-0.06193081415094955,-0.06875692924099944,-2.365650614571635,5.565915544477172,4,10
ADX20_GAP10_SUPPORT,2.5,1.0,OOS,21,0.2857142857142857,0.3185621179446791,-0.46194657819668067,-0.4765719709571994,-0.4838846673374589,-9.700878142130295,10.235895006117008,1,5
ADX20_GAP10_SUPPORT,2.5,1.0,YTD2026,3,0.3333333333333333,0.5,-0.3333333333333333,-0.34960935275185595,-0.3577473624611172,-1.0,1.0,0,1
ADX20_GAP10_SUPPORT,2.5,1.0,FULL,70,0.4,0.6709155905766107,-0.17237898223859896,-0.1863231611928245,-0.1932952506699373,-12.066528756701928,13.510885076714438,5,15
ADX20_GAP10_SUPPORT,3.0,0.2,TRAIN,49,0.8367346938775511,1.025,0.0040816326530612205,-0.007295225830355297,-0.01298365507206356,0.1999999999999998,4.0,5,10
ADX20_GAP10_SUPPORT,3.0,0.2,OOS,21,0.7619047619047619,0.64,-0.08571428571428573,-0.09790211301471805,-0.10399602666493421,-1.8000000000000003,2.4000000000000004,2,5
ADX20_GAP10_SUPPORT,3.0,0.2,YTD2026,3,0.6666666666666666,0.4,-0.19999999999999998,-0.2135633495154355,-0.22034502427315325,-0.6,1.0,0,1
ADX20_GAP10_SUPPORT,3.0,0.2,FULL,70,0.8142857142857143,0.8769230769230768,-0.02285714285714286,-0.03447729198566414,-0.04028736654992476,-1.6000000000000003,4.0,7,15
ADX20_GAP10_SUPPORT,3.0,0.25,TRAIN,49,0.7346938775510204,0.8343020854595968,-0.036478766341793395,-0.047855624825209934,-0.05354405406691818,-1.7874595507478763,5.537459550747877,5,10
ADX20_GAP10_SUPPORT,3.0,0.25,OOS,21,0.7142857142857143,0.625,-0.10714285714285714,-0.11933068444328947,-0.12542459809350565,-2.25,3.25,2,5
ADX20_GAP10_SUPPORT,3.0,0.25,YTD2026,3,0.6666666666666666,0.5,-0.16666666666666666,-0.18023001618210213,-0.18701169093981992,-0.5,1.0,0,1
ADX20_GAP10_SUPPORT,3.0,0.25,FULL,70,0.7285714285714285,0.7594955008801193,-0.057677993582112515,-0.06929814271063377,-0.07510821727489443,-4.037459550747876,5.537459550747877,7,15
ADX20_GAP10_SUPPORT,3.0,0.3,TRAIN,49,0.7142857142857143,0.9611327150555733,-0.008665508712999452,-0.020042367196415993,-0.025730796438124252,-0.42460992693697314,5.29162133353916,6,10
ADX20_GAP10_SUPPORT,3.0,0.3,OOS,21,0.7142857142857143,0.7499999999999999,-0.07142857142857141,-0.0836163987290038,-0.08971031237921996,-1.4999999999999996,2.8999999999999995,2,5
ADX20_GAP10_SUPPORT,3.0,0.3,YTD2026,3,0.6666666666666666,0.6,-0.13333333333333333,-0.14689668284876886,-0.1536783576064866,-0.4,1.0,0,1
ADX20_GAP10_SUPPORT,3.0,0.3,FULL,70,0.7142857142857143,0.8862833509755643,-0.02749442752767104,-0.03911457665619233,-0.044924651220452964,-1.9246099269369727,5.29162133353916,8,15
ADX20_GAP10_SUPPORT,3.0,0.4,TRAIN,49,0.6326530612244898,0.8104599945538995,-0.057730829527195146,-0.06910768801061166,-0.07479611725231992,-2.828810646832562,4.991621333539159,5,10
ADX20_GAP10_SUPPORT,3.0,0.4,OOS,21,0.6190476190476191,0.7225655239648076,-0.0950751986554368,-0.10726302595586915,-0.11335693960608532,-1.9965791717641728,2.2,2,5
ADX20_GAP10_SUPPORT,3.0,0.4,YTD2026,3,0.3333333333333333,0.2,-0.5333333333333333,-0.5468966828487688,-0.5536783576064866,-1.6,1.6,0,1
ADX20_GAP10_SUPPORT,3.0,0.4,FULL,70,0.6285714285714286,0.7818657126853972,-0.06893414026566766,-0.08055428939418892,-0.08636436395844953,-4.8253898185967365,5.79162133353916,7,15
ADX20_GAP10_SUPPORT,3.0,0.5,TRAIN,49,0.5714285714285714,0.8006269139579076,-0.0690947437035773,-0.08047160218699383,-0.08616003142870213,-3.3856424414752873,6.22862387065389,3,10
ADX20_GAP10_SUPPORT,3.0,0.5,OOS,21,0.5714285714285714,0.6745090789963172,-0.12704343350938685,-0.13923126080981918,-0.14532517446003534,-2.667912103697124,3.0,2,5
ADX20_GAP10_SUPPORT,3.0,0.5,YTD2026,3,0.3333333333333333,0.25,-0.5,-0.5135633495154355,-0.5203450242731532,-1.5,1.5,0,1
ADX20_GAP10_SUPPORT,3.0,0.5,FULL,70,0.5714285714285714,0.7595698815718773,-0.08647935064532015,-0.09809949977384144,-0.10390957433810209,-6.053554545172411,7.7567885972295665,5,15
ADX20_GAP10_SUPPORT,3.0,0.6,TRAIN,49,0.5102040816326531,0.7527114860160639,-0.09718997901511242,-0.10856683749852895,-0.11425526674023725,-4.7623089717405085,7.705477177097781,2,10
ADX20_GAP10_SUPPORT,3.0,0.6,OOS,21,0.5238095238095238,0.6966911495945053,-0.12498180584837126,-0.13716963314880362,-0.14326354679901976,-2.6246179228157964,3.2532849908828454,1,5
ADX20_GAP10_SUPPORT,3.0,0.6,YTD2026,3,0.3333333333333333,0.3,-0.4666666666666666,-0.4802300161821022,-0.4870116909398199,-1.4,1.4,0,1
ADX20_GAP10_SUPPORT,3.0,0.6,FULL,70,0.5142857142857142,0.7353436702239528,-0.10552752706509008,-0.11714767619361137,-0.12295775075787199,-7.386926894556305,7.9869268945563086,3,15
ADX20_GAP10_SUPPORT,3.0,0.75,TRAIN,49,0.4897959183673469,0.8212936239585379,-0.07388271655393565,-0.08525957503735224,-0.09094800427906051,-3.620253111142847,6.193345158077645,5,10
ADX20_GAP10_SUPPORT,3.0,0.75,OOS,21,0.42857142857142855,0.5658974741806331,-0.22021990108646647,-0.23240772838689883,-0.23850164203711494,-4.624617922815796,5.653284990882845,1,5
ADX20_GAP10_SUPPORT,3.0,0.75,YTD2026,3,0.3333333333333333,0.375,-0.4166666666666667,-0.43023001618210216,-0.4370116909398199,-1.25,1.25,0,1
ADX20_GAP10_SUPPORT,3.0,0.75,FULL,70,0.4714285714285714,0.7332740401179317,-0.11778387191369494,-0.12940402104221618,-0.13521409560647685,-8.244871033958646,8.994871033958644,6,15
ADX20_GAP10_SUPPORT,3.0,1.0,TRAIN,49,0.4489795918367347,0.951606730236015,-0.02018171013374396,-0.03155856861716052,-0.03724699785886877,-0.988903796553454,5.423989014499378,5,10
ADX20_GAP10_SUPPORT,3.0,1.0,OOS,21,0.3333333333333333,0.4303900046967667,-0.343211314487012,-0.3553991417874442,-0.36149305543766036,-7.207437604227251,7.20743760422725,1,5
ADX20_GAP10_SUPPORT,3.0,1.0,YTD2026,3,0.3333333333333333,0.5,-0.3333333333333333,-0.3468966828487688,-0.3536783576064866,-1.0,1.0,0,1
ADX20_GAP10_SUPPORT,3.0,1.0,FULL,70,0.4142857142857143,0.7522867606118989,-0.11709059143972433,-0.12871074056824564,-0.1345208151325063,-8.196341400780703,9.50035534449762,6,15
DROP0P5_GAP5_SUPPORT,0.75,0.2,TRAIN,67,0.208955223880597,0.0528301886792453,-0.7492537313432835,-0.7930729045960487,-0.8149824912224316,-50.199999999999996,50.199999999999996,0,10
DROP0P5_GAP5_SUPPORT,0.75,0.2,OOS,25,0.12,0.02727272727272728,-0.856,-0.9027715959847717,-0.9261573939771577,-21.4,21.400000000000002,0,5
DROP0P5_GAP5_SUPPORT,0.75,0.2,YTD2026,3,0.0,0.0,-1.0,-1.0579141794367506,-1.0868712691551259,-3.0,3.0,0,1
DROP0P5_GAP5_SUPPORT,0.75,0.2,FULL,92,0.18478260869565216,0.04533333333333334,-0.7782608695652173,-0.8228823316038539,-0.8451930626231724,-71.6,71.59999999999998,0,15
DROP0P5_GAP5_SUPPORT,0.75,0.25,TRAIN,67,0.208955223880597,0.0660377358490566,-0.7388059701492538,-0.7826251434020188,-0.8045347300284016,-49.5,49.5,0,10
DROP0P5_GAP5_SUPPORT,0.75,0.25,OOS,25,0.12,0.03409090909090909,-0.85,-0.8967715959847716,-0.9201573939771577,-21.25,21.25,0,5
DROP0P5_GAP5_SUPPORT,0.75,0.25,YTD2026,3,0.0,0.0,-1.0,-1.0579141794367506,-1.0868712691551259,-3.0,3.0,0,1
DROP0P5_GAP5_SUPPORT,0.75,0.25,FULL,92,0.18478260869565216,0.056666666666666664,-0.7690217391304348,-0.8136432011690712,-0.8359539321883895,-70.75,70.75,0,15
DROP0P5_GAP5_SUPPORT,0.75,0.3,TRAIN,67,0.208955223880597,0.0792452830188679,-0.728358208955224,-0.7721773822079891,-0.7940869688343718,-48.800000000000004,48.8,0,10
DROP0P5_GAP5_SUPPORT,0.75,0.3,OOS,25,0.12,0.0409090909090909,-0.8440000000000001,-0.8907715959847718,-0.9141573939771576,-21.1,21.099999999999998,0,5
DROP0P5_GAP5_SUPPORT,0.75,0.3,YTD2026,3,0.0,0.0,-1.0,-1.0579141794367506,-1.0868712691551259,-3.0,3.0,0,1
DROP0P5_GAP5_SUPPORT,0.75,0.3,FULL,92,0.18478260869565216,0.06799999999999999,-0.7597826086956523,-0.8044040707342888,-0.826714801753607,-69.9,69.9,0,15
DROP0P5_GAP5_SUPPORT,0.75,0.4,TRAIN,67,0.208955223880597,0.1056603773584906,-0.7074626865671642,-0.7512818598199295,-0.7731914464463121,-47.4,47.400000000000006,0,10
DROP0P5_GAP5_SUPPORT,0.75,0.4,OOS,25,0.12,0.05454545454545456,-0.8319999999999999,-0.8787715959847716,-0.9021573939771577,-20.799999999999997,20.799999999999997,0,5
DROP0P5_GAP5_SUPPORT,0.75,0.4,YTD2026,3,0.0,0.0,-1.0,-1.0579141794367506,-1.0868712691551259,-3.0,3.0,0,1
DROP0P5_GAP5_SUPPORT,0.75,0.4,FULL,92,0.18478260869565216,0.09066666666666667,-0.7413043478260868,-0.7859258098647234,-0.808236540884042,-68.19999999999999,68.20000000000002,0,15
DROP0P5_GAP5_SUPPORT,0.75,0.5,TRAIN,67,0.208955223880597,0.1320754716981132,-0.6865671641791045,-0.7303863374318696,-0.7522959240582523,-46.0,46.0,0,10
DROP0P5_GAP5_SUPPORT,0.75,0.5,OOS,25,0.12,0.06818181818181818,-0.82,-0.8667715959847716,-0.8901573939771577,-20.5,20.5,0,5
DROP0P5_GAP5_SUPPORT,0.75,0.5,YTD2026,3,0.0,0.0,-1.0,-1.0579141794367506,-1.0868712691551259,-3.0,3.0,0,1
DROP0P5_GAP5_SUPPORT,0.75,0.5,FULL,92,0.18478260869565216,0.11333333333333333,-0.7228260869565217,-0.7674475489951583,-0.7897582800144766,-66.5,66.5,0,15
DROP0P5_GAP5_SUPPORT,0.75,0.6,TRAIN,67,0.208955223880597,0.1584905660377358,-0.6656716417910448,-0.7094908150438101,-0.7314004016701926,-44.6,44.599999999999994,0,10
DROP0P5_GAP5_SUPPORT,0.75,0.6,OOS,25,0.12,0.0818181818181818,-0.8080000000000002,-0.8547715959847717,-0.8781573939771576,-20.200000000000003,20.200000000000003,0,5
DROP0P5_GAP5_SUPPORT,0.75,0.6,YTD2026,3,0.0,0.0,-1.0,-1.0579141794367506,-1.0868712691551259,-3.0,3.0,0,1
DROP0P5_GAP5_SUPPORT,0.75,0.6,FULL,92,0.18478260869565216,0.13599999999999998,-0.7043478260869567,-0.748969288125593,-0.7712800191449114,-64.80000000000001,64.79999999999998,0,15
DROP0P5_GAP5_SUPPORT,0.75,0.75,TRAIN,67,0.208955223880597,0.19811320754716982,-0.6343283582089553,-0.6781475314617204,-0.700057118088103,-42.5,42.5,0,10
DROP0P5_GAP5_SUPPORT,0.75,0.75,OOS,25,0.12,0.10227272727272728,-0.79,-0.8367715959847716,-0.8601573939771576,-19.75,19.75,0,5
DROP0P5_GAP5_SUPPORT,0.75,0.75,YTD2026,3,0.0,0.0,-1.0,-1.0579141794367506,-1.0868712691551259,-3.0,3.0,0,1
DROP0P5_GAP5_SUPPORT,0.75,0.75,FULL,92,0.18478260869565216,0.17,-0.6766304347826086,-0.7212518968212452,-0.7435626278405635,-62.25,62.25,0,15
DROP0P5_GAP5_SUPPORT,0.75,1.0,TRAIN,67,0.19402985074626866,0.24074074074074073,-0.6119402985074627,-0.6557594717602279,-0.6776690583866105,-41.0,41.0,0,10
DROP0P5_GAP5_SUPPORT,0.75,1.0,OOS,25,0.12,0.13636363636363635,-0.76,-0.8067715959847717,-0.8301573939771576,-19.0,19.0,0,5
DROP0P5_GAP5_SUPPORT,0.75,1.0,YTD2026,3,0.0,0.0,-1.0,-1.0579141794367506,-1.0868712691551259,-3.0,3.0,0,1
DROP0P5_GAP5_SUPPORT,0.75,1.0,FULL,92,0.17391304347826086,0.21052631578947367,-0.6521739130434783,-0.6967953750821149,-0.7191061061014329,-60.0,60.0,0,15
DROP0P5_GAP5_SUPPORT,1.0,0.2,TRAIN,67,0.4626865671641791,0.17222222222222228,-0.44477611940298506,-0.477640499342559,-0.494072689312346,-29.799999999999997,30.000000000000007,0,10
DROP0P5_GAP5_SUPPORT,1.0,0.2,OOS,25,0.44,0.15714285714285717,-0.47200000000000003,-0.5070786969885787,-0.5246180454828682,-11.8,12.0,0,5
DROP0P5_GAP5_SUPPORT,1.0,0.2,YTD2026,3,0.6666666666666666,0.4,-0.20000000000000004,-0.24343563457756293,-0.2651534518663444,-0.6000000000000001,1.0,0,1
DROP0P5_GAP5_SUPPORT,1.0,0.2,FULL,92,0.45652173913043476,0.16799999999999998,-0.4521739130434782,-0.4856400095724557,-0.5023730578369443,-41.599999999999994,41.999999999999986,0,15
DROP0P5_GAP5_SUPPORT,1.0,0.25,TRAIN,67,0.4626865671641791,0.2152777777777778,-0.4216417910447761,-0.4545061709843501,-0.47093836095413694,-28.25,28.5,1,10
DROP0P5_GAP5_SUPPORT,1.0,0.25,OOS,25,0.4,0.16666666666666666,-0.5,-0.5350786969885788,-0.5526180454828682,-12.5,12.75,0,5
DROP0P5_GAP5_SUPPORT,1.0,0.25,YTD2026,3,0.6666666666666666,0.5,-0.16666666666666666,-0.21010230124422957,-0.23182011853301113,-0.5,1.0,0,1
DROP0P5_GAP5_SUPPORT,1.0,0.25,FULL,92,0.44565217391304346,0.20098039215686275,-0.4429347826086957,-0.4764008791376732,-0.4931339274021617,-40.75,41.25,1,15
DROP0P5_GAP5_SUPPORT,1.0,0.3,TRAIN,67,0.4626865671641791,0.2583333333333334,-0.39850746268656717,-0.43137184262614114,-0.44780403259592805,-26.7,26.999999999999996,1,10
DROP0P5_GAP5_SUPPORT,1.0,0.3,OOS,25,0.4,0.19999999999999998,-0.48,-0.5150786969885788,-0.5326180454828682,-12.0,12.299999999999997,0,5
DROP0P5_GAP5_SUPPORT,1.0,0.3,YTD2026,3,0.6666666666666666,0.6,-0.13333333333333333,-0.17676896791089627,-0.19848678519967777,-0.39999999999999997,1.0,0,1
DROP0P5_GAP5_SUPPORT,1.0,0.3,FULL,92,0.44565217391304346,0.2411764705882353,-0.4206521739130435,-0.4541182704420209,-0.4708513187065096,-38.7,39.3,1,15
DROP0P5_GAP5_SUPPORT,1.0,0.4,TRAIN,67,0.4626865671641791,0.34444444444444455,-0.3522388059701493,-0.3851031859097232,-0.4015353758795101,-23.6,23.999999999999993,2,10
DROP0P5_GAP5_SUPPORT,1.0,0.4,OOS,25,0.4,0.26666666666666666,-0.44,-0.4750786969885788,-0.49261804548286825,-11.0,11.399999999999999,0,5
DROP0P5_GAP5_SUPPORT,1.0,0.4,YTD2026,3,0.6666666666666666,0.8,-0.06666666666666665,-0.11010230124422961,-0.13182011853301107,-0.19999999999999996,1.0,0,1
DROP0P5_GAP5_SUPPORT,1.0,0.4,FULL,92,0.44565217391304346,0.32156862745098036,-0.3760869565217391,-0.40955305305071654,-0.4262861013152054,-34.6,35.400000000000006,2,15
DROP0P5_GAP5_SUPPORT,1.0,0.5,TRAIN,67,0.43283582089552236,0.3815789473684211,-0.35074626865671643,-0.3836106485962904,-0.40004283856607725,-23.5,24.0,2,10
DROP0P5_GAP5_SUPPORT,1.0,0.5,OOS,25,0.4,0.3333333333333333,-0.4,-0.43507869698857876,-0.45261804548286816,-10.0,10.5,0,5
DROP0P5_GAP5_SUPPORT,1.0,0.5,YTD2026,3,0.6666666666666666,1.0,0.0,-0.04343563457756292,-0.06515345186634446,0.0,1.0,0,1
DROP0P5_GAP5_SUPPORT,1.0,0.5,FULL,92,0.42391304347826086,0.36792452830188677,-0.3641304347826087,-0.3975965313115862,-0.4143295795760748,-33.5,34.5,2,15
DROP0P5_GAP5_SUPPORT,1.0,0.6,TRAIN,67,0.40298507462686567,0.40499999999999997,-0.35522388059701493,-0.38808826053658885,-0.40452045050637575,-23.8,24.400000000000006,2,10
DROP0P5_GAP5_SUPPORT,1.0,0.6,OOS,25,0.4,0.39999999999999997,-0.36,-0.39507869698857884,-0.4126180454828682,-9.0,9.600000000000001,1,5
DROP0P5_GAP5_SUPPORT,1.0,0.6,YTD2026,3,0.6666666666666666,1.2,0.06666666666666665,0.02323103208910371,0.0015132148003222194,0.19999999999999996,1.0,1,1
DROP0P5_GAP5_SUPPORT,1.0,0.6,FULL,92,0.40217391304347827,0.40363636363636374,-0.3565217391304348,-0.38998783565941225,-0.40672088392390093,-32.8,33.99999999999999,3,15
DROP0P5_GAP5_SUPPORT,1.0,0.75,TRAIN,67,0.34328358208955223,0.39204545454545453,-0.39925373134328357,-0.43211811128285754,-0.44855030125264445,-26.75,27.5,2,10
DROP0P5_GAP5_SUPPORT,1.0,0.75,OOS,25,0.36,0.421875,-0.37,-0.40507869698857873,-0.4226180454828682,-9.25,10.0,1,5
DROP0P5_GAP5_SUPPORT,1.0,0.75,YTD2026,3,0.6666666666666666,1.5,0.16666666666666666,0.12323103208910376,0.10151321480032223,0.5,1.0,1,1
DROP0P5_GAP5_SUPPORT,1.0,0.75,FULL,92,0.34782608695652173,0.4,-0.391304347826087,-0.42477044435506434,-0.4415034926195531,-36.0,37.5,3,15
DROP0P5_GAP5_SUPPORT,1.0,1.0,TRAIN,67,0.3283582089552239,0.4888888888888889,-0.34328358208955223,-0.3761479620291262,-0.3925801519989131,-23.0,24.0,1,10
DROP0P5_GAP5_SUPPORT,1.0,1.0,OOS,25,0.24,0.3157894736842105,-0.52,-0.5550786969885787,-0.5726180454828682,-13.0,13.0,0,5
DROP0P5_GAP5_SUPPORT,1.0,1.0,YTD2026,3,0.3333333333333333,0.5,-0.3333333333333333,-0.37676896791089626,-0.3984867851996777,-1.0,2.0,0,1
DROP0P5_GAP5_SUPPORT,1.0,1.0,FULL,92,0.30434782608695654,0.4375,-0.391304347826087,-0.42477044435506445,-0.4415034926195531,-36.0,37.0,1,15
DROP0P5_GAP5_SUPPORT,1.25,0.2,TRAIN,67,0.6865671641791045,0.43809523809523787,-0.17611940298507464,-0.20241090693673378,-0.21555665891256334,-11.8,12.4,2,10
DROP0P5_GAP5_SUPPORT,1.25,0.2,OOS,25,0.64,0.35555555555555557,-0.23199999999999998,-0.260062957590863,-0.27409443638629455,-5.8,5.999999999999998,0,5
DROP0P5_GAP5_SUPPORT,1.25,0.2,YTD2026,3,0.6666666666666666,0.4,-0.20000000000000004,-0.23474850766205035,-0.2521227614930756,-0.6000000000000001,1.0,0,1
DROP0P5_GAP5_SUPPORT,1.25,0.2,FULL,92,0.6739130434782609,0.41333333333333316,-0.19130434782608696,-0.21807722504926885,-0.23146366366085985,-17.6,18.20000000000001,2,15
DROP0P5_GAP5_SUPPORT,1.25,0.25,TRAIN,67,0.6716417910447762,0.5113636363636364,-0.16044776119402984,-0.186739265145689,-0.19988501712151854,-10.75,11.5,2,10
DROP0P5_GAP5_SUPPORT,1.25,0.25,OOS,25,0.64,0.4444444444444444,-0.2,-0.22806295759086304,-0.24209443638629455,-5.0,5.25,0,5
DROP0P5_GAP5_SUPPORT,1.25,0.25,YTD2026,3,0.6666666666666666,0.5,-0.16666666666666666,-0.20141517432871706,-0.21878942815974223,-0.5,1.0,0,1
DROP0P5_GAP5_SUPPORT,1.25,0.25,FULL,92,0.6630434782608695,0.49193548387096775,-0.17119565217391305,-0.19796852939709494,-0.21135496800868597,-15.75,16.5,2,15
DROP0P5_GAP5_SUPPORT,1.25,0.3,TRAIN,67,0.6716417910447762,0.6136363636363638,-0.126865671641791,-0.15315717559345018,-0.16630292756927978,-8.499999999999996,10.600000000000001,4,10
DROP0P5_GAP5_SUPPORT,1.25,0.3,OOS,25,0.64,0.5333333333333333,-0.168,-0.19606295759086304,-0.21009443638629455,-4.2,4.6000000000000005,1,5
DROP0P5_GAP5_SUPPORT,1.25,0.3,YTD2026,3,0.6666666666666666,0.6,-0.13333333333333333,-0.1680818409953837,-0.1854560948264089,-0.39999999999999997,1.0,0,1
DROP0P5_GAP5_SUPPORT,1.25,0.3,FULL,92,0.6630434782608695,0.5903225806451614,-0.13804347826086955,-0.16481635548405152,-0.1782027940956425,-12.699999999999998,14.899999999999995,5,15
DROP0P5_GAP5_SUPPORT,1.25,0.4,TRAIN,67,0.6417910447761194,0.7166666666666665,-0.10149253731343283,-0.12778404126509196,-0.14092979324092153,-6.8,11.600000000000001,3,10
DROP0P5_GAP5_SUPPORT,1.25,0.4,OOS,25,0.6,0.6000000000000002,-0.16,-0.188062957590863,-0.20209443638629454,-4.0,5.2,2,5
DROP0P5_GAP5_SUPPORT,1.25,0.4,YTD2026,3,0.6666666666666666,0.8,-0.06666666666666665,-0.10141517432871704,-0.11878942815974224,-0.19999999999999996,1.0,0,1
DROP0P5_GAP5_SUPPORT,1.25,0.4,FULL,92,0.6304347826086957,0.6823529411764705,-0.11739130434782609,-0.14416418157100797,-0.15755062018259902,-10.8,16.4,5,15
DROP0P5_GAP5_SUPPORT,1.25,0.5,TRAIN,67,0.5970149253731343,0.7407407407407407,-0.1044776119402985,-0.13076911589195767,-0.1439148678677872,-7.0,11.5,3,10
DROP0P5_GAP5_SUPPORT,1.25,0.5,OOS,25,0.6,0.75,-0.1,-0.12806295759086303,-0.14209443638629454,-2.5,4.5,2,5
DROP0P5_GAP5_SUPPORT,1.25,0.5,YTD2026,3,0.6666666666666666,1.0,0.0,-0.03474850766205034,-0.05212276149307558,0.0,1.0,0,1
DROP0P5_GAP5_SUPPORT,1.25,0.5,FULL,92,0.5978260869565217,0.7432432432432432,-0.10326086956521739,-0.13003374678839935,-0.14342018539999032,-9.5,15.5,5,15
DROP0P5_GAP5_SUPPORT,1.25,0.6,TRAIN,67,0.5074626865671642,0.633498749815787,-0.17615097971649096,-0.20244248366815015,-0.21558823564397964,-11.802115641004894,14.200000000000001,3,10
DROP0P5_GAP5_SUPPORT,1.25,0.6,OOS,25,0.56,0.7636363636363636,-0.10400000000000001,-0.13206295759086306,-0.1460944363862946,-2.6,5.4,3,5
DROP0P5_GAP5_SUPPORT,1.25,0.6,YTD2026,3,0.6666666666666666,1.2,0.06666666666666665,0.03191815900461629,0.014543905173591054,0.19999999999999996,1.0,1,1
DROP0P5_GAP5_SUPPORT,1.25,0.6,FULL,92,0.5217391304347826,0.666634019484563,-0.15654473522831405,-0.18331761245149605,-0.196704051063087,-14.402115641004892,19.6,6,15
DROP0P5_GAP5_SUPPORT,1.25,0.75,TRAIN,67,0.4925373134328358,0.7454344255530976,-0.12615097971649097,-0.1524424836681501,-0.16558823564397965,-8.452115641004895,12.25,4,10
DROP0P5_GAP5_SUPPORT,1.25,0.75,OOS,25,0.48,0.6923076923076923,-0.16,-0.18806295759086303,-0.20209443638629454,-4.0,7.25,3,5
DROP0P5_GAP5_SUPPORT,1.25,0.75,YTD2026,3,0.6666666666666666,1.5,0.16666666666666666,0.13191815900461631,0.1145439051735911,0.5,1.0,1,1
DROP0P5_GAP5_SUPPORT,1.25,0.75,FULL,92,0.4891304347826087,0.7304860293030931,-0.13534908305440102,-0.16212196027758294,-0.17550839888917388,-12.452115641004895,19.5,7,15
DROP0P5_GAP5_SUPPORT,1.25,1.0,TRAIN,67,0.44776119402985076,0.7995857937643982,-0.10828982492897699,-0.13458132888063615,-0.1477270808564657,-7.255418270241458,13.770081727749414,4,10
DROP0P5_GAP5_SUPPORT,1.25,1.0,OOS,25,0.4,0.6666666666666666,-0.2,-0.22806295759086304,-0.24209443638629455,-5.0,6.0,1,5
DROP0P5_GAP5_SUPPORT,1.25,1.0,YTD2026,3,0.3333333333333333,0.5,-0.3333333333333333,-0.36808184099538366,-0.3854560948264089,-1.0,2.0,0,1
DROP0P5_GAP5_SUPPORT,1.25,1.0,FULL,92,0.43478260869565216,0.7606462522726934,-0.13321106815479847,-0.15998394537798039,-0.17337038398957133,-12.25541827024146,19.770081727749414,5,15
DROP0P5_GAP5_SUPPORT,1.5,0.2,TRAIN,67,0.7761194029850746,0.6933333333333331,-0.06865671641791045,-0.09056630304429306,-0.10152109635748435,-4.6000000000000005,6.800000000000001,5,10
DROP0P5_GAP5_SUPPORT,1.5,0.2,OOS,25,0.68,0.42500000000000004,-0.18400000000000002,-0.2073857979923859,-0.21907869698857876,-4.6000000000000005,4.799999999999999,0,5
DROP0P5_GAP5_SUPPORT,1.5,0.2,YTD2026,3,0.6666666666666666,0.4,-0.20000000000000004,-0.22895708971837528,-0.24343563457756293,-0.6000000000000001,1.0,0,1
DROP0P5_GAP5_SUPPORT,1.5,0.2,FULL,92,0.75,0.5999999999999998,-0.1,-0.12231073101931825,-0.13346609652897742,-9.200000000000001,11.000000000000002,5,15
DROP0P5_GAP5_SUPPORT,1.5,0.25,TRAIN,67,0.7611940298507462,0.796875,-0.048507462686567165,-0.07041704931294977,-0.0813718426261411,-3.25,5.75,4,10
DROP0P5_GAP5_SUPPORT,1.5,0.25,OOS,25,0.68,0.53125,-0.15,-0.17338579799238588,-0.18507869698857882,-3.75,4.0,0,5
DROP0P5_GAP5_SUPPORT,1.5,0.25,YTD2026,3,0.6666666666666666,0.5,-0.16666666666666666,-0.195623756385042,-0.21010230124422957,-0.5,1.0,0,1
DROP0P5_GAP5_SUPPORT,1.5,0.25,FULL,92,0.7391304347826086,0.7083333333333334,-0.07608695652173914,-0.0983976875410574,-0.10955305305071654,-7.0,9.0,4,15
DROP0P5_GAP5_SUPPORT,1.5,0.3,TRAIN,67,0.746268656716418,0.8823529411764707,-0.029850746268656712,-0.05176033289503936,-0.06271512620823065,-1.9999999999999998,6.0,6,10
DROP0P5_GAP5_SUPPORT,1.5,0.3,OOS,25,0.68,0.6375,-0.11600000000000002,-0.13938579799238587,-0.15107869698857881,-2.9000000000000004,3.4000000000000004,1,5
DROP0P5_GAP5_SUPPORT,1.5,0.3,YTD2026,3,0.6666666666666666,0.6,-0.13333333333333333,-0.16229042305170868,-0.17676896791089627,-0.39999999999999997,1.0,0,1
DROP0P5_GAP5_SUPPORT,1.5,0.3,FULL,92,0.7282608695652174,0.804,-0.0532608695652174,-0.07557160058453569,-0.08672696609419481,-4.900000000000001,8.400000000000002,7,15
DROP0P5_GAP5_SUPPORT,1.5,0.4,TRAIN,67,0.6716417910447762,0.8181818181818179,-0.059701492537313425,-0.08161107916369603,-0.09256587247688731,-3.9999999999999996,6.800000000000001,4,10
DROP0P5_GAP5_SUPPORT,1.5,0.4,OOS,25,0.64,0.7111111111111111,-0.10400000000000001,-0.12738579799238584,-0.1390786969885788,-2.6,3.8000000000000007,2,5
DROP0P5_GAP5_SUPPORT,1.5,0.4,YTD2026,3,0.6666666666666666,0.8,-0.06666666666666665,-0.09562375638504196,-0.11010230124422961,-0.19999999999999996,1.0,0,1
DROP0P5_GAP5_SUPPORT,1.5,0.4,FULL,92,0.6630434782608695,0.7870967741935481,-0.07173913043478261,-0.09404986145410088,-0.10520522696376,-6.6,9.399999999999997,6,15
DROP0P5_GAP5_SUPPORT,1.5,0.5,TRAIN,67,0.582089552238806,0.7430712952948668,-0.10063335485174439,-0.12254294147812701,-0.13349773479131827,-6.742434775066874,8.742434775066876,4,10
DROP0P5_GAP5_SUPPORT,1.5,0.5,OOS,25,0.6,0.75,-0.1,-0.12338579799238586,-0.1350786969885788,-2.5,4.5,2,5
DROP0P5_GAP5_SUPPORT,1.5,0.5,YTD2026,3,0.6666666666666666,1.0,0.0,-0.028957089718375312,-0.04343563457756292,0.0,1.0,0,1
DROP0P5_GAP5_SUPPORT,1.5,0.5,FULL,92,0.5869565217391305,0.7449830610876826,-0.10046124755507471,-0.122771978574393,-0.1339273440840521,-9.242434775066874,11.742434775066876,6,15
DROP0P5_GAP5_SUPPORT,1.5,0.6,TRAIN,67,0.5522388059701493,0.7860512089984083,-0.09018559365771456,-0.11209518028409719,-0.12304997359728843,-6.042434775066876,8.674005074229463,5,10
DROP0P5_GAP5_SUPPORT,1.5,0.6,OOS,25,0.52,0.6499999999999998,-0.168,-0.1913857979923859,-0.20307869698857883,-4.2,6.4,2,5
DROP0P5_GAP5_SUPPORT,1.5,0.6,YTD2026,3,0.6666666666666666,1.2,0.06666666666666665,0.03770957694829132,0.02323103208910371,0.19999999999999996,1.0,1,1
DROP0P5_GAP5_SUPPORT,1.5,0.6,FULL,92,0.5434782608695652,0.7454817325960404,-0.11133081277246604,-0.13364154379178433,-0.14479690930144345,-10.242434775066876,13.274005074229468,7,15
DROP0P5_GAP5_SUPPORT,1.5,0.75,TRAIN,67,0.5074626865671642,0.8161975909877023,-0.08570798171741603,-0.10761756834379868,-0.11857236165698992,-5.742434775066874,9.074005074229461,5,10
DROP0P5_GAP5_SUPPORT,1.5,0.75,OOS,25,0.48,0.6923076923076923,-0.16,-0.18338579799238583,-0.19507869698857877,-4.0,5.5,2,5
DROP0P5_GAP5_SUPPORT,1.5,0.75,YTD2026,3,0.3333333333333333,0.375,-0.4166666666666667,-0.44562375638504204,-0.4601023012442296,-1.25,2.0,0,1
DROP0P5_GAP5_SUPPORT,1.5,0.75,FULL,92,0.5,0.7797943349049747,-0.10589603016377037,-0.12820676118308866,-0.1393621266927478,-9.742434775066874,13.824005074229461,7,15
DROP0P5_GAP5_SUPPORT,1.5,1.0,TRAIN,67,0.47761194029850745,0.9261931228554018,-0.036619705961651906,-0.058529292588034534,-0.06948408590122582,-2.4535202994306777,7.88240651402064,5,10
DROP0P5_GAP5_SUPPORT,1.5,1.0,OOS,25,0.44,0.7353756942888702,-0.14818961119823273,-0.1715754091906186,-0.18326830818681153,-3.7047402799558182,4.0,1,5
DROP0P5_GAP5_SUPPORT,1.5,1.0,YTD2026,3,0.3333333333333333,0.5,-0.3333333333333333,-0.3622904230517087,-0.37676896791089626,-1.0,2.0,0,1
DROP0P5_GAP5_SUPPORT,1.5,1.0,FULL,92,0.4673913043478261,0.8696455716410991,-0.06693761499333148,-0.08924834601264978,-0.1004037115223089,-6.158260579386496,10.88240651402064,6,15
DROP0P5_GAP5_SUPPORT,1.75,0.2,TRAIN,67,0.8208955223880597,0.9166666666666662,-0.014925373134328368,-0.033705018814084865,-0.04309484165396315,-1.0000000000000007,3.8,5,10
DROP0P5_GAP5_SUPPORT,1.75,0.2,OOS,25,0.76,0.6333333333333334,-0.088,-0.10804496970775933,-0.11806745456163896,-2.1999999999999997,3.8,1,5
DROP0P5_GAP5_SUPPORT,1.75,0.2,YTD2026,3,1.0,,0.20000000000000004,0.17517963738424977,0.1627694560763746,0.6000000000000001,0.0,1,1
DROP0P5_GAP5_SUPPORT,1.75,0.2,FULL,92,0.8043478260869565,0.8222222222222221,-0.034782608695652174,-0.05390609242649641,-0.06346783429191852,-3.2,6.2,6,15
DROP0P5_GAP5_SUPPORT,1.75,0.25,TRAIN,67,0.8059701492537313,1.0384615384615385,0.007462686567164179,-0.011316959112592343,-0.020706781952470603,0.5,3.75,5,10
DROP0P5_GAP5_SUPPORT,1.75,0.25,OOS,25,0.76,0.7916666666666666,-0.05,-0.07004496970775934,-0.08006745456163894,-1.25,3.5,1,5
DROP0P5_GAP5_SUPPORT,1.75,0.25,YTD2026,3,1.0,,0.25,0.22517963738424973,0.21276945607637462,0.75,0.0,1,1
DROP0P5_GAP5_SUPPORT,1.75,0.25,FULL,92,0.7934782608695652,0.9605263157894737,-0.008152173913043478,-0.02727565764388771,-0.03683739950930984,-0.75,5.5,6,15
DROP0P5_GAP5_SUPPORT,1.75,0.3,TRAIN,67,0.7611940298507462,0.9562500000000002,-0.010447761194029837,-0.029227406873786378,-0.03861722971366464,-0.6999999999999991,4.0,6,10
DROP0P5_GAP5_SUPPORT,1.75,0.3,OOS,25,0.72,0.7714285714285714,-0.064,-0.08404496970775932,-0.09406745456163897,-1.6,3.6,2,5
DROP0P5_GAP5_SUPPORT,1.75,0.3,YTD2026,3,1.0,,0.3,0.2751796373842497,0.26276945607637453,0.8999999999999999,0.0,1,1
DROP0P5_GAP5_SUPPORT,1.75,0.3,FULL,92,0.75,0.9000000000000001,-0.024999999999999998,-0.04412348373084424,-0.05368522559626636,-2.3,6.3999999999999995,8,15
DROP0P5_GAP5_SUPPORT,1.75,0.4,TRAIN,67,0.6865671641791045,0.9600431472380395,-0.011429929235669677,-0.030209574915426165,-0.03959939775530444,-0.7658052587898684,4.702372338021759,5,10
DROP0P5_GAP5_SUPPORT,1.75,0.4,OOS,25,0.68,0.8500000000000001,-0.04799999999999999,-0.06804496970775929,-0.07806745456163892,-1.1999999999999997,4.2,3,5
DROP0P5_GAP5_SUPPORT,1.75,0.4,YTD2026,3,1.0,,0.4000000000000001,0.37517963738424975,0.3627694560763746,1.2000000000000002,0.0,1,1
DROP0P5_GAP5_SUPPORT,1.75,0.4,FULL,92,0.6847826086956522,0.9276367757162723,-0.02136744846510726,-0.04049093219595148,-0.05005267406137357,-1.9658052587898678,6.200000000000001,8,15
DROP0P5_GAP5_SUPPORT,1.75,0.5,TRAIN,67,0.6417910447761194,0.9699625052635594,-0.009937391922236836,-0.028717037601993352,-0.03810686044187161,-0.665805258789868,4.5,5,10
DROP0P5_GAP5_SUPPORT,1.75,0.5,OOS,25,0.6,0.814110791208599,-0.06850021304180359,-0.0885451827495629,-0.09856766760344257,-1.7125053260450898,4.71250532604509,2,5
DROP0P5_GAP5_SUPPORT,1.75,0.5,YTD2026,3,1.0,,0.5,0.4751796373842498,0.46276945607637465,1.5,0.0,1,1
DROP0P5_GAP5_SUPPORT,1.75,0.5,FULL,92,0.6304347826086957,0.9242052698023715,-0.025851202009075626,-0.044974685739919855,-0.05453642760534201,-2.3783105848349577,7.71250532604509,7,15
DROP0P5_GAP5_SUPPORT,1.75,0.6,TRAIN,67,0.582089552238806,0.8942969562207247,-0.04128067550432638,-0.06006032118408293,-0.0694501440239612,-2.7658052587898676,7.199999999999999,4,10
DROP0P5_GAP5_SUPPORT,1.75,0.6,OOS,25,0.56,0.822520990865715,-0.0725002130418036,-0.09254518274956287,-0.10256766760344257,-1.8125053260450898,4.199999999999999,2,5
DROP0P5_GAP5_SUPPORT,1.75,0.6,YTD2026,3,0.6666666666666666,1.2,0.06666666666666665,0.04184630405091642,0.02943612274304123,0.19999999999999996,1.0,1,1
DROP0P5_GAP5_SUPPORT,1.75,0.6,FULL,92,0.5760869565217391,0.8741472456738134,-0.049764245487336496,-0.06888772921818075,-0.07844947108360287,-4.5783105848349575,10.61250532604509,6,15
DROP0P5_GAP5_SUPPORT,1.75,0.75,TRAIN,67,0.5373134328358209,0.8974966463440707,-0.044620788822413424,-0.06340043450216995,-0.07279025734204819,-2.9895928511016994,7.0,5,10
DROP0P5_GAP5_SUPPORT,1.75,0.75,OOS,25,0.52,0.8070581268075653,-0.08653447123149166,-0.10657944093925094,-0.1166019257931306,-2.1633617807872914,4.200856454742201,2,5
DROP0P5_GAP5_SUPPORT,1.75,0.75,YTD2026,3,0.6666666666666666,1.5,0.16666666666666666,0.14184630405091644,0.12943612274304125,0.5,1.0,1,1
DROP0P5_GAP5_SUPPORT,1.75,0.75,FULL,92,0.532608695652174,0.8723831047596055,-0.05601037643357598,-0.07513386016442021,-0.08469560202984235,-5.15295463188899,10.163361780787291,7,15
DROP0P5_GAP5_SUPPORT,1.75,1.0,TRAIN,67,0.5223880597014925,1.1361710294327698,0.060240621917069206,0.0414609762373127,0.03207115339743444,4.036121668443637,7.0,6,10
DROP0P5_GAP5_SUPPORT,1.75,1.0,OOS,25,0.48,0.8435798413389066,-0.07641128082997685,-0.09645625053773613,-0.1064787353916158,-1.9102820207494213,3.74692023996213,1,5
DROP0P5_GAP5_SUPPORT,1.75,1.0,YTD2026,3,0.6666666666666666,2.0,0.3333333333333333,0.3085129707175831,0.2961027894097079,1.0,1.0,1,1
DROP0P5_GAP5_SUPPORT,1.75,1.0,FULL,92,0.5108695652173914,1.0507934954471623,0.02310695269232844,0.003983468961484218,-0.005578272903937929,2.1258396476942165,8.91028202074942,7,15
DROP0P5_GAP5_SUPPORT,2.0,0.2,TRAIN,67,0.8805970149253731,1.4749999999999996,0.05671641791044776,0.04028422794066082,0.032068132955767346,3.8,2.8,8,10
DROP0P5_GAP5_SUPPORT,2.0,0.2,OOS,25,0.84,1.0500000000000003,0.008,-0.009539348494289397,-0.018309022741434092,0.2,1.6,2,5
DROP0P5_GAP5_SUPPORT,2.0,0.2,YTD2026,3,1.0,,0.20000000000000004,0.1782821827112185,0.16742327406682778,0.6000000000000001,0.0,1,1
DROP0P5_GAP5_SUPPORT,2.0,0.2,FULL,92,0.8695652173913043,1.3333333333333333,0.043478260869565216,0.026745212605076524,0.018378688472832177,4.0,2.8,10,15
DROP0P5_GAP5_SUPPORT,2.0,0.25,TRAIN,67,0.835820895522388,1.2727272727272727,0.04477611940298507,0.028343929433198113,0.020127834448304644,3.0,3.25,7,10
DROP0P5_GAP5_SUPPORT,2.0,0.25,OOS,25,0.8,1.0,0.0,-0.017539348494289387,-0.0263090227414341,0.0,1.5,2,5
DROP0P5_GAP5_SUPPORT,2.0,0.25,YTD2026,3,1.0,,0.25,0.2282821827112185,0.2174232740668278,0.75,0.0,1,1
DROP0P5_GAP5_SUPPORT,2.0,0.25,FULL,92,0.8260869565217391,1.1875,0.03260869565217391,0.015875647387685213,0.00750912325544086,3.0,3.5,9,15
DROP0P5_GAP5_SUPPORT,2.0,0.3,TRAIN,67,0.7910447761194029,1.135714285714286,0.02835820895522389,0.0119260189854369,0.0037099240005434263,1.9000000000000006,2.700000000000001,7,10
DROP0P5_GAP5_SUPPORT,2.0,0.3,OOS,25,0.8,1.1999999999999997,0.039999999999999994,0.02246065150571059,0.013690977258565905,0.9999999999999998,1.4000000000000001,3,5
DROP0P5_GAP5_SUPPORT,2.0,0.3,YTD2026,3,1.0,,0.3,0.27828218271121846,0.2674232740668278,0.8999999999999999,0.0,1,1
DROP0P5_GAP5_SUPPORT,2.0,0.3,FULL,92,0.7934782608695652,1.1526315789473685,0.03152173913043477,0.014788690865946063,0.0064221667337016905,2.8999999999999986,2.700000000000001,10,15
DROP0P5_GAP5_SUPPORT,2.0,0.4,TRAIN,67,0.6865671641791045,0.9673986852613299,-0.009254919424494546,-0.025687109394281486,-0.03390320437917498,-0.6200796014411346,4.4,5,10
DROP0P5_GAP5_SUPPORT,2.0,0.4,OOS,25,0.68,0.9462920586221492,-0.015437686411578135,-0.03297703490586754,-0.04174670915301221,-0.3859421602894534,2.5859421602894535,3,5
DROP0P5_GAP5_SUPPORT,2.0,0.4,YTD2026,3,1.0,,0.4000000000000001,0.3782821827112186,0.3674232740668278,1.2000000000000002,0.0,1,1
DROP0P5_GAP5_SUPPORT,2.0,0.4,FULL,92,0.6847826086956522,0.9616110460840828,-0.010935019149245512,-0.027668067413734215,-0.03603459154597858,-1.006021761730587,5.385942160289455,8,15
DROP0P5_GAP5_SUPPORT,2.0,0.5,TRAIN,67,0.6567164179104478,1.0466183010311572,0.01462567759043083,-0.0018065123793561326,-0.010022607364249602,0.9799203985588656,4.555503805672097,6,10
DROP0P5_GAP5_SUPPORT,2.0,0.5,OOS,25,0.64,0.9772851851810692,-0.007437686411578142,-0.024977034905867557,-0.033746709153012235,-0.18594216028945354,2.0,2,5
DROP0P5_GAP5_SUPPORT,2.0,0.5,YTD2026,3,0.6666666666666666,1.0,0.0,-0.021717817288781454,-0.032576725933172256,0.0,1.0,0,1
DROP0P5_GAP5_SUPPORT,2.0,0.5,FULL,92,0.6521739130434783,1.0271854292497236,0.008630198242058826,-0.008102850022429893,-0.01646937415467422,0.793978238269412,5.24144596596155,8,15
DROP0P5_GAP5_SUPPORT,2.0,0.6,TRAIN,67,0.6119402985074627,0.9988179162939876,-0.00042378723453711826,-0.016855977204324066,-0.025072072189217576,-0.028393744713986924,5.6,6,10
DROP0P5_GAP5_SUPPORT,2.0,0.6,OOS,25,0.64,1.172742222217283,0.05656231358842184,0.03902296509413246,0.03025329084698776,1.414057839710546,2.0,3,5
DROP0P5_GAP5_SUPPORT,2.0,0.6,YTD2026,3,0.6666666666666666,1.2,0.06666666666666665,0.0449488493778852,0.034089940733494396,0.19999999999999996,1.0,1,1
DROP0P5_GAP5_SUPPORT,2.0,0.6,FULL,92,0.6195652173913043,1.0430250002700767,0.01506156624996262,-0.0016714820145261092,-0.010038006146770475,1.385664094996561,6.1859421602894535,9,15
DROP0P5_GAP5_SUPPORT,2.0,0.75,TRAIN,67,0.582089552238806,1.0892236415432577,0.03465083963113452,0.01821864966134757,0.010002554676454114,2.321606255286013,5.25,6,10
DROP0P5_GAP5_SUPPORT,2.0,0.75,OOS,25,0.6,1.0901925156273953,0.03314012927377027,0.015600780779480879,0.006831106532336202,0.8285032318442567,2.25,3,5
DROP0P5_GAP5_SUPPORT,2.0,0.75,YTD2026,3,0.6666666666666666,1.5,0.16666666666666666,0.1449488493778852,0.13408994073349442,0.5,1.0,1,1
DROP0P5_GAP5_SUPPORT,2.0,0.75,FULL,92,0.5869565217391305,1.0894764398104892,0.034240320512285545,0.017507272247796843,0.009140748115552488,3.15010948713027,5.6859421602894535,9,15
DROP0P5_GAP5_SUPPORT,2.0,1.0,TRAIN,67,0.5373134328358209,1.1486410435351662,0.0630838787246484,0.046651688754861455,0.038435593769967975,4.226619874551443,5.0,5,10
DROP0P5_GAP5_SUPPORT,2.0,1.0,OOS,25,0.52,1.0070180259042412,0.0031401292737702757,-0.014399219220519108,-0.023168893467663806,0.0785032318442569,2.7785552099668633,2,5
DROP0P5_GAP5_SUPPORT,2.0,1.0,YTD2026,3,0.6666666666666666,2.0,0.3333333333333333,0.3116155160445519,0.3007566074001611,1.0,1.0,1,1
DROP0P5_GAP5_SUPPORT,2.0,1.0,FULL,92,0.532608695652174,1.1086575493816648,0.04679481637386631,0.0300617681093776,0.021695243977133235,4.3051231063957,5.1859421602894535,7,15
DROP0P5_GAP5_SUPPORT,2.25,0.2,TRAIN,67,0.8656716417910447,1.2888888888888888,0.03880597014925373,0.024199579064998665,0.016896383522871133,2.6,2.8,8,10
DROP0P5_GAP5_SUPPORT,2.25,0.2,OOS,25,0.84,1.0500000000000003,0.008,-0.007590531994923906,-0.015385797992385859,0.2,1.6,2,5
DROP0P5_GAP5_SUPPORT,2.25,0.2,YTD2026,3,1.0,,0.20000000000000004,0.18069527352108317,0.1710429102816247,0.6000000000000001,0.0,1,1
DROP0P5_GAP5_SUPPORT,2.25,0.2,FULL,92,0.8586956521739131,1.2153846153846148,0.03043478260869565,0.015560961929150147,0.008124051589377379,2.8,2.8,10,15
DROP0P5_GAP5_SUPPORT,2.25,0.25,TRAIN,67,0.8208955223880597,1.1458333333333333,0.026119402985074626,0.01151301190081955,0.004209816358692016,1.75,3.25,6,10
DROP0P5_GAP5_SUPPORT,2.25,0.25,OOS,25,0.8,1.0,0.0,-0.015590531994923919,-0.023385797992385878,0.0,1.5,2,5
DROP0P5_GAP5_SUPPORT,2.25,0.25,YTD2026,3,1.0,,0.25,0.23069527352108313,0.22104291028162468,0.75,0.0,1,1
DROP0P5_GAP5_SUPPORT,2.25,0.25,FULL,92,0.8152173913043478,1.1029411764705883,0.019021739130434784,0.0041479184508892595,-0.003288991888883499,1.75,3.5,8,15
DROP0P5_GAP5_SUPPORT,2.25,0.3,TRAIN,67,0.746268656716418,1.0062564043255855,0.0013919787536831336,-0.013214412330571959,-0.020517607872699496,0.09326257649676994,3.5574007073502556,5,10
DROP0P5_GAP5_SUPPORT,2.25,0.3,OOS,25,0.76,0.9499999999999998,-0.012000000000000009,-0.02759053199492393,-0.035385797992385885,-0.3000000000000002,2.3,2,5
DROP0P5_GAP5_SUPPORT,2.25,0.3,YTD2026,3,1.0,,0.3,0.2806952735210831,0.2710429102816247,0.8999999999999999,0.0,1,1
DROP0P5_GAP5_SUPPORT,2.25,0.3,FULL,92,0.75,0.9901114449703274,-0.0022471459076438146,-0.017120966587189347,-0.024557876926962107,-0.20673742350323093,3.5574007073502556,7,15
DROP0P5_GAP5_SUPPORT,2.25,0.4,TRAIN,67,0.6716417910447762,0.904216477922092,-0.028458767514973594,-0.04306515859922865,-0.05036835414135618,-1.9067374235032308,5.649336716152975,6,10
DROP0P5_GAP5_SUPPORT,2.25,0.4,OOS,25,0.68,0.949020579466024,-0.01461127681029168,-0.03020180880521558,-0.03799707480267754,-0.365281920257292,2.565281920257292,3,5
DROP0P5_GAP5_SUPPORT,2.25,0.4,YTD2026,3,1.0,,0.4000000000000001,0.3806952735210832,0.37104291028162467,1.2000000000000002,0.0,1,1
DROP0P5_GAP5_SUPPORT,2.25,0.4,FULL,92,0.6739130434782609,0.9160749955549887,-0.024695862432179583,-0.039569683111725096,-0.04700659345149785,-2.2720193437605216,6.614618636410269,9,15
DROP0P5_GAP5_SUPPORT,2.25,0.5,TRAIN,67,0.6119402985074627,0.857498856361973,-0.05084682721646613,-0.06545321830072119,-0.07275641384284874,-3.4067374235032304,7.049336716152975,5,10
DROP0P5_GAP5_SUPPORT,2.25,0.5,OOS,25,0.64,0.979757965264219,-0.006611276810291678,-0.022201808805215596,-0.02999707480267758,-0.16528192025729194,2.0,2,5
DROP0P5_GAP5_SUPPORT,2.25,0.5,YTD2026,3,0.6666666666666666,1.0,0.0,-0.0193047264789169,-0.028957089718375333,0.0,1.0,0,1
DROP0P5_GAP5_SUPPORT,2.25,0.5,FULL,92,0.6195652173913043,0.888625056455778,-0.03882629721478829,-0.05370011789433381,-0.06113702823410658,-3.5720193437605223,8.214618636410268,7,15
DROP0P5_GAP5_SUPPORT,2.25,0.6,TRAIN,67,0.582089552238806,0.8772213425508355,-0.04747454387680248,-0.06208093496105757,-0.0693841305031851,-3.180794439745766,7.121604342680426,5,10
DROP0P5_GAP5_SUPPORT,2.25,0.6,OOS,25,0.6,0.9206724714896547,-0.029082366513382408,-0.04467289850830634,-0.05246816450576829,-0.7270591628345602,2.4,3,5
DROP0P5_GAP5_SUPPORT,2.25,0.6,YTD2026,3,0.6666666666666666,1.2,0.06666666666666665,0.04736194018774972,0.03770957694829128,0.19999999999999996,1.0,1,1
DROP0P5_GAP5_SUPPORT,2.25,0.6,FULL,92,0.5869565217391305,0.8885763159435659,-0.042476669593264405,-0.057350490272809945,-0.0647874006125827,-3.9078536025803254,8.248663505514985,8,15
DROP0P5_GAP5_SUPPORT,2.25,0.75,TRAIN,67,0.5671641791044776,1.0475846644728093,0.018661445570655816,0.004055054486400765,-0.0032481410557267895,1.2503168532339397,5.9182254231732685,6,10
DROP0P5_GAP5_SUPPORT,2.25,0.75,OOS,25,0.56,0.9084905508013467,-0.037208773978870874,-0.05279930597379481,-0.06059457197125675,-0.9302193494717718,3.303160186637212,2,5
DROP0P5_GAP5_SUPPORT,2.25,0.75,YTD2026,3,0.6666666666666666,1.5,0.16666666666666666,0.14736194018774973,0.13770957694829136,0.5,1.0,1,1
DROP0P5_GAP5_SUPPORT,2.25,0.75,FULL,92,0.5652173913043478,1.0087840155716234,0.003479320693067044,-0.011394499986478462,-0.018831410326251227,0.32009750376216806,6.59844477264504,8,15
DROP0P5_GAP5_SUPPORT,2.25,1.0,TRAIN,67,0.5074626865671642,0.9652342039370067,-0.015365423955521743,-0.02997181503977681,-0.03727501058190433,-1.0294834050199568,5.0,3,10
DROP0P5_GAP5_SUPPORT,2.25,1.0,OOS,25,0.48,0.8932330736049828,-0.048935320665329934,-0.06452585266025386,-0.07232111865771582,-1.2233830166332484,3.0963238537986886,1,5
DROP0P5_GAP5_SUPPORT,2.25,1.0,YTD2026,3,0.3333333333333333,0.7732973214403885,-0.09772122238715886,-0.1170259488660758,-0.12667831210553418,-0.29316366716147657,1.0,0,1
DROP0P5_GAP5_SUPPORT,2.25,1.0,FULL,92,0.5,0.9451462355396274,-0.024487678496230496,-0.039361499175776006,-0.04679840951554877,-2.2528664216532057,5.383484561196552,4,15
DROP0P5_GAP5_SUPPORT,2.5,0.2,TRAIN,67,0.8507462686567164,1.14,0.02089552238805969,0.0077497704122301446,0.0011768944243153608,1.3999999999999992,2.6,7,10
DROP0P5_GAP5_SUPPORT,2.5,0.2,OOS,25,0.8,0.8000000000000002,-0.04000000000000001,-0.05403147879543153,-0.06104721819314728,-1.0000000000000002,2.0000000000000004,2,5
DROP0P5_GAP5_SUPPORT,2.5,0.2,YTD2026,3,1.0,,0.20000000000000004,0.18262574616897484,0.1739386192534622,0.6000000000000001,0.0,1,1
DROP0P5_GAP5_SUPPORT,2.5,0.2,FULL,92,0.8369565217391305,1.0266666666666664,0.004347826086956505,-0.009038612524634435,-0.015731831830429924,0.3999999999999985,3.6000000000000005,9,15
DROP0P5_GAP5_SUPPORT,2.5,0.25,TRAIN,67,0.835820895522388,1.2727272727272727,0.04477611940298507,0.031630367427155505,0.025057491439240725,3.0,2.0,6,10
DROP0P5_GAP5_SUPPORT,2.5,0.25,OOS,25,0.8,1.0,0.0,-0.014031478795431509,-0.021047218193147282,0.0,1.5,2,5
DROP0P5_GAP5_SUPPORT,2.5,0.25,YTD2026,3,1.0,,0.25,0.23262574616897483,0.22393861925346223,0.75,0.0,1,1
DROP0P5_GAP5_SUPPORT,2.5,0.25,FULL,92,0.8260869565217391,1.1875,0.03260869565217391,0.019222257040582943,0.012529037734787462,3.0,2.25,8,15
DROP0P5_GAP5_SUPPORT,2.5,0.3,TRAIN,67,0.746268656716418,1.0679189867732326,0.014238667441792554,0.0010929154659629766,-0.0054799605219518115,0.9539907186001011,3.3299456002469916,5,10
DROP0P5_GAP5_SUPPORT,2.5,0.3,OOS,25,0.76,0.9499999999999998,-0.012000000000000009,-0.026031478795431537,-0.0330472181931473,-0.3000000000000002,2.3,2,5
DROP0P5_GAP5_SUPPORT,2.5,0.3,YTD2026,3,1.0,,0.3,0.2826257461689748,0.2739386192534622,0.8999999999999999,0.0,1,1
DROP0P5_GAP5_SUPPORT,2.5,0.3,FULL,92,0.75,1.0326244844756667,0.007108594767392398,-0.006277843844198571,-0.012971063149994059,0.6539907186001006,4.029945600246991,7,15
DROP0P5_GAP5_SUPPORT,2.5,0.4,TRAIN,67,0.7014925373134329,1.102897440077895,0.026178965949255235,0.01303321397342569,0.006460337985510903,1.7539907186001007,3.4299456002469917,7,10
DROP0P5_GAP5_SUPPORT,2.5,0.4,OOS,25,0.64,0.8642205803360713,-0.04022067076954906,-0.05425214956498058,-0.06126788896269636,-1.0055167692387266,1.8055167692387268,2,5
DROP0P5_GAP5_SUPPORT,2.5,0.4,YTD2026,3,0.6666666666666666,0.8,-0.06666666666666665,-0.08404092049769181,-0.0927280474132044,-0.19999999999999996,1.0,0,1
DROP0P5_GAP5_SUPPORT,2.5,0.4,FULL,92,0.6847826086956522,1.0306105209061915,0.008135586406101888,-0.005250852205489059,-0.011944071511284541,0.7484739493613737,4.035462369485719,9,15
DROP0P5_GAP5_SUPPORT,2.5,0.5,TRAIN,67,0.6567164179104478,1.0712031698651463,0.021303573193758498,0.008157821217928933,0.0015849452300141554,1.4273394039818195,3.774348644784669,7,10
DROP0P5_GAP5_SUPPORT,2.5,0.5,OOS,25,0.64,1.0174037432441034,0.005155348497669276,-0.008876130297762224,-0.015891869695478025,0.1288837124417319,1.6143532465511037,3,5
DROP0P5_GAP5_SUPPORT,2.5,0.5,YTD2026,3,0.6666666666666666,1.0,0.0,-0.01737425383102516,-0.026061380746537743,0.0,1.0,0,1
DROP0P5_GAP5_SUPPORT,2.5,0.5,FULL,92,0.6521739130434783,1.0566898580994315,0.01691546865677773,0.003529030045186763,-0.0031641892606087143,1.556223116423551,4.3887018913357725,10,15
DROP0P5_GAP5_SUPPORT,2.5,0.6,TRAIN,67,0.6567164179104478,1.2807211812080357,0.08399014035793757,0.07084438838210799,0.06427151239419326,5.627339403981818,3.2299456002469915,7,10
DROP0P5_GAP5_SUPPORT,2.5,0.6,OOS,25,0.6,0.9531307275510391,-0.015758418221270366,-0.029789897016701882,-0.036805636414417656,-0.3939604555317592,1.656763041007164,3,5
DROP0P5_GAP5_SUPPORT,2.5,0.6,YTD2026,3,0.6666666666666666,1.2,0.06666666666666665,0.04929241283564149,0.04060528592012883,0.19999999999999996,1.0,1,1
DROP0P5_GAP5_SUPPORT,2.5,0.6,FULL,92,0.6413043478260869,1.1839401844082313,0.05688455378750064,0.043498115175909666,0.03680489587011421,5.233378948450059,3.2299456002469915,10,15
DROP0P5_GAP5_SUPPORT,2.5,0.75,TRAIN,67,0.5970149253731343,1.2105117876037113,0.07345293268636884,0.06030718071053926,0.0537343047226245,4.921346489986712,3.5,6,10
DROP0P5_GAP5_SUPPORT,2.5,0.75,OOS,25,0.52,0.813179825794084,-0.07775841822127035,-0.09178989701670189,-0.09880563641441764,-1.9439604555317587,2.795206727300196,2,5
DROP0P5_GAP5_SUPPORT,2.5,0.75,YTD2026,3,0.6666666666666666,1.5,0.16666666666666666,0.1492924128356415,0.14060528592012891,0.5,1.0,1,1
DROP0P5_GAP5_SUPPORT,2.5,0.75,FULL,92,0.5760869565217391,1.0881312993918273,0.03236289167885818,0.018976453067267213,0.012283233761471736,2.9773860344549528,5.19396045553176,8,15
DROP0P5_GAP5_SUPPORT,2.5,1.0,TRAIN,67,0.5522388059701493,1.2466572420590765,0.08872356628972385,0.07557781431389426,0.06900493832597952,5.944478941411497,3.2299456002469915,6,10
DROP0P5_GAP5_SUPPORT,2.5,1.0,OOS,25,0.44,0.7893794605001443,-0.0983123102390835,-0.11234378903451506,-0.11935952843223081,-2.4578077559770874,3.3434545094259835,0,5
DROP0P5_GAP5_SUPPORT,2.5,1.0,YTD2026,3,0.3333333333333333,0.7912348269032504,-0.08794910014844297,-0.10532335397946817,-0.11401048089498074,-0.2638473004453289,1.0,0,1
DROP0P5_GAP5_SUPPORT,2.5,1.0,FULL,92,0.5217391304347826,1.0974760301902318,0.03789859984167836,0.024512161230087384,0.01781894192429192,3.4866711854344086,4.701899146084061,6,15
DROP0P5_GAP5_SUPPORT,3.0,0.2,TRAIN,67,0.8656716417910447,1.2888888888888888,0.03880597014925372,0.02785117683606243,0.022373780179466778,2.5999999999999996,2.2,7,10
DROP0P5_GAP5_SUPPORT,3.0,0.2,OOS,25,0.8,0.8000000000000002,-0.04000000000000001,-0.05169289899619292,-0.057539348494289405,-1.0000000000000002,2.0000000000000004,2,5
DROP0P5_GAP5_SUPPORT,3.0,0.2,YTD2026,3,1.0,,0.20000000000000004,0.18552145514081234,0.1782821827112185,0.6000000000000001,0.0,1,1
DROP0P5_GAP5_SUPPORT,3.0,0.2,FULL,92,0.8478260869565217,1.1142857142857139,0.01739130434782607,0.0062359388381669455,0.0006582560833373924,1.5999999999999985,2.399999999999998,9,15
DROP0P5_GAP5_SUPPORT,3.0,0.25,TRAIN,67,0.7761194029850746,1.0950435095088642,0.016840680579603244,0.005885887266411954,0.0004084906098162901,1.1283255988334173,3.4416213335391594,6,10
DROP0P5_GAP5_SUPPORT,3.0,0.25,OOS,25,0.76,0.7916666666666666,-0.05,-0.06169289899619293,-0.0675393484942894,-1.25,2.75,1,5
DROP0P5_GAP5_SUPPORT,3.0,0.25,YTD2026,3,1.0,,0.25,0.23552145514081235,0.2282821827112185,0.75,0.0,1,1
DROP0P5_GAP5_SUPPORT,3.0,0.25,FULL,92,0.7717391304347826,0.993191773840808,-0.0013225478387672031,-0.012477913348426331,-0.018055596103255907,-0.12167440116658268,3.9416213335391594,7,15
DROP0P5_GAP5_SUPPORT,3.0,0.3,TRAIN,67,0.746268656716418,1.2254054398723422,0.04118139417945535,0.03022660086626404,0.024749204209668387,2.7591534100235084,3.2916213335391595,6,10
DROP0P5_GAP5_SUPPORT,3.0,0.3,OOS,25,0.68,0.8046790488652857,-0.04951722564129089,-0.061210124637483834,-0.06705657413558029,-1.2379306410322723,2.637930641032272,1,5
DROP0P5_GAP5_SUPPORT,3.0,0.3,YTD2026,3,1.0,,0.3,0.2855214551408123,0.27828218271121846,0.8999999999999999,0.0,1,1
DROP0P5_GAP5_SUPPORT,3.0,0.3,FULL,92,0.7282608695652174,1.0818795957385319,0.016535030097730826,0.005379664588071678,-0.00019801816675788918,1.521222768991236,3.329551974571432,7,15
DROP0P5_GAP5_SUPPORT,3.0,0.4,TRAIN,67,0.7014925373134329,1.2069183381135564,0.04706881563942697,0.03611402232623569,0.03063662566964002,3.153610647841607,3.1916213335391594,8,10
DROP0P5_GAP5_SUPPORT,3.0,0.4,OOS,25,0.64,0.8721804978930234,-0.037517225641290876,-0.04921012463748381,-0.05505657413558028,-0.9379306410322719,1.7379306410322721,2,5
DROP0P5_GAP5_SUPPORT,3.0,0.4,YTD2026,3,0.6666666666666666,0.8,-0.06666666666666665,-0.08114521152585426,-0.08838448395544811,-0.19999999999999996,1.0,0,1
DROP0P5_GAP5_SUPPORT,3.0,0.4,FULL,92,0.6847826086956522,1.0981310893916079,0.024083478334884063,0.01292811282522496,0.007350430070395378,2.215680006809334,3.937930641032273,10,15
DROP0P5_GAP5_SUPPORT,3.0,0.5,TRAIN,67,0.6865671641791045,1.3788971599325053,0.09184493504241205,0.08089014172922072,0.0754127450726251,6.1536106478416075,3.1916213335391594,7,10
DROP0P5_GAP5_SUPPORT,3.0,0.5,OOS,25,0.64,0.9779728480889002,-0.006465348517725298,-0.018158247513918216,-0.024004697012014686,-0.16163371294313245,1.5952943721259198,3,5
DROP0P5_GAP5_SUPPORT,3.0,0.5,YTD2026,3,0.6666666666666666,1.0,0.0,-0.014478544859187611,-0.021717817288781454,0.0,1.0,0,1
DROP0P5_GAP5_SUPPORT,3.0,0.5,FULL,92,0.6739130434782609,1.2541258554755903,0.06513018407498343,0.05397481856532429,0.04839713581049473,5.991976934898475,3.5952943721259194,10,15
DROP0P5_GAP5_SUPPORT,3.0,0.6,TRAIN,67,0.6417910447761194,1.3497739721051618,0.0966708077250207,0.0857160144118294,0.08023861775523371,6.476944117576386,3.1916213335391594,7,10
DROP0P5_GAP5_SUPPORT,3.0,0.6,OOS,25,0.6,0.9566278818435502,-0.014465348517725305,-0.02615824751391823,-0.03200469701201469,-0.3616337129431326,1.4,3,5
DROP0P5_GAP5_SUPPORT,3.0,0.6,YTD2026,3,0.6666666666666666,1.2,0.06666666666666665,0.05218812180747904,0.0449488493778852,0.19999999999999996,1.0,1,1
DROP0P5_GAP5_SUPPORT,3.0,0.6,FULL,92,0.6304347826086957,1.2277121338598636,0.06647076526775277,0.055315399758093624,0.04973771700326404,6.115310404633254,3.1916213335391594,10,15
DROP0P5_GAP5_SUPPORT,3.0,0.75,TRAIN,67,0.6119402985074627,1.3147335315307866,0.0928687728416942,0.08191397952850289,0.07643658287190722,6.222207780393512,3.25,7,10
DROP0P5_GAP5_SUPPORT,3.0,0.75,OOS,25,0.52,0.8816143817802367,-0.04526025853256961,-0.05695315752876251,-0.06279960702685897,-1.1315064633142402,1.721332931932951,2,5
DROP0P5_GAP5_SUPPORT,3.0,0.75,YTD2026,3,0.3333333333333333,0.6148182257303775,-0.15662425012370249,-0.17110279498289013,-0.17834206741248393,-0.46987275037110743,1.0,0,1
DROP0P5_GAP5_SUPPORT,3.0,0.75,FULL,92,0.5869565217391305,1.1735807533028344,0.05533370996825296,0.044178344458593824,0.03860066170376424,5.090701317079272,3.9653705305483964,9,15
DROP0P5_GAP5_SUPPORT,3.0,1.0,TRAIN,67,0.4925373134328358,1.0440449738192126,0.015591408274379279,0.0046366149611879555,-0.0008407816954076902,1.0446243543834117,6.348629508032877,5,10
DROP0P5_GAP5_SUPPORT,3.0,1.0,OOS,25,0.48,0.8660844574792014,-0.056554158759508456,-0.06824705775570136,-0.07409350725379783,-1.4138539689877114,3.0,1,5
DROP0P5_GAP5_SUPPORT,3.0,1.0,YTD2026,3,0.3333333333333333,0.81975763430717,-0.07329091679036914,-0.08776946164955679,-0.0950087340791506,-0.21987275037110743,1.0,0,1
DROP0P5_GAP5_SUPPORT,3.0,1.0,FULL,92,0.4891304347826087,0.9892274439788467,-0.004013365376133705,-0.015168730885792847,-0.020746413640622404,-0.3692296146043009,6.348629508032877,6,15
RANGE_GAP5_SUPPORT,0.75,0.2,TRAIN,96,0.1875,0.04615384615384616,-0.775,-0.8199812793890646,-0.842471919083597,-74.4,74.39999999999999,0,10
RANGE_GAP5_SUPPORT,0.75,0.2,OOS,39,0.10256410256410256,0.022857142857142857,-0.876923076923077,-0.9256765774113361,-0.9500533276554657,-34.2,34.400000000000006,0,5
RANGE_GAP5_SUPPORT,0.75,0.2,YTD2026,6,0.0,0.0,-1.0,-1.0566861177312228,-1.0850291765968338,-6.0,6.0,0,1
RANGE_GAP5_SUPPORT,0.75,0.2,FULL,135,0.16296296296296298,0.038938053097345146,-0.8044444444444444,-0.8505154765954986,-0.8735509926710257,-108.6,108.59999999999998,0,15
RANGE_GAP5_SUPPORT,0.75,0.25,TRAIN,96,0.1875,0.057692307692307696,-0.765625,-0.8106062793890646,-0.8330969190835971,-73.5,73.5,0,10
RANGE_GAP5_SUPPORT,0.75,0.25,OOS,39,0.10256410256410256,0.02857142857142857,-0.8717948717948718,-0.9205483722831309,-0.9449251225272605,-34.0,34.25,0,5
RANGE_GAP5_SUPPORT,0.75,0.25,YTD2026,6,0.0,0.0,-1.0,-1.0566861177312228,-1.0850291765968338,-6.0,6.0,0,1
RANGE_GAP5_SUPPORT,0.75,0.25,FULL,135,0.16296296296296298,0.048672566371681415,-0.7962962962962963,-0.8423673284473505,-0.8654028445228774,-107.5,107.5,0,15
RANGE_GAP5_SUPPORT,0.75,0.3,TRAIN,96,0.1875,0.06923076923076922,-0.75625,-0.8012312793890647,-0.823721919083597,-72.6,72.60000000000001,0,10
RANGE_GAP5_SUPPORT,0.75,0.3,OOS,39,0.10256410256410256,0.03428571428571429,-0.8666666666666666,-0.9154201671549259,-0.9397969173990555,-33.8,34.099999999999994,0,5
RANGE_GAP5_SUPPORT,0.75,0.3,YTD2026,6,0.0,0.0,-1.0,-1.0566861177312228,-1.0850291765968338,-6.0,6.0,0,1
RANGE_GAP5_SUPPORT,0.75,0.3,FULL,135,0.16296296296296298,0.05840707964601769,-0.7881481481481482,-0.8342191802992024,-0.8572546963747294,-106.4,106.40000000000002,0,15
RANGE_GAP5_SUPPORT,0.75,0.4,TRAIN,96,0.1875,0.09230769230769233,-0.7374999999999999,-0.7824812793890646,-0.804971919083597,-70.8,70.80000000000001,0,10
RANGE_GAP5_SUPPORT,0.75,0.4,OOS,39,0.10256410256410256,0.045714285714285714,-0.8564102564102564,-0.9051637568985155,-0.9295405071426452,-33.4,33.8,0,5
RANGE_GAP5_SUPPORT,0.75,0.4,YTD2026,6,0.0,0.0,-1.0,-1.0566861177312228,-1.0850291765968338,-6.0,6.0,0,1
RANGE_GAP5_SUPPORT,0.75,0.4,FULL,135,0.16296296296296298,0.07787610619469029,-0.7718518518518519,-0.817922884002906,-0.8409584000784331,-104.2,104.19999999999999,0,15
RANGE_GAP5_SUPPORT,0.75,0.5,TRAIN,96,0.1875,0.11538461538461539,-0.71875,-0.7637312793890646,-0.7862219190835971,-69.0,69.0,0,10
RANGE_GAP5_SUPPORT,0.75,0.5,OOS,39,0.10256410256410256,0.05714285714285714,-0.8461538461538461,-0.8949073466421053,-0.9192840968862348,-33.0,33.5,0,5
RANGE_GAP5_SUPPORT,0.75,0.5,YTD2026,6,0.0,0.0,-1.0,-1.0566861177312228,-1.0850291765968338,-6.0,6.0,0,1
RANGE_GAP5_SUPPORT,0.75,0.5,FULL,135,0.16296296296296298,0.09734513274336283,-0.7555555555555555,-0.8016265877066098,-0.8246621037821368,-102.0,102.0,0,15
RANGE_GAP5_SUPPORT,0.75,0.6,TRAIN,96,0.1875,0.13846153846153844,-0.7000000000000001,-0.7449812793890646,-0.7674719190835971,-67.2,67.19999999999999,0,10
RANGE_GAP5_SUPPORT,0.75,0.6,OOS,39,0.10256410256410256,0.06857142857142857,-0.8358974358974359,-0.884650936385695,-0.9090276866298246,-32.6,33.2,0,5
RANGE_GAP5_SUPPORT,0.75,0.6,YTD2026,6,0.0,0.0,-1.0,-1.0566861177312228,-1.0850291765968338,-6.0,6.0,0,1
RANGE_GAP5_SUPPORT,0.75,0.6,FULL,135,0.16296296296296298,0.11681415929203538,-0.7392592592592593,-0.7853302914103135,-0.8083658074858405,-99.8,99.80000000000001,0,15
RANGE_GAP5_SUPPORT,0.75,0.75,TRAIN,96,0.1875,0.17307692307692307,-0.671875,-0.7168562793890646,-0.7393469190835971,-64.5,64.5,0,10
RANGE_GAP5_SUPPORT,0.75,0.75,OOS,39,0.10256410256410256,0.08571428571428572,-0.8205128205128205,-0.8692663210010796,-0.8936430712452091,-32.0,32.75,0,5
RANGE_GAP5_SUPPORT,0.75,0.75,YTD2026,6,0.0,0.0,-1.0,-1.0566861177312228,-1.0850291765968338,-6.0,6.0,0,1
RANGE_GAP5_SUPPORT,0.75,0.75,FULL,135,0.16296296296296298,0.14601769911504425,-0.7148148148148148,-0.7608858469658691,-0.783921363041396,-96.5,96.5,0,15
RANGE_GAP5_SUPPORT,0.75,1.0,TRAIN,96,0.16666666666666666,0.2,-0.6666666666666666,-0.7116479460557312,-0.7341385857502637,-64.0,64.0,0,10
RANGE_GAP5_SUPPORT,0.75,1.0,OOS,39,0.10256410256410256,0.11428571428571428,-0.7948717948717948,-0.8436252953600538,-0.8680020456041836,-31.0,32.0,0,5
RANGE_GAP5_SUPPORT,0.75,1.0,YTD2026,6,0.0,0.0,-1.0,-1.0566861177312228,-1.0850291765968338,-6.0,6.0,0,1
RANGE_GAP5_SUPPORT,0.75,1.0,FULL,135,0.14814814814814814,0.17391304347826086,-0.7037037037037037,-0.7497747358547581,-0.772810251930285,-95.0,95.0,0,15
RANGE_GAP5_SUPPORT,1.0,0.2,TRAIN,96,0.4166666666666667,0.14285714285714285,-0.5,-0.5337359595417985,-0.5506039393126977,-48.0,48.2,1,10
RANGE_GAP5_SUPPORT,1.0,0.2,OOS,39,0.41025641025641024,0.1391304347826087,-0.5076923076923077,-0.544257433058502,-0.5625399957415991,-19.8,20.000000000000004,0,5
RANGE_GAP5_SUPPORT,1.0,0.2,YTD2026,6,0.5,0.20000000000000004,-0.4000000000000001,-0.442514588298417,-0.4637718824476254,-2.4000000000000004,2.6000000000000005,0,1
RANGE_GAP5_SUPPORT,1.0,0.2,FULL,135,0.4148148148148148,0.14177215189873416,-0.5022222222222221,-0.5367754963355129,-0.5540521333921582,-67.79999999999998,67.99999999999996,1,15
RANGE_GAP5_SUPPORT,1.0,0.25,TRAIN,96,0.4166666666666667,0.17857142857142858,-0.4791666666666667,-0.5129026262084652,-0.5297706059793644,-46.0,46.25,1,10
RANGE_GAP5_SUPPORT,1.0,0.25,OOS,39,0.38461538461538464,0.15625,-0.5192307692307693,-0.5557958945969637,-0.5740784572800607,-20.25,20.5,0,5
RANGE_GAP5_SUPPORT,1.0,0.25,YTD2026,6,0.5,0.25,-0.375,-0.417514588298417,-0.43877188244762544,-2.25,2.5,0,1
RANGE_GAP5_SUPPORT,1.0,0.25,FULL,135,0.4074074074074074,0.171875,-0.49074074074074076,-0.5252940148540314,-0.5425706519106767,-66.25,66.5,1,15
RANGE_GAP5_SUPPORT,1.0,0.3,TRAIN,96,0.4166666666666667,0.21428571428571427,-0.4583333333333333,-0.49206929287513185,-0.5089372726460311,-44.0,44.3,1,10
RANGE_GAP5_SUPPORT,1.0,0.3,OOS,39,0.38461538461538464,0.18749999999999997,-0.4999999999999999,-0.5365651253661944,-0.5548476880492915,-19.499999999999996,19.799999999999997,0,5
RANGE_GAP5_SUPPORT,1.0,0.3,YTD2026,6,0.5,0.3,-0.35000000000000003,-0.39251458829841696,-0.41377188244762547,-2.1,2.4,0,1
RANGE_GAP5_SUPPORT,1.0,0.3,FULL,135,0.4074074074074074,0.20625000000000004,-0.47037037037037044,-0.5049236444836609,-0.5222002815403064,-63.50000000000001,63.80000000000004,1,15
RANGE_GAP5_SUPPORT,1.0,0.4,TRAIN,96,0.4166666666666667,0.2857142857142857,-0.4166666666666667,-0.4504026262084652,-0.4672706059793644,-40.0,40.400000000000006,1,10
RANGE_GAP5_SUPPORT,1.0,0.4,OOS,39,0.38461538461538464,0.25000000000000006,-0.46153846153846156,-0.4981035869046558,-0.5163861495877529,-18.0,18.4,0,5
RANGE_GAP5_SUPPORT,1.0,0.4,YTD2026,6,0.5,0.4000000000000001,-0.3,-0.3425145882984169,-0.3637718824476254,-1.7999999999999998,2.1999999999999997,0,1
RANGE_GAP5_SUPPORT,1.0,0.4,FULL,135,0.4074074074074074,0.27499999999999986,-0.42962962962962964,-0.4641829037429202,-0.4814595407995657,-58.0,58.40000000000003,1,15
RANGE_GAP5_SUPPORT,1.0,0.5,TRAIN,96,0.3854166666666667,0.3135593220338983,-0.421875,-0.4556109595417985,-0.47247893931269774,-40.5,41.5,1,10
RANGE_GAP5_SUPPORT,1.0,0.5,OOS,39,0.38461538461538464,0.3125,-0.4230769230769231,-0.45964204844311735,-0.47792461112621454,-16.5,17.0,0,5
RANGE_GAP5_SUPPORT,1.0,0.5,YTD2026,6,0.5,0.5,-0.25,-0.292514588298417,-0.31377188244762544,-1.5,2.0,0,1
RANGE_GAP5_SUPPORT,1.0,0.5,FULL,135,0.3851851851851852,0.3132530120481928,-0.4222222222222222,-0.45677549633551284,-0.47405213339215824,-57.0,58.0,1,15
RANGE_GAP5_SUPPORT,1.0,0.6,TRAIN,96,0.3541666666666667,0.32903225806451614,-0.43333333333333335,-0.4670692928751319,-0.48393727264603115,-41.6,42.199999999999996,1,10
RANGE_GAP5_SUPPORT,1.0,0.6,OOS,39,0.3333333333333333,0.29999999999999993,-0.46666666666666656,-0.503231792032861,-0.5215143547159581,-18.199999999999996,18.799999999999997,0,5
RANGE_GAP5_SUPPORT,1.0,0.6,YTD2026,6,0.5,0.6,-0.20000000000000004,-0.242514588298417,-0.26377188244762545,-1.2000000000000002,2.0,0,1
RANGE_GAP5_SUPPORT,1.0,0.6,FULL,135,0.34814814814814815,0.32045454545454555,-0.44296296296296295,-0.4775162370762536,-0.494792874132899,-59.8,60.39999999999998,1,15
RANGE_GAP5_SUPPORT,1.0,0.75,TRAIN,96,0.3229166666666667,0.3576923076923077,-0.4348958333333333,-0.46863179287513185,-0.4854997726460311,-41.75,42.5,1,10
RANGE_GAP5_SUPPORT,1.0,0.75,OOS,39,0.3076923076923077,0.3333333333333333,-0.46153846153846156,-0.49810358690465595,-0.516386149587753,-18.0,18.75,0,5
RANGE_GAP5_SUPPORT,1.0,0.75,YTD2026,6,0.5,0.75,-0.125,-0.16751458829841695,-0.18877188244762544,-0.75,2.0,0,1
RANGE_GAP5_SUPPORT,1.0,0.75,FULL,135,0.31851851851851853,0.35054347826086957,-0.4425925925925926,-0.47714586670588316,-0.49442250376252866,-59.75,60.5,1,15
RANGE_GAP5_SUPPORT,1.0,1.0,TRAIN,96,0.3125,0.45454545454545453,-0.375,-0.40873595954179853,-0.4256039393126978,-36.0,39.0,1,10
RANGE_GAP5_SUPPORT,1.0,1.0,OOS,39,0.23076923076923078,0.3,-0.5384615384615384,-0.5750266638277329,-0.59330922651083,-21.0,22.0,0,5
RANGE_GAP5_SUPPORT,1.0,1.0,YTD2026,6,0.3333333333333333,0.5,-0.3333333333333333,-0.3758479216317503,-0.3971052157809587,-2.0,3.0,0,1
RANGE_GAP5_SUPPORT,1.0,1.0,FULL,135,0.28888888888888886,0.40625,-0.4222222222222222,-0.4567754963355129,-0.4740521333921582,-57.0,60.0,1,15
RANGE_GAP5_SUPPORT,1.25,0.2,TRAIN,96,0.6145833333333334,0.3189189189189188,-0.26249999999999996,-0.2894887676334388,-0.3029831514501582,-25.199999999999996,25.800000000000008,1,10
RANGE_GAP5_SUPPORT,1.25,0.2,OOS,39,0.5641025641025641,0.2588235294117648,-0.32307692307692315,-0.35232902336987854,-0.36695507351635615,-12.600000000000003,12.800000000000004,0,5
RANGE_GAP5_SUPPORT,1.25,0.2,YTD2026,6,0.5,0.20000000000000004,-0.4000000000000001,-0.4340116706387335,-0.45101750595810036,-2.4000000000000004,2.6000000000000005,0,1
RANGE_GAP5_SUPPORT,1.25,0.2,FULL,135,0.6,0.3,-0.27999999999999997,-0.30764261929063247,-0.3214639289359488,-37.8,37.999999999999986,1,15
RANGE_GAP5_SUPPORT,1.25,0.25,TRAIN,96,0.6041666666666666,0.3815789473684211,-0.24479166666666666,-0.2717804343001055,-0.2852748181168249,-23.5,25.75,1,10
RANGE_GAP5_SUPPORT,1.25,0.25,OOS,39,0.5641025641025641,0.3235294117647059,-0.2948717948717949,-0.32412389516475026,-0.338749945311228,-11.5,11.75,0,5
RANGE_GAP5_SUPPORT,1.25,0.25,YTD2026,6,0.5,0.25,-0.375,-0.4090116706387336,-0.4260175059581004,-2.25,2.5,0,1
RANGE_GAP5_SUPPORT,1.25,0.25,FULL,135,0.5925925925925926,0.36363636363636365,-0.25925925925925924,-0.28690187854989174,-0.300723188195208,-35.0,36.75,1,15
RANGE_GAP5_SUPPORT,1.25,0.3,TRAIN,96,0.6041666666666666,0.4578947368421053,-0.21458333333333335,-0.24157210096677217,-0.25506648478349153,-20.6,24.699999999999996,2,10
RANGE_GAP5_SUPPORT,1.25,0.3,OOS,39,0.5641025641025641,0.388235294117647,-0.2666666666666666,-0.29591876695962205,-0.3105448171060998,-10.399999999999999,10.699999999999996,1,5
RANGE_GAP5_SUPPORT,1.25,0.3,YTD2026,6,0.5,0.3,-0.35000000000000003,-0.38401167063873354,-0.40101750595810043,-2.1,2.4,0,1
RANGE_GAP5_SUPPORT,1.25,0.3,FULL,135,0.5925925925925926,0.4363636363636363,-0.22962962962962963,-0.2572722489202622,-0.27109355856557843,-31.0,34.49999999999998,3,15
RANGE_GAP5_SUPPORT,1.25,0.4,TRAIN,96,0.5729166666666666,0.5365853658536582,-0.19791666666666666,-0.22490543430010546,-0.23839981811682487,-19.0,26.0,3,10
RANGE_GAP5_SUPPORT,1.25,0.4,OOS,39,0.5384615384615384,0.4666666666666668,-0.2461538461538461,-0.27540594644680155,-0.2900319965932793,-9.599999999999998,9.999999999999995,1,5
RANGE_GAP5_SUPPORT,1.25,0.4,YTD2026,6,0.5,0.4000000000000001,-0.3,-0.33401167063873355,-0.35101750595810044,-1.7999999999999998,2.1999999999999997,0,1
RANGE_GAP5_SUPPORT,1.25,0.4,FULL,135,0.562962962962963,0.5152542372881355,-0.2118518518518519,-0.23949447114248434,-0.25331578078780065,-28.600000000000005,34.80000000000003,4,15
RANGE_GAP5_SUPPORT,1.25,0.5,TRAIN,96,0.53125,0.5666666666666667,-0.203125,-0.2301137676334388,-0.24360815145015824,-19.5,25.5,3,10
RANGE_GAP5_SUPPORT,1.25,0.5,OOS,39,0.48717948717948717,0.475,-0.2692307692307692,-0.29848286952372466,-0.3131089196702023,-10.5,11.0,0,5
RANGE_GAP5_SUPPORT,1.25,0.5,YTD2026,6,0.5,0.5,-0.25,-0.2840116706387335,-0.3010175059581004,-1.5,2.0,0,1
RANGE_GAP5_SUPPORT,1.25,0.5,FULL,135,0.5185185185185185,0.5384615384615384,-0.2222222222222222,-0.24986484151285465,-0.26368615115817107,-30.0,35.0,3,15
RANGE_GAP5_SUPPORT,1.25,0.6,TRAIN,96,0.4791666666666667,0.5609514883745822,-0.22502203792713435,-0.25201080556057315,-0.26550518937729256,-21.602115641004897,26.200000000000003,2,10
RANGE_GAP5_SUPPORT,1.25,0.6,OOS,39,0.46153846153846156,0.5142857142857142,-0.26153846153846155,-0.290790561831417,-0.3054166119778946,-10.200000000000001,11.400000000000002,0,5
RANGE_GAP5_SUPPORT,1.25,0.6,YTD2026,6,0.5,0.6,-0.20000000000000004,-0.23401167063873354,-0.2510175059581004,-1.2000000000000002,2.0,0,1
RANGE_GAP5_SUPPORT,1.25,0.6,FULL,135,0.4740740740740741,0.5469920621248435,-0.23557122697040658,-0.2632138462610391,-0.27703515590635547,-31.80211564100489,36.39999999999999,2,15
RANGE_GAP5_SUPPORT,1.25,0.75,TRAIN,96,0.46875,0.6722824241381797,-0.17137620459380098,-0.1983649722272398,-0.2118593560439592,-16.452115641004895,25.25,3,10
RANGE_GAP5_SUPPORT,1.25,0.75,OOS,39,0.41025641025641024,0.5217391304347826,-0.28205128205128205,-0.31130338234423743,-0.32592943249071515,-11.0,13.25,1,5
RANGE_GAP5_SUPPORT,1.25,0.75,YTD2026,6,0.5,0.75,-0.125,-0.15901167063873353,-0.17601750595810037,-0.75,2.0,0,1
RANGE_GAP5_SUPPORT,1.25,0.75,FULL,135,0.45185185185185184,0.6249819366473703,-0.2033490047481844,-0.2309916240388169,-0.24481293368413318,-27.452115641004895,37.0,4,15
RANGE_GAP5_SUPPORT,1.25,1.0,TRAIN,96,0.4375,0.769644155639635,-0.12766060698168186,-0.15464937461512068,-0.16814375843184007,-12.255418270241458,25.0,4,10
RANGE_GAP5_SUPPORT,1.25,1.0,OOS,39,0.358974358974359,0.56,-0.28205128205128205,-0.31130338234423743,-0.32592943249071515,-11.0,13.0,1,5
RANGE_GAP5_SUPPORT,1.25,1.0,YTD2026,6,0.3333333333333333,0.5,-0.3333333333333333,-0.3673450039720669,-0.38435083929143365,-2.0,3.0,0,1
RANGE_GAP5_SUPPORT,1.25,1.0,FULL,135,0.4148148148148148,0.7026241799263088,-0.17226235755734412,-0.19990497684797665,-0.21372628649329287,-23.255418270241456,36.0,5,15
RANGE_GAP5_SUPPORT,1.5,0.2,TRAIN,96,0.6979166666666666,0.46206896551724125,-0.1625,-0.18499063969453236,-0.1962359595417985,-15.600000000000001,18.800000000000004,3,10
RANGE_GAP5_SUPPORT,1.5,0.2,OOS,39,0.6666666666666666,0.4000000000000001,-0.19999999999999998,-0.22437675024412948,-0.23656512536619426,-7.8,7.999999999999998,1,5
RANGE_GAP5_SUPPORT,1.5,0.2,YTD2026,6,0.5,0.20000000000000004,-0.4000000000000001,-0.42834305886561125,-0.442514588298417,-2.4000000000000004,2.6000000000000005,0,1
RANGE_GAP5_SUPPORT,1.5,0.2,FULL,135,0.6888888888888889,0.4428571428571427,-0.17333333333333334,-0.19636884940886049,-0.20788660744662402,-23.400000000000002,25.800000000000026,4,15
RANGE_GAP5_SUPPORT,1.5,0.25,TRAIN,96,0.6979166666666666,0.5775862068965517,-0.12760416666666666,-0.150094806361199,-0.1613401262084652,-12.25,17.5,3,10
RANGE_GAP5_SUPPORT,1.5,0.25,OOS,39,0.6666666666666666,0.5,-0.16666666666666666,-0.19104341691079624,-0.2032317920328609,-6.5,6.75,1,5
RANGE_GAP5_SUPPORT,1.5,0.25,YTD2026,6,0.5,0.25,-0.375,-0.4033430588656113,-0.417514588298417,-2.25,2.5,0,1
RANGE_GAP5_SUPPORT,1.5,0.25,FULL,135,0.6888888888888889,0.5535714285714286,-0.1388888888888889,-0.16192440496441599,-0.17344216300217954,-18.75,23.0,4,15
RANGE_GAP5_SUPPORT,1.5,0.3,TRAIN,96,0.6875,0.66,-0.10625000000000001,-0.12874063969453234,-0.13998595954179852,-10.200000000000001,17.0,4,10
RANGE_GAP5_SUPPORT,1.5,0.3,OOS,39,0.6666666666666666,0.5999999999999999,-0.13333333333333333,-0.1577100835774629,-0.16989845869952758,-5.2,5.500000000000003,1,5
RANGE_GAP5_SUPPORT,1.5,0.3,YTD2026,6,0.5,0.3,-0.35000000000000003,-0.3783430588656113,-0.39251458829841696,-2.1,2.4,0,1
RANGE_GAP5_SUPPORT,1.5,0.3,FULL,135,0.6814814814814815,0.641860465116279,-0.11407407407407404,-0.13710959014960117,-0.14862734818736476,-15.399999999999995,20.999999999999986,5,15
RANGE_GAP5_SUPPORT,1.5,0.4,TRAIN,96,0.5833333333333334,0.5599999999999999,-0.18333333333333332,-0.20582397302786568,-0.21706929287513185,-17.599999999999998,22.599999999999994,3,10
RANGE_GAP5_SUPPORT,1.5,0.4,OOS,39,0.5897435897435898,0.5750000000000002,-0.17435897435897432,-0.19873572460310385,-0.21092409972516862,-6.799999999999998,7.1999999999999975,1,5
RANGE_GAP5_SUPPORT,1.5,0.4,YTD2026,6,0.5,0.4000000000000001,-0.3,-0.32834305886561127,-0.3425145882984169,-1.7999999999999998,2.1999999999999997,0,1
RANGE_GAP5_SUPPORT,1.5,0.4,FULL,135,0.5851851851851851,0.5642857142857141,-0.18074074074074073,-0.20377625681626782,-0.21529401485403132,-24.4,27.800000000000033,4,15
RANGE_GAP5_SUPPORT,1.5,0.5,TRAIN,96,0.5416666666666666,0.6022920032112179,-0.17883780938372307,-0.2013284490782554,-0.21257376892552157,-17.168429700837414,22.0,3,10
RANGE_GAP5_SUPPORT,1.5,0.5,OOS,39,0.5641025641025641,0.6470588235294118,-0.15384615384615385,-0.17822290409028338,-0.19041127921234807,-6.0,7.0,1,5
RANGE_GAP5_SUPPORT,1.5,0.5,YTD2026,6,0.5,0.5,-0.25,-0.2783430588656113,-0.292514588298417,-1.5,2.0,0,1
RANGE_GAP5_SUPPORT,1.5,0.5,FULL,135,0.5481481481481482,0.6149404294572282,-0.17161799778398085,-0.19465351385950797,-0.20617127189727147,-23.168429700837414,26.5,4,15
RANGE_GAP5_SUPPORT,1.5,0.6,TRAIN,96,0.5208333333333334,0.6641807164583322,-0.1580044760503897,-0.18049511574492205,-0.19174043559218823,-15.168429700837411,23.200000000000003,3,10
RANGE_GAP5_SUPPORT,1.5,0.6,OOS,39,0.5128205128205128,0.6315789473684209,-0.17948717948717954,-0.20386392973130898,-0.21605230485337373,-7.000000000000002,8.799999999999999,1,5
RANGE_GAP5_SUPPORT,1.5,0.6,YTD2026,6,0.5,0.6,-0.20000000000000004,-0.22834305886561132,-0.242514588298417,-1.2000000000000002,2.0,0,1
RANGE_GAP5_SUPPORT,1.5,0.6,FULL,135,0.5185185185185185,0.6545274708421281,-0.16421059037657337,-0.1872461064521005,-0.19876386448986405,-22.168429700837404,28.999999999999982,4,15
RANGE_GAP5_SUPPORT,1.5,0.75,TRAIN,96,0.4895833333333333,0.7318071238553823,-0.13456697605038972,-0.15705761574492205,-0.16830293559218823,-12.918429700837413,22.5,4,10
RANGE_GAP5_SUPPORT,1.5,0.75,OOS,39,0.48717948717948717,0.7125,-0.14743589743589744,-0.171812647680027,-0.18400102280209166,-5.75,7.0,1,5
RANGE_GAP5_SUPPORT,1.5,0.75,YTD2026,6,0.3333333333333333,0.375,-0.4166666666666667,-0.445009725532278,-0.4591812549650836,-2.5,3.25,0,1
RANGE_GAP5_SUPPORT,1.5,0.75,FULL,135,0.4888888888888889,0.7261425885447956,-0.1382846644506475,-0.16132018052617458,-0.17283793856393814,-18.66842970083741,27.25,5,15
RANGE_GAP5_SUPPORT,1.5,1.0,TRAIN,96,0.4583333333333333,0.8362366155421791,-0.08728661692917933,-0.10977725662371168,-0.12102257647097785,-8.379515225201216,22.0,4,10
RANGE_GAP5_SUPPORT,1.5,1.0,OOS,39,0.4358974358974359,0.7406936236383719,-0.1462753917937389,-0.17065214203786847,-0.18284051715993316,-5.704740279955818,10.0,2,5
RANGE_GAP5_SUPPORT,1.5,1.0,YTD2026,6,0.3333333333333333,0.5,-0.3333333333333333,-0.3616763921989447,-0.3758479216317503,-2.0,3.0,0,1
RANGE_GAP5_SUPPORT,1.5,1.0,FULL,135,0.45185185185185184,0.8075091188543597,-0.10432781855671877,-0.12736333463224586,-0.13888109267000942,-14.084255505157033,27.0,6,15
RANGE_GAP5_SUPPORT,1.75,0.2,TRAIN,96,0.7916666666666666,0.7599999999999998,-0.05000000000000001,-0.069277691166742,-0.07891653675011301,-4.800000000000001,9.599999999999998,4,10
RANGE_GAP5_SUPPORT,1.75,0.2,OOS,39,0.717948717948718,0.5090909090909093,-0.1384615384615384,-0.15935589581364945,-0.169803074489705,-5.399999999999999,5.999999999999999,1,5
RANGE_GAP5_SUPPORT,1.75,0.2,YTD2026,6,0.6666666666666666,0.4,-0.19999999999999998,-0.22429405045623826,-0.23644107568435735,-1.2,2.0,0,1
RANGE_GAP5_SUPPORT,1.75,0.2,FULL,135,0.7703703703703704,0.6709677419354839,-0.07555555555555557,-0.09530028362029305,-0.1051726476526618,-10.200000000000003,14.399999999999995,5,15
RANGE_GAP5_SUPPORT,1.75,0.25,TRAIN,96,0.78125,0.8928571428571429,-0.0234375,-0.042715191166742016,-0.05235403675011302,-2.25,8.25,4,10
RANGE_GAP5_SUPPORT,1.75,0.25,OOS,39,0.717948717948718,0.6363636363636364,-0.10256410256410256,-0.12345845991621357,-0.1339056385922691,-4.0,5.75,1,5
RANGE_GAP5_SUPPORT,1.75,0.25,YTD2026,6,0.6666666666666666,0.5,-0.16666666666666666,-0.19096071712290494,-0.20310774235102402,-1.0,2.0,0,1
RANGE_GAP5_SUPPORT,1.75,0.25,FULL,135,0.762962962962963,0.8046875,-0.046296296296296294,-0.0660410243610338,-0.07591338839340254,-6.25,12.0,5,15
RANGE_GAP5_SUPPORT,1.75,0.3,TRAIN,96,0.7083333333333334,0.7285714285714286,-0.07916666666666668,-0.09844435783340867,-0.10808320341677968,-7.6000000000000005,14.300000000000002,4,10
RANGE_GAP5_SUPPORT,1.75,0.3,OOS,39,0.6923076923076923,0.6749999999999999,-0.1,-0.12089435735211107,-0.13134153602816653,-3.9000000000000004,5.500000000000001,1,5
RANGE_GAP5_SUPPORT,1.75,0.3,YTD2026,6,0.6666666666666666,0.6,-0.13333333333333333,-0.1576273837895716,-0.16977440901769073,-0.8,2.0,0,1
RANGE_GAP5_SUPPORT,1.75,0.3,FULL,135,0.7037037037037037,0.7125,-0.08518518518518516,-0.1049299132499227,-0.11480227728229143,-11.499999999999996,18.299999999999997,5,15
RANGE_GAP5_SUPPORT,1.75,0.4,TRAIN,96,0.6354166666666666,0.7154927451424163,-0.10106637852105999,-0.12034406968780197,-0.12998291527117298,-9.702372338021759,14.399999999999999,3,10
RANGE_GAP5_SUPPORT,1.75,0.4,OOS,39,0.6410256410256411,0.7142857142857144,-0.10256410256410256,-0.1234584599162136,-0.1339056385922691,-4.0,5.6,1,5
RANGE_GAP5_SUPPORT,1.75,0.4,YTD2026,6,0.6666666666666666,0.8,-0.06666666666666665,-0.09096071712290492,-0.103107742351024,-0.3999999999999999,2.0,0,1
RANGE_GAP5_SUPPORT,1.75,0.4,FULL,135,0.6370370370370371,0.7151414437164684,-0.10149905435571673,-0.12124378242045418,-0.13111614645282296,-13.702372338021759,17.99999999999999,4,15
RANGE_GAP5_SUPPORT,1.75,0.5,TRAIN,96,0.6354166666666666,0.8943659314280208,-0.037524711854393315,-0.05680240302113532,-0.06644124860450631,-3.602372338021758,12.0,4,10
RANGE_GAP5_SUPPORT,1.75,0.5,OOS,39,0.6153846153846154,0.8,-0.07692307692307693,-0.09781743427518795,-0.10826461295124346,-3.0,6.0,1,5
RANGE_GAP5_SUPPORT,1.75,0.5,YTD2026,6,0.6666666666666666,1.0,0.0,-0.024294050456238225,-0.03644107568435736,0.0,2.0,0,1
RANGE_GAP5_SUPPORT,1.75,0.5,FULL,135,0.6296296296296297,0.8655386283055554,-0.048906461763124125,-0.06865118982786163,-0.07852355386023038,-6.602372338021757,15.0,5,15
RANGE_GAP5_SUPPORT,1.75,0.6,TRAIN,96,0.5729166666666666,0.8228939605329068,-0.07398304518772664,-0.09326073635446867,-0.10289958193783967,-7.102372338021757,18.000000000000004,3,10
RANGE_GAP5_SUPPORT,1.75,0.6,OOS,39,0.5641025641025641,0.776470588235294,-0.09743589743589744,-0.11833025478800849,-0.12877743346406395,-3.8000000000000003,7.200000000000001,1,5
RANGE_GAP5_SUPPORT,1.75,0.6,YTD2026,6,0.5,0.6,-0.20000000000000004,-0.22429405045623826,-0.23644107568435738,-1.2000000000000002,2.4000000000000004,0,1
RANGE_GAP5_SUPPORT,1.75,0.6,FULL,135,0.5703703703703704,0.809073215496471,-0.08075831361497601,-0.10050304167971344,-0.11037540571208224,-10.902372338021761,21.80000000000001,4,15
RANGE_GAP5_SUPPORT,1.75,0.75,TRAIN,96,0.5416666666666666,0.8857102367428604,-0.051314165940974876,-0.07059185710771691,-0.08023070269108788,-4.926159930333588,16.75,3,10
RANGE_GAP5_SUPPORT,1.75,0.75,OOS,39,0.5384615384615384,0.8360635302920999,-0.0756629860190308,-0.09655734337114183,-0.10700452204719728,-2.9508564547422016,8.5,2,5
RANGE_GAP5_SUPPORT,1.75,0.75,YTD2026,6,0.5,0.75,-0.125,-0.14929405045623823,-0.1614410756843574,-0.75,2.25,0,1
RANGE_GAP5_SUPPORT,1.75,0.75,FULL,135,0.5407407407407407,0.8710849336340053,-0.05834826951907993,-0.07809299758381742,-0.08796536161618618,-7.877016385075791,20.4508564547422,5,15
RANGE_GAP5_SUPPORT,1.75,1.0,TRAIN,96,0.5,1.0021374352277432,0.0010370269709557012,-0.018240664195786294,-0.02787950977915732,0.09955458921174731,16.0,4,10
RANGE_GAP5_SUPPORT,1.75,1.0,OOS,39,0.48717948717948717,0.8651111652647835,-0.06917376140267517,-0.0900681187547862,-0.10051529743084166,-2.6977766947043316,10.0,3,5
RANGE_GAP5_SUPPORT,1.75,1.0,YTD2026,6,0.5,1.0,0.0,-0.024294050456238225,-0.036441075684357394,0.0,2.0,0,1
RANGE_GAP5_SUPPORT,1.75,1.0,FULL,135,0.4962962962962963,0.9609739781084127,-0.019246089670315446,-0.038990817735052925,-0.04886318176742171,-2.598222105492585,17.9508564547422,7,15
RANGE_GAP5_SUPPORT,2.0,0.2,TRAIN,96,0.8645833333333334,1.2769230769230768,0.0375,0.02063202022910075,0.012198030343651118,3.5999999999999996,5.199999999999996,7,10
RANGE_GAP5_SUPPORT,2.0,0.2,OOS,39,0.8205128205128205,0.9142857142857144,-0.015384615384615382,-0.033667178067712494,-0.04280845940926108,-0.5999999999999999,2.0,3,5
RANGE_GAP5_SUPPORT,2.0,0.2,YTD2026,6,0.6666666666666666,0.4,-0.19999999999999998,-0.22125729414920844,-0.2318859412238127,-1.2,2.0,0,1
RANGE_GAP5_SUPPORT,2.0,0.2,FULL,135,0.8518518518518519,1.15,0.02222222222222223,0.004945585165576921,-0.0036927333627457364,3.000000000000001,5.999999999999995,10,15
RANGE_GAP5_SUPPORT,2.0,0.25,TRAIN,96,0.8125,1.0833333333333333,0.015625,-0.0012429797708992663,-0.009676969656348894,1.5,7.0,6,10
RANGE_GAP5_SUPPORT,2.0,0.25,OOS,39,0.7948717948717948,0.96875,-0.00641025641025641,-0.02469281909335353,-0.033834100434902106,-0.25,3.0,3,5
RANGE_GAP5_SUPPORT,2.0,0.25,YTD2026,6,0.6666666666666666,0.5,-0.16666666666666666,-0.18792396081587515,-0.19855260789047938,-1.0,2.0,0,1
RANGE_GAP5_SUPPORT,2.0,0.25,FULL,135,0.8074074074074075,1.0480769230769231,0.009259259259259259,-0.008017377797386049,-0.016655696325708708,1.25,8.75,9,15
RANGE_GAP5_SUPPORT,2.0,0.3,TRAIN,96,0.75,0.8999999999999999,-0.025000000000000005,-0.04186797977089926,-0.050301969656348894,-2.4000000000000004,9.200000000000003,5,10
RANGE_GAP5_SUPPORT,2.0,0.3,OOS,39,0.7692307692307693,1.0000000000000002,0.0,-0.018282562683097137,-0.027423844024645722,0.0,3.0,3,5
RANGE_GAP5_SUPPORT,2.0,0.3,YTD2026,6,0.6666666666666666,0.6,-0.13333333333333333,-0.1545906274825418,-0.16521927455714605,-0.8,2.0,0,1
RANGE_GAP5_SUPPORT,2.0,0.3,FULL,135,0.7555555555555555,0.9272727272727272,-0.017777777777777774,-0.03505441483442309,-0.043692733362745755,-2.3999999999999995,10.700000000000003,8,15
RANGE_GAP5_SUPPORT,2.0,0.4,TRAIN,96,0.6979166666666666,0.9583553205214277,-0.012130997872594152,-0.02899897764349337,-0.03743296752894301,-1.1645757957690386,8.799999999999997,4,10
RANGE_GAP5_SUPPORT,2.0,0.4,OOS,39,0.717948717948718,1.0181818181818185,0.0051282051282051325,-0.013154357554891982,-0.022295638896440557,0.20000000000000018,3.0,3,5
RANGE_GAP5_SUPPORT,2.0,0.4,YTD2026,6,0.6666666666666666,0.8,-0.06666666666666665,-0.08792396081587506,-0.09855260789047937,-0.3999999999999999,2.0,0,1
RANGE_GAP5_SUPPORT,2.0,0.4,FULL,135,0.7037037037037037,0.9752448018214075,-0.00714500589458548,-0.024421642951230747,-0.033059961479553424,-0.9645757957690397,9.799999999999997,7,15
RANGE_GAP5_SUPPORT,2.0,0.5,TRAIN,96,0.65625,0.9854659170596429,-0.004839331205927476,-0.021707310976826738,-0.03014130086227637,-0.46457579576903774,11.5,3,10
RANGE_GAP5_SUPPORT,2.0,0.5,OOS,39,0.6666666666666666,1.0,0.0,-0.018282562683097144,-0.027423844024645688,0.0,3.0,2,5
RANGE_GAP5_SUPPORT,2.0,0.5,YTD2026,6,0.5,0.5,-0.25,-0.27125729414920846,-0.2818859412238127,-1.5,2.5,0,1
RANGE_GAP5_SUPPORT,2.0,0.5,FULL,135,0.6592592592592592,0.989667959998574,-0.003441302190881764,-0.020717939247527076,-0.029356257775849742,-0.4645757957690382,12.5,5,15
RANGE_GAP5_SUPPORT,2.0,0.6,TRAIN,96,0.625,1.0122155081603994,0.004449063134980322,-0.01241891663591895,-0.02085290652136858,0.4271100609581109,11.800000000000006,5,10
RANGE_GAP5_SUPPORT,2.0,0.6,OOS,39,0.6666666666666666,1.1999999999999997,0.06666666666666664,0.04838410398356952,0.03924282264202096,2.5999999999999988,3.0,2,5
RANGE_GAP5_SUPPORT,2.0,0.6,YTD2026,6,0.5,0.6,-0.20000000000000004,-0.22125729414920844,-0.23188594122381276,-1.2000000000000002,2.4000000000000004,0,1
RANGE_GAP5_SUPPORT,2.0,0.6,FULL,135,0.6370370370370371,1.0631113693957686,0.0224230374885786,0.005146400431933266,-0.003491918096389372,3.027110060958111,13.000000000000005,7,15
RANGE_GAP5_SUPPORT,2.0,0.75,TRAIN,96,0.59375,1.102124414133193,0.040386563134980305,0.02351858336408105,0.015084593478631433,3.8771100609581093,11.75,5,10
RANGE_GAP5_SUPPORT,2.0,0.75,OOS,39,0.5897435897435898,1.0009028370083568,0.0003703946700951336,-0.017912168013001998,-0.02705344935455052,0.014445392133710211,6.75,2,5
RANGE_GAP5_SUPPORT,2.0,0.75,YTD2026,6,0.5,0.75,-0.125,-0.14625729414920843,-0.15688594122381275,-0.75,2.25,0,1
RANGE_GAP5_SUPPORT,2.0,0.75,FULL,135,0.5925925925925926,1.072113148221892,0.02882633668956904,0.011549699632923738,0.0029113811046010815,3.89155545309182,12.5,7,15
RANGE_GAP5_SUPPORT,2.0,1.0,TRAIN,96,0.5416666666666666,1.1482347001495907,0.06543878833566187,0.04857080856476261,0.04013681867931299,6.282123680223539,9.0,5,10
RANGE_GAP5_SUPPORT,2.0,1.0,OOS,39,0.5128205128205128,0.9612865995859847,-0.018860374560674097,-0.037142937243771226,-0.046284218585319774,-0.7355546078662898,6.0,3,5
RANGE_GAP5_SUPPORT,2.0,1.0,YTD2026,6,0.5,1.0,0.0,-0.021257294149208444,-0.031885941223812754,0.0,2.0,0,1
RANGE_GAP5_SUPPORT,2.0,1.0,FULL,135,0.5333333333333333,1.0903650606726492,0.04108569683227592,0.023809059775630616,0.015170741247307966,5.546569072357249,9.0,8,15
RANGE_GAP5_SUPPORT,2.25,0.2,TRAIN,96,0.875,1.3999999999999997,0.04999999999999999,0.03500624020364511,0.02750936030546766,4.799999999999999,3.1999999999999957,8,10
RANGE_GAP5_SUPPORT,2.25,0.2,OOS,39,0.8717948717948718,1.36,0.04615384615384617,0.02990267932442647,0.02177709590971664,1.8000000000000007,2.0,3,5
RANGE_GAP5_SUPPORT,2.25,0.2,YTD2026,6,0.8333333333333334,1.0,0.0,-0.018895372577074188,-0.02834305886561128,0.0,1.0,0,1
RANGE_GAP5_SUPPORT,2.25,0.2,FULL,135,0.8740740740740741,1.388235294117647,0.048888888888888885,0.03353187817187084,0.02585337281336182,6.6,3.5999999999999943,11,15
RANGE_GAP5_SUPPORT,2.25,0.25,TRAIN,96,0.8020833333333334,1.013157894736842,0.0026041666666666665,-0.012389593129688231,-0.019886473027865684,0.25,8.0,6,10
RANGE_GAP5_SUPPORT,2.25,0.25,OOS,39,0.8461538461538461,1.375,0.057692307692307696,0.041441140862888005,0.033315557448178164,2.25,3.0,4,5
RANGE_GAP5_SUPPORT,2.25,0.25,YTD2026,6,0.8333333333333334,1.25,0.041666666666666664,0.02277129408959248,0.013323607801055348,0.25,1.0,1,1
RANGE_GAP5_SUPPORT,2.25,0.25,FULL,135,0.8148148148148148,1.1,0.018518518518518517,0.0031615078015004646,-0.004516997557008572,2.5,9.75,10,15
RANGE_GAP5_SUPPORT,2.25,0.3,TRAIN,96,0.7291666666666666,0.8448188226611469,-0.04018125736823183,-0.05517501716458675,-0.06267189706276419,-3.857400707350256,8.000000000000004,4,10
RANGE_GAP5_SUPPORT,2.25,0.3,OOS,39,0.7948717948717948,1.1625000000000003,0.033333333333333326,0.017082166503913625,0.008956583089203801,1.2999999999999998,3.0,3,5
RANGE_GAP5_SUPPORT,2.25,0.3,YTD2026,6,0.8333333333333334,1.5,0.08333333333333333,0.06443796075625911,0.054990274467722054,0.5,1.0,1,1
RANGE_GAP5_SUPPORT,2.25,0.3,FULL,135,0.7481481481481481,0.9221666762344302,-0.018943708943335223,-0.0343007196603533,-0.04197922501886233,-2.557400707350255,9.500000000000004,7,15
RANGE_GAP5_SUPPORT,2.25,0.4,TRAIN,96,0.6875,0.9148433106546447,-0.025597924034898512,-0.040591683831253396,-0.04808856372943083,-2.4574007073502573,10.2,4,10
RANGE_GAP5_SUPPORT,2.25,0.4,OOS,39,0.7692307692307693,1.3333333333333337,0.07692307692307691,0.06067191009365724,0.05254632667894743,2.9999999999999996,3.0,4,5
RANGE_GAP5_SUPPORT,2.25,0.4,YTD2026,6,0.8333333333333334,2.0,0.16666666666666666,0.14777129408959247,0.13832360780105538,1.0,1.0,1,1
RANGE_GAP5_SUPPORT,2.25,0.4,FULL,135,0.7111111111111111,1.0143327138818699,0.004019254019627729,-0.011337756697390306,-0.019016262055899326,0.5425992926497434,11.2,8,15
RANGE_GAP5_SUPPORT,2.25,0.5,TRAIN,96,0.6458333333333334,0.9434708568735095,-0.0193479240348985,-0.034341683831253404,-0.04183856372943084,-1.8574007073502559,11.0,3,10
RANGE_GAP5_SUPPORT,2.25,0.5,OOS,39,0.717948717948718,1.2727272727272727,0.07692307692307693,0.060671910093657216,0.05254632667894736,3.0,3.0,3,5
RANGE_GAP5_SUPPORT,2.25,0.5,YTD2026,6,0.6666666666666666,1.0,0.0,-0.018895372577074226,-0.0283430588656113,0.0,1.0,0,1
RANGE_GAP5_SUPPORT,2.25,0.5,FULL,135,0.6666666666666666,1.0260525994295475,0.008463698464072179,-0.006893312252945874,-0.014571817611454905,1.1425992926497441,12.5,6,15
RANGE_GAP5_SUPPORT,2.25,0.6,TRAIN,96,0.6041666666666666,0.9497057140738555,-0.01882534843524052,-0.033819108231595445,-0.041315988129772906,-1.80723344978309,12.275775726190304,5,10
RANGE_GAP5_SUPPORT,2.25,0.6,OOS,39,0.6666666666666666,1.1567863659555946,0.052262121985198265,0.036010955155778554,0.027885371741068726,2.0382227574227323,4.0,3,5
RANGE_GAP5_SUPPORT,2.25,0.6,YTD2026,6,0.6666666666666666,1.2,0.06666666666666665,0.04777129408959243,0.038323607801055294,0.3999999999999999,1.0,1,1
RANGE_GAP5_SUPPORT,2.25,0.6,FULL,135,0.6222222222222222,1.004720505073963,0.0017110319084417884,-0.013645978808576287,-0.021324484167085305,0.23098930763964143,13.475775726190303,8,15
RANGE_GAP5_SUPPORT,2.25,0.75,TRAIN,96,0.5625,1.0056963378996988,0.0023320608666313933,-0.012661698929723506,-0.020158578827900946,0.22387784319661375,12.575775726190301,5,10
RANGE_GAP5_SUPPORT,2.25,0.75,OOS,39,0.5897435897435898,0.999066410674095,-0.00038301100549947983,-0.016634177834919158,-0.024759761249629014,-0.014937429214479714,6.8031601866372124,2,5
RANGE_GAP5_SUPPORT,2.25,0.75,YTD2026,6,0.6666666666666666,1.5,0.16666666666666666,0.14777129408959244,0.13832360780105538,1.0,1.0,1,1
RANGE_GAP5_SUPPORT,2.25,0.75,FULL,135,0.5703703703703704,1.0037781665739076,0.0015477067702380299,-0.013809303946780033,-0.02148780930528904,0.20894041398213403,13.325775726190301,7,15
RANGE_GAP5_SUPPORT,2.25,1.0,TRAIN,96,0.5208333333333334,1.0069343348411568,0.0031278231145649336,-0.01186593668178996,-0.019362816579967374,0.3002710189982336,10.712717200094293,5,10
RANGE_GAP5_SUPPORT,2.25,1.0,OOS,39,0.48717948717948717,0.8933248516478917,-0.05277182298399888,-0.06902298981341855,-0.07714857322812843,-2.0581010963759563,8.0,4,5
RANGE_GAP5_SUPPORT,2.25,1.0,YTD2026,6,0.5,1.3082363212711543,0.11780605547308724,0.09891068289601301,0.08946299660747592,0.7068363328385234,1.0,1,1
RANGE_GAP5_SUPPORT,2.25,1.0,FULL,135,0.5111111111111111,0.9719175069592386,-0.013020963536131285,-0.028377974253149325,-0.03605647961165834,-1.7578300773777236,12.834595987234863,9,15
RANGE_GAP5_SUPPORT,2.5,0.2,TRAIN,96,0.84375,1.0799999999999998,0.012499999999999992,-0.0009943838167193926,-0.00774157572507909,1.1999999999999993,5.3999999999999995,7,10
RANGE_GAP5_SUPPORT,2.5,0.2,OOS,39,0.8461538461538461,1.1,0.015384615384615387,0.0007585652381376822,-0.006554459835101165,0.6000000000000001,3.0,3,5
RANGE_GAP5_SUPPORT,2.5,0.2,YTD2026,6,0.8333333333333334,1.0,0.0,-0.017005835319366763,-0.02550875297905016,0.0,1.0,0,1
RANGE_GAP5_SUPPORT,2.5,0.2,FULL,135,0.8444444444444444,1.0857142857142859,0.013333333333333319,-0.0004879763119829019,-0.007398631134641033,1.799999999999998,6.6,10,15
RANGE_GAP5_SUPPORT,2.5,0.25,TRAIN,96,0.8125,1.0833333333333333,0.015625,0.002130616183280596,-0.004616575725079101,1.5,6.0,6,10
RANGE_GAP5_SUPPORT,2.5,0.25,OOS,39,0.8205128205128205,1.1428571428571428,0.02564102564102564,0.01101497549454793,0.003701950421309067,1.0,3.0,3,5
RANGE_GAP5_SUPPORT,2.5,0.25,YTD2026,6,0.8333333333333334,1.25,0.041666666666666664,0.024660831347299905,0.016157913687616505,0.25,1.0,1,1
RANGE_GAP5_SUPPORT,2.5,0.25,FULL,135,0.8148148148148148,1.1,0.018518518518518517,0.0046972088732022705,-0.0022134459494558543,2.5,6.25,9,15
RANGE_GAP5_SUPPORT,2.5,0.3,TRAIN,96,0.7604166666666666,1.0058947898153865,0.0013368683685913544,-0.012157515448128065,-0.018904707356487773,0.12833936338477003,7.400000000000002,5,10
RANGE_GAP5_SUPPORT,2.5,0.3,OOS,39,0.7948717948717948,1.1625000000000003,0.033333333333333326,0.018707283186855612,0.011394258113616761,1.2999999999999998,3.0,3,5
RANGE_GAP5_SUPPORT,2.5,0.3,YTD2026,6,0.8333333333333334,1.5,0.08333333333333333,0.06632749801396653,0.05782458035428314,0.5,1.0,1,1
RANGE_GAP5_SUPPORT,2.5,0.3,FULL,135,0.7703703703703704,1.0479764760460857,0.010580291580627926,-0.003241018064688328,-0.010151672887346459,1.42833936338477,7.400000000000002,8,15
RANGE_GAP5_SUPPORT,2.5,0.4,TRAIN,96,0.7083333333333334,1.0159997308048545,0.004461868368591341,-0.009032515448128034,-0.015779707356487732,0.42833936338476875,8.4,6,10
RANGE_GAP5_SUPPORT,2.5,0.4,OOS,39,0.717948717948718,1.179859207442227,0.04377799879168789,0.029151948645210205,0.02183892357197134,1.7073419528758276,3.0,3,5
RANGE_GAP5_SUPPORT,2.5,0.4,YTD2026,6,0.6666666666666666,0.8,-0.06666666666666665,-0.08367250198603342,-0.0921754196457168,-0.3999999999999999,1.2,0,1
RANGE_GAP5_SUPPORT,2.5,0.4,FULL,135,0.7111111111111111,1.0588920843897784,0.015819861601930343,0.0019985519566141233,-0.004912102866043995,2.1356813162605963,8.600000000000001,9,15
RANGE_GAP5_SUPPORT,2.5,0.5,TRAIN,96,0.6666666666666666,1.0228030608114644,0.007309250507984251,-0.006185133308735158,-0.01293232521709485,0.701688048766488,8.0,3,10
RANGE_GAP5_SUPPORT,2.5,0.5,OOS,39,0.717948717948718,1.4257756272786783,0.10363442139887916,0.08900837125240145,0.08169534617916256,4.041742434556287,3.0,3,5
RANGE_GAP5_SUPPORT,2.5,0.5,YTD2026,6,0.6666666666666666,1.0,0.0,-0.017005835319366763,-0.025508752979050142,0.0,1.0,0,1
RANGE_GAP5_SUPPORT,2.5,0.5,FULL,135,0.6814814814814815,1.1178072953520106,0.03513652209868722,0.021315212453370966,0.014404557630712847,4.743430483322775,9.5,6,15
RANGE_GAP5_SUPPORT,2.5,0.6,TRAIN,96,0.6354166666666666,1.0923721966825788,0.0315988530749502,0.018104469258230768,0.011357277349871056,3.0334898951952196,8.000000000000004,6,10
RANGE_GAP5_SUPPORT,2.5,0.6,OOS,39,0.6410256410256411,1.121583274020091,0.03894610939955889,0.024320059253081165,0.017007034179842312,1.5188982665827968,4.092658047124171,3,5
RANGE_GAP5_SUPPORT,2.5,0.6,YTD2026,6,0.6666666666666666,1.2,0.06666666666666665,0.04966083134729989,0.041157913687616454,0.3999999999999999,1.0,1,1
RANGE_GAP5_SUPPORT,2.5,0.6,FULL,135,0.6370370370370371,1.1004221357952753,0.03372139379094826,0.019900084145631984,0.012989429322973855,4.5523881617780155,8.668198153571272,9,15
RANGE_GAP5_SUPPORT,2.5,0.75,TRAIN,96,0.5729166666666666,1.0360867149456443,0.014348926887501154,0.0008545430707817316,-0.005892648837577961,1.3774969812001108,7.75,5,10
RANGE_GAP5_SUPPORT,2.5,0.75,OOS,39,0.5641025641025641,0.9818558098576645,-0.007207736754287291,-0.021833786900765,-0.029146811974003865,-0.28110173341720435,5.315502215097663,2,5
RANGE_GAP5_SUPPORT,2.5,0.75,YTD2026,6,0.6666666666666666,1.5,0.16666666666666666,0.1496608313472999,0.14115791368761652,1.0,1.0,1,1
RANGE_GAP5_SUPPORT,2.5,0.75,FULL,135,0.5703703703703704,1.0204305436020387,0.008121446279873377,-0.0056998633654428916,-0.012610518188100998,1.096395247782906,8.06819815357127,7,15
RANGE_GAP5_SUPPORT,2.5,1.0,TRAIN,96,0.5416666666666666,1.1309074261346868,0.05398746028124645,0.040493076464527045,0.033745884556167345,5.182796186999659,7.991784986929126,6,10
RANGE_GAP5_SUPPORT,2.5,1.0,OOS,39,0.46153846153846156,0.8376919050141306,-0.0780598115783661,-0.09268586172484383,-0.09999888679808266,-3.044332651556278,7.492658047124172,4,5
RANGE_GAP5_SUPPORT,2.5,1.0,YTD2026,6,0.5,1.3251777182188305,0.12269211659244521,0.1056862812730784,0.09718336361339501,0.7361526995546712,1.0,1,1
RANGE_GAP5_SUPPORT,2.5,1.0,FULL,135,0.5185185185185185,1.0366502774331534,0.01584047063291393,0.0020191609875976867,-0.004891493835060446,2.1384635354433805,9.029105385956425,10,15
RANGE_GAP5_SUPPORT,3.0,0.2,TRAIN,96,0.8333333333333334,0.9999999999999999,-4.625929269271485e-18,-0.011245319847266164,-0.016867979770899242,-4.440892098500626e-16,6.6,7,10
RANGE_GAP5_SUPPORT,3.0,0.2,OOS,39,0.8461538461538461,1.1,0.015384615384615375,0.003196240262550646,-0.0028979472984817325,0.5999999999999996,2.0,2,5
RANGE_GAP5_SUPPORT,3.0,0.2,YTD2026,6,0.8333333333333334,1.0,0.0,-0.01417152943280564,-0.02125729414920848,0.0,1.0,0,1
RANGE_GAP5_SUPPORT,3.0,0.2,FULL,135,0.837037037037037,1.0272727272727273,0.004444444444444433,-0.007073313593319089,-0.012832192612200855,0.5999999999999985,6.6,9,15
RANGE_GAP5_SUPPORT,3.0,0.25,TRAIN,96,0.78125,0.9545360569568629,-0.00930260969284054,-0.020547929540106712,-0.026170589463739805,-0.8930505305126919,8.25,4,10
RANGE_GAP5_SUPPORT,3.0,0.25,OOS,39,0.8205128205128205,1.1428571428571428,0.02564102564102564,0.013452650518960878,0.007358462957928516,1.0,2.0,2,5
RANGE_GAP5_SUPPORT,3.0,0.25,YTD2026,6,0.8333333333333334,1.25,0.041666666666666664,0.027495137233861027,0.020409372517458186,0.25,1.0,1,1
RANGE_GAP5_SUPPORT,3.0,0.25,FULL,135,0.7925925925925926,1.0040141600664243,0.0007922182924985769,-0.01072553974526496,-0.01648441876414673,0.10694946948730788,8.25,6,15
RANGE_GAP5_SUPPORT,3.0,0.3,TRAIN,96,0.7395833333333334,1.0126474782843033,0.0027711116696643146,-0.00847420817760188,-0.014096868101234958,0.2660267202877742,8.253772373010438,5,10
RANGE_GAP5_SUPPORT,3.0,0.3,OOS,39,0.7948717948717948,1.2891654706424311,0.053487969209248615,0.04129959408718385,0.035205406526151485,2.086030799160696,2.0,3,5
RANGE_GAP5_SUPPORT,3.0,0.3,YTD2026,6,0.8333333333333334,1.5,0.08333333333333333,0.06916180390052766,0.062076039184124854,0.5,1.0,1,1
RANGE_GAP5_SUPPORT,3.0,0.3,FULL,135,0.7555555555555555,1.0832647376377178,0.017422648292210886,0.005904890254447341,0.00014601123556555863,2.35205751944847,8.253772373010438,8,15
RANGE_GAP5_SUPPORT,3.0,0.4,TRAIN,96,0.6979166666666666,1.0543455065204697,0.014171707896936165,0.002926388049670013,-0.002696271873963071,1.3604839581058719,6.653772373010437,5,10
RANGE_GAP5_SUPPORT,3.0,0.4,OOS,39,0.717948717948718,1.190153810016649,0.0458833750614493,0.03369499993938456,0.02760081237835219,1.7894516273965229,3.0,3,5
RANGE_GAP5_SUPPORT,3.0,0.4,YTD2026,6,0.6666666666666666,0.8,-0.06666666666666665,-0.08083819609947229,-0.08792396081587511,-0.3999999999999999,1.2,0,1
RANGE_GAP5_SUPPORT,3.0,0.4,FULL,135,0.7037037037037037,1.0914495378190456,0.023332856188906632,0.011815098151143108,0.006056219132261336,3.149935585502395,8.253772373010438,8,15
RANGE_GAP5_SUPPORT,3.0,0.5,TRAIN,96,0.6666666666666666,1.1588602535676258,0.044829710036074444,0.033584390188808294,0.027961730265175167,4.303652163463147,7.753772373010437,5,10
RANGE_GAP5_SUPPORT,3.0,0.5,OOS,39,0.6666666666666666,1.067108830398039,0.019634578345786233,0.00744620322372147,0.0013520156626890972,0.7657485554856631,3.0,2,5
RANGE_GAP5_SUPPORT,3.0,0.5,YTD2026,6,0.6666666666666666,1.0,0.0,-0.01417152943280564,-0.02125729414920846,0.0,1.0,0,1
RANGE_GAP5_SUPPORT,3.0,0.5,FULL,135,0.6666666666666666,1.1316681172243126,0.03755111643665785,0.026033358398894323,0.020274479380012533,5.06940071894881,8.310604167653164,7,15
RANGE_GAP5_SUPPORT,3.0,0.6,TRAIN,96,0.6145833333333334,1.1109486484082394,0.03598846466384744,0.024743144816581252,0.019120484892948177,3.4548926077293545,7.625865398479013,6,10
RANGE_GAP5_SUPPORT,3.0,0.6,OOS,39,0.6153846153846154,1.039561100510043,0.013052377855563853,0.0008640027334991124,-0.0052301848275332664,0.5090427363669903,3.7196243317000577,2,5
RANGE_GAP5_SUPPORT,3.0,0.6,YTD2026,6,0.6666666666666666,1.2,0.06666666666666665,0.052495137233861046,0.04540937251745817,0.3999999999999999,1.0,1,1
RANGE_GAP5_SUPPORT,3.0,0.6,FULL,135,0.6148148148148148,1.0900754803510522,0.02936248403034329,0.01784472599257974,0.012085846973697984,3.9639353440963445,7.625865398479013,8,15
RANGE_GAP5_SUPPORT,3.0,0.75,TRAIN,96,0.59375,1.1396204793526803,0.04819751978325118,0.036952199935985,0.031329540012351935,4.626961899192113,7.197413443730671,7,10
RANGE_GAP5_SUPPORT,3.0,0.75,OOS,39,0.5384615384615384,0.9561990817376639,-0.01694435933343888,-0.02913273445550363,-0.03522692201653603,-0.6608300140041163,4.719624331700057,2,5
RANGE_GAP5_SUPPORT,3.0,0.75,YTD2026,6,0.5,1.0135716110862012,0.0050212082714820765,-0.009150321161323546,-0.016236085877726365,0.03012724962889246,1.0,1,1
RANGE_GAP5_SUPPORT,3.0,0.75,FULL,135,0.5777777777777777,1.0822393524393394,0.02937875470509627,0.017860996667332735,0.012102117648450969,3.9661318851879965,7.197413443730671,9,15
RANGE_GAP5_SUPPORT,3.0,1.0,TRAIN,96,0.5208333333333334,1.1469805232352885,0.05603489986071054,0.04478958001344439,0.039166920089811263,5.379350386628212,10.023959746607808,6,10
RANGE_GAP5_SUPPORT,3.0,1.0,OOS,39,0.48717948717948717,0.87139143996268,-0.05634745618455154,-0.06853583130661627,-0.07463001886764867,-2.19755079119751,4.867254191722148,1,5
RANGE_GAP5_SUPPORT,3.0,1.0,YTD2026,6,0.5,1.3514288147816016,0.13002120827148209,0.11584967883867647,0.10876391412227364,0.7801272496288925,1.0,1,1
RANGE_GAP5_SUPPORT,3.0,1.0,FULL,135,0.5111111111111111,1.0592666235578838,0.023568885892079276,0.012051127854315752,0.006292248835433956,3.1817995954307023,10.023959746607808,7,15
