slot,family,sl,rr,n_train,evc_train,evs_train,n_oos,evc_oos,evs_oos,n_2026,evc_2026,evs_2026,n_full,evc_full,evs_full,pf_full,days_full
LON_H1,DI_CONT_A20_G10,1.5,0.3,118,-0.008303284922514892,-0.018117645641875537,51,0.04824647436662457,0.03707559390287802,6,0.059663967069335966,0.04782928393733734,169,0.00876202705231417,-0.0014616976135771239,1.141040043111782,169
LON_H1,DI_CONT_A20_G10,1.5,0.4,118,-0.026099895092006387,-0.035914255811367056,51,0.10314843515093833,0.09197755468719175,6,0.1429973004026693,0.1311626172706707,169,0.012904038886633726,0.0026803142207424313,1.1281000342934628,169
LON_H1,DI_CONT_A20_G10,1.5,0.6,118,0.0708534670104568,0.06103910629109614,51,0.16981510181760498,0.15864422135385844,6,0.30966396706933597,0.2978292839373373,169,0.10071762899367903,0.09049390432778771,1.4095379647400594,169
LON_H1,DI_CONT_A20_G10,1.5,0.75,118,0.07311681532227152,0.06330245460291085,51,0.11001118024897752,0.098840299785231,6,0.14299730040266934,0.13116261727067066,169,0.08425061775577451,0.07402689308988318,1.2884906168566936,169
LON_H1,DI_CONT_A20_G10,1.5,1.0,118,0.05565371790910335,0.04583935718974267,51,0.21873531072540267,0.20756443026165614,6,0.309663967069336,0.2978292839373373,169,0.10486768970573805,0.09464396503984676,1.2993713036936032,169
LON_H1,DI_CONT_A20_G10,1.5,1.5,118,0.05009550474631345,0.040281144026952743,51,0.13245995654672352,0.12128907608297698,6,0.49280718098848825,0.4809724978564896,169,0.07495104937247266,0.06472732470658134,1.187782185074748,169
LON_H1,DI_CONT_A20_G10,2.0,0.3,118,-0.017032548437648874,-0.02439331897716937,51,0.13030250283379194,0.12192434248598205,6,0.0655813086353353,0.056705296286336325,169,0.027429508454916113,0.019761714955497632,1.219009125202554,169
LON_H1,DI_CONT_A20_G10,2.0,0.4,118,0.017439232741104423,0.010078462201583921,51,0.13618485577496847,0.12780669542715856,6,0.1489146419686687,0.14003862961966967,169,0.053273710698069306,0.04560591719865082,1.2972101548287645,169
LON_H1,DI_CONT_A20_G10,2.0,0.6,118,0.05345293028871048,0.046092159749189975,51,0.14402799302987035,0.1356498326820605,6,0.048914641968668626,0.04003862961966964,169,0.08078623324610193,0.07311843974668344,1.3168909156778754,169
LON_H1,DI_CONT_A20_G10,2.0,0.75,118,0.03951399718627574,0.03215322664675525,51,0.19578823335535425,0.18741007300754436,6,0.14891464196866863,0.14003862961966967,169,0.08667367792368995,0.07900588442427148,1.2943435536266135,169
LON_H1,DI_CONT_A20_G10,2.0,1.0,118,0.03571106870668214,0.028350298167161635,51,0.12353789605317889,0.11515973570536904,6,0.2624738265755136,0.2535978142265147,169,0.062215022521305396,0.05454722902188693,1.1854520615414723,169
LON_H1,DI_CONT_A20_G10,2.0,1.5,118,-0.026647262436930122,-0.0340080329764506,51,0.08890413817531495,0.08052597782750508,6,0.2639953782017348,0.25511936585273576,169,0.008223278576232604,0.0005554850768141249,1.0502411456264262,169
LON_H1,DI_CONT_A20_G10,2.25,0.3,118,-0.002197432950675622,-0.008740340096916072,51,0.15765451232284775,0.15020725868035004,6,0.06755375582400176,0.059663967069335966,169,0.04604191148097935,0.03922609503705181,1.3280745984074414,169
LON_H1,DI_CONT_A20_G10,2.25,0.4,118,0.03296392433062674,0.026421017184386296,51,0.16549764957774976,0.15805039593525205,6,0.15088708915733515,0.1429973004026693,169,0.07295930887265796,0.06614349242873038,1.398192615223379,169
LON_H1,DI_CONT_A20_G10,2.25,0.6,118,0.022385074100467865,0.015842166954227452,51,0.16897536098695826,0.16152810734446058,6,0.050887089157335065,0.042997300402669324,169,0.06662237961059218,0.05980656316666467,1.262036682891094,169
LON_H1,DI_CONT_A20_G10,2.25,0.75,118,0.013685659445239003,0.007142752298998571,51,0.16400713424575156,0.15655988060325382,6,0.1508870891573351,0.14299730040266934,169,0.05904894474006824,0.052233128296140685,1.2032394595855778,169
LON_H1,DI_CONT_A20_G10,2.25,1.0,118,0.01824238815910005,0.011699481012859643,51,0.07835321116173853,0.07090595751924088,6,0.21742700954788105,0.20953722079321527,169,0.03638234066285485,0.029566524218927345,1.1231422152985695,169
LON_H1,DI_CONT_A20_G10,2.25,1.5,118,-0.010814617689058734,-0.01735752483529916,51,0.09927146125077851,0.09182420760828085,6,-0.040429350325061446,-0.0483191390797272,169,0.02240662506793358,0.015590808624006032,1.082435795482732,169
LON_H1,DI_CONT_A20_G10,2.5,0.3,118,-0.00028277440137078287,-0.0061713908329871755,51,0.15914396305134726,0.15244143477309938,6,0.2857983802416016,0.2786975703624024,169,0.04782825287726011,0.041694018077725326,1.3311978548681946,169
LON_H1,DI_CONT_A20_G10,2.5,0.4,118,0.025478593793741386,0.019589977362125,51,0.186435604694905,0.179733076416657,6,0.1638307942916375,0.15672998441243835,169,0.07405141956864875,0.06791718476911394,1.4011971645233596,169
LON_H1,DI_CONT_A20_G10,2.5,0.6,118,0.00483332060411571,-0.0010552958275006823,51,0.2303575747590608,0.22365504648081289,6,0.0638307942916375,0.05672998441243828,169,0.07289093576330032,0.06675670096376554,1.2899144183108058,169
LON_H1,DI_CONT_A20_G10,2.5,0.75,118,0.004683139141349887,-0.001205477290266504,51,0.16065334115343052,0.1539508128751826,6,0.12967814197711347,0.12257733209791427,169,0.05175106992606062,0.04561683512652584,1.183347707656571,169
LON_H1,DI_CONT_A20_G10,2.5,1.0,118,-0.01737774224650813,-0.023266358678124488,51,0.07055126845848914,0.06384874018024121,6,0.2070500559764622,0.19994924609726303,169,0.009157047966242546,0.0030228131667077753,1.0545180156808764,169
LON_H1,DI_CONT_A20_G10,2.5,1.5,118,-0.024512868340214482,-0.030401484771830835,51,0.10412092617346548,0.09741839789521756,6,-0.05835400124251936,-0.0654548111217186,169,0.01430561402781913,0.008171379228284375,1.0647770588463452,169
LON_H1,DI_CONT_A20_G10,3.0,0.3,118,0.029470097630078244,0.02456291727039792,51,0.17089016354436626,0.16530472331249307,6,0.2881653168680013,0.28224797530200196,169,0.07214715894149061,0.06703529660854497,1.5302486871592285,169
LON_H1,DI_CONT_A20_G10,3.0,0.4,118,0.04047233401501702,0.03556515365533672,51,0.17704887540989098,0.1714634351780177,6,0.02775299168142839,0.02183565011542904,169,0.08168773999808548,0.07657587766513986,1.4745926480920608,169
LON_H1,DI_CONT_A20_G10,3.0,0.6,118,0.024534343353507827,0.019627162993827486,51,0.18541191144387364,0.17982647121200038,6,0.1610863250147617,0.15516898344876234,169,0.07308319526243479,0.0679713329294891,1.3120447245471842,169
LON_H1,DI_CONT_A20_G10,3.0,0.75,118,0.0009072613439833589,-0.00399991901569702,51,0.09280812314175414,0.08722268290988087,6,0.18599126530767118,0.18007392374167183,169,0.028640657507807667,0.023528795174861998,1.1252063658514588,169
LON_H1,DI_CONT_A20_G10,3.0,1.0,118,-0.016888712020754242,-0.021795892380434594,51,0.08783498566153507,0.08224954542966181,6,0.17114014917013912,0.1652228076041398,169,0.014714297338989863,0.0096024350060442,1.075756064388094,169
LON_H1,DI_CONT_A20_G10,3.0,1.5,118,-0.03680168485080934,-0.04170886521048967,51,0.11858944210151297,0.11300400186963973,6,-0.007401004597035704,-0.013318346163035039,169,0.01009149547208082,0.004979633139135169,1.059681495688823,169
LON_H1,DI_CONT_A20_G5,1.5,0.3,175,-0.04120983523451591,-0.051347328591523446,80,0.03367404271659189,0.022386064074887847,10,0.017466681411735786,0.006200022117603704,255,-0.0177168539165213,-0.028215283833433632,1.0144207156709026,255
LON_H1,DI_CONT_A20_G5,1.5,0.4,175,-0.06235269237737303,-0.07249018573438057,80,0.062424042716591924,0.05113606407488787,10,-0.04253331858826421,-0.05379997788239628,255,-0.02320704999495266,-0.03370547991186499,0.9922794727248267,255
LON_H1,DI_CONT_A20_G5,1.5,0.6,175,-0.0015498539311406948,-0.011687347288148254,80,0.05742404271659189,0.04613606407488785,10,0.09746668141173578,0.0862000221176037,255,0.01695176070344207,0.006453330786529736,1.1087291936741914,255
LON_H1,DI_CONT_A20_G5,1.5,0.75,175,-0.0034522819266027786,-0.013589775283610323,80,-0.012598098946898515,-0.02388607758860255,10,0.02746668141173584,0.016200022117603696,255,-0.006321557854538694,-0.016819987771451033,1.0352922405371923,255
LON_H1,DI_CONT_A20_G5,1.5,1.0,175,-0.029059118929119755,-0.0391966122861273,80,0.044857080513926034,0.033569101872221965,10,0.09488782211532525,0.0836211628211931,255,-0.005869723025419124,-0.01636815294233146,1.0318170532245925,255
LON_H1,DI_CONT_A20_G5,1.5,1.5,175,-0.04921904481863535,-0.059356538175642876,80,-0.01829521984741207,-0.029583198489116135,10,0.004773750466816606,-0.006492908827315525,255,-0.0395174526708006,-0.05001588258771291,0.9671400900845771,255
LON_H1,DI_CONT_A20_G5,2.0,0.3,175,-0.04084558503151504,-0.04844870504927072,80,0.10431803203744391,0.0958520480561659,10,0.023100011058801894,0.01465001658820277,255,0.004695941892079923,-0.0031778805456043227,1.0961577579905926,255
LON_H1,DI_CONT_A20_G5,2.0,0.4,175,-0.01874461257955567,-0.02634773259731133,80,0.10306803203744394,0.09460204805616591,10,0.10310001105880191,0.09465001658820282,255,0.019471119064993228,0.01159729662730898,1.1376853159788711,255
LON_H1,DI_CONT_A20_G5,2.0,0.6,175,0.01231040191463107,0.004707281896875398,80,0.13447655083381663,0.12601056685253859,10,0.10310001105880184,0.09465001658820278,255,0.05063703686966968,0.04276321443198543,1.2054906770706342,255
LON_H1,DI_CONT_A20_G5,2.0,0.75,175,-0.004890782894524757,-0.012493902912280405,80,0.1569589690083248,0.14849298502704675,10,0.14616586658649394,0.13771587211589487,255,0.04588560985931041,0.03801178742162616,1.1666982912038495,255
LON_H1,DI_CONT_A20_G5,2.0,1.0,175,-0.024849712642158416,-0.03245283265991407,80,0.07563706894056126,0.06717108495928323,10,0.05124885088344668,0.042798856412847607,255,0.006675552168106593,-0.0011982702695776662,1.0504784192498529,255
LON_H1,DI_CONT_A20_G5,2.0,1.5,175,-0.05976242997332324,-0.06736554999107888,80,0.0419795106124922,0.03351352663121417,10,0.05216178185917939,0.04371178738858028,255,-0.027843389789538,-0.03571721222722224,0.9752140351258368,255
LON_H1,DI_CONT_A20_G5,2.25,0.3,175,-0.015262709277840023,-0.02202103818251173,80,0.12837237243451388,0.12084705334004453,10,0.024977787607823865,0.017466681411735786,255,0.029799277141721977,0.022800323863780426,1.2258226513033752,255
LON_H1,DI_CONT_A20_G5,2.25,0.4,175,0.00176395537934341,-0.004994373525328305,80,0.13547352160086615,0.1279482025063968,10,0.10497778760782388,0.0974666814117358,255,0.04371205458609564,0.03671310130815408,1.2425645243338765,255
LON_H1,DI_CONT_A20_G5,2.25,0.6,175,-0.017031257608823996,-0.023789586513495675,80,0.12487392596946763,0.11734860687499823,10,0.05659188141021676,0.049080775214128736,255,0.027488015670640048,0.020489062392698487,1.1269469244290582,255
LON_H1,DI_CONT_A20_G5,2.25,0.75,175,-0.029976280525110397,-0.03673460942978208,80,0.11381122354008841,0.10628590444561903,10,0.018428218355337433,0.010917112159249408,255,0.015133524671814719,0.008134571393873172,1.0770350326868319,255
LON_H1,DI_CONT_A20_G5,2.25,1.0,175,-0.026156393554103825,-0.03291472245877553,80,0.05941633540261189,0.05189101630814254,10,0.02491358789596282,0.017402481699874794,255,0.00068995278525798,-0.006309000492683589,1.0346361553374441,255
LON_H1,DI_CONT_A20_G5,2.25,1.5,175,-0.031876787276810294,-0.03863511618148202,80,0.056301380804490805,0.04877606171002143,10,-0.1298002280278027,-0.13731133422389066,255,-0.004213048270911922,-0.01121200154885349,1.021618903131876,255
LON_H1,DI_CONT_A20_G5,2.5,0.3,175,-0.028250724064341745,-0.03433322007854627,80,0.1142851351910625,0.10751234800604008,10,0.1564800088470415,0.14972001327056222,255,0.01646640825107919,0.010167350300931797,1.141682255641517,255
LON_H1,DI_CONT_A20_G5,2.5,0.4,175,-0.010265552708597083,-0.01634804872280161,80,0.13996469102373993,0.1331919038387175,10,0.11329945727706306,0.10653946170058379,255,0.03686550414860668,0.030566446198459277,1.204972524550871,255
LON_H1,DI_CONT_A20_G5,2.5,0.6,175,-0.019810968857556094,-0.02589346487176062,80,0.16678987391515482,0.16001708673013235,10,0.06375214169921664,0.05699214612273742,255,0.038730472012314006,0.0324314140621666,1.1641056017918507,255
LON_H1,DI_CONT_A20_G5,2.5,0.75,175,-0.02083764128759971,-0.026920137301804207,80,0.08289357696146413,0.0761207897764417,10,-0.027181470863221157,-0.03394146643970036,255,0.011705486006224243,0.005406428056076857,1.0663418128350448,255
LON_H1,DI_CONT_A20_G5,2.5,1.0,175,-0.021140837255150834,-0.027223333269355356,80,0.05474598060059006,0.04797319341556762,10,0.01924167753638808,0.012481681959908874,255,0.002666791876061988,-0.0036322660740854096,1.0380638282091523,255
LON_H1,DI_CONT_A20_G5,2.5,1.5,175,-0.022666526981695315,-0.028749022995899827,80,0.05007204108277913,0.043299253897756705,10,-0.14000075679500085,-0.14676075237148012,255,0.00015341594049273955,-0.006145642009654643,1.0303295158135988,255
LON_H1,DI_CONT_A20_G5,3.0,0.3,175,-0.003622644754966268,-0.008691391433470043,80,0.11889180873383201,0.11324781941297997,10,0.18351535652995168,0.17788202688288562,255,0.03481326222191162,0.02956404726345545,1.2478475334642205,255
LON_H1,DI_CONT_A20_G5,3.0,0.4,175,0.015965331956109056,0.010896585277605281,80,0.1312570000790191,0.12561301075816708,10,0.05726796141800792,0.051634631770941866,255,0.0521352670534926,0.046886052095036435,1.2920351897490976,255
LON_H1,DI_CONT_A20_G5,3.0,0.6,175,0.016257571159768835,0.011188824481265043,80,0.08523707217027335,0.07959308284942135,10,0.01727684745836643,0.011643517811300375,255,0.037898198927770244,0.03264898396931408,1.1701016831954356,255
LON_H1,DI_CONT_A20_G5,3.0,0.75,175,-0.0008419727178774407,-0.0059107193963812196,80,0.04436255294613143,0.03871856362527938,10,0.032219811634112125,0.026586481987046072,255,0.013339839255144943,0.00809062429668878,1.073898372301975,255
LON_H1,DI_CONT_A20_G5,3.0,1.0,175,-0.01697188395448956,-0.022040630632993347,80,0.029114657488265232,0.023470668167413205,10,0.023309141951592904,0.01767581230452684,255,-0.0025133611489194397,-0.007762576107375609,1.023488238726576,255
LON_H1,DI_CONT_A20_G5,3.0,1.5,175,-0.008540890314397524,-0.013609636992901299,80,0.0623079421190053,0.05666395279815324,10,-0.08381555030871199,-0.08944887995577806,255,0.013686194370591591,0.008436979412135412,1.0696187419383312,255
LON_H1,EXPAND_BODY60,1.5,0.3,260,-0.02338071775837775,-0.03368877711324726,121,0.009772751075818152,-0.0010433527251157624,11,0.039298265947451436,0.02712921710299537,381,-0.012851663351717117,-0.02332107015533672,1.0360717359710434,381
LON_H1,EXPAND_BODY60,1.5,0.4,260,-0.022226871604531573,-0.03253493095940109,121,0.03126035438160331,0.020444250580669378,11,0.12111644776563328,0.10894739892117719,381,-0.005240114795286645,-0.01570952159890627,1.0572809157991303,381
LON_H1,EXPAND_BODY60,1.5,0.6,260,-0.030334278391585215,-0.04064233774645473,121,0.03376296707923693,0.02294686327830303,11,0.28475281140199693,0.2725837625575408,381,-0.009977935341796557,-0.02044734214541617,1.0299929942774741,381
LON_H1,EXPAND_BODY60,1.5,0.75,260,-0.02842682819258458,-0.03873488754745409,121,0.04738469159924327,0.03656858779830936,11,0.08929826594745144,0.07712921710299536,381,-0.004350203796754738,-0.014819610600374357,1.040017492561239,381
LON_H1,EXPAND_BODY60,1.5,1.0,260,-0.05372207250318274,-0.06403013185805226,121,0.059204975619750806,0.04838887181881687,11,0.24838917503836055,0.23622012619390445,381,-0.017858101839468947,-0.028327508643088563,1.0063350592245455,381
LON_H1,EXPAND_BODY60,1.5,1.5,260,0.006189948776844136,-0.00411811057802536,121,0.0709561343437234,0.06014003054278947,11,0.33929826594745144,0.3271292171029953,381,0.02675873736895014,0.01628933056533053,1.0884086079222035,381
LON_H1,EXPAND_BODY60,2.0,0.3,260,-0.014026019695731229,-0.02175706421188336,121,0.008604645885837968,0.0004925680351375493,11,0.16356460855149768,0.15443782191815558,381,-0.0068388529362302525,-0.014690908038944963,1.0400585679278165,381
LON_H1,EXPAND_BODY60,2.0,0.4,260,-0.036024586826238915,-0.04375563134239105,121,-0.0019682425620345225,-0.010080320412734954,11,0.2544736994605886,0.24534691282724655,381,-0.02520879245361757,-0.03306084755633229,0.9669552299773571,381
LON_H1,EXPAND_BODY60,2.0,0.6,260,-0.03813439797234481,-0.04586544248849694,121,0.0022687946587076854,-0.005843283191992714,11,0.29083733582422494,0.28171054919088284,381,-0.02530293784542262,-0.033154992948137334,0.9739807310377183,381
LON_H1,EXPAND_BODY60,2.0,0.75,260,-0.052737974804995716,-0.06046901932114784,121,0.039966922436990675,0.03185484458629028,11,0.4135646085514976,0.4044378219181555,381,-0.023296262032606325,-0.031148317135321055,0.9815034203311722,381
LON_H1,EXPAND_BODY60,2.0,1.0,260,-0.01722842044231782,-0.024959464958469964,121,0.017445853780476344,0.009333775929775918,11,0.4362918812787704,0.4271650946454283,381,-0.006216380597283441,-0.014068435699998173,1.0209486846821476,381
LON_H1,EXPAND_BODY60,2.0,1.5,260,0.006294526091700881,-0.0014365184244512685,121,-0.04627193262082649,-0.05438401047152692,11,0.5035840378274861,0.49445725119414397,381,-0.01039980856503354,-0.01825186366774825,1.010885465869882,381
LON_H1,EXPAND_BODY60,2.25,0.3,260,-0.00723541070128414,-0.014107450271197147,121,0.032728350254521546,0.02551761438723229,11,0.165592783358907,0.15748008412926962,381,0.00545649238441793,-0.001523112151328491,1.092135870537908,381
LON_H1,EXPAND_BODY60,2.25,0.4,260,-0.006807747304598128,-0.013679786874511136,121,0.01685886946633285,0.009648133599043589,11,0.25650187426799803,0.24838917503836055,381,0.000708422326064984,-0.0062711822096814295,1.0551630151269922,381
LON_H1,EXPAND_BODY60,2.25,0.6,260,-0.0400937107293217,-0.0469657502992347,121,0.01433301887675746,0.007122283009468213,11,0.2928655106316343,0.28475281140199693,381,-0.022808581379359552,-0.029788185915105972,0.9752776095895237,381
LON_H1,EXPAND_BODY60,2.25,0.75,260,-0.016965598795392143,-0.023837638365305152,121,0.025724417122044915,0.01851368125475566,11,0.2565018742679979,0.24838917503836058,381,-0.003407877204815018,-0.010387481740561423,1.0272827063019274,381
LON_H1,EXPAND_BODY60,2.25,1.0,260,0.000883897058151441,-0.005988142511761573,121,0.025500858368514477,0.01829012250122522,11,0.4383200560861797,0.43020735685654243,381,0.008701882146219494,0.0017222776104730722,1.053597963689521,381
LON_H1,EXPAND_BODY60,2.25,1.5,260,0.0386762070786233,0.03180416750871027,121,-0.005103642627213325,-0.012314378494502582,11,0.47793328614968456,0.46982058692004713,381,0.024772370295404838,0.017792765759658418,1.0877013175397523,381
LON_H1,EXPAND_BODY60,2.5,0.3,260,-0.007018032107389666,-0.013202867720311373,121,0.012528354420525988,0.006038692139965636,11,0.1672153232048345,0.15991389389816082,381,-0.0008103870420936172,-0.007092031124265396,1.0549023984342112,381
LON_H1,EXPAND_BODY60,2.5,0.4,260,-0.013227315793058357,-0.019412151405980075,121,0.0065783701434254825,8.87078628651325e-05,11,0.13705118541394504,0.12974975610727135,381,-0.006937321046825972,-0.01321896512899774,1.0209463349432122,381
LON_H1,EXPAND_BODY60,2.5,0.6,260,-0.048327660376453516,-0.05451249598937522,121,0.02574210889695062,0.019252446616390296,11,0.30068754905030864,0.293386119743635,381,-0.02480419034474247,-0.031085834426914264,0.9649938838864768,381
LON_H1,EXPAND_BODY60,2.5,0.75,260,-0.02789932608964725,-0.03408416170256895,121,0.00806736580340217,0.001577703522841847,11,0.26432391268667227,0.25702248337999867,381,-0.016476833388705047,-0.022758477470876816,0.9897420194905868,381
LON_H1,EXPAND_BODY60,2.5,1.0,260,0.010600954389553125,0.0044161187766314156,121,-0.02424958297536102,-0.030739245255921352,11,0.36558170396888556,0.35828027466221196,381,-0.00046706403867420116,-0.006748708120845984,1.029662064799766,381
LON_H1,EXPAND_BODY60,2.5,1.5,260,0.028478288803623134,0.022293453190701445,121,0.001942360028813293,-0.004547302251747056,11,0.46361218338019033,0.4563107540735167,381,0.02005086785414284,0.013769223771971071,1.0778180399462276,381
LON_H1,EXPAND_BODY60,3.0,0.3,260,-0.006606266687220026,-0.011760296364654789,121,0.002132747390005957,-0.0032753045104609887,11,0.19217823826834735,0.18609371384611928,381,-0.0038308842637440562,-0.00906558766555387,1.031311786128447,381
LON_H1,EXPAND_BODY60,3.0,0.4,260,-0.018126723373308253,-0.023280753050743012,121,-0.01874576751180599,-0.024153819412272924,11,0.17613236586684855,0.1700478414446205,381,-0.01832332269288365,-0.023558026094693454,0.9704542318021351,381
LON_H1,EXPAND_BODY60,3.0,0.6,260,-0.01213919950331292,-0.017293229180747667,121,-0.011457348496450937,-0.016865400396917904,11,0.19431418404866665,0.18822965962643864,381,-0.011922653645490616,-0.01715735704730041,0.9955038100865572,381
LON_H1,EXPAND_BODY60,3.0,0.75,260,-0.0059915805701913965,-0.011145610247626163,121,-0.0052095325788696755,-0.01061758447933662,11,0.30340509313957575,0.29732056871734774,381,-0.005743213622816265,-0.010977917024626072,1.0136881616277462,381
LON_H1,EXPAND_BODY60,3.0,1.0,260,0.015868487285942146,0.01071445760850738,121,-0.05235304389053763,-0.05776109579100459,11,0.287660470232659,0.28157594581043094,381,-0.0057976682845409435,-0.011032371686350743,1.013009341113511,381
LON_H1,EXPAND_BODY60,3.0,1.5,260,0.017326207356298255,0.012172177678863503,121,0.03469884011837626,0.029290788217909335,11,0.4146796196989737,0.4085950952767457,381,0.022843500175750858,0.017608796773941043,1.0913838268299147,381
LON_H1,FALL_CONT_G10,1.5,0.3,31,0.028736038641666226,0.018910509575402582,14,0.09273581271559259,0.08196086193053174,3,-0.15593060988154162,-0.16722924815564566,45,0.04864707946466556,0.03852617475255389,1.3875000000000004,45
LON_H1,FALL_CONT_G10,1.5,0.4,31,-0.07126396135833375,-0.08108949042459737,14,0.17845009842987833,0.1676751476448175,3,-0.08926394321487495,-0.100562581488979,45,0.006424857242443338,-0.0036960474696683065,1.1,45
LON_H1,FALL_CONT_G10,1.5,0.6,31,0.06421990960940815,0.05439438054314452,14,0.3498786698584497,0.3391037190733889,3,0.044069390118458375,0.032770751844354296,45,0.15309152390910993,0.14297061919699836,1.6500000000000001,45
LON_H1,FALL_CONT_G10,1.5,0.75,31,0.01799652576405766,0.008170996697794043,14,0.3534500984298781,0.3426751476448175,3,0.1440693901184584,0.1327707518443543,45,0.12235985948231297,0.11223895477020132,1.4185160458932717,45
LON_H1,FALL_CONT_G10,1.5,1.0,31,0.006138890711236931,-0.0036866383550267123,14,0.5498786698584497,0.5391037190733888,3,0.31073605678512506,0.29943741851102096,45,0.17530237755703648,0.16518147284492482,1.507674755722264,45
LON_H1,FALL_CONT_G10,1.5,1.5,31,-0.017513334886191678,-0.02733886395245531,14,0.5855929555727355,0.5748180047876744,3,0.6440693901184584,0.6327707518443543,45,0.17011973325658566,0.15999882854447395,1.3835713172053432,45
LON_H1,FALL_CONT_G10,2.0,0.3,31,-0.09215764843810519,-0.09952679523780289,14,0.09812328810812303,0.09004207501932739,3,-0.15028129074448954,-0.1587552694500676,45,-0.0329591348459453,-0.040549813380029026,0.9272727272727274,45
LON_H1,FALL_CONT_G10,2.0,0.4,31,-0.02118990650262127,-0.028559053302318997,14,0.18383757382240878,0.17575636073361317,3,-0.08361462407782283,-0.09208860278340092,45,0.04259642070961029,0.03500574217552657,1.2363636363636366,45
LON_H1,FALL_CONT_G10,2.0,0.6,31,-0.026040993256894875,-0.033410140056592624,14,0.24098043096526586,0.23289921787647025,3,0.049718709255510474,0.04124473054993242,45,0.0570323387233329,0.04944166018924917,1.2280481521125293,45
LON_H1,FALL_CONT_G10,2.0,0.75,31,-0.05184744486979814,-0.059216591669495805,14,0.35883757382240866,0.3507563607336131,3,0.14971870925551048,0.14124473054993245,45,0.07592122761222177,0.06833054907813807,1.2522888365012692,45
LON_H1,FALL_CONT_G10,2.0,1.0,31,-0.06555435600335349,-0.07292350280305115,14,0.2695518595366944,0.26147064644789886,3,0.31638537592217714,0.3079113972165991,45,0.038700911053550315,0.031110232519466603,1.1197401849363344,45
LON_H1,FALL_CONT_G10,2.0,1.5,31,-0.03298147358113709,-0.040350620380834826,14,0.5278618563054239,0.5197806432166282,3,0.3551653608429144,0.3466913821373363,45,0.14150311793912632,0.13391243940504258,1.3390027998911984,45
LON_H1,FALL_CONT_G10,2.25,0.3,31,-0.048584576389426815,-0.05513492910026926,14,0.09991911323896649,0.09273581271559259,3,-0.14839818436547217,-0.15593060988154162,45,-0.0023834285050377967,-0.00913069831311223,1.0500000000000003,45
LON_H1,FALL_CONT_G10,2.25,0.4,31,0.025608971997669996,0.01905861928682755,14,0.18563339895325223,0.17845009842987833,3,-0.08173151769880545,-0.08926394321487495,45,0.07539434927274004,0.06864707946466557,1.4000000000000001,45
LON_H1,FALL_CONT_G10,2.25,0.6,31,-0.016491445484661974,-0.02304179819550439,14,0.24277625609610934,0.2355929555727354,3,0.051601815634527815,0.044069390118458375,45,0.06416961722935578,0.057422347421281335,1.2497527358720373,45
LON_H1,FALL_CONT_G10,2.25,0.75,31,-0.04229789709756519,-0.0488482498084076,14,0.2356333989532522,0.22845009842987826,3,0.15160181563452782,0.1440693901184584,45,0.04416961722935579,0.03742234742128134,1.1526998020707455,45
LON_H1,FALL_CONT_G10,2.25,1.0,31,-0.011317847554485892,-0.017868200265328316,14,0.2713476846675379,0.26416438414416404,3,0.3182684823011945,0.31073605678512506,45,0.07662254024792149,0.06987527043984709,1.2186813043121618,45
LON_H1,FALL_CONT_G10,2.25,1.5,31,0.026684000310439892,0.02013364759959746,14,0.41083781615056264,0.4036545156271886,3,-0.19744423744469045,-0.20497666296075992,45,0.14619852079403362,0.13945125098595917,1.3836048210542915,45
LON_H1,FALL_CONT_G10,2.5,0.3,31,-0.04727450584725835,-0.05316982328701653,14,0.19421291620078415,0.1877479457297476,3,0.28644163407107504,0.2796624511066126,45,0.027854914345465973,0.021782371518198968,1.2000000000000002,45
LON_H1,FALL_CONT_G10,2.5,0.4,31,-0.00838078637148654,-0.014276103811244735,14,0.287070059057927,0.2806050885868905,3,0.38644163407107507,0.3796624511066126,45,0.08353725442877545,0.07746471160150845,1.4441483819770824,45
LON_H1,FALL_CONT_G10,2.5,0.6,31,-0.06387455900071193,-0.06976987644047011,14,0.31588685384440307,0.30942188337336646,3,0.05310830073774168,0.04632911777327923,45,0.05427343610665716,0.04820089327939016,1.215116079012552,45
LON_H1,FALL_CONT_G10,2.5,0.75,31,-0.06681860407991592,-0.07271392151967418,14,0.18374399670154595,0.17727902623050945,3,0.1531083007377417,0.14632911777327925,45,0.011134205052094424,0.005061662224827404,1.0614939072012957,45
LON_H1,FALL_CONT_G10,2.5,1.0,31,-0.06059339829726192,-0.06648871573702013,14,0.34445828241583165,0.33799331194479515,3,0.31977496740440836,0.3129957844399459,45,0.06542268014681163,0.059350137319544624,1.1997512411986924,45
LON_H1,FALL_CONT_G10,2.5,1.5,31,0.024015600279395886,0.018120282839637705,14,0.35156310780482924,0.34509813733379285,3,-0.21103314703355477,-0.21781232999801728,45,0.1259192692873085,0.1198467264600415,1.3477090855657716,45
LON_H1,FALL_CONT_G10,3.0,0.3,31,-0.010457165370918238,-0.015369929904050075,14,0.24523029461307908,0.23984281922054868,3,0.28870136172589583,0.2830520425888438,45,0.06909004440188093,0.06402959204582509,1.492638949465221,45
LON_H1,FALL_CONT_G10,3.0,0.4,31,-0.023435683299622305,-0.028348447832754132,14,0.23929409826588405,0.2339066228733537,3,0.06004491015824559,0.05439559102119355,45,0.058302470965201914,0.053242018609146076,1.3424967698273054,45
LON_H1,FALL_CONT_G10,3.0,0.6,31,-0.06606352837548647,-0.0709762929086183,14,0.2821512411230269,0.27676376573049655,3,0.19337824349157892,0.18772892435452684,45,0.04226995546849548,0.03720950311243963,1.185469245540557,45
LON_H1,FALL_CONT_G10,3.0,0.75,31,-0.03903103429733488,-0.04394379883046674,14,0.32079190930555573,0.31540443391302525,3,0.2933782434915789,0.28772892435452685,45,0.07291388149023109,0.06785342913417523,1.282732690636334,45
LON_H1,FALL_CONT_G10,3.0,1.0,31,-0.010475461494873743,-0.015388226028005573,14,0.43942714524661347,0.43403966985408304,3,0.26367601121651485,0.25802669207946277,45,0.12949423838025562,0.12443378602419977,1.472862618090757,45
LON_H1,FALL_CONT_G10,3.0,1.5,31,-0.022900124623441685,-0.02781288915657354,14,0.48742688284400615,0.48203940745147583,3,-0.09340629631783483,-0.09905561545488685,45,0.1358682776997643,0.1308078253437085,1.4738560197038066,45
LON_H1,FALL_CONT_G5,1.5,0.3,103,-0.04839299561604581,-0.05851182352115607,48,-0.02017701638603577,-0.03130719124572031,7,-0.09301554542046894,-0.10380903241641769,151,-0.03942367771511547,-0.049863993393865214,0.924324324324324,151
LON_H1,FALL_CONT_G5,1.5,0.4,103,-0.08237357814031765,-0.0924924060454279,48,-0.0014270163860357343,-0.012557191245720254,7,-0.22158697399189756,-0.2323804609878462,151,-0.05664222076147305,-0.06708253644022281,0.8851063829787235,151
LON_H1,FALL_CONT_G5,1.5,0.6,103,-0.02606289852866716,-0.03618172643377744,48,-0.05559368305270244,-0.06672385791238696,7,-0.10730125970618323,-0.11809474670213194,151,-0.03545016778134062,-0.04589048346009039,0.9620689655172413,151
LON_H1,FALL_CONT_G5,1.5,0.75,103,-0.028324305317073643,-0.038443133222183894,48,-0.10458891915851977,-0.1157190940182043,7,-0.021586973991897494,-0.032380460987846256,151,-0.052567361372632675,-0.06300767705138242,0.9286235859754564,151
LON_H1,FALL_CONT_G5,1.5,1.0,103,-0.10393729237847237,-0.11405612028358263,48,-0.06184967535501399,-0.0729798502146985,7,0.0033003698703730927,-0.007493117125575687,151,-0.09055844723194255,-0.1009987629106923,0.866527711665047,151
LON_H1,FALL_CONT_G5,1.5,1.5,103,-0.15475799592210593,-0.16487682382721616,48,-0.05460261214239748,-0.06573278700208203,7,-0.13955677298676977,-0.15035025998271853,151,-0.12292052293252975,-0.13336083861127948,0.8346780226738844,151
LON_H1,FALL_CONT_G5,2.0,0.3,103,-0.07356840210994621,-0.0811575230387789,48,0.039554737710473194,0.031207106565709793,7,-0.08761880192249454,-0.09571391716945613,151,-0.03760872852464732,-0.04543896528370966,0.9109429274921291,151
LON_H1,FALL_CONT_G5,2.0,0.4,103,-0.042500440944897626,-0.05008956187373034,48,0.03330473771047321,0.02495710656570982,7,-0.016190230493923097,-0.024285345740884652,151,-0.01840343051140227,-0.026233667270464597,0.990415496866346,151
LON_H1,FALL_CONT_G5,2.0,0.6,103,-0.0370137365707842,-0.04460285749961691,48,0.10231893570442764,0.09397130455966425,7,0.12666691236321972,0.11857179711625818,151,0.007277444020011634,-0.0005527927390506954,1.0653074545005334,151
LON_H1,FALL_CONT_G5,2.0,0.75,103,-0.07410053583744275,-0.08168965676627546,48,0.12541937731611474,0.11707174617135134,7,0.14533242025992268,0.13723730501296114,151,-0.010676987285318518,-0.018507224044380842,1.0122787684937213,151
LON_H1,FALL_CONT_G5,2.0,1.0,103,-0.1271974425402006,-0.1347865634690333,48,0.009357193920070173,0.0010095627753067642,7,-0.016171188978869107,-0.02426630422583063,151,-0.08378934618196882,-0.09161958294103113,0.8631574182860419,151
LON_H1,FALL_CONT_G5,2.0,1.5,103,-0.10899102705313872,-0.11658014798197143,48,0.09556819373820545,0.08722056259344206,7,0.0004488045585897549,-0.007646310688371865,151,-0.04396557938436708,-0.05179581614342937,0.9461146779636643,151
LON_H1,FALL_CONT_G5,2.25,0.3,103,-0.02116544049470946,-0.027911325764782974,48,0.051281451226174994,0.04386133465305197,7,-0.08581988742316977,-0.09301554542046894,151,0.0018640350192140726,-0.005096175433285778,1.0728516011555846,151
LON_H1,FALL_CONT_G5,2.25,0.4,103,-0.024751594321763618,-0.031497479591837144,48,0.056866699836762104,0.04944658326363904,7,-0.014391315994598324,-0.021586973991897535,151,0.0011932938875690601,-0.005766916564930796,1.0557744872040695,151
LON_H1,FALL_CONT_G5,2.25,0.6,103,-0.06301450033805006,-0.06976038560812357,48,0.06050563874548045,0.05308552217235744,7,0.059343103723105826,0.05214744572580666,151,-0.023749820364477443,-0.030710030816977287,0.9725963860393053,151
LON_H1,FALL_CONT_G5,2.25,0.75,103,-0.08263246089997553,-0.08937834617004904,48,0.015054875609047261,0.007634759035924217,7,-0.038033557783864684,-0.045229215781163824,151,-0.05157953273816695,-0.05853974319066681,0.9099726998361021,151
LON_H1,FALL_CONT_G5,2.25,1.0,103,-0.09050948352759933,-0.09725536879767285,48,0.031029021990016854,0.023608905416893828,7,-0.01437439020343924,-0.02157004820073838,151,-0.05187472680676768,-0.058834937259267556,0.9177756842864533,151
LON_H1,FALL_CONT_G5,2.25,1.5,103,-0.08008644102426161,-0.08683232629433513,48,0.07574217215947639,0.06832205558635336,7,-0.23539412723738998,-0.24258978523468905,151,-0.030551517628106494,-0.037511728080606356,0.9660298863998275,151
LON_H1,FALL_CONT_G5,2.5,0.3,103,-0.044874139163685114,-0.05094543590675129,48,0.05386163943689082,0.047183534521080116,7,0.10133352989057576,0.0948574376930065,151,-0.013487931396614616,-0.019752120803864487,0.9958177835260793,151
LON_H1,FALL_CONT_G5,2.5,0.4,103,-0.046687063008529726,-0.05275835975159591,48,0.10099686324507322,0.09431875832926247,7,0.18704781560486156,0.18057172340729227,151,0.0002588208336751733,-0.006005368573574695,1.0472451214909184,151
LON_H1,FALL_CONT_G5,2.5,0.6,103,-0.07206407078637314,-0.0781353675294393,48,0.11065403347708334,0.10397592856127265,7,0.05912307906508096,0.05264698686751173,151,-0.013981494596665119,-0.020245684003914972,0.9957860138511629,151
LON_H1,FALL_CONT_G5,2.5,0.75,103,-0.09136451051501338,-0.09743580725807954,48,-0.023862379906418967,-0.030540484822229652,7,-0.0843655226116667,-0.090841614809236,151,-0.0699068795930761,-0.07617106900032597,0.8601111784228562,151
LON_H1,FALL_CONT_G5,2.5,1.0,103,-0.05480539660921438,-0.06087669335228057,48,0.07704174506383278,0.07036364014802214,7,-0.012936951183095267,-0.019413043380664567,151,-0.012893722435000697,-0.019157911842250575,0.9991355242310064,151
LON_H1,FALL_CONT_G5,2.5,1.5,103,-0.059058948536739715,-0.0651302452798059,48,0.06812417613348896,0.061446071217678276,7,-0.24042614308507945,-0.2469022352826488,151,-0.018629875793885576,-0.024894065201135438,0.9864991474746326,151
LON_H1,FALL_CONT_G5,3.0,0.3,103,-0.05104162698589532,-0.05610104093845046,48,0.06414780808204647,0.05858272065220421,7,0.13889510703845662,0.13349836354048225,151,-0.014425117825225079,-0.01964527566459997,0.9820930181401446,151
LON_H1,FALL_CONT_G5,3.0,0.4,103,-0.03180894105133629,-0.03686835500389141,48,0.07707371069349715,0.07150862326365487,7,0.08375662779517797,0.07835988429720357,151,0.0028027628145710242,-0.0024173950248038583,1.0534711988680896,151
LON_H1,FALL_CONT_G5,3.0,0.6,103,-0.05693775520576944,-0.06199716915832458,48,-0.02101189494051901,-0.026576982370361286,7,-0.03051639214716698,-0.03591313564514139,151,-0.04551761419429911,-0.050737772033674015,0.8948861830490118,151
LON_H1,FALL_CONT_G5,3.0,0.75,103,-0.04510294920625956,-0.05016236315881471,48,0.023650626310150562,0.01808553888030834,7,0.012340750709975867,0.006944007212001486,151,-0.023247507982500065,-0.02846766582187494,0.9636905085393156,151
LON_H1,FALL_CONT_G5,3.0,1.0,103,-0.04615273412173582,-0.051212148074290954,48,0.056499356421786294,0.05093426899194403,7,-0.00038877740790875325,-0.005785520905883103,151,-0.013521606001940701,-0.018741763841315578,0.9915534969037201,151
LON_H1,FALL_CONT_G5,3.0,1.5,103,-0.030683075157867383,-0.0357424891104225,48,0.11397814430478276,0.1084130568749405,7,-0.15342405206548718,-0.15882079556346151,151,0.01530194824747835,0.010081790408103475,1.068600766963561,151
LON_H1,FALL_REV_A20_G5,1.5,0.3,51,0.05213382908920969,0.04290662598675572,21,-0.21985679941187541,-0.23216615149876552,2,0.2764174946727845,0.2646262420091767,72,-0.027196770890273454,-0.037322934113187954,0.9705882352941179,72
LON_H1,FALL_REV_A20_G5,1.5,0.4,51,0.07958480948136658,0.07035760637891261,21,-0.2246187041737801,-0.2369280562606703,2,0.3764174946727845,0.36462624200917676,72,-0.009141215334717888,-0.019267378557632386,1.0399999999999996,72
LON_H1,FALL_REV_A20_G5,1.5,0.6,51,0.05238033497411663,0.04315313187166264,21,-0.18652346607854203,-0.19883281816543216,2,0.5764174946727845,0.5646262420091768,72,-0.017299940332908825,-0.027426103555823336,1.0081173224994777,72
LON_H1,FALL_REV_A20_G5,1.5,0.75,51,0.0464979820329402,0.03727077893048619,21,-0.1430727848950871,-0.15538213698197717,2,0.35764964709906166,0.3458583944354539,72,-0.008793491654401107,-0.01891965487731564,1.0282668311621401,72
LON_H1,FALL_REV_A20_G5,1.5,1.0,51,0.12085061757576214,0.11162341447330812,21,-0.024025165847468073,-0.0363345179343581,2,0.48264964709906166,0.4708583944354539,72,0.07859518074398666,0.06846901752107215,1.235761074793958,72
LON_H1,FALL_REV_A20_G5,1.5,1.5,51,0.0712014782580508,0.061974275155596815,21,0.06752514608841578,0.05521579400152569,2,0.7326496470990617,0.720858394435454,72,0.07012921470857393,0.06000305148565942,1.1847885623817924,72
LON_H1,FALL_REV_A20_G5,2.0,0.3,51,0.1332180188757308,0.12629761654889035,21,-0.15179736146366846,-0.161029375528836,2,0.2823131210045884,0.27346968150688256,72,0.050088532943406,0.04249391052622014,1.3615384615384618,72
LON_H1,FALL_REV_A20_G5,2.0,0.4,51,0.1017859894193946,0.09486558709255412,21,-0.08513069479700179,-0.09436270886216931,2,0.38231312100458836,0.3734696815068826,72,0.04726862318961231,0.03967400077242647,1.2629338530576553,72
LON_H1,FALL_REV_A20_G5,2.0,0.6,51,0.08348193429322479,0.07656153196638431,21,-0.05611411248083915,-0.0653461265460067,2,0.28698723532429626,0.27814379582659043,72,0.04276642065078949,0.035171798233603606,1.1803243268241126,72
LON_H1,FALL_REV_A20_G5,2.0,0.75,51,0.048179986840118975,0.041259584513278505,21,0.02960017323344658,0.020368159168279047,2,0.3619872353242963,0.35314379582659045,72,0.04276087453817285,0.03516625212098698,1.1601327960339032,72
LON_H1,FALL_REV_A20_G5,2.0,1.0,51,0.0692375641380291,0.06231716181118862,21,0.127248767053938,0.11801675298877042,2,0.4869872353242963,0.47814379582659045,72,0.08615749832183583,0.07856287590464998,1.2587601396003563,72
LON_H1,FALL_REV_A20_G5,2.0,1.5,51,0.005132527482170748,-0.0017878748446697294,21,-0.0016660756646499511,-0.010898089729817503,2,0.7369872353242963,0.7281437958265904,72,0.003149601564348058,-0.00444502085283781,1.039587825798587,72
LON_H1,FALL_REV_A20_G5,2.25,0.3,51,0.13475588605947314,0.1286044173245038,21,-0.11080840393003918,-0.11901463865463258,2,0.2842783297818563,0.2764174946727845,72,0.06313296814586539,0.05638219266392238,1.45292586393948,72
LON_H1,FALL_REV_A20_G5,2.25,0.4,51,0.06759996187816927,0.06144849314319999,21,-0.11080840393003918,-0.11901463865463258,2,0.3842783297818564,0.3764174946727845,72,0.015564188517441825,0.008813413035498818,1.1143116157312805,72
LON_H1,FALL_REV_A20_G5,2.25,0.6,51,0.05604568884752734,0.04989422011255801,21,-0.015174616474402557,-0.02338085119899593,2,0.28843309806604106,0.28057226295696924,72,0.035273099795297774,0.02852232431335476,1.1530537482819243,72
LON_H1,FALL_REV_A20_G5,2.25,0.75,51,0.009039924133110456,0.0028884553981411362,21,0.0369680489321718,0.02876181420757839,2,0.36343309806604107,0.35557226295696925,72,0.01718562719950334,0.01043485171756036,1.0845864947019372,72
LON_H1,FALL_REV_A20_G5,2.25,1.0,51,-0.007991193249263527,-0.014142661984232849,21,0.11570019465745653,0.10749395993286313,2,0.48843309806604107,0.48057226295696925,72,0.028085461556863138,0.021334686074920155,1.1053174854390708,72
LON_H1,FALL_REV_A20_G5,2.25,1.5,51,0.0271245771415964,0.02097310840662707,21,0.04268079398782404,0.03447455926323066,2,0.7384330980660412,0.7305722629569693,72,0.03166180705507947,0.024911031573136455,1.1078052317076776,72
LON_H1,FALL_REV_A20_G5,2.5,0.3,51,0.05951559157117288,0.05397926970970049,21,-0.10829899210846383,-0.1156846033605979,2,0.2858504968036707,0.278775745205506,72,0.01056967133127884,0.004493973397530132,1.107881025240287,72
LON_H1,FALL_REV_A20_G5,2.5,0.4,51,0.014173299023685674,0.008636977162213304,21,-0.1082989921084638,-0.11568460336059785,2,0.38585049680367073,0.37877574520550605,72,-0.021547785889857913,-0.027623483823606618,0.9666343429950578,72
LON_H1,FALL_REV_A20_G5,2.5,0.6,51,-0.0281226771945715,-0.0336589990560439,21,-0.012704773874581339,-0.020090385126715387,2,0.289589788259437,0.28251503666127237,72,-0.023625788726241055,-0.029701486659989753,0.9669654104592247,72
LON_H1,FALL_REV_A20_G5,2.5,0.75,51,-0.04166877221898851,-0.04720509408046088,21,0.03922362499133556,0.03183801373920155,2,0.364589788259437,0.3575150366612724,72,-0.018075156365977323,-0.02415085429972602,0.9842754434395761,72
LON_H1,FALL_REV_A20_G5,2.5,1.0,51,-0.06279977781709364,-0.06833609967856603,21,0.06704413176884619,0.059658520516712166,2,0.489589788259437,0.4825150366612724,72,-0.02492863752119452,-0.031004335454943226,0.9681089092770349,72
LON_H1,FALL_REV_A20_G5,2.5,1.5,51,-0.020091281374791457,-0.025627603236263827,21,0.04317461935094639,0.03578900809881236,2,0.739589788259437,0.7325150366612724,72,-0.0016387269964512465,-0.007714424930199946,1.024925774623507,72
LON_H1,FALL_REV_A20_G5,3.0,0.3,51,0.05943287931403243,0.05481927776280543,21,-0.10453487437610079,-0.11068955041954587,2,0.28820874733639223,0.2823131210045884,72,0.011608951154410229,0.006545869542952967,1.106930000775796,72
LON_H1,FALL_REV_A20_G5,3.0,0.4,51,0.03349639051842726,0.02888278896720026,21,-0.09755244753097493,-0.10370712357442,2,0.19132482354953084,0.18542919721772697,72,-0.00472618724598171,-0.00978926885743897,1.0208805446603324,72
LON_H1,FALL_REV_A20_G5,3.0,0.6,51,0.015593338442339854,0.010979736891112852,21,-0.010231162761758485,-0.01638583880520354,2,0.2913248235495308,0.28542919721772697,72,0.008061192257811163,0.002998110646353901,1.0598259909750196,72
LON_H1,FALL_REV_A20_G5,3.0,0.75,51,-0.0009375175539474352,-0.005551119105174419,21,0.029175089389347937,0.023020413345902886,2,0.36632482354953083,0.360429197217727,72,0.007845326137847046,0.002782244526389804,1.0544249657621287,72
LON_H1,FALL_REV_A20_G5,3.0,1.0,51,0.009272568592990927,0.004658967041763934,21,-0.02558946111287643,-0.031744137156321475,2,0.49132482354953083,0.485429197217727,72,-0.0008955234045537145,-0.005958605016010976,1.0262438825572464,72
LON_H1,FALL_REV_A20_G5,3.0,1.5,51,0.01100973319246273,0.006396131641235756,21,0.06964863412521878,0.06349395808177377,2,0.7413248235495309,0.735429197217727,72,0.02811274596451658,0.023049664353059343,1.1068901868586631,72
LON_H1,PULLBACK_DI_A20_G10,1.5,0.3,42,0.03223898634907837,0.022168003333141374,17,-0.25575603319324014,-0.26598699096633077,1,0.27887767201274505,0.26831650801911755,59,-0.05074262945125071,-0.060859706888740456,0.8800000000000002,59
LON_H1,PULLBACK_DI_A20_G10,1.5,0.4,42,0.07985803396812603,0.06978705095218903,17,-0.2792854449579461,-0.2895164027310367,1,0.378877672012745,0.3683165080191176,59,-0.02362398538345407,-0.033741062820943815,0.9882352941176469,59
LON_H1,PULLBACK_DI_A20_G10,1.5,0.6,42,-0.04514316119470455,-0.05521414421064156,17,-0.17340309201676962,-0.18363404978986023,1,0.578877672012745,0.5683165080191175,59,-0.08209941244851991,-0.09221648988600965,0.8482310778162684,59
LON_H1,PULLBACK_DI_A20_G10,1.5,0.75,42,0.04414255309100977,0.034071570075072756,17,-0.09399132731088729,-0.10422228508397788,1,0.728877672012745,0.7183165080191175,59,0.004341265517581812,-0.005775811919907939,1.0602888472703353,59
LON_H1,PULLBACK_DI_A20_G10,1.5,1.0,42,0.07324428260582463,0.06317329958988761,17,-0.0792854449579461,-0.0895164027310367,1,-1.021122327987255,-1.0316834919808824,59,0.029295039070500878,0.019177961633011102,1.1080302040668613,59
LON_H1,PULLBACK_DI_A20_G10,1.5,1.5,42,0.1105243515285584,0.10045336851262142,17,0.11806521125677051,0.10783425348367986,1,-1.021122327987255,-1.0316834919808824,59,0.11269714161973818,0.10258006418224842,1.2710684710635578,59
LON_H1,PULLBACK_DI_A20_G10,2.0,0.3,42,0.03727447785704687,0.02972124059509411,17,-0.3271111425419889,-0.3347843608718069,1,0.28415825400955874,0.27623738101433815,59,-0.06771798903759058,-0.07530579711570788,0.8062500000000001,59
LON_H1,PULLBACK_DI_A20_G10,2.0,0.4,42,-0.048439807857238816,-0.05599304511919158,17,-0.27416996607140076,-0.28184318440121864,1,0.3841582540095588,0.3762373810143382,59,-0.11348070090199733,-0.12106850898011465,0.7238095238095239,59
LON_H1,PULLBACK_DI_A20_G10,2.0,0.6,42,0.029333839489555005,0.02178060222760222,17,-0.2624052601890478,-0.27007847851886574,1,-1.0158417459904412,-1.023762618985662,59,-0.0547265790619068,-0.06231438714002414,0.898708497100392,59
LON_H1,PULLBACK_DI_A20_G10,2.0,0.75,42,0.0329562950477552,0.02540305778580244,17,-0.19181702489493013,-0.19949024322474812,1,-1.0158417459904412,-1.023762618985662,59,-0.03180889883403548,-0.0393967069121528,0.9606834399045023,59
LON_H1,PULLBACK_DI_A20_G10,2.0,1.0,42,0.021583394861135932,0.014030157599183154,17,-0.0952746209691868,-0.10294783929900478,1,-1.0158417459904412,-1.023762618985662,59,-0.012087558852685884,-0.01967536693080318,1.0067219933215983,59
LON_H1,PULLBACK_DI_A20_G10,2.0,1.5,42,0.11073791795082201,0.10318468068886923,17,0.016577811980801587,0.008904593650983571,1,-1.0158417459904412,-1.023762618985662,59,0.0836070399594602,0.07601923188134287,1.2102393387302024,59
LON_H1,PULLBACK_DI_A20_G10,2.25,0.3,42,0.008000594073988765,0.001286605396697416,17,-0.27730684315419346,-0.28412748166958723,1,0.2859184480084967,0.27887767201274505,59,-0.07420663360192814,-0.08095135189358799,0.7786277978575887,59
LON_H1,PULLBACK_DI_A20_G10,2.25,0.4,42,-0.09041290111392997,-0.09712688979122133,17,-0.2243656666836052,-0.231186305198999,1,0.38591844800849673,0.3788776720127451,59,-0.12900946068485336,-0.1357541789765132,0.6787432236361782,59
LON_H1,PULLBACK_DI_A20_G10,2.25,0.6,42,-0.01307524016754549,-0.01978922884483683,17,-0.21260096080125226,-0.2194215993166461,1,-1.0140815519915034,-1.021122327987255,59,-0.07056570204505425,-0.0773104203367141,0.8549471970677305,59
LON_H1,PULLBACK_DI_A20_G10,2.25,0.75,42,-0.06441158814253042,-0.07112557681982178,17,-0.14201272550713467,-0.14883336402252847,1,-1.0140815519915034,-1.021122327987255,59,-0.08677123789165365,-0.09351595618331353,0.8339375913395164,59
LON_H1,PULLBACK_DI_A20_G10,2.25,1.0,42,-0.0252172155963633,-0.031931204273654645,17,-0.04966130763850005,-0.05648194615389387,1,-1.0140815519915034,-1.021122327987255,59,-0.032260428557656935,-0.039005146849316774,0.9584043231364257,59
LON_H1,PULLBACK_DI_A20_G10,2.25,1.5,42,0.08366550743582915,0.07695151875853783,17,-0.0254003214868764,-0.03222096000227022,1,-1.0140815519915034,-1.021122327987255,59,0.0522397601191174,0.04549504182745754,1.145175507944118,59
LON_H1,PULLBACK_DI_A20_G10,2.5,0.3,42,-0.021608989142933938,-0.02765157895249614,17,-0.2748702764858329,-0.28100885114968743,1,0.287326603207647,0.2809899048114705,59,-0.09458258041122687,-0.10065282687372075,0.7166127013096036,59
LON_H1,PULLBACK_DI_A20_G10,2.5,0.4,42,-0.022323991954917976,-0.028366581764480158,17,-0.2219291000152447,-0.22806767467909914,1,0.38732660320764706,0.38098990481147055,59,-0.07983732817569007,-0.08590757463818392,0.7919094661175806,59
LON_H1,PULLBACK_DI_A20_G10,2.5,0.6,42,0.031126940800108884,0.025084350990546705,17,-0.21016439413289176,-0.21630296879674618,1,-1.012673396792353,-1.0190100951885295,59,-0.03839768112973875,-0.04446792759223259,0.929366399541707,59
LON_H1,PULLBACK_DI_A20_G10,2.5,0.75,42,-0.043447569825376994,-0.049490159634939176,17,-0.1535187062864147,-0.15965728095026918,1,-1.012673396792353,-1.0190100951885295,59,-0.07516298202601501,-0.08123322848850882,0.851549442504437,59
LON_H1,PULLBACK_DI_A20_G10,2.5,1.0,42,0.02254260120136826,0.016500011391806083,17,-0.11403675992642404,-0.12017533459027847,1,-1.012673396792353,-1.0190100951885295,59,-0.016810774038843065,-0.022881020501336932,0.9892117604106253,59
LON_H1,PULLBACK_DI_A20_G10,2.5,1.5,42,0.07927226970118022,0.07322967989161804,17,-0.025801465808776937,-0.031940040472631444,1,-1.012673396792353,-1.0190100951885295,59,0.04899678658814171,0.04292654012564786,1.1397870863506008,59
LON_H1,PULLBACK_DI_A20_G10,3.0,0.3,42,-0.016760364425918266,-0.02179585593388677,17,-0.18658266853534689,-0.19169814742189223,1,0.2894388360063725,0.28415825400955874,59,-0.0656922147625333,-0.07075075348127817,0.7895277500280651,59
LON_H1,PULLBACK_DI_A20_G10,3.0,0.4,42,0.030316756322275453,0.025281264814306963,17,-0.26067685610467833,-0.2657923349912236,1,-1.0105611639936274,-1.0158417459904412,59,-0.05352886081769427,-0.05858739953643913,0.8541734354573479,59
LON_H1,PULLBACK_DI_A20_G10,3.0,0.6,42,-0.051040682953813477,-0.056076174461781966,17,-0.1767074103502612,-0.1818228892368065,1,-1.0105611639936274,-1.0158417459904412,59,-0.08724974000024756,-0.09230827871899241,0.795699857267923,59
LON_H1,PULLBACK_DI_A20_G10,3.0,0.75,42,-0.014898080114065418,-0.019933571622033925,17,-0.11494270446790823,-0.12005818335445356,1,-1.0105611639936274,-1.0158417459904412,59,-0.04372449730076589,-0.04878303601951076,0.9123454071990801,59
LON_H1,PULLBACK_DI_A20_G10,3.0,1.0,42,0.05601471339169154,0.050979221883723023,17,-0.07468814132477873,-0.07980362021132409,1,-1.0105611639936274,-1.0158417459904412,59,0.018354568812369604,0.0132960300936247,1.0740445478389282,59
LON_H1,PULLBACK_DI_A20_G10,3.0,1.5,42,0.05674974736272181,0.05171425585475334,17,-0.12655113186938546,-0.1316666107559308,1,-1.0105611639936274,-1.0158417459904412,59,0.0039342397873688715,-0.0011242989313759793,1.0361255921431425,59
LON_H1,PULLBACK_DI_A20_G5,1.5,0.3,79,0.016996687976960172,0.007140601585693432,31,-0.14268687433121033,-0.1543528921419767,4,0.2752600507549554,0.2628900761324331,110,-0.028005043218978776,-0.03837120119210451,0.9692307692307692,110
LON_H1,PULLBACK_DI_A20_G5,1.5,0.4,79,0.04357896645797286,0.033722880066706123,31,-0.12010622916991993,-0.1317722469806864,4,0.3752600507549554,0.3628900761324332,110,-0.0025504977644332954,-0.012916655737559048,1.0666666666666667,110
LON_H1,PULLBACK_DI_A20_G5,1.5,0.6,79,-0.004363162654302429,-0.014219249045569197,31,-0.04268687433121032,-0.054352892141976715,4,0.5752600507549555,0.5628900761324331,110,-0.015163481399612832,-0.02552963937273859,1.0152428714045516,110
LON_H1,PULLBACK_DI_A20_G5,1.5,0.75,79,0.02221911582671024,0.012363029435443476,31,0.025457135502743068,0.013791117691976627,4,0.540876126968094,0.5285061523455716,110,0.023131648644501304,0.012765490671375553,1.1117231635709526,110
LON_H1,PULLBACK_DI_A20_G5,1.5,1.0,79,0.04490246282270923,0.03504637643144245,31,0.10610229679306567,0.09443627898229921,4,0.228376126968094,0.21600615234557172,110,0.06214968875980967,0.05178353078668391,1.1891991512776225,110
LON_H1,PULLBACK_DI_A20_G5,1.5,1.5,79,0.03785472546598755,0.027998639074720805,31,0.2602157711899606,0.24854975337919416,4,0.478376126968094,0.46600615234557174,110,0.10052011107910722,0.09015395310598148,1.2460126952512134,110
LON_H1,PULLBACK_DI_A20_G5,2.0,0.3,79,0.08774751598272011,0.08035545118927008,31,-0.09491838155485938,-0.10366789491293414,4,0.28144503806621657,0.27216755709932483,110,0.036268944858493184,0.02849432637864889,1.2714285714285711,110
LON_H1,PULLBACK_DI_A20_G5,2.0,0.4,79,0.059861015953946134,0.05246895116049607,31,-0.023950639619375453,-0.03270015297745026,4,0.3814450380662166,0.3721675570993249,110,0.03624136756510098,0.028466749085256645,1.2101966371125594,110
LON_H1,PULLBACK_DI_A20_G5,2.0,0.6,79,0.07842422087249473,0.07103215607904466,31,-0.004294245147136252,-0.013043758505211072,4,0.03378209522607051,0.02450461425917877,110,0.05511265317605327,0.04733803469620893,1.2211918492096907,110
LON_H1,PULLBACK_DI_A20_G5,2.0,0.75,79,0.026228906566340894,0.018836841772890838,31,0.08764123872383148,0.07889172536575671,4,0.10878209522607052,0.09950461425917878,110,0.04353601835617915,0.03576139987633486,1.1586028130054904,110
LON_H1,PULLBACK_DI_A20_G5,2.0,1.0,79,0.007524326720290121,0.00013226192684007786,31,0.19866837862602357,0.1899188652679488,4,0.23378209522607052,0.22450461425917878,110,0.061392195893724105,0.05361757741387983,1.1835006821016876,110
LON_H1,PULLBACK_DI_A20_G5,2.0,1.5,79,0.004770559199817529,-0.002621505593632551,31,0.20811316259085114,0.1993636492327763,4,0.4837820952260706,0.4745046142591787,110,0.06207620197365426,0.05430158349380998,1.1665241333427983,110
LON_H1,PULLBACK_DI_A20_G5,2.25,0.3,79,0.07293450084539961,0.06636377658455511,31,-0.06659709764331978,-0.07437444285049744,4,0.2835067005033036,0.2752600507549554,110,0.033611959453124146,0.026701187471040312,1.2463227210290908,110
LON_H1,PULLBACK_DI_A20_G5,2.25,0.4,79,0.0207199168802541,0.014149192619409591,31,-0.04079064603041654,-0.048567991237594164,4,0.38350670050330365,0.3752600507549555,110,0.003385121878156021,-0.0035256501039278294,1.0645823869665796,110
LON_H1,PULLBACK_DI_A20_G5,2.25,0.6,79,0.04110893049338397,0.03453820623253946,31,0.023993532568563087,0.016216187361385463,4,0.03558408464539595,0.02733743489704779,110,0.03628550016911627,0.029374728187032434,1.1533403348335725,110
LON_H1,PULLBACK_DI_A20_G5,2.25,0.75,79,-0.045842793957798604,-0.0524135182186431,31,0.09318695106979089,0.0854096058626133,4,0.11058408464539596,0.1023374348970478,110,-0.006661683995477945,-0.013572455977561779,1.0183409204610059,110
LON_H1,PULLBACK_DI_A20_G5,2.25,1.0,79,-0.050487643119717915,-0.05705836738056243,31,0.18910144023100922,0.18132409502383154,4,0.23558408464539596,0.2273374348970478,110,0.017032916733668812,0.010122144751584964,1.0733814963589534,110
LON_H1,PULLBACK_DI_A20_G5,2.25,1.5,79,0.006735196186805926,0.0001644719259613864,31,0.2224865265125103,0.21470918130533273,4,0.48558408464539604,0.47733743489704783,110,0.0675378438240499,0.06062707184196602,1.1865116468313366,110
LON_H1,PULLBACK_DI_A20_G5,2.5,0.3,79,0.04133725329250522,0.03542360145774517,31,-0.06445351691124585,-0.07145312759770577,4,0.2851560304529732,0.2777340456794599,110,0.01152349078053902,0.0053037959966635495,1.1137932729697468,110
LON_H1,PULLBACK_DI_A20_G5,2.5,0.4,79,0.022192228989697044,0.01627857715493698,31,-0.038647065298342616,-0.04564667598480249,4,0.3851560304529733,0.3777340456794599,110,0.005046609690340429,-0.0011730850935350564,1.0656997006144948,110
LON_H1,PULLBACK_DI_A20_G5,2.5,0.6,79,-0.009396621582370333,-0.015310273417130408,31,0.026110308343964866,0.019110697657504998,4,0.03702567618085642,0.029603691407343036,110,0.0006098768514150346,-0.005609817932460437,1.0380271227435798,110
LON_H1,PULLBACK_DI_A20_G5,2.5,0.75,79,-0.07752484242123626,-0.0834384942559963,31,0.08751266542700886,0.08051305474054901,4,0.11202567618085643,0.10460369140734305,110,-0.031014272027639893,-0.037233966811515355,0.9534169994606706,110
LON_H1,PULLBACK_DI_A20_G5,2.5,1.0,79,-0.059818535751171194,-0.06573218758593127,31,0.15474591195370954,0.14774630126724972,4,0.23702567618085643,0.22960369140734305,110,0.0006496267838406592,-0.005570068000034779,1.0315844966628211,110
LON_H1,PULLBACK_DI_A20_G5,2.5,1.5,79,-0.024353441084259644,-0.030267092919019693,31,0.21797980934513023,0.21098019865867038,4,0.4870256761808564,0.47960369140734305,110,0.043940474945841156,0.03772078016196568,1.1309279478849306,110
LON_H1,PULLBACK_DI_A20_G5,3.0,0.3,79,0.031229170348493183,0.0263011271528598,31,-0.05676211726103597,-0.06259512616641923,4,0.2876300253774777,0.28144503806621657,110,0.006431625658534976,0.0012485466719720864,1.080155156065164,110
LON_H1,PULLBACK_DI_A20_G5,3.0,0.4,79,0.04106763960702655,0.036139596411393214,31,-0.0713869248820797,-0.07721993378746295,4,-0.06081193651595296,-0.06699692382721412,110,0.009375898705551153,0.0041928197189882695,1.0774549177648316,110
LON_H1,PULLBACK_DI_A20_G5,3.0,0.6,79,-0.0377864721560947,-0.042714515351728086,31,0.02736235118174725,0.021529342276364036,4,0.03918806348404702,0.03300307617278586,110,-0.019426349215430162,-0.024609428201993026,0.9730065388103709,110
LON_H1,PULLBACK_DI_A20_G5,3.0,0.75,79,-0.028980658596329718,-0.033908701791963106,31,0.08308916715507739,0.0772561582496942,4,0.11418806348404703,0.10800307617278587,110,0.0026026559336122844,-0.0025804230529505937,1.0367602359885721,110
LON_H1,PULLBACK_DI_A20_G5,3.0,1.0,79,0.004139859842692164,-0.0007881833529411966,31,0.09437769746002216,0.08854468855463897,4,0.23918806348404703,0.23300307617278587,110,0.029570523171212438,0.024387444184649568,1.1088550122635183,110
LON_H1,PULLBACK_DI_A20_G5,3.0,1.5,79,0.009019131401144865,0.004091088205511479,31,0.1351222323516941,0.1292892234463109,4,0.32506121456117987,0.31887622724991876,110,0.04455727803266329,0.03937419904610041,1.1471703634598398,110
LON_H1,RANGE_DI_CONT_G5,1.5,0.3,215,-0.03554834391960575,-0.04611321355382722,96,0.03397069836512149,0.02283104754768225,9,-0.1559799544613347,-0.1673032650253353,311,-0.014089089709529169,-0.024831383760435224,1.0328571428571427,311
LON_H1,RANGE_DI_CONT_G5,1.5,0.4,215,-0.05740880903588479,-0.06797367867010627,96,0.0714706983651215,0.06033104754768228,9,-0.089313287794668,-0.10063659835866862,311,-0.017626067201490576,-0.028368361252396616,1.0136363636363634,311
LON_H1,RANGE_DI_CONT_G5,1.5,0.6,215,-0.02721311491790314,-0.037777984552124604,96,0.09438736503178814,0.08324771421434891,9,0.04402004553866531,0.032696734974664694,311,0.010322724552098034,-0.00041956949880801324,1.0899279475942367,311
LON_H1,RANGE_DI_CONT_G5,1.5,0.75,215,-0.016515440499298456,-0.02708031013351994,96,0.056348080312212834,0.04520842949477358,9,-0.0504243989057791,-0.06174770946977975,311,0.005976192934479942,-0.004766101116426122,1.0668769337585107,311
LON_H1,RANGE_DI_CONT_G5,1.5,1.0,215,-0.054112031320481466,-0.06467690095470294,96,0.07069466672400848,0.05955501590656925,9,0.0884644899831098,0.07714117941910913,311,-0.015586491088098696,-0.026328785139004763,1.0120778105842225,311
LON_H1,RANGE_DI_CONT_G5,1.5,1.5,215,-0.040641510218639834,-0.05120637985286132,96,0.011850599559244576,0.0007109487418053237,9,-0.01166225629301095,-0.02298556685701161,311,-0.02443815800424466,-0.035180452055150704,0.9947653126214341,311
LON_H1,RANGE_DI_CONT_G5,2.0,0.3,215,-0.024446359313275514,-0.032370011538941604,96,0.07187682577442336,0.06352208766134394,9,-0.005873854734889859,-0.014366337657890353,311,0.0052868425144386106,-0.0027698780237409236,1.1013868183936644,311
LON_H1,RANGE_DI_CONT_G5,2.0,0.4,215,-0.01761998638726207,-0.02554363861292817,96,0.11146015910775675,0.10310542099467729,9,0.0719039230428879,0.06341144011988743,311,0.02222468874946399,0.014167968211284456,1.1515837867080547,311
LON_H1,RANGE_DI_CONT_G5,2.0,0.6,215,-0.004466125695602248,-0.012389777921268342,96,0.06471725810473396,0.05636251999165451,9,0.04968170082066566,0.041189217897665165,311,0.016889516892282883,0.00883279635410334,1.0958303246295336,311
LON_H1,RANGE_DI_CONT_G5,2.0,0.75,215,-0.033266020388005114,-0.04118967261367123,96,0.12457910089598885,0.11622436278290947,9,0.14968170082066568,0.14118921789766517,311,0.01545787557104127,0.007401155032861721,1.0807198265528848,311
LON_H1,RANGE_DI_CONT_G5,2.0,1.0,215,-0.04853666846896305,-0.05646032069462914,96,0.044722573003885296,0.03636783489080586,9,0.10337768951774089,0.09488520659474042,311,-0.019749249879273532,-0.027805970417453054,0.9920879080645474,311
LON_H1,RANGE_DI_CONT_G5,2.0,1.5,215,-0.002597499278560156,-0.010521151504226266,96,-0.022553620336392143,-0.03090835844947158,9,0.1914914560200346,0.18299897309703417,311,-0.008757588093839483,-0.01681430863201904,1.0150350477424979,311
LON_H1,RANGE_DI_CONT_G5,2.25,0.3,215,0.012103905171918287,0.005060658749103982,96,0.106326353985698,0.09889992010740516,9,-0.00398663630755645,-0.011535510016890245,311,0.04118864821411394,0.034027118846843236,1.3021594690479974,311
LON_H1,RANGE_DI_CONT_G5,2.25,0.4,215,-0.009628917551937465,-0.0166721639747518,96,0.13340968731903136,0.1259832534407385,9,0.07379114147022137,0.06624226776088757,311,0.03452447816385997,0.027362948796589254,1.2021865664202973,311
LON_H1,RANGE_DI_CONT_G5,2.25,0.6,215,-0.04469246079072887,-0.05173570721354317,96,0.06222568745533672,0.054799253577043884,9,0.051568919247999084,0.04402004553866533,311,-0.011688788020239168,-0.018850317387509873,1.0074591927540795,311
LON_H1,RANGE_DI_CONT_G5,2.25,0.75,215,-0.0725611231290543,-0.07960436955186859,96,0.04998630634928752,0.042559872470994665,9,0.009164849187022032,0.001615975477688288,311,-0.03473297769522531,-0.041894507062496006,0.9495242077017618,311
LON_H1,RANGE_DI_CONT_G5,2.25,1.0,215,-0.038102337826485436,-0.04514558424929975,96,0.02354437356071778,0.01611793968242496,9,0.08130257389183046,0.07375370018249672,311,-0.019073127880596355,-0.02623465724786704,0.9891983494327515,311
LON_H1,RANGE_DI_CONT_G5,2.25,1.5,215,0.012115071919161448,0.005071825496347117,96,0.007721177313515462,0.00029474343522262886,9,0.17021462757336406,0.16266575386403032,311,0.010758757185585815,0.003597227818315102,1.0545355104301535,311
LON_H1,RANGE_DI_CONT_G5,2.5,0.3,215,0.0031369813072889725,-0.0032019404732439374,96,0.1317683823106937,0.12508459182023016,9,0.14196758287875472,0.13517359654035432,311,0.04284313724403126,0.03639776081348763,1.3053413611865876,311
LON_H1,RANGE_DI_CONT_G5,2.5,0.4,215,-0.017569722058376633,-0.02390864383890952,96,0.15281506843669215,0.1461312779462286,9,0.0828780811343343,0.07608409479593388,311,0.03502493995939379,0.028579563528850164,1.2008956692010433,311
LON_H1,RANGE_DI_CONT_G5,2.5,0.6,215,-0.048424067100743116,-0.054762988881275995,96,0.12717092247067266,0.1204871319802091,9,0.06065585891211204,0.05386187257371158,311,0.00577888787950098,-0.0006664885510426526,1.056224799050309,311
LON_H1,RANGE_DI_CONT_G5,2.5,0.75,215,-0.06909105143838437,-0.07542997321891727,96,0.05539921940742323,0.04871542891695971,9,0.0013904276475499794,-0.0054035586908504196,311,-0.030663186482765302,-0.03710856291330895,0.9540842929482141,311
LON_H1,RANGE_DI_CONT_G5,2.5,1.0,215,-0.022418564418788804,-0.0287574861993217,96,0.03018974587959945,0.023505955389135885,9,0.04965921862716275,0.04286523228876235,311,-0.006179343233434245,-0.012624719663977886,1.0163726704827634,311
LON_H1,RANGE_DI_CONT_G5,2.5,1.5,215,0.01543796297624399,0.009099041195711107,96,0.032096463098058796,0.02541267260759525,9,0.16077032973827393,0.15397634339987346,311,0.020580136647286498,0.014134760216742868,1.0790001329168646,311
LON_H1,RANGE_DI_CONT_G5,3.0,0.3,215,-0.018914056333209944,-0.024196491150320663,96,0.13023879112822756,0.12466896571950792,9,0.17176781812942574,0.1661061628474254,311,0.027126694008584275,0.02175554698313124,1.2002794028648742,311
LON_H1,RANGE_DI_CONT_G5,3.0,0.4,215,-0.007225471972371434,-0.012507906789482187,96,0.0799314022680236,0.07436157685930399,9,0.020381823560599352,0.014720168278599018,311,0.019678257696689416,0.014307110671236382,1.1274023592688742,311
LON_H1,RANGE_DI_CONT_G5,3.0,0.6,215,-0.04938424003221761,-0.054666674849328356,96,0.08663471777308933,0.08106489236436971,9,0.042745437681533174,0.03708378239953287,311,-0.00739768070967913,-0.012768827735132162,1.0106303364928968,311
LON_H1,RANGE_DI_CONT_G5,3.0,0.75,215,-0.033046339613243596,-0.038328774430354325,96,0.04684182413758372,0.04127199872886412,9,0.07601539787680614,0.07035374259480585,311,-0.008386327651573423,-0.013757474677026451,1.0068728593427583,311
LON_H1,RANGE_DI_CONT_G5,3.0,1.0,215,-0.008838143514871019,-0.014120578331981735,96,0.009149621917337406,0.003579796508617806,9,0.11492166036017859,0.1092600050781783,311,-0.0032856500052504084,-0.008656797030703422,1.0210321965217377,311
LON_H1,RANGE_DI_CONT_G5,3.0,1.5,215,0.0009931824549115843,-0.004289252362199134,96,0.06880789812966477,0.06323807272094516,9,0.15905617637456332,0.15339452109256302,311,0.02192634227734343,0.016555195251890413,1.0898736511916438,311
LON_H1,RISE_CANDLE,1.5,0.3,286,-0.05415327113810237,-0.06485997927518217,136,0.00961305071939405,-0.0017568945091442096,19,0.13744360953898224,0.12458646694005238,422,-0.033602987316729116,-0.04452344010887609,0.9508554604842807,422
LON_H1,RISE_CANDLE,1.5,0.4,286,-0.04366376064859187,-0.054370468785671644,136,0.006671874248805848,-0.004698070979732418,19,0.15323308322319282,0.1403759406242629,422,-0.0274418498759708,-0.03836230266811778,0.9806262418763306,422
LON_H1,RISE_CANDLE,1.5,0.6,286,-0.03564951507038886,-0.04635622320746866,136,0.03608363895468816,0.024713693726149906,19,0.06902255690740333,0.056165414308473396,422,-0.01253172135614604,-0.023452174148293006,1.025345004801796,422
LON_H1,RISE_CANDLE,1.5,0.75,286,-0.017817347238221037,-0.02852405537530082,136,0.01953952130762935,0.008169576079091105,19,-0.01255639046101773,-0.025413533059947622,422,-0.005778166853776353,-0.016698619645923316,1.0385140667288546,422
LON_H1,RISE_CANDLE,1.5,1.0,286,-0.018155588940477526,-0.028862297077557317,136,-0.0035350380337063484,-0.014904983262244608,19,-0.1142969549199303,-0.12715409751886025,422,-0.013443752629290618,-0.02436420542143758,1.017273905099965,422
LON_H1,RISE_CANDLE,1.5,1.5,286,0.016643605516415975,0.005936897379336162,136,-0.02998028853840448,-0.041350233766942746,19,0.04880090210717037,0.03594375950824047,422,0.0016178955840567754,-0.009302557208090204,1.0424544017048307,422
LON_H1,RISE_CANDLE,2.0,0.3,286,-0.019512932494665663,-0.0275429635974755,136,0.038123648275250666,0.02959618935384699,19,0.21229323347002613,0.20265037652082873,422,-0.0009381102560196462,-0.009128449850129866,1.0716045009860802,422
LON_H1,RISE_CANDLE,2.0,0.4,286,-0.019975624176159047,-0.028005655278968884,136,0.057241295334074224,0.04871383641267053,19,0.085977443996342,0.07633458704714453,422,0.004909449410077275,-0.003280890184032959,1.0802015217186989,422
LON_H1,RISE_CANDLE,2.0,0.6,286,-0.004949131047991709,-0.012979162150801549,136,0.00277528541390811,-0.005752173507495599,19,-0.0278279793478425,-0.03747083629703997,422,-0.002459745647948167,-0.010650085242058393,1.0389669445622194,422
LON_H1,RISE_CANDLE,2.0,0.75,286,-0.016139115263304457,-0.02416914636611429,136,0.035849849420131745,0.02732239049872805,19,-0.037913850492751235,-0.04755670744194869,422,0.0006156221702200026,-0.0075747174238902214,1.04247351991482,422
LON_H1,RISE_CANDLE,2.0,1.0,286,-0.008089470551541834,-0.01611950165435167,136,0.0077786943118318885,-0.0007487646095718177,19,0.06373641833046297,0.05409356138126551,422,-0.0029755596003123988,-0.011165899194422624,1.0295829813904076,422
LON_H1,RISE_CANDLE,2.0,1.5,286,-0.00021535817396405138,-0.00824538927677389,136,-0.030398972782974817,-0.038926431704378525,19,0.12983993635278024,0.12019707940358276,422,-0.00994277899582534,-0.018133118589935573,1.013105072480083,422
LON_H1,RISE_CANDLE,2.25,0.3,286,0.015877162520555006,0.008739357095835154,136,0.06910010565643196,0.06152014217073979,19,0.21443609056984778,0.2058646621705612,422,0.03302958021363383,0.025749278352202528,1.2515374905799999,422
LON_H1,RISE_CANDLE,2.25,0.4,286,-0.006861239722250617,-0.013999045146970474,136,0.07270099085736097,0.0651210273716688,19,0.1618045116224794,0.1532330832231928,422,0.018779668710989142,0.01149936684955782,1.1318826017700148,422
LON_H1,RISE_CANDLE,2.25,0.6,286,-0.007368368115400659,-0.014506173540120518,136,0.023882042083852677,0.01630207859816051,19,-0.0017280603387274049,-0.010299488738014024,422,0.0027028541289084726,-0.004577447732522831,1.049848249187848,422
LON_H1,RISE_CANDLE,2.25,0.75,286,-0.02367471613288625,-0.0308125215576061,136,0.05007981412102683,0.042499850635334666,19,0.0764412237897748,0.0678697953904882,422,9.451636600516403e-05,-0.007185785495426148,1.0377755008254534,422
LON_H1,RISE_CANDLE,2.25,1.0,286,0.018256984469999286,0.011119179045279442,136,0.02428389438565562,0.016703930899963453,19,0.1367263829509302,0.1281549545516436,422,0.02019930614897858,0.012919004287547263,1.08205294108301,422
LON_H1,RISE_CANDLE,2.25,1.5,286,0.028116382093570272,0.02097857666885041,136,0.03057274439672424,0.022992780911032053,19,0.1946528151113471,0.18608138671206054,422,0.028908005963781035,0.021627704102349706,1.0967127641137346,422
LON_H1,RISE_CANDLE,2.5,0.3,286,0.014822122248572718,0.008398097366324846,136,0.0489045636015409,0.04208259646441794,19,0.07930827098654725,0.07159398542718927,422,0.02580603699739659,0.0192537653221084,1.1995133714953805,422
LON_H1,RISE_CANDLE,2.5,0.4,286,0.0012157329705763545,-0.005208291911671524,136,0.0590807604353034,0.052258793298180464,19,0.09342377016024284,0.08570948460088489,422,0.019864177840725368,0.013311906165437181,1.1322666266971115,422
LON_H1,RISE_CANDLE,2.5,0.6,286,-0.010863949248821211,-0.017287974131069087,136,0.05030422242785148,0.043482255290728515,19,0.0013336532160718232,-0.006380632343286166,422,0.00884901603086477,0.002296744355576581,1.0656783957726517,422
LON_H1,RISE_CANDLE,2.5,0.75,286,-0.012368712125826058,-0.01879273700807394,136,0.00675643142342235,-6.55357137006106e-05,19,0.04168337625079102,0.03396909069143308,422,-0.006205158754504309,-0.012757430429792485,1.0180949219462645,422
LON_H1,RISE_CANDLE,2.5,1.0,286,0.014066248133036459,0.007642223250788593,136,-0.021266243441150183,-0.028088210578273157,19,0.07160464500594797,0.06389035944659002,422,0.0026794735972796354,-0.003872798078008564,1.0384269297183544,422
LON_H1,RISE_CANDLE,2.5,1.5,286,0.03022320607334252,0.023799181191094636,136,-0.0013592238992108602,-0.008181191036333824,19,0.17877671698443434,0.17106243142507635,422,0.020044982195931958,0.013492710520643764,1.0776577226500041,422
LON_H1,RISE_CANDLE,3.0,0.3,286,-0.0006599079461816877,-0.00601326201472158,136,0.07247681000046381,0.06679183738619468,19,0.09595642871312929,0.08952785741366429,422,0.02291021916458558,0.017449992768512092,1.1764212490645771,422
LON_H1,RISE_CANDLE,3.0,0.4,286,0.0025229012806713444,-0.0028304527878685384,136,0.039312535416308456,0.03362756280203932,19,0.06401728414135646,0.0575887128418915,422,0.014379276262772401,0.008919049866698921,1.1027683644521677,422
LON_H1,RISE_CANDLE,3.0,0.6,286,-0.019203174520186928,-0.02455652858872681,136,0.07011790619970228,0.06443293358543314,19,0.17051971441083874,0.16409114311137377,422,0.009582766185748928,0.004122539789675439,1.065814756736833,422
LON_H1,RISE_CANDLE,3.0,0.75,286,-0.009990583957093667,-0.015343938025633557,136,0.05226686821755429,0.046581895603285135,19,0.23364759029281015,0.2272190189933452,422,0.010073429066015625,0.0046132026699421316,1.0615804345135837,422
LON_H1,RISE_CANDLE,3.0,1.0,286,-0.003326320994877127,-0.008679675063417009,136,0.019797067916348655,0.014112095302079549,19,0.22006020234583992,0.21363163104637495,422,0.004125766426750148,-0.001334459969323347,1.0423705508770267,422
LON_H1,RISE_CANDLE,3.0,1.5,286,0.0010849287802744186,-0.0042684252882654655,136,0.0470642782072638,0.04137930559299468,19,0.22738357688110844,0.22095500558164352,422,0.015902918169067196,0.01044269177299371,1.072925769413744,422
LON_H2,DI_CONT_A20_G10,1.5,0.3,156,-0.006089629629820588,-0.015881764574883113,68,-0.046098095816753705,-0.056647143725130564,8,-0.20828413884450162,-0.2186762082667525,224,-0.01823505686513958,-0.02825696895977966,1.0079141552414115,224
LON_H2,DI_CONT_A20_G10,1.5,0.4,156,0.008653960113769173,-0.0011381748312933493,68,-0.012274566404988984,-0.0228236143133658,8,-0.14578413884450164,-0.15617620826675244,224,0.0023006574205747293,-0.007721254674065356,1.0831493896034547,224
LON_H2,DI_CONT_A20_G10,1.5,0.6,156,0.03188855232014264,0.022096417375080134,68,0.03772543359501098,0.027176385686634153,8,-0.4207841388445016,-0.4311762082667525,224,0.03366046270715626,0.02363855061251616,1.1598752301452442,224
LON_H2,DI_CONT_A20_G10,1.5,0.75,156,0.047118564161478284,0.037326429216415775,68,0.08367199526302525,0.07312294735464842,8,-0.36453413884450164,-0.3749262082667525,224,0.05821514146016219,0.0481932293655221,1.208084458906036,224
LON_H2,DI_CONT_A20_G10,1.5,1.0,156,0.06941593057052596,0.059623795625463424,68,0.17254201001004227,0.16199296210166536,8,-0.27078413884450164,-0.2811762082667525,224,0.10072206182895052,0.09070014973431047,1.2863345039141618,224
LON_H2,DI_CONT_A20_G10,1.5,1.5,156,0.07983544823414301,0.0700433132890805,68,0.11345400275590237,0.10290495484752553,8,-0.3957841388445016,-0.40617620826675244,224,0.09004108085681997,0.08001916876217988,1.2167822365050966,224
LON_H2,DI_CONT_A20_G10,2.0,0.3,156,0.027908279148257324,0.020564177939460436,68,-0.02170592480374175,-0.029617710735024387,8,-0.20308810413337625,-0.21088215620006437,224,0.012846824377114735,0.005330390306134675,1.1350136855853263,224
LON_H2,DI_CONT_A20_G10,2.0,0.4,156,0.022176413405752785,0.014832312196955891,68,-0.027588277744918187,-0.03550006367620083,8,-0.4905881041333762,-0.49838215620006426,224,0.007069275020727671,-0.000447159050252404,1.0835521785501043,224
LON_H2,DI_CONT_A20_G10,2.0,0.6,156,0.04806656731556228,0.04072246610676539,68,0.041062819976680695,0.03315103404539807,8,-0.4155881041333762,-0.4233821562000643,224,0.04594042973054465,0.03842399565956461,1.1879838408362804,224
LON_H2,DI_CONT_A20_G10,2.0,0.75,156,0.05798951458396937,0.0506454133751725,68,0.11518899068927609,0.10727720475799342,8,-0.35933810413337613,-0.36713215620006434,224,0.07535364125879461,0.06783720718781457,1.2577084462372794,224
LON_H2,DI_CONT_A20_G10,2.0,1.0,156,0.01648611652475966,0.009142015315962766,68,0.0404296766358177,0.032517890704535084,8,-0.5155881041333762,-0.5233821562000643,224,0.023754697272759414,0.016238263201779367,1.0920289541913177,224
LON_H2,DI_CONT_A20_G10,2.0,1.5,156,-0.011117261751085005,-0.01846136295988189,68,0.0958737571123781,0.08796197118109546,8,-0.3905881041333762,-0.3983821562000643,224,0.02136215468960915,0.013845720618629086,1.0788736270598622,224
LON_H2,DI_CONT_A20_G10,2.25,0.3,156,0.01671866500586717,0.010190575042492146,68,-0.019947750152345598,-0.026980448757930174,8,-0.36385609256300105,-0.37078413884450157,224,0.005587788975695439,-0.0010934857540646303,1.0890749081361841,224
LON_H2,DI_CONT_A20_G10,2.25,0.4,156,0.02472976066481705,0.01820167070144204,68,-0.02583010309352205,-0.032862801699106624,8,-0.488856092563001,-0.49578413884450157,224,0.009381230595321251,0.002699955865561198,1.086807799675605,224
LON_H2,DI_CONT_A20_G10,2.25,0.6,156,0.02966553636543801,0.023137446402063,68,0.0655852517439776,0.05855255313839304,8,-0.41385609256300104,-0.4207841388445016,224,0.0405697356767804,0.03388846094702033,1.1654659716526627,224
LON_H2,DI_CONT_A20_G10,2.25,0.75,156,0.036695330637459764,0.030167240674084755,68,0.05777025164835843,0.05073755304277386,8,-0.3576060925630011,-0.36453413884450164,224,0.043093074515768305,0.03641179978600823,1.1579105476382947,224
LON_H2,DI_CONT_A20_G10,2.25,1.0,156,0.008397419681019324,0.0018693297176443223,68,0.10387921219160354,0.09684651358601895,8,-0.2638560925630011,-0.27078413884450164,224,0.03738296383601812,0.030701689106258045,1.124686564736807,224
LON_H2,DI_CONT_A20_G10,2.25,1.5,156,-0.049161741620876234,-0.05568983158425125,68,0.038870785671817176,0.031838087066232625,8,-0.19048022186218705,-0.19740826814368762,224,-0.022437581549880015,-0.029118856279640077,0.9797989910506547,224
LON_H2,DI_CONT_A20_G10,2.5,0.3,156,0.0223264928476701,0.01645121188063259,68,-0.003252671473081184,-0.009582100218107306,8,-0.36247048330670095,-0.3687057249600515,224,0.014561389393156312,0.008548242136372269,1.1320333979512822,224
LON_H2,DI_CONT_A20_G10,2.5,0.4,156,-0.0008678959020844288,-0.006743176869121937,68,0.010847423278463074,0.004517994533436973,8,-0.4438957663783743,-0.4501310080317248,224,0.0026885402777246377,-0.0033246069790594107,1.056752651484294,224
LON_H2,DI_CONT_A20_G10,2.5,0.6,156,0.023681722612237926,0.017806441645200424,68,0.08587817598143553,0.07954874723640941,8,-0.36889576637837435,-0.37513100803172483,224,0.04256278881360149,0.03654964155681745,1.1781046529049364,224
LON_H2,DI_CONT_A20_G10,2.5,0.75,156,0.014158460493223833,0.00828317952618633,68,0.03857072473866885,0.032241295993642755,8,-0.31264576637837427,-0.3188810080317248,224,0.02156932642487678,0.015556179168092746,1.0960627661169446,224
LON_H2,DI_CONT_A20_G10,2.5,1.0,156,-0.006207183230467679,-0.012082464197505157,68,0.0932794507451276,0.08695002200010152,8,-0.2188957663783743,-0.2251310080317248,224,0.023994116369266592,0.01798096911248257,1.094575328750543,224
LON_H2,DI_CONT_A20_G10,2.5,1.5,156,-0.04238085986672384,-0.04825614083376135,68,0.04674381047636857,0.040414381731342465,8,-0.15285748274764172,-0.15909272440099223,224,-0.015325156369713646,-0.021338303626497683,0.9919176834557178,224
LON_H2,DI_CONT_A20_G10,3.0,0.3,156,0.010339382500568366,0.005443315028037094,68,0.0033377565733700744,-0.0019367673808183387,8,-0.46448627568702094,-0.46968231039814634,224,0.008213888915526026,0.003202932868205974,1.0908099732594787,224
LON_H2,DI_CONT_A20_G10,3.0,0.4,156,0.013925687918681694,0.009029620446150426,68,0.026268977187359148,0.020994453233170732,8,-0.4269862756870209,-0.43218231039814636,224,0.017672757875244496,0.012661801827924455,1.1154640597829015,224
LON_H2,DI_CONT_A20_G10,3.0,0.6,156,0.024404445810681574,0.019508378338150306,68,0.022981256527409455,0.017706732573221026,8,-0.35198627568702096,-0.35718231039814635,224,0.023972406206831103,0.018961450159511062,1.116869578172693,224
LON_H2,DI_CONT_A20_G10,3.0,0.75,156,0.00835288453610756,0.0034568170635762953,68,0.07851885928778445,0.07324433533359605,8,-0.295736275687021,-0.3009323103981463,224,0.029653269728580907,0.024642313681260863,1.1257182935458316,224
LON_H2,DI_CONT_A20_G10,3.0,1.0,156,-0.022510756431649563,-0.02740682390418085,68,0.07501922386158666,0.06974469990739823,8,-0.2719543726614104,-0.2771504073725358,224,0.007096559014511444,0.0020856029671913884,1.0506028128422662,224
LON_H2,DI_CONT_A20_G10,3.0,1.5,156,-0.04725966076218267,-0.05215572823471394,68,0.06448735511401066,0.05921283115982229,8,-0.14695437266141043,-0.15215040737253582,224,-0.013336459514052542,-0.018347415561372593,0.9906285937795501,224
LON_H2,DI_CONT_A20_G5,1.5,0.3,226,-0.020861239032929624,-0.03063956624985348,94,-0.03946461921290949,-0.05015437562787486,10,-0.24202566110119622,-0.2530384916517944,320,-0.02632598196079871,-0.03637204150464727,0.9734711022413137,320
LON_H2,DI_CONT_A20_G5,1.5,0.4,226,-0.027982663556035577,-0.037760990772959434,94,0.006280061638154349,-0.004409694776811004,10,-0.1820256611011962,-0.1930384916517943,320,-0.017917988030242284,-0.02796404757409083,1.0076871718474114,320
LON_H2,DI_CONT_A20_G5,1.5,0.6,226,-0.0169765644812934,-0.02675489169821727,94,-0.041254819799039374,-0.051944576214004744,10,-0.4488535466108171,-0.45986637716141515,320,-0.024108301980881274,-0.03415436152472983,0.9891658022826916,320
LON_H2,DI_CONT_A20_G5,1.5,0.75,226,-0.007851025901564057,-0.01762935311848789,94,-0.007484966677497123,-0.01817472309246249,10,-0.403853546610817,-0.4148663771614151,320,-0.007743496004494399,-0.017789555548342956,1.030021937093548,320
LON_H2,DI_CONT_A20_G5,1.5,1.0,226,0.00479098335390104,-0.0049873438630228285,94,0.06694266029493327,0.056252903879967925,10,-0.328853546610817,-0.3398663771614151,320,0.023048038455329274,0.013001978911480711,1.0941346414000126,320
LON_H2,DI_CONT_A20_G5,1.5,1.5,226,0.02292263305101558,0.013144305834091752,94,-0.0023976002718913104,-0.013087356686856679,10,-0.4288535466108171,-0.439866377161415,320,0.015484814512411696,0.0054387549685631364,1.0665401716274134,320
LON_H2,DI_CONT_A20_G5,2.0,0.3,226,0.0017615785003058278,-0.005572166912387067,94,-0.02028995377138424,-0.02830727108260826,10,-0.2365192458258972,-0.24477886873884575,320,-0.004716059104503139,-0.012250603762389553,1.0470011242065866,320
LON_H2,DI_CONT_A20_G5,2.0,0.4,226,-0.014757775864832115,-0.022091521277525013,94,-0.02296239144502418,-0.0309797087562482,10,-0.5016401599581128,-0.5098997828710614,320,-0.017167881691513533,-0.024702426349399946,0.9925147162358864,320
LON_H2,DI_CONT_A20_G5,2.0,0.6,226,0.003787495877460549,-0.003546249535232373,94,-0.006915091708467378,-0.014932409019691402,10,-0.44164015995811273,-0.4498997828710613,320,0.0006436107740942165,-0.006890933883792215,1.0448434360700374,320
LON_H2,DI_CONT_A20_G5,2.0,0.75,226,0.009072931597877615,0.001739186185184709,94,0.053115297205521585,0.04509797989429755,10,-0.39664015995811275,-0.4048997828710613,320,0.02201037649512303,0.014475831837236613,1.09755251689343,320
LON_H2,DI_CONT_A20_G5,2.0,1.0,226,-0.010793411262527105,-0.01812715667522004,94,-0.024406810855226377,-0.03242412816645042,10,-0.5216401599581127,-0.5298997828710612,320,-0.014792347392882516,-0.022326892050768953,1.0006277004683395,320
LON_H2,DI_CONT_A20_G5,2.0,1.5,226,-0.018264162620728285,-0.02559790803342117,94,0.04976585890692458,0.04174854159570056,10,-0.4216401599581127,-0.42989978287106123,320,0.0017196562030197468,-0.005814888454866662,1.0356447975655003,320
LON_H2,DI_CONT_A20_G5,2.25,0.3,226,-0.015979767808744164,-0.022498652620026743,94,-0.0046785404681807825,-0.01180504474482438,10,-0.3646837740674641,-0.3720256611011963,320,-0.01266003227745367,-0.019357405306686053,1.0032470511666878,320
LON_H2,DI_CONT_A20_G5,2.25,0.4,226,-0.019732517845268856,-0.026251402656551428,94,-0.04576791708287961,-0.052894421359523186,10,-0.49923569774054466,-0.5065775847742768,320,-0.027380416371317006,-0.034077789400549376,0.9510945276453848,320
LON_H2,DI_CONT_A20_G5,2.25,0.6,226,0.0012709226197442772,-0.005247962191538296,94,0.03327176306119925,0.026145258784555682,10,-0.43923569774054466,-0.44657758477427684,320,0.01067116949942169,0.003973796470189305,1.0707598943517986,320
LON_H2,DI_CONT_A20_G5,2.25,0.75,226,-0.006172950593101994,-0.012691835404384538,94,0.008990293936551211,0.0018637896599076437,10,-0.39423569774054473,-0.4015775847742768,320,-0.0017187475125163471,-0.008416120541748718,1.0307496001311895,320
LON_H2,DI_CONT_A20_G5,2.25,1.0,226,-0.02123793991155215,-0.02775682472283473,94,0.050324435606132784,0.04319793132948919,10,-0.3192356977405447,-0.3265775847742768,320,-0.0002164921032322048,-0.00691386513246457,1.0313951708847737,320
LON_H2,DI_CONT_A20_G5,2.25,1.5,226,-0.045509783782106315,-0.0520286685933889,94,0.019843511567488304,0.012717007290844734,10,-0.2605350011798936,-0.26787688821362554,320,-0.0263122532731629,-0.033009626302395276,0.971298532446944,320
LON_H2,DI_CONT_A20_G5,2.5,0.3,226,-0.021418156547915703,-0.02728515287807002,94,0.00780655452708441,0.001392700678105188,10,-0.3632153966607177,-0.3698230949910766,320,-0.012833397669634417,-0.018861033395943555,0.9964860015563236,320
LON_H2,DI_CONT_A20_G5,2.5,0.4,226,-0.03654348683535687,-0.0424104831655112,94,-0.018229135031410378,-0.02464298888038959,10,-0.4624523544238289,-0.46906005275418766,320,-0.031163645992947586,-0.037191281719256716,0.9323128572999698,320
LON_H2,DI_CONT_A20_G5,2.5,0.6,226,-0.017300755107698577,-0.023167751437852904,94,0.037260758239898134,0.030846904390918906,10,-0.40245235442382893,-0.4090600527541877,320,-0.0012733105618420275,-0.007300946288151177,1.0324291355690702,320
LON_H2,DI_CONT_A20_G5,2.5,0.75,226,-0.017938925858534138,-0.023805922188688454,94,-0.021033523953381084,-0.027447377802360295,10,-0.35745235442382894,-0.3640600527541878,320,-0.01884796404889542,-0.02487559977520455,0.9817397882637385,320
LON_H2,DI_CONT_A20_G5,2.5,1.0,226,-0.02858306431756821,-0.03445006064772253,94,0.045138745923631644,0.03872489207465243,10,-0.28245235442382893,-0.2890600527541877,320,-0.006927282559215757,-0.012954918285524886,1.012954312926497,320
LON_H2,DI_CONT_A20_G5,2.5,1.5,226,-0.04849747337483431,-0.05436446970498862,94,0.018919660722205977,0.012505806873226733,10,-0.22962172751924284,-0.23622942584960166,320,-0.028693690233828718,-0.03472132596013786,0.9599669933998443,320
LON_H2,DI_CONT_A20_G5,3.0,0.3,226,-0.024116493860432263,-0.029005657468894195,94,-0.02409705961246262,-0.029441937819945297,10,-0.47770213831722463,-0.48320855359252357,320,-0.02411078505009118,-0.029133814822015453,0.937147435579791,320
LON_H2,DI_CONT_A20_G5,3.0,0.4,226,-0.010719553236047666,-0.01560871684450961,94,-0.021762619663565425,-0.027107497871048117,10,-0.44770213831722466,-0.4532085535925236,320,-0.013963453999131006,-0.018986483771055284,0.9849607529159794,320
LON_H2,DI_CONT_A20_G5,3.0,0.6,226,-0.0033268590848921395,-0.008216022693354069,94,-0.04329818959215789,-0.04864306779964057,10,-0.38770213831722466,-0.39320855359252366,320,-0.015068437421401454,-0.020091467193325722,0.9839982231652264,320
LON_H2,DI_CONT_A20_G5,3.0,0.75,226,-0.028137012579917672,-0.0330261761883796,94,0.01283539538343256,0.007490517175949876,10,-0.3427021383172247,-0.3482085535925237,320,-0.016101367740683537,-0.021124397512607824,0.9821446086178768,320
LON_H2,DI_CONT_A20_G5,3.0,1.0,226,-0.03655675992836895,-0.04144592353683089,94,0.02769405262998516,0.02234917442250246,10,-0.32367661589673624,-0.32918303117203523,320,-0.017683083739352436,-0.022706113511276715,0.9785219182963723,320
LON_H2,DI_CONT_A20_G5,3.0,1.5,226,-0.058738586943876944,-0.06362775055233887,94,0.018841151273993162,0.013496273066510472,10,-0.2236766158967362,-0.22918303117203523,320,-0.03594953884237758,-0.04097256861430187,0.9292931599990139,320
LON_H2,EXPAND_BODY60,1.5,0.3,192,-0.020762814030150702,-0.031079855786372627,71,0.02140641142912731,0.01027863122819804,10,-0.24158495584902048,-0.25237743377353067,263,-0.009378726548748648,-0.019914636858484727,1.0529083656404594,263
LON_H2,EXPAND_BODY60,1.5,0.4,192,-0.0025336473634840046,-0.012850689119705919,71,-0.016621757584957143,-0.027749537785886444,10,-0.18158495584902046,-0.19237743377353064,263,-0.006336901453691588,-0.01687281176342766,1.0537303152315032,263
LON_H2,EXPAND_BODY60,1.5,0.6,192,-0.00010489946469902552,-0.010421941220920938,71,-0.06709092044019473,-0.07821870064112399,10,-0.3815849558490204,-0.3923774337735306,263,-0.0181885781310876,-0.028724488440823665,1.0078140914471199,263
LON_H2,EXPAND_BODY60,1.5,0.75,192,-0.025530006809193956,-0.03584704856541588,71,-0.0047759036313923565,-0.015903683832321613,10,-0.32158495584902047,-0.3323774337735307,263,-0.019927188080585915,-0.030463098390321987,1.0027225223624852,263
LON_H2,EXPAND_BODY60,1.5,1.0,192,-0.02497770420267122,-0.03529474595889314,71,0.07329678654884927,0.06216900634792002,10,-0.22158495584902047,-0.23237743377353065,263,0.001552671627587168,-0.008983238682148889,1.047819248619304,263
LON_H2,EXPAND_BODY60,1.5,1.5,192,-0.03100235220752598,-0.04131939396374791,71,-0.0420022299049238,-0.053130010105853026,10,-0.39860103049925844,-0.40939350842376854,263,-0.033971900939523104,-0.04450781124925916,0.9767020007652761,263
LON_H2,EXPAND_BODY60,2.0,0.3,192,-0.011135563420625326,-0.018873344737791776,71,-0.028883966299705372,-0.037229801450402326,10,-0.15661111760227917,-0.16470547604566185,263,-0.015926957353761005,-0.023828890086063058,0.9994580297896779,263
LON_H2,EXPAND_BODY60,2.0,0.4,192,-0.020060008070974106,-0.027797789388140565,71,0.004918850601703096,-0.003426984548993866,10,-0.23661111760227915,-0.2447054760456618,263,-0.01331666599584072,-0.02121859872814279,1.008918477497714,263
LON_H2,EXPAND_BODY60,2.0,0.6,192,-0.05286733303164725,-0.06060511434881369,71,-0.003802392735940204,-0.012148227886637183,10,-0.13661111760227918,-0.14470547604566186,263,-0.03962166473888983,-0.04752359747119189,0.9362298427487282,263
LON_H2,EXPAND_BODY60,2.0,0.75,192,-0.05236854929823668,-0.06010633061540311,71,0.021279822830719747,0.012933987680022756,10,-0.12926446228878033,-0.13735882073216302,263,-0.03248628914175035,-0.0403882218740524,0.9593273775426466,263
LON_H2,EXPAND_BODY60,2.0,1.0,192,-0.07604798642116822,-0.08378576773833464,71,-0.0770663832693174,-0.0854122184200144,10,-0.11202651827645875,-0.12012087671984147,263,-0.07632291484785488,-0.08422484758015694,0.8717126144325102,263
LON_H2,EXPAND_BODY60,2.0,1.5,192,-0.09525747325340317,-0.10299525457056961,71,-0.1074759312595174,-0.11582176641021438,10,-0.46202651827645874,-0.47012087671984154,263,-0.09855599233490168,-0.10645792506720375,0.8415714535918695,263
LON_H2,EXPAND_BODY60,2.25,0.3,192,-0.036781374830460546,-0.04365940266794182,71,-0.015473374744671345,-0.02289189487862421,10,-0.15254321564647033,-0.15973820092947721,263,-0.03102902499741479,-0.0380529652039055,0.9287326763809128,263
LON_H2,EXPAND_BODY60,2.25,0.4,192,-0.037486212089067286,-0.04436423992654857,71,-0.043253973902400815,-0.05067249403635368,10,-0.23254321564647035,-0.23973820092947715,263,-0.039043288472134514,-0.046067228678625234,0.9145970060528378,263
LON_H2,EXPAND_BODY60,2.25,0.6,192,-0.05764691416738756,-0.06452494200486884,71,0.061200168758866455,0.0537816486249136,10,-0.13254321564647037,-0.1397382009294772,263,-0.025562720677790474,-0.0325866608842812,0.9678163293146006,263
LON_H2,EXPAND_BODY60,2.25,0.75,192,-0.05585774783847947,-0.06273577567596077,71,-0.016845826090696497,-0.024264346224649347,10,-0.18569023846796334,-0.19288522375097022,263,-0.0453260123096103,-0.052349952516101035,0.9214826793482943,263
LON_H2,EXPAND_BODY60,2.25,1.0,192,-0.06058384197941987,-0.06746186981690117,71,-0.028849254297881387,-0.036267774431834265,10,-0.3106902384679634,-0.3178852237509702,263,-0.05201670994371938,-0.059040650150210115,0.9139895269097438,263
LON_H2,EXPAND_BODY60,2.25,1.5,192,-0.06558406330749314,-0.07246209114497443,71,-0.050073433584857684,-0.057491953718810544,10,-0.4606902384679633,-0.46788522375097025,263,-0.06139678304016569,-0.06842072324665643,0.8999751774485188,263
LON_H2,EXPAND_BODY60,2.5,0.3,192,-0.03490937333611637,-0.041099598389849515,71,0.006491633675792154,-0.00018503444476541326,10,-0.14928889408182333,-0.1557643808365295,263,-0.02373267562567719,-0.03005422181151883,0.9520433188457366,263
LON_H2,EXPAND_BODY60,2.5,0.4,192,-0.06473510261853345,-0.07092532767226659,71,-0.03909109650834735,-0.04576776462890491,10,-0.19442912053916198,-0.20090460729386814,263,-0.05781219602604975,-0.06413374221189139,0.8489588739351538,263
LON_H2,EXPAND_BODY60,2.5,0.6,192,-0.05356063494026573,-0.05975085999399888,71,0.03834675749768312,0.031670089377125545,10,-0.14855179628836296,-0.15502728304306906,263,-0.028749133559678768,-0.03507067974552043,0.9536470918116811,263
LON_H2,EXPAND_BODY60,2.5,0.75,192,-0.054627194868296154,-0.06081741992202932,71,-0.015177562295489238,-0.021854230416046807,10,-0.14976144107850572,-0.1562369278332118,263,-0.043977294059667674,-0.050298840245509326,0.9183844995064446,263
LON_H2,EXPAND_BODY60,2.5,1.0,192,-0.07365229149498892,-0.07984251654872208,71,-0.026811336312261836,-0.03348800443281941,10,-0.2747614410785057,-0.28123692783321186,263,-0.06100701462056451,-0.06732856080640613,0.8857655078740857,263
LON_H2,EXPAND_BODY60,2.5,1.5,192,-0.06454260883610374,-0.07073283388983691,71,-0.027428865565760255,-0.034105533686317836,10,-0.36692128240974003,-0.37339676916444614,263,-0.054523309322056644,-0.06084485550789829,0.9050714912787426,263
LON_H2,EXPAND_BODY60,3.0,0.3,192,-0.05102034184466883,-0.05617886272277978,71,-0.02636747609264184,-0.0319313661931065,10,-0.228690933782635,-0.2340871727448901,263,-0.044365005462942905,-0.04963296061781095,0.8589309655487778,263
LON_H2,EXPAND_BODY60,3.0,0.4,192,-0.050781214796501196,-0.055939735674612155,71,0.00698416833299859,0.00142027823253395,10,-0.17869093378263495,-0.18408717274489012,263,-0.03518675775393662,-0.04045471290880465,0.9099899190918957,263
LON_H2,EXPAND_BODY60,3.0,0.6,192,-0.0613223432062118,-0.06648086408432276,71,-0.010177088367553934,-0.015740978468018564,10,-0.18230120089875473,-0.18769743986100984,263,-0.047515069086269936,-0.05278302424113797,0.8880645972403868,263
LON_H2,EXPAND_BODY60,3.0,0.75,192,-0.07595052542268371,-0.08110904630079468,71,-0.022524729945477804,-0.028088620045942425,10,-0.3123012008987548,-0.31769743986100984,263,-0.06152759204290569,-0.06679554719777372,0.8589355640239474,263
LON_H2,EXPAND_BODY60,3.0,1.0,192,-0.08814246339032239,-0.09330098426843332,71,-0.02330365580593629,-0.028867545906400918,10,-0.39743440200811675,-0.4028306409703718,263,-0.07063845069643868,-0.07590640585130672,0.8436225517492667,263
LON_H2,EXPAND_BODY60,3.0,1.5,192,-0.07103685747466176,-0.07619537835277272,71,0.005313306555653056,-0.0002505835448115396,10,-0.3474344020081167,-0.35283064097037176,263,-0.050425216234538744,-0.05569317138940677,0.8967806713166181,263
LON_H2,FALL_CONT_G10,1.5,0.3,46,-0.03000312769560751,-0.039569908934715604,22,-0.07411840720885897,-0.08390488354056114,5,-0.23876259902024274,-0.2481438985303642,68,-0.04427571812636533,-0.05391357718954798,0.9000000000000001,68
LON_H2,FALL_CONT_G10,1.5,0.4,46,-0.07565530160865096,-0.08522208284775905,22,-0.0013911344815862037,-0.011177610813288412,5,-0.17876259902024277,-0.18814389853036415,68,-0.051628659302835896,-0.061266518366018555,0.8952380952380947,68
LON_H2,FALL_CONT_G10,1.5,0.6,46,0.013573768648750435,0.0040069874096423565,22,0.07133613824568652,0.06154966191398426,5,-0.37876259902024284,-0.3881438985303642,68,0.03226159410658268,0.022623735043400033,1.1523711839930642,68
LON_H2,FALL_CONT_G10,1.5,0.75,46,0.1000059827193669,0.09043920148025884,22,0.08835278340136686,0.0785663070696647,5,-0.31876259902024273,-0.3281438985303642,68,0.0962358299988375,0.08659797093565484,1.3272827196880745,68
LON_H2,FALL_CONT_G10,1.5,1.0,46,0.15100725527668396,0.14144047403757587,22,0.14517096521954873,0.1353844888878465,5,-0.21876259902024273,-0.22814389853036418,68,0.14911904378761076,0.13948118472442814,1.4241053263018657,68
LON_H2,FALL_CONT_G10,1.5,1.5,46,0.13175537900646156,0.1221885977673535,22,-0.0539113074392045,-0.0636977837709067,5,-0.018762599020242778,-0.028143898530364142,68,0.07168674515639314,0.06204888609321048,1.1774144644070892,68
LON_H2,FALL_CONT_G10,2.0,0.3,46,-0.026355131396431915,-0.03353021732576298,22,-0.06922516904300786,-0.07656502629178451,5,-0.23407194926518207,-0.24110792389777308,68,-0.040224849458559434,-0.04745324375594641,0.8954032786429407,68
LON_H2,FALL_CONT_G10,2.0,0.4,46,0.010131888687923503,0.0029568027585924438,22,-0.06013425995209873,-0.06747411720087539,5,-0.4540719492651821,-0.4611079238977731,68,-0.012601277048554271,-0.019829671345941286,1.0067285222966276,68
LON_H2,FALL_CONT_G10,2.0,0.6,46,0.08663104553507084,0.07945595960573977,22,-0.002485412448974822,-0.009825269697751498,5,-0.37407194926518206,-0.38110792389777315,68,0.05779925030493841,0.050570856007551415,1.2326956738527046,68
LON_H2,FALL_CONT_G10,2.0,0.75,46,0.1705341738661021,0.16335908793677104,22,0.08615095118738886,0.0788110939386122,5,-0.31407194926518206,-0.32110792389777315,68,0.14323371947004782,0.1360053251726608,1.5078315887928513,68
LON_H2,FALL_CONT_G10,2.0,1.0,46,0.074414363664949,0.06723927773561791,22,-0.015212798110041292,-0.022552655358817963,5,-0.21407194926518205,-0.22110792389777317,68,0.045417340737746247,0.038188946440359264,1.147564415108255,68
LON_H2,FALL_CONT_G10,2.0,1.5,46,0.09722233531098443,0.09004724938165336,22,-0.037940070837314016,-0.045279928086090666,5,-0.014071949265182048,-0.021107923897773117,68,0.05349332155712317,0.04626492725973619,1.1532409611275787,68
LON_H2,FALL_CONT_G10,2.25,0.3,46,-0.015350761020953086,-0.021728615180358485,22,-0.0675940896543908,-0.07411840720885894,5,-0.2325083993468285,-0.23876259902024274,68,-0.03225301440235941,-0.03867825377781452,0.9191529925296589,68
LON_H2,FALL_CONT_G10,2.25,0.4,46,0.020946880020213113,0.014569025860807704,22,-0.05850318056348167,-0.06502749811794985,5,-0.4525083993468284,-0.45876259902024286,68,-0.004757551345099918,-0.011182790720555044,1.0300402792655254,68
LON_H2,FALL_CONT_G10,2.25,0.6,46,0.09764178272492374,0.09126392856551833,22,-0.0032193565203008645,-0.009743674074768999,5,-0.3725083993468285,-0.37876259902024284,68,0.06501023767499814,0.058584998299543015,1.2564930748583756,68
LON_H2,FALL_CONT_G10,2.25,0.75,46,0.13718061148185806,0.13080275732245267,22,0.038245189558751155,0.031720872004283036,5,-0.3125083993468285,-0.31876259902024273,68,0.10517209262438236,0.09874685324892721,1.36601874083044,68
LON_H2,FALL_CONT_G10,2.25,1.0,46,0.06266964102063392,0.05629178686122854,22,-0.018572992259430654,-0.025097309813898797,5,-0.2125083993468285,-0.21876259902024273,68,0.036385259665318914,0.029960020289863807,1.1239160771222485,68
LON_H2,FALL_CONT_G10,2.25,1.5,46,0.037724141771162734,0.031346287611757326,22,-0.05474610073545345,-0.06127041828992163,5,-0.012508399346828503,-0.018762599020242778,68,0.0078072986072574915,0.0013820592318023789,1.0464156037306689,68
LON_H2,FALL_CONT_G10,2.5,0.3,46,-0.016365199286156058,-0.02210526802962091,22,-0.038635508278985764,-0.04450739407800708,5,-0.23125755941214562,-0.2368863391182185,68,-0.023570299254424512,-0.029353014692334093,0.9476007284030851,68
LON_H2,FALL_CONT_G10,2.5,0.4,46,0.009931319488322415,0.004191250744857563,22,-0.014852896848004182,-0.02072478264702549,5,-0.38153801232682294,-0.3871667920328959,68,0.0019128965559814476,-0.0038698188819281257,1.052310707238653,68
LON_H2,FALL_CONT_G10,2.5,0.6,46,0.0932609766824738,0.08752090793900891,22,0.03969255769745033,0.03382067189842906,5,-0.3015380123268231,-0.3071667920328959,68,0.07593001759908385,0.07014730216117424,1.3047869802348735,68
LON_H2,FALL_CONT_G10,2.5,0.75,46,0.06350937712184694,0.057769308378382164,22,-0.08003480537685738,-0.08590669117587867,5,-0.241538012326823,-0.24716679203289588,68,0.017068612195795543,0.01128589675788598,1.080516557795335,68
LON_H2,FALL_CONT_G10,2.5,1.0,46,0.036123384804588106,0.03038331606112326,22,-0.05640000981997033,-0.06227189561899164,5,-0.141538012326823,-0.14716679203289587,68,0.006189345367230949,0.0004066299293213828,1.045577086151017,68
LON_H2,FALL_CONT_G10,2.5,1.5,46,0.010830449299664462,0.00509038055619962,22,-0.07493580257621299,-0.0808076883752343,5,0.05846198767317703,0.05283320796710411,68,-0.016917455719001773,-0.02270017115691135,0.9873986096591243,68
LON_H2,FALL_CONT_G10,3.0,0.3,46,0.008929750936341128,0.004146360316787079,22,0.022905076310966787,0.01801183814511569,5,-0.3979483436056858,-0.4026389933607466,68,0.013451179734014131,0.008632250202422804,1.119104017038724,68
LON_H2,FALL_CONT_G10,3.0,0.4,46,0.04578333430280118,0.040999943683247136,22,-0.010369162133557252,-0.015262400299408342,5,-0.3579483436056859,-0.36263899336074656,68,0.02761635016162642,0.022797420630035065,1.1664543343881175,68
LON_H2,FALL_CONT_G10,3.0,0.6,46,0.1197598254387696,0.1149764348192156,22,-0.07642984348335914,-0.08132308164921027,5,-0.2779483436056858,-0.2826389933607465,68,0.05628669725808091,0.05146776772648957,1.2450720286080483,68
LON_H2,FALL_CONT_G10,3.0,0.75,46,0.058897121085543194,0.054113730465989114,22,-0.01506620711972279,-0.019959445285573897,5,-0.21794834360568585,-0.22263899336074652,68,0.03496780901913358,0.030148879487542257,1.148019945645876,68
LON_H2,FALL_CONT_G10,3.0,1.0,46,0.04759135809640092,0.04280796747684687,22,-0.07680993809504418,-0.0817031762608953,5,-0.11794834360568585,-0.12263899336074653,68,0.00734387991681575,0.002524950385224401,1.0514920531374303,68
LON_H2,FALL_CONT_G10,3.0,1.5,46,-0.0036703862228508375,-0.008453776842404906,22,-0.024074613876761533,-0.028967852042612673,5,0.08205165639431415,0.07736100663925347,68,-0.010271753993233716,-0.015090683524825056,0.9982151963795451,68
LON_H2,FALL_CONT_G5,1.5,0.3,128,-0.023665001622289083,-0.033153752433433596,50,-0.08440124217517277,-0.0946018632627591,9,-0.15566943704662042,-0.16683748890326397,178,-0.04072574335062719,-0.05041445772256998,0.9136363636363637,178
LON_H2,FALL_CONT_G5,1.5,0.4,128,-0.06202001679589804,-0.07150876760704256,50,-0.012401242175172737,-0.022601863262759085,9,-0.08900277037995373,-0.10017082223659728,178,-0.04808215875636846,-0.05777087312831124,0.9059198224195028,178
LON_H2,FALL_CONT_G5,1.5,0.6,128,-0.05915033524482044,-0.06863908605596497,50,-0.10576681927709693,-0.11596744036468327,9,-0.20770042094619912,-0.2188684728028426,178,-0.07224485323141497,-0.08193356760335777,0.8681605204864735,178
LON_H2,FALL_CONT_G5,1.5,0.75,128,-0.004048203557229055,-0.013536954368373585,50,-0.12927949540859754,-0.13948011649618391,9,-0.3354781987239769,-0.3466462505806203,178,-0.03922553272896177,-0.04891424710090457,0.953743546253247,178
LON_H2,FALL_CONT_G5,1.5,1.0,128,0.0006927518562702892,-0.008795998954874241,50,-0.1252187767563715,-0.13541939784395784,9,-0.25214486539064357,-0.263312917247287,178,-0.03467565505739313,-0.04436436942933594,0.9686253886361316,178
LON_H2,FALL_CONT_G5,1.5,1.5,128,0.011769942290545107,0.0022811914794005905,50,-0.2728149767262229,-0.2830155978138093,9,-0.08547819872397694,-0.09664625058062033,178,-0.06816964170292905,-0.07785835607487185,0.9138614099736868,178
LON_H2,FALL_CONT_G5,2.0,0.3,128,-0.01827731439023606,-0.025393877498594463,50,-0.05330093163137958,-0.06095139744706933,9,-0.15008541111829865,-0.1584614500107813,178,-0.028115409120894348,-0.03538194489985144,0.9428688564110178,178
LON_H2,FALL_CONT_G5,2.0,0.4,128,-0.04062731522469011,-0.047743878333048495,50,-0.10032511445782266,-0.10797558027351244,9,-0.28910864904298267,-0.29748468793546523,178,-0.05739635995309813,-0.06466289573205523,0.8601476731675803,178
LON_H2,FALL_CONT_G5,2.0,0.6,128,-0.0012728626758059525,-0.008389425784164347,50,-0.13495962155644817,-0.14261008737213796,9,-0.3779975379318716,-0.38637357682435414,178,-0.03882532303553691,-0.046091858814494006,0.9346035252358466,178
LON_H2,FALL_CONT_G5,2.0,0.75,128,0.013513322634318547,0.006396759525960166,50,-0.1539140825672786,-0.1615645483829684,9,-0.32799753793187153,-0.3363735768243542,178,-0.03351684736613009,-0.04078338314508719,0.9538254411298767,178
LON_H2,FALL_CONT_G5,2.0,1.0,128,-0.01218108864502778,-0.0192976517533862,50,-0.25258302829965074,-0.26023349411534047,9,-0.2446642045985382,-0.25304024349102083,178,-0.07970972337947241,-0.08697625915842953,0.8623176926504927,178
LON_H2,FALL_CONT_G5,2.0,1.5,128,0.011993623125829835,0.004877060017471416,50,-0.24565080554501634,-0.2533012713607061,9,-0.35577531570964926,-0.36415135460213194,178,-0.060378407399688735,-0.06764494317864586,0.908832148501043,178
LON_H2,FALL_CONT_G5,2.25,0.3,128,-0.03160047880828153,-0.03792631268237788,50,-0.07760082811678182,-0.08440124217517277,9,-0.14822406914219136,-0.15566943704662042,178,-0.04452192524325352,-0.05098106815788206,0.8732073509007651,178
LON_H2,FALL_CONT_G5,2.25,0.4,128,-0.06369190663005833,-0.07001774050415469,50,-0.11684885615241558,-0.12364927021080653,9,-0.28661509544561414,-0.29406046335004327,178,-0.07862363402397891,-0.08508277693860744,0.7934319510530998,178
LON_H2,FALL_CONT_G5,2.25,0.6,128,0.013547275925565105,0.007221442051468758,50,-0.09252397357341606,-0.09932438763180698,9,-0.3755039843345031,-0.38294935223893223,178,-0.016248018877519477,-0.022707161792148028,0.9904945585642637,178
LON_H2,FALL_CONT_G5,2.25,0.75,128,-0.007883727403573841,-0.014209561277670195,50,-0.1793003351229294,-0.18610074918132033,9,-0.3255039843345031,-0.3329493522389322,178,-0.05603445990901077,-0.06249360282363933,0.8944648892258056,178
LON_H2,FALL_CONT_G5,2.25,1.0,128,-0.023745282450335463,-0.030071116324431824,50,-0.1993003351229294,-0.20610074918132035,9,-0.24217065100116977,-0.2496160189055988,178,-0.07305849949319891,-0.07951764240782748,0.8654244766550299,178
LON_H2,FALL_CONT_G5,2.25,1.5,128,-0.01980273946391453,-0.026128573338010885,50,-0.22013482583956193,-0.2269352398979529,9,-0.3532817621122809,-0.36072713001671,178,-0.07607579743460201,-0.08253494034923055,0.867782019808655,178
LON_H2,FALL_CONT_G5,2.5,0.3,128,-0.05823049800431972,-0.0639237484910064,50,-0.06407310944471861,-0.07019348209727044,9,-0.1467349955613056,-0.1534358266752917,178,-0.05987168099319581,-0.06568490961636148,0.81166695759678,178
LON_H2,FALL_CONT_G5,2.5,0.4,128,-0.04379258997776715,-0.049485840464453874,50,-0.12373198564715712,-0.12985235829970893,9,-0.4014427264092069,-0.40814355752319287,178,-0.0662474764017531,-0.07206070502491878,0.8206428719524866,178
LON_H2,FALL_CONT_G5,2.5,0.6,128,-0.008157770269996409,-0.013851020756683124,50,-0.15729555445582155,-0.16341592710837335,9,-0.33477605974254027,-0.34147689085652627,178,-0.05005040627725065,-0.055863634900416334,0.8939475855142436,178
LON_H2,FALL_CONT_G5,2.5,0.75,128,-0.012666920886492291,-0.018360171373178975,50,-0.2612307110417192,-0.26735108369427096,9,-0.2847760597425402,-0.29147689085652634,178,-0.08248821025593801,-0.0883014388791037,0.8274881129379917,178
LON_H2,FALL_CONT_G5,2.5,1.0,128,-0.012195009579019377,-0.017888260065706076,50,-0.21083140099668893,-0.21695177364924068,9,-0.2014427264092069,-0.208143557523193,178,-0.06799174874128609,-0.07380497736445177,0.8681294058497093,178
LON_H2,FALL_CONT_G5,2.5,1.5,128,-0.033259380799156725,-0.03895263128584346,50,-0.22684560876414675,-0.23296598141669858,9,-0.24828699455502287,-0.25498782566900896,178,-0.08763753472190673,-0.09345076334507242,0.8310997502644719,178
LON_H2,FALL_CONT_G5,3.0,0.3,128,-0.04219960440703868,-0.04694397981261095,50,-0.07990812203128263,-0.08500843257507582,9,-0.27527634608174645,-0.28086037201006825,178,-0.05279188463856788,-0.05763624182453928,0.8222529037427347,178
LON_H2,FALL_CONT_G5,3.0,0.4,128,0.010213366993264715,0.005468991587692457,50,-0.13473043903361398,-0.13983074957740715,9,-0.3318410798969731,-0.3374251058252948,178,-0.03050118526147649,-0.03534554244744789,0.9223520638689257,178
LON_H2,FALL_CONT_G5,3.0,0.6,128,0.02933830129473393,0.02459392588916167,50,-0.26381271019574903,-0.26891302073954226,9,-0.2651744132303064,-0.27075843915862813,178,-0.053007488449783736,-0.05785184563575515,0.8711217172552163,178
LON_H2,FALL_CONT_G5,3.0,0.75,128,-0.01392073173099851,-0.01866510713657079,50,-0.21281271019574902,-0.21791302073954225,9,-0.21517441323030637,-0.22075843915862814,178,-0.06978926500761382,-0.07463362219358523,0.8343433826998495,178
LON_H2,FALL_CONT_G5,3.0,1.0,128,0.0025619779287376666,-0.0021823974768345952,50,-0.22905177687700656,-0.2341520874207998,9,-0.2819890811295974,-0.2875731070579192,178,-0.062498065556021956,-0.06734242274199335,0.8618458668876257,178
LON_H2,FALL_CONT_G5,3.0,1.5,128,-0.03095292689527699,-0.0356973023008493,50,-0.20499179163110534,-0.21009210217489854,9,-0.1708779700184863,-0.1764619959468081,178,-0.07984024845028495,-0.08468460563625636,0.8210150689295699,178
LON_H2,FALL_REV_A20_G5,1.5,0.3,35,-0.09135471221726177,-0.10131778261160693,9,0.13508725441236594,0.12485310384077114,1,0.2784251312007362,0.2676376968011043,44,-0.04503703722483793,-0.05505555583725688,0.9,44
LON_H2,FALL_REV_A20_G5,1.5,0.4,35,-0.21992614078869027,-0.2298892111830354,9,0.22397614330125482,0.21374199272966007,1,0.37842513120073623,0.3676376968011043,44,-0.12912794631574695,-0.13914646492816593,0.7000000000000002,44
LON_H2,FALL_REV_A20_G5,1.5,0.6,35,-0.24278328364583324,-0.25274635404017837,9,0.046198365523477,0.035964214951882255,1,-1.0215748687992638,-1.0323623031988958,44,-0.1836734008612015,-0.19369191947362052,0.657142857142857,44
LON_H2,FALL_REV_A20_G5,1.5,0.75,35,-0.2699261407886903,-0.27988921118303545,9,-0.0019367320133052424,-0.012170882584900004,1,-1.0215748687992638,-1.0323623031988958,44,-0.21511012535736154,-0.2251286439697805,0.636045570617045,44
LON_H2,FALL_REV_A20_G5,1.5,1.0,35,-0.25171147111278586,-0.26167454150713104,9,0.13695215687558365,0.12671800630398888,1,-1.0215748687992638,-1.0323623031988958,44,-0.17221209266061938,-0.18223061127303833,0.7288717558989898,44
LON_H2,FALL_REV_A20_G5,1.5,1.5,35,-0.16710415152033986,-0.17706722191468502,9,-0.05335550263720311,-0.06358965320879785,1,-1.0215748687992638,-1.0323623031988958,44,-0.14383738243060734,-0.1538559010430263,0.797565045104816,44
LON_H2,FALL_REV_A20_G5,2.0,0.3,35,-0.08637317702008919,-0.09384547981584805,9,0.2846487741426078,0.2769731612139117,1,0.28381884840055216,0.2757282726008282,44,-0.010482323373173898,-0.017996212332488097,1.02,44
LON_H2,FALL_REV_A20_G5,2.0,0.4,35,-0.014944605591517725,-0.022416908387276595,9,0.22909321858705228,0.22141760565835616,1,0.38381884840055214,0.37572827260082825,44,0.03497222208137159,0.027458333122057376,1.2000000000000002,44
LON_H2,FALL_REV_A20_G5,2.0,0.6,35,-0.009230319877232057,-0.016702622672990927,9,0.1138252287677989,0.10614961583910272,1,-1.0161811515994479,-1.0242717273991717,44,0.01594013325470608,0.00842624429539187,1.0882653193238725,44
LON_H2,FALL_REV_A20_G5,2.0,0.75,35,0.011216396665410583,0.0037440938696517226,9,0.19017214295265425,0.1824965300239582,1,-1.0161811515994479,-1.0242717273991717,44,0.047820981133255884,0.04030709217394168,1.1673757869289987,44
LON_H2,FALL_REV_A20_G5,2.0,1.0,35,0.07824331493117367,0.07077101213541481,9,0.05823036005329545,0.05055474712459936,1,-1.0161811515994479,-1.0242717273991717,44,0.0741497559788804,0.0666358670195662,1.2184841161654731,44
LON_H2,FALL_REV_A20_G5,2.0,1.5,35,0.15097937347838997,0.1435070706826311,9,-0.05288075105781566,-0.06055636398651176,1,-1.0161811515994479,-1.0242717273991717,44,0.10928071164143881,0.10176682268212466,1.2731998770402717,44
LON_H2,FALL_REV_A20_G5,2.25,0.3,35,-0.08471266528769832,-0.09135471221726177,9,0.2863544659045403,0.2795316988568104,1,0.2856167541338241,0.2784251312007362,44,-0.008812570271104074,-0.01549158267938338,1.02,44
LON_H2,FALL_REV_A20_G5,2.25,0.4,35,-0.05328409385912687,-0.059926140788690296,9,0.10484940599620865,0.09802663894847881,1,-0.7479287850411604,-0.7551204079742484,44,-0.02093860525235369,-0.027617617660632986,0.9738057606855198,44
LON_H2,FALL_REV_A20_G5,2.25,0.6,35,-0.053284093859126906,-0.059926140788690345,9,0.1505371187494649,0.14371435170173497,1,-0.7479287850411604,-0.7551204079742484,44,-0.011593391280096772,-0.018272403688376064,1.0048159136918478,44
LON_H2,FALL_REV_A20_G5,2.25,0.75,35,0.013144733543857003,0.006502686614293582,9,0.22025289432118822,0.21343012727345836,1,-0.7479287850411604,-0.7551204079742484,44,0.05550776643012929,0.04882875402185003,1.1870735240735817,44
LON_H2,FALL_REV_A20_G5,2.25,1.0,35,0.07399861139604265,0.06735656446647924,9,0.09371205026249887,0.08688928321476903,1,-0.7479287850411604,-0.7551204079742484,44,0.07803090570963599,0.0713518933013567,1.228651418034687,44
LON_H2,FALL_REV_A20_G5,2.25,1.5,35,0.11826158130596752,0.11161953437640411,9,0.1248352057442038,0.11801243869647395,1,-0.7479287850411604,-0.7551204079742484,44,0.11960618630469767,0.11292717389641836,1.3234522561277902,44
LON_H2,FALL_REV_A20_G5,2.5,0.3,35,-0.08338425590178561,-0.08936209813839273,9,0.2877190193140862,0.28157852897112934,1,0.2870550787204417,0.28058261808066254,44,-0.007476767789448205,-0.013487878956899579,1.02,44
LON_H2,FALL_REV_A20_G5,2.5,0.4,35,-0.09195568447321419,-0.09793352670982128,9,0.11436446539658777,0.10822397505363095,1,-0.6731359065370444,-0.6796083671768235,44,-0.04975383563620923,-0.0557649468036606,0.8784650238749068,44
LON_H2,FALL_REV_A20_G5,2.5,0.6,35,-0.07102688266767154,-0.07700472490427866,9,0.14544982711129162,0.13930933676833476,1,-0.6731359065370444,-0.6796083671768235,44,-0.02674755566742908,-0.03275866683488046,0.9597008157339277,44
LON_H2,FALL_REV_A20_G5,2.5,0.75,35,-0.03241458324705589,-0.03839242548366301,9,0.13126523140361954,0.12512474106066268,1,-0.6731359065370444,-0.6796083671768235,44,0.0010653788405822712,-0.00494573232686911,1.0346262043552736,44
LON_H2,FALL_REV_A20_G5,2.5,1.0,35,0.08873237220730072,0.0827545299706936,9,0.023462796280894514,0.017322305937937647,1,-0.6731359065370444,-0.6796083671768235,44,0.07538177713144494,0.06937066596399354,1.2281964651375574,44
LON_H2,FALL_REV_A20_G5,2.5,1.5,35,0.026168137378023763,0.02019029514141667,9,0.13457390739200564,0.12843341704904876,1,-0.6731359065370444,-0.6796083671768235,44,0.04834204488088369,0.042330933713432335,1.1475500815342619,44
LON_H2,FALL_REV_A20_G5,3.0,0.3,35,-0.07287476144184858,-0.07785629663902119,9,0.05085927671937867,0.045742201433581306,1,-0.5609465887808703,-0.5663403059806863,44,-0.04756552636341574,-0.05257478566962523,0.8531764746737579,44
LON_H2,FALL_REV_A20_G5,3.0,0.4,35,-0.04144619001327714,-0.04642772521044972,9,0.05179172795098757,0.046674652665190185,1,-0.5609465887808703,-0.5663403059806863,44,-0.02237479770240482,-0.027384057008614283,0.9566573412909268,44
LON_H2,FALL_REV_A20_G5,3.0,0.6,35,-0.026639732823158895,-0.031621268020331494,9,0.07975806320671999,0.07464098792092262,1,-0.5609465887808703,-0.5663403059806863,44,-0.0048765472715927545,-0.009885806577802235,1.0159750985099592,44
LON_H2,FALL_REV_A20_G5,3.0,0.75,35,0.05098273005547159,0.04600119485829902,9,0.0425062599190964,0.037389184633299,1,-0.5609465887808703,-0.5663403059806863,44,0.04924890661848576,0.04423964731227628,1.1817546663793994,44
LON_H2,FALL_REV_A20_G5,3.0,1.0,35,0.08316973041821318,0.0781881952210406,9,0.03807084875259729,0.03295377346679989,1,-0.5609465887808703,-0.5663403059806863,44,0.07394495916842811,0.06893569986221865,1.2546274946403273,44
LON_H2,FALL_REV_A20_G5,3.0,1.5,35,0.028583722238486705,0.023602187041314133,9,0.04867079993912683,0.043553724653329434,1,-0.5609465887808703,-0.5663403059806863,44,0.03269244267725399,0.027683183371044532,1.12013704287133,44
LON_H2,PULLBACK_DI_A20_G10,1.5,0.3,30,-0.02277698929891511,-0.03249881728170602,10,0.15276568798222562,0.1441485319733385,1,0.2784251312007362,0.2676376968011043,40,0.021108680021370063,0.011663020032055094,1.2,40
LON_H2,PULLBACK_DI_A20_G10,1.5,0.4,30,-0.039443655965581775,-0.049165483948372654,10,0.10276568798222566,0.0941485319733385,1,0.37842513120073623,0.3676376968011043,40,-0.0038913199786299035,-0.013336979967944872,1.054545454545455,40
LON_H2,PULLBACK_DI_A20_G10,1.5,0.6,30,-0.059443655965581765,-0.06916548394837269,10,-0.21723431201777438,-0.22585146802666153,1,-1.0215748687992638,-1.0323623031988958,40,-0.09889131997862992,-0.10833697996794492,0.8117647058823527,40
LON_H2,PULLBACK_DI_A20_G10,1.5,0.75,30,-0.08611032263224842,-0.09583215061503932,10,-0.3172343120177744,-0.3258514680266616,1,-1.0215748687992638,-1.0323623031988958,40,-0.14389131997862992,-0.15333697996794488,0.75,40
LON_H2,PULLBACK_DI_A20_G10,1.5,1.0,30,-0.18985987467702664,-0.19958170265981742,10,-0.21723431201777438,-0.22585146802666153,1,-1.0215748687992638,-1.0323623031988958,40,-0.19670348401221355,-0.20614914400152853,0.6922664922934214,40
LON_H2,PULLBACK_DI_A20_G10,1.5,1.5,30,-0.21020867250186537,-0.21993050048465623,10,-0.26518836185991435,-0.2738055178688016,1,-1.0215748687992638,-1.0323623031988958,40,-0.2239535948413776,-0.2333992548306926,0.6656827083251989,40
LON_H2,PULLBACK_DI_A20_G10,2.0,0.3,30,0.060207254817219155,0.05291588383012597,10,0.027074265986669222,0.020611398980003838,1,0.28381884840055216,0.2757282726008282,40,0.05192400760958167,0.04483976261759544,1.377671414820309,40
LON_H2,PULLBACK_DI_A20_G10,2.0,0.4,30,0.04687392148388583,0.03958255049679268,10,-0.17292573401333078,-0.17938860101999618,1,0.38381884840055214,0.37572827260082825,40,-0.008075992390418313,-0.015160237382404535,1.0221545367038334,40
LON_H2,PULLBACK_DI_A20_G10,2.0,0.6,30,-0.019792745182780857,-0.02708411616987402,10,-0.3729257340133308,-0.37938860101999616,1,-1.0161811515994479,-1.0242717273991717,40,-0.10807599239041835,-0.11516023738240455,0.7790411708083625,40
LON_H2,PULLBACK_DI_A20_G10,2.0,0.75,30,-0.0742715758830311,-0.08156294687012429,10,-0.31292573401333074,-0.31938860101999617,1,-1.0161811515994479,-1.0242717273991717,40,-0.13393511541560604,-0.14101936040759228,0.7489743548137712,40
LON_H2,PULLBACK_DI_A20_G10,2.0,1.0,30,-0.10619984091832686,-0.11349121190542005,10,-0.3738912713949357,-0.3803541384016012,1,-1.0161811515994479,-1.0242717273991717,40,-0.17312269853747903,-0.1802069435294653,0.688344734489886,40
LON_H2,PULLBACK_DI_A20_G10,2.0,1.5,30,-0.19597739068279285,-0.20326876166988608,10,-0.44287795637095806,-0.44934082337762343,1,-1.0161811515994479,-1.0242717273991717,40,-0.2577025321048342,-0.26478677709682036,0.5501005890623701,40
LON_H2,PULLBACK_DI_A20_G10,2.25,0.3,30,0.018332374652342928,0.011851155997149013,10,0.028510458654817068,0.022765687982225634,1,0.2856167541338241,0.2784251312007362,40,0.02087689565296147,0.014579788993418174,1.1673555448602406,40
LON_H2,PULLBACK_DI_A20_G10,2.25,0.4,30,0.04833237465234298,0.04185115599714905,10,-0.28484409526268134,-0.2905888659352728,1,-0.7479287850411604,-0.7551204079742484,40,-0.03496174282641311,-0.041258849485956414,0.9237484375625505,40
LON_H2,PULLBACK_DI_A20_G10,2.25,0.6,30,-0.07166762534765707,-0.07814884400285098,10,-0.34484409526268134,-0.35058886593527283,1,-0.7479287850411604,-0.7551204079742484,40,-0.13996174282641313,-0.14625884948595647,0.7127082585353046,40
LON_H2,PULLBACK_DI_A20_G10,2.25,0.75,30,-0.04348684278041845,-0.04996806143561238,10,-0.28484409526268134,-0.29058886593527283,1,-0.7479287850411604,-0.7551204079742484,40,-0.10382615590098417,-0.11012326256052747,0.7965630019334968,40
LON_H2,PULLBACK_DI_A20_G10,2.25,1.0,30,-0.0447649163384209,-0.05124613499361482,10,-0.35014679515744135,-0.35589156583003284,1,-0.7479287850411604,-0.7551204079742484,40,-0.121110386043176,-0.12740749270271928,0.7726248667500505,40
LON_H2,PULLBACK_DI_A20_G10,2.25,1.5,30,-0.17818621627627934,-0.18466743493147325,10,-0.6670238484694613,-0.6727686191420525,1,-0.7479287850411604,-0.7551204079742484,40,-0.3003956243245748,-0.3066927309841181,0.467023724820793,40
LON_H2,PULLBACK_DI_A20_G10,2.5,0.3,30,0.019499137187108648,0.01366604039743411,10,-0.03131714845960051,-0.036487442064932804,1,0.2870550787204417,0.28058261808066254,40,0.0067950657754313635,0.0011276697818423886,1.087270128222922,40
LON_H2,PULLBACK_DI_A20_G10,2.5,0.4,30,0.0229702416346042,0.017137144844929668,10,-0.2073362469853491,-0.21250654059068141,1,-0.6731359065370444,-0.6796083671768235,40,-0.03460638052038413,-0.040273776513973104,0.9180997712791965,40
LON_H2,PULLBACK_DI_A20_G10,2.5,0.6,30,-0.07261282292559607,-0.07844591971527062,10,-0.2673362469853492,-0.2725065405906814,1,-0.6731359065370444,-0.6796083671768235,40,-0.12129367894053433,-0.12696107493412329,0.7323513015619264,40
LON_H2,PULLBACK_DI_A20_G10,2.5,0.75,30,-0.11815543495383266,-0.1239885317435072,10,-0.3261086768906331,-0.33127897049596544,1,-0.6731359065370444,-0.6796083671768235,40,-0.17014374543803273,-0.17581114143162174,0.6408429314194249,40
LON_H2,PULLBACK_DI_A20_G10,2.5,1.0,30,-0.11244705927842684,-0.1182801560681014,10,-0.39129802487145093,-0.39646831847678327,1,-0.6731359065370444,-0.6796083671768235,40,-0.18215980067668286,-0.1878271966702718,0.6372900662934718,40
LON_H2,PULLBACK_DI_A20_G10,2.5,1.5,30,-0.1691582770936814,-0.17499137388335598,10,-0.591298024871451,-0.5964683184767832,1,-0.6731359065370444,-0.6796083671768235,40,-0.27469321403812386,-0.28036061003171275,0.47708065450076453,40
LON_H2,PULLBACK_DI_A20_G10,3.0,0.3,30,0.00025297913994792496,-0.004607934851447507,10,-0.1094468724877909,-0.1137554504922345,1,-0.5609465887808703,-0.5663403059806863,40,-0.027171983766986783,-0.03189481376164427,0.9224076929474027,40
LON_H2,PULLBACK_DI_A20_G10,3.0,0.4,30,-0.11308035419338539,-0.11794126818478078,10,-0.18944687248779085,-0.19375545049223447,1,-0.5609465887808703,-0.5663403059806863,40,-0.13217198376698674,-0.13689481376164422,0.6527805706739582,40
LON_H2,PULLBACK_DI_A20_G10,3.0,0.6,30,-0.10384049750569627,-0.10870141149709166,10,-0.16085606258333035,-0.16516464058777397,1,-0.5609465887808703,-0.5663403059806863,40,-0.11809438877510478,-0.12281721876976226,0.7179001158281992,40
LON_H2,PULLBACK_DI_A20_G10,3.0,0.75,30,-0.11956998910312494,-0.12443090309452037,10,-0.1384238974088609,-0.1427324754133045,1,-0.5609465887808703,-0.5663403059806863,40,-0.12428346617955892,-0.12900629617421638,0.7200052845110979,40
LON_H2,PULLBACK_DI_A20_G10,3.0,1.0,30,-0.20831456230450457,-0.21317547629589997,10,-0.17608168739287575,-0.18039026539731937,1,-0.5609465887808703,-0.5663403059806863,40,-0.20025634357659733,-0.2049791735712548,0.5656745366083775,40
LON_H2,PULLBACK_DI_A20_G10,3.0,1.5,30,-0.2846995970246514,-0.28956051101604696,10,-0.41050014884607633,-0.4148087268505199,1,-0.5609465887808703,-0.5663403059806863,40,-0.31614973498000765,-0.3208725649746651,0.35856693236661796,40
LON_H2,PULLBACK_DI_A20_G5,1.5,0.3,57,-0.08465852416199625,-0.09453164589211718,17,0.12821454682735223,0.11879240847632253,1,0.2784251312007362,0.2676376968011043,74,-0.035755251096875655,-0.045524768537205364,0.9333333333333333,74
LON_H2,PULLBACK_DI_A20_G5,1.5,0.4,57,-0.13553571714445237,-0.14540883887457332,17,0.13409689976852876,0.124674761417499,1,0.37842513120073623,0.3676376968011043,74,-0.07359308893471347,-0.08336260637504317,0.8333333333333331,74
LON_H2,PULLBACK_DI_A20_G5,1.5,0.6,57,-0.14957080486375063,-0.15944392659387158,17,0.016449840944999284,0.007027702593969565,1,-1.0215748687992638,-1.0323623031988958,74,-0.11143092677255134,-0.12120044421288104,0.7875000000000001,74
LON_H2,PULLBACK_DI_A20_G5,1.5,0.75,57,-0.1907988750391892,-0.2006719967693102,17,-0.06785697539800312,-0.07727911374903282,1,-1.0215748687992638,-1.0323623031988958,74,-0.16255546566215995,-0.1723249831024897,0.7184057928349423,74
LON_H2,PULLBACK_DI_A20_G5,1.5,1.0,57,-0.19715828839608998,-0.20703141012621093,17,0.06449596577846747,0.05507382742743783,1,-1.0215748687992638,-1.0323623031988958,74,-0.1370485273019349,-0.14681804474226465,0.786323815096413,74
LON_H2,PULLBACK_DI_A20_G5,1.5,1.5,57,-0.19909625216354898,-0.2089693738936699,17,-0.06446341269426661,-0.07388555104529629,1,-1.0215748687992638,-1.0323623031988958,74,-0.16816708633952465,-0.17793660377985437,0.7573742537270949,74
LON_H2,PULLBACK_DI_A20_G5,2.0,0.3,57,-0.015797403582160967,-0.023202244879751678,17,0.13292561600286715,0.12585901223959478,1,0.28381884840055216,0.2757282726008282,74,0.018368695511696835,0.01104155743144955,1.1629133269161445,74
LON_H2,PULLBACK_DI_A20_G5,2.0,0.4,57,0.01051838589152327,0.0031135445939325496,17,0.05645502776757303,0.04938842400430071,1,0.38381884840055214,0.37572827260082825,74,0.021071398214399573,0.013744260134152267,1.1391421001969555,74
LON_H2,PULLBACK_DI_A20_G5,2.0,0.6,57,-0.0421131930558452,-0.04951803435343587,17,-0.039863319783796404,-0.04692992354706873,1,-1.0161811515994479,-1.0242717273991717,74,-0.041596330277131284,-0.04892346835737855,0.9298912288131231,74
LON_H2,PULLBACK_DI_A20_G5,2.0,0.75,57,-0.028680998687555855,-0.03608583998514655,17,0.03584975243171531,0.02878314866844296,1,-1.0161811515994479,-1.0242717273991717,74,-0.013856366673669233,-0.02118350475391652,1.0019345302979947,74
LON_H2,PULLBACK_DI_A20_G5,2.0,1.0,57,-0.03897938307530448,-0.046384224372895196,17,-0.06986386050418347,-0.0769304642674558,1,-1.0161811515994479,-1.0242717273991717,74,-0.04607446572788478,-0.0534016038081321,0.9314239463395636,74
LON_H2,PULLBACK_DI_A20_G5,2.0,1.5,57,-0.01921665433913256,-0.026621495636723263,17,-0.16926779284302013,-0.17633439660629247,1,-1.0161811515994479,-1.0242717273991717,74,-0.05368786183326891,-0.061014999913516194,0.9222613444227756,74
LON_H2,PULLBACK_DI_A20_G5,2.25,0.3,57,-0.025778557309428497,-0.03236063846284243,17,0.1344959723947054,0.12821454682735228,1,0.2856167541338241,0.2784251312007362,74,0.011041267082061717,0.004528255455175269,1.1159653050381613,74
LON_H2,PULLBACK_DI_A20_G5,2.25,0.4,57,-0.0012171538006565381,-0.0077992349540704714,17,-0.008653765203823046,-0.014935190771176228,1,-0.7479287850411604,-0.7551204079742484,74,-0.0029255645284110184,-0.009438576155297475,1.0372016662994212,74
LON_H2,PULLBACK_DI_A20_G5,2.25,0.6,57,-0.057357504677849544,-0.06393958583126347,17,-0.019760270216805074,-0.026041695784158256,1,-0.7479287850411604,-0.7551204079742484,74,-0.048720302166528534,-0.055233313793414986,0.9072557533984762,74
LON_H2,PULLBACK_DI_A20_G5,2.25,0.75,57,-0.0004202506950923844,-0.0070023318485063,17,0.05244219920351905,0.046160773636165865,1,-0.7479287850411604,-0.7551204079742484,74,0.011723825632967012,0.005210814006080556,1.0638487622669062,74
LON_H2,PULLBACK_DI_A20_G5,2.25,1.0,57,0.006639477310749606,5.7396157335685425e-05,17,-0.05296336523623411,-0.05924479080358729,1,-0.7479287850411604,-0.7551204079742484,74,-0.007053067598692593,-0.013566079225579059,1.0139058722365215,74
LON_H2,PULLBACK_DI_A20_G5,2.25,1.5,57,0.016558665287553075,0.009976584134139137,17,-0.22288466722357847,-0.22916609279093167,1,-0.7479287850411604,-0.7551204079742484,74,-0.03844858677581499,-0.04496159840270145,0.9453992931151876,74
LON_H2,PULLBACK_DI_A20_G5,2.5,0.3,57,-0.023902455964450533,-0.02982632900252309,17,0.09988369206762553,0.09423040905700768,1,0.2870550787204417,0.28058261808066254,74,0.004534902367242624,-0.0013268080969552117,1.076965706921412,74
LON_H2,PULLBACK_DI_A20_G5,2.5,0.4,57,-0.037865032571031826,-0.043788905609104374,17,0.03751951646424403,0.03186623345362619,1,-0.6731359065370444,-0.6796083671768235,74,-0.020546960495360346,-0.02640867095955817,0.9684384655022213,74
LON_H2,PULLBACK_DI_A20_G5,2.5,0.6,57,-0.056592961286926695,-0.06251683432499927,17,0.01868235501908721,0.013029072008469348,1,-0.6731359065370444,-0.6796083671768235,74,-0.039299983216626214,-0.045161693680824046,0.9247134747055062,74
LON_H2,PULLBACK_DI_A20_G5,2.5,0.75,57,-0.08106540970449085,-0.08698928274256343,17,-0.02339915441749445,-0.029052437428112286,1,-0.6731359065370444,-0.6796083671768235,74,-0.06781775646288357,-0.07367946692708141,0.8588830051456936,74
LON_H2,PULLBACK_DI_A20_G5,2.5,1.0,57,-0.016657492682347435,-0.022581365720420028,17,-0.11881770711824172,-0.12447099012885961,1,-0.6731359065370444,-0.6796083671768235,74,-0.04012673113383667,-0.04598844159803452,0.9317347558628565,74
LON_H2,PULLBACK_DI_A20_G5,2.5,1.5,57,-0.0319932622281855,-0.037917135266258055,17,-0.17764123653000644,-0.1832945195406243,1,-0.6731359065370444,-0.6796083671768235,74,-0.06545293200022545,-0.07131464246442325,0.8792863790172206,74
LON_H2,PULLBACK_DI_A20_G5,3.0,0.3,57,-0.02690932573894677,-0.03184588660400723,17,0.05479567548490922,0.05008460630939435,1,-0.5609465887808703,-0.5663403059806863,74,-0.00813925789022309,-0.013024016610387951,1.007489167282812,74
LON_H2,PULLBACK_DI_A20_G5,3.0,0.4,57,-0.07778651872140288,-0.08272307958646333,17,0.008230502607525683,0.0035194334320108357,1,-0.5609465887808703,-0.5663403059806863,74,-0.05802585165935172,-0.06291061037951656,0.8405824789552578,74
LON_H2,PULLBACK_DI_A20_G5,3.0,0.6,57,-0.05670587104783306,-0.06164243191289354,17,0.0398543329808314,0.035143263805316544,1,-0.5609465887808703,-0.5663403059806863,74,-0.03452312147368042,-0.03940788019384528,0.9256878006493838,74
LON_H2,PULLBACK_DI_A20_G5,3.0,0.75,57,-0.02551086662542711,-0.030447427490487577,17,0.0333281813429539,0.028617112167439028,1,-0.5609465887808703,-0.5663403059806863,74,-0.011993788038096332,-0.01687854675826119,0.9936289213980752,74
LON_H2,PULLBACK_DI_A20_G5,3.0,1.0,57,-0.034042667703167905,-0.03897922856822837,17,0.00882838132303386,0.004117312147518981,1,-0.5609465887808703,-0.5663403059806863,74,-0.024193913197148576,-0.029078671917313437,0.9606453671678928,74
LON_H2,PULLBACK_DI_A20_G5,3.0,1.5,57,-0.0656388868386856,-0.07057544770374607,17,-0.12345309243303901,-0.12816416160855387,1,-0.5609465887808703,-0.5663403059806863,74,-0.07892052866441546,-0.08380528738458032,0.8250929948565218,74
LON_H2,RANGE_DI_CONT_G5,1.5,0.3,172,0.023064927249198633,0.013085762966821197,71,0.002538611274216165,-0.008868139426703921,10,0.018128452363248636,0.0071926785448730105,243,0.017067526285314872,0.006671248275708922,1.1877551020408161,243
LON_H2,RANGE_DI_CONT_G5,1.5,0.4,172,0.030041671435245165,0.020062507152867736,71,0.04197523099252605,0.030568480291605967,10,0.09812845236324867,0.08719267854487307,243,0.03352843163510913,0.02313215362550319,1.2199999999999998,243
LON_H2,RANGE_DI_CONT_G5,1.5,0.6,172,0.015623410693116077,0.005644246410738659,71,-4.3227637359425164e-05,-0.011449978338279503,10,-0.22187154763675138,-0.232807321455127,243,0.011045915543059458,0.0006496375334535163,1.0905590902210094,243
LON_H2,RANGE_DI_CONT_G5,1.5,0.75,172,0.0017373185538813497,-0.008241845728496072,71,0.04396193001651338,0.032555179315593305,10,-0.3218715476367513,-0.332807321455127,243,0.014074550709629815,0.003678272700023866,1.0867239379174278,243
LON_H2,RANGE_DI_CONT_G5,1.5,1.0,172,-0.001238569505157041,-0.011217733787534467,71,0.13193653474057615,0.12052978403965606,10,-0.2218715476367513,-0.232807321455127,243,0.03767267494524238,0.027276396935636434,1.1285771069332435,243
LON_H2,RANGE_DI_CONT_G5,1.5,1.5,172,-0.001274185906824165,-0.01125335018920161,71,0.15121072299958732,0.1398039722986672,10,-0.27187154763675137,-0.282807321455127,243,0.04327901793002856,0.03288273992042263,1.1218581492580095,243
LON_H2,RANGE_DI_CONT_G5,2.0,0.3,172,0.0734618341679918,0.06597746095620874,71,0.0018026146115433352,-0.006752448414146721,10,0.02359633927243653,0.015394508908654764,243,0.05252436672557271,0.04472715821836826,1.3863237118626461,243
LON_H2,RANGE_DI_CONT_G5,2.0,0.4,172,0.05144981467625909,0.043965441464476035,71,0.0003941639073180147,-0.008160899118372054,10,-0.17640366072756347,-0.18460549109134525,243,0.03653232000714461,0.028735111499940163,1.213028306720682,243
LON_H2,RANGE_DI_CONT_G5,2.0,0.6,172,0.0324936129077428,0.025009239695959723,71,0.01702503324573105,0.008469970220040984,10,-0.21640366072756345,-0.22460549109134526,243,0.027973986751352535,0.020176778244148076,1.1299184987528237,243
LON_H2,RANGE_DI_CONT_G5,2.0,0.75,172,0.029997522264367325,0.022513149052584235,71,0.02735058612870756,0.018795523103017485,10,-0.20905700541406458,-0.21725883577784638,243,0.029224137632137496,0.021426929124933058,1.1194143800384213,243
LON_H2,RANGE_DI_CONT_G5,2.0,1.0,172,0.007397250824712024,-8.712238707104337e-05,71,0.04462396939984593,0.03606890637415587,10,-0.10905700541406457,-0.11725883577784639,243,0.01827419328905156,0.010476984781847113,1.0803591455749297,243
LON_H2,RANGE_DI_CONT_G5,2.0,1.5,172,-0.018159136798783258,-0.02564351001056634,71,0.06834615847746776,0.05979109545177768,10,-0.40905700541406453,-0.4172588357778463,243,0.007116072932137799,-0.0006811355750666503,1.0480019375536063,243
LON_H2,RANGE_DI_CONT_G5,2.25,0.3,172,0.021530680569897563,0.014877904381645955,71,-0.02184273631338924,-0.029447236780669305,10,-0.10458103175783424,-0.11187154763675138,243,0.008857789217167674,0.0019269372107637171,1.1085087983687487,243
LON_H2,RANGE_DI_CONT_G5,2.25,0.4,172,0.019207992295898847,0.012555216107647251,71,-0.028496574907738437,-0.03610107537501849,10,-0.17458103175783418,-0.1818715476367513,243,0.005269620808416354,-0.0016612311979875972,1.0727935306764103,243
LON_H2,RANGE_DI_CONT_G5,2.25,0.6,172,0.01434334140835808,0.007690565220106466,71,0.03652094803521898,0.028916447567938923,10,-0.21458103175783427,-0.22187154763675138,243,0.020823218241720728,0.013892366235316773,1.104080822129169,243
LON_H2,RANGE_DI_CONT_G5,2.25,0.75,172,0.02399148058377433,0.01733870439552273,71,0.0007378083594850006,-0.006866692107795037,10,-0.20805067147916861,-0.21534118735808566,243,0.017197197752809142,0.01026634574640519,1.085647891209413,243
LON_H2,RANGE_DI_CONT_G5,2.25,1.0,172,0.008023436080524662,0.0013706598922730631,71,0.06427990954466477,0.05667540907738473,10,-0.3080506714791686,-0.3153411873580857,243,0.024460512689388637,0.017529660682984692,1.0953276187352528,243
LON_H2,RANGE_DI_CONT_G5,2.25,1.5,172,-0.015467520967239277,-0.022120297155490902,71,0.03489405730075052,0.027289556833470494,10,-0.4080506714791686,-0.4153411873580858,243,-0.0007528211440817778,-0.007683673150485727,1.0300078950550056,243
LON_H2,RANGE_DI_CONT_G5,2.5,0.3,172,0.0389110406261989,0.03292354205677245,71,-0.00022670722901167788,-0.007070757649563748,10,-0.10312292858205079,-0.10968439287307623,243,0.027475731582083874,0.021237964776320315,1.2065923980332314,243
LON_H2,RANGE_DI_CONT_G5,2.5,0.4,172,-0.004499711538364415,-0.010487210107790872,71,-0.04440098670892584,-0.051245037129477894,10,-0.2782631550393895,-0.2848246193304148,243,-0.01615810881042145,-0.022395875616185022,0.9864838224572763,243
LON_H2,RANGE_DI_CONT_G5,2.5,0.6,172,0.020869435081998965,0.014881936512572512,71,0.010620018977737025,0.0037759685571849724,10,-0.2323858307885905,-0.2389472950796158,243,0.017874749718202264,0.011636982912438705,1.094631273276681,243
LON_H2,RANGE_DI_CONT_G5,2.5,0.75,172,0.025942601859928457,0.019955103290502,71,0.02705615941389947,0.020212108993347414,10,-0.17238583078859043,-0.17894729507961582,243,0.026267962297508454,0.020030195491744892,1.1126994101431953,243
LON_H2,RANGE_DI_CONT_G5,2.5,1.0,172,0.014333345026672304,0.008345846457245856,71,0.0668640660756072,0.06002001565505513,10,-0.2723858307885904,-0.2789472950796158,243,0.029681827308459856,0.023444060502696307,1.1122646172700152,243
LON_H2,RANGE_DI_CONT_G5,2.5,1.5,172,-0.0030326027627944688,-0.009020101332220948,71,0.05678835510452655,0.04994430468397447,10,-0.3145456721198247,-0.3211071364108502,243,0.01444594871284253,0.008208181907078975,1.0675915286496318,243
LON_H2,RANGE_DI_CONT_G5,3.0,0.3,172,0.0008241134594301887,-0.004165468681758512,71,-0.00712791948152735,-0.012831294831987378,10,-0.18521929586615798,-0.19068718277534571,243,-0.0014993200336067898,-0.006697459038409746,1.042851285318452,243
LON_H2,RANGE_DI_CONT_G5,3.0,0.4,172,0.01338253717256547,0.008392955031376763,71,0.01623664600978862,0.010533270659328584,10,-0.21612755629986183,-0.22159544320904953,243,0.014216453746404335,0.009018314741601363,1.1020749125788354,243
LON_H2,RANGE_DI_CONT_G5,3.0,0.6,172,0.015298243337944347,0.010308661196755636,71,0.02313563178720444,0.017432256436744425,10,-0.17122978609086256,-0.17669767300005032,243,0.017588179880732285,0.012390040875929313,1.097397087691258,243
LON_H2,RANGE_DI_CONT_G5,3.0,0.75,172,-0.007672376350124434,-0.012661958491313142,71,0.04825699640848365,0.04255362105802363,10,-0.2862297860908626,-0.29169767300005034,243,0.008669127624612916,0.003470988619809942,1.059742964161283,243
LON_H2,RANGE_DI_CONT_G5,3.0,1.0,172,-0.026253725762118655,-0.03124330790330735,71,0.0764816619772947,0.07077828662683466,10,-0.34636298720022457,-0.3518308741094124,243,0.003763609750220234,-0.0014345292545827248,1.0410614230441653,243
LON_H2,RANGE_DI_CONT_G5,3.0,1.5,172,-0.02276039888963813,-0.02774998103082683,71,0.08355378217376004,0.07785040682330001,10,-0.2463629872002245,-0.25183087410941235,243,0.00830259228526421,0.0031044532804612728,1.0537594624873163,243
LON_H2,RISE_CANDLE,1.5,0.3,313,-0.008831118335447677,-0.019165469644717027,151,-0.09246184230845668,-0.10359342571434062,16,-0.2926727742881591,-0.30463416143223865,464,-0.036047151352526036,-0.046640946727719526,0.9385458693298918,464
LON_H2,RISE_CANDLE,1.5,0.4,313,0.006184856105446924,-0.004149495203822438,151,-0.06729627939454934,-0.0784278628004333,16,-0.23642277428815905,-0.2483841614322386,464,-0.017728185835284637,-0.02832198121047814,1.0122349623513132,464
LON_H2,RISE_CANDLE,1.5,0.6,313,-0.007061697193548047,-0.01739604850281739,151,-0.04848248751055466,-0.05961407091643859,16,-0.3239227742881591,-0.3358841614322387,464,-0.020541307835504945,-0.031135103210698435,1.0017488495181752,464
LON_H2,RISE_CANDLE,1.5,0.75,313,-0.02118446026482304,-0.0315188115740924,151,-0.039210964331746694,-0.050342547737630625,16,-0.3676727742881591,-0.37963416143223866,464,-0.02705084413142965,-0.037644639506623154,0.986171453831148,464
LON_H2,RISE_CANDLE,1.5,1.0,313,-0.035147627476732946,-0.045481978786002304,151,0.015132395461888083,0.004000812056004107,16,-0.2739227742881591,-0.28588416143223866,464,-0.018784947598000673,-0.029378742973194184,1.0050161602001126,464
LON_H2,RISE_CANDLE,1.5,1.5,313,-0.05121455807084026,-0.0615489093801096,151,0.045756816356874314,0.03462523295099037,16,-0.5285121386955883,-0.5404735258396679,464,-0.019657063375614157,-0.03025085875080765,1.0027971283515194,464
LON_H2,RISE_CANDLE,2.0,0.3,313,0.014944922789237963,0.007194159307285943,151,-0.07604452358622708,-0.08439321114064005,16,-0.23695608116331546,-0.2459271215213751,464,-0.014665866871743125,-0.02261121340313825,1.005380197959201,464
LON_H2,RISE_CANDLE,2.0,0.4,313,0.005490072679448512,-0.00226069080250351,151,-0.05440118018951313,-0.06274986774392609,16,-0.26820608116331546,-0.2771771215213751,464,-0.014000399698166159,-0.021945746229561282,1.006765089775461,464
LON_H2,RISE_CANDLE,2.0,0.6,313,-0.013734069328911112,-0.02148483281086313,151,-0.04411847417543224,-0.052467161729845224,16,-0.26820608116331546,-0.2771771215213751,464,-0.023622097630257428,-0.031567444161652566,0.9788723134687647,464
LON_H2,RISE_CANDLE,2.0,0.75,313,-0.04431442485358665,-0.05206518833553868,151,-0.016892905260712084,-0.025241592815125058,16,-0.2448644215923787,-0.25383546195043827,464,-0.03539061136538826,-0.04333595789678337,0.9522665017054547,464
LON_H2,RISE_CANDLE,2.0,1.0,313,-0.08030109772368081,-0.08805186120563283,151,-0.004038891155715456,-0.01238757871012843,16,-0.2761144215923787,-0.28508546195043827,464,-0.055483008948330005,-0.06342835547972514,0.9141318353688048,464
LON_H2,RISE_CANDLE,2.0,1.5,313,-0.1014679820529614,-0.10921874553491344,151,-0.021168945205265282,-0.02951763275967827,16,-0.3967439448979506,-0.40571498525601024,464,-0.07533618342364648,-0.08328152995504162,0.8828661258678457,464
LON_H2,RISE_CANDLE,2.25,0.3,313,-0.015779564372428757,-0.022669131911941663,151,-0.0543767617899516,-0.06179781739387424,16,-0.3147942943673915,-0.32276855246344455,464,-0.02834029025614848,-0.03540282050627747,0.9401691637369577,464
LON_H2,RISE_CANDLE,2.25,0.4,313,-0.015357239261220193,-0.022246806800733095,151,-0.04216179738695762,-0.04958285299088024,16,-0.2647942943673915,-0.2727685524634445,464,-0.02408027434093215,-0.031142804591061155,0.9649204873095395,464
LON_H2,RISE_CANDLE,2.25,0.6,313,-0.04575109704462538,-0.05264066458413829,151,-0.004986394707530908,-0.012407450311453546,16,-0.2647942943673915,-0.27276855246344456,464,-0.032484997792683,-0.039547528042811995,0.9496566834936203,464
LON_H2,RISE_CANDLE,2.25,0.75,313,-0.06607120295585187,-0.07296077049536479,151,-0.015156028106480457,-0.02257708371040308,16,-0.2419628191932255,-0.2499370772892785,464,-0.049501824933750396,-0.05656435518387939,0.9120542895615432,464
LON_H2,RISE_CANDLE,2.25,1.0,313,-0.07082437993951318,-0.07771394747902607,151,0.04130874693185447,0.03388769132793181,16,-0.3596057287981783,-0.3675799868942314,464,-0.034332780461977574,-0.04139531071210658,0.9536154372374894,464
LON_H2,RISE_CANDLE,2.25,1.5,313,-0.11252384273820815,-0.11941341027772107,151,-0.0056926446629116355,-0.01311370026683428,16,-0.29166779344777133,-0.2996420515438244,464,-0.07775765543353189,-0.08482018568366091,0.8669728470272782,464
LON_H2,RISE_CANDLE,2.5,0.3,313,-0.007549373876906831,-0.013749984662468438,151,-0.040390122079164904,-0.047069072122695295,16,-0.3120648649306524,-0.31924169721710005,464,-0.01823677253755547,-0.024593049762671574,0.9757257000037793,464
LON_H2,RISE_CANDLE,2.5,0.4,313,-0.04306014483212884,-0.049260755617690444,151,-0.05757156145671259,-0.06425051150024297,16,-0.34956486493065236,-0.3567416972171001,464,-0.04778261015607743,-0.054138887381193525,0.8814659022450572,464
LON_H2,RISE_CANDLE,2.5,0.6,313,-0.04894687827364974,-0.05514748905921135,151,-0.021864316896546224,-0.02854326694007663,16,-0.29589153727390294,-0.30306836956035066,464,-0.04013337230825614,-0.04648964953337224,0.9223951492825941,464
LON_H2,RISE_CANDLE,2.5,0.75,313,-0.06768490967751313,-0.07388552046307473,151,-0.008105013784917474,-0.014783963828447851,16,-0.23964153727390294,-0.24681836956035066,464,-0.04829576252281066,-0.054652039747926755,0.9081985594697268,464
LON_H2,RISE_CANDLE,2.5,1.0,313,-0.07040385280893463,-0.07660446359449627,151,0.002647940232549535,-0.004031009810980853,16,-0.3548951559183605,-0.36207198820480824,464,-0.04663053222862406,-0.05298680945374016,0.9192287408911397,464
LON_H2,RISE_CANDLE,2.5,1.5,313,-0.09452897113980507,-0.1007295819253667,151,-0.053854927925027524,-0.060533877968557886,16,-0.3389714247380689,-0.34614825702451657,464,-0.08129237517982361,-0.0876486524049397,0.8479725193337271,464
LON_H2,RISE_CANDLE,3.0,0.3,313,-0.012724095258481841,-0.01789127091311652,151,-0.05286073646521717,-0.058426528168159145,16,-0.3073406226280647,-0.3133213162001046,464,-0.025785803927053035,-0.03108270161464978,0.9327204955464432,464
LON_H2,RISE_CANDLE,3.0,0.4,313,-0.017663950444574385,-0.022831126099209058,151,-0.05538311392831352,-0.06094890563125551,16,-0.3448406226280648,-0.35082131620010454,464,-0.029938936836911907,-0.03523583452450866,0.9291429580319609,464
LON_H2,RISE_CANDLE,3.0,0.6,313,-0.05799866277882301,-0.06316583843345769,151,-0.02987275210441944,-0.03543854380736139,16,-0.29177951624744025,-0.29776020981948004,464,-0.048845618572282194,-0.05414251625987894,0.8845812857586337,464
LON_H2,RISE_CANDLE,3.0,0.75,313,-0.04841130309567258,-0.05357847875030727,151,-0.011595532976992147,-0.01716132467993413,16,-0.4096991984511549,-0.4156798920231947,464,-0.03643030894067098,-0.041727206628267725,0.9263556459458304,464
LON_H2,RISE_CANDLE,3.0,1.0,313,-0.08210247819136263,-0.08726965384599729,151,-0.024802119915001704,-0.030367911617943655,16,-0.38218324693834965,-0.38816394051038944,464,-0.06345516332125378,-0.06875206100885053,0.860934100352031,464
LON_H2,RISE_CANDLE,3.0,1.5,313,-0.07860242035492154,-0.08376959600955623,151,-0.044957934818561536,-0.05052372652150352,16,-0.4244417669058647,-0.4304224604779045,464,-0.0676534606221837,-0.07295035830978046,0.8548008697969351,464
LON_OPEN,DI_CONT_A20_G10,1.5,0.3,70,-0.03823212940910803,-0.049491051256519175,26,0.07704310143082639,0.06556465214623958,5,0.27736986251282775,0.2660547937692416,96,-0.007011754389959125,-0.018330131584938677,1.0714285714285714,96
LON_OPEN,DI_CONT_A20_G10,1.5,0.4,70,-0.022517843694822272,-0.03377676554223342,26,0.05396617835390335,0.04248772906931656,5,0.09736986251282775,0.08605479376924167,96,-0.0018034210566257637,-0.013121798251605296,1.0769230769230764,96
LON_OPEN,DI_CONT_A20_G10,1.5,0.6,70,-0.00212661464837833,-0.013385536495789498,26,0.02319694758467254,0.011718498300085759,5,-0.06263013748717225,-0.07394520623075837,96,0.00473185012307295,-0.006586527071906624,1.0772760598015025,96
LON_OPEN,DI_CONT_A20_G10,1.5,0.75,70,-0.08350234552591031,-0.09476126737332145,26,0.12127387066159565,0.10979542137700884,5,0.027369862512827782,0.01605479376924166,96,-0.02804212030846077,-0.03936049750344033,0.9871225121606724,96
LON_OPEN,DI_CONT_A20_G10,1.5,1.0,70,-0.0977880598116246,-0.10904698165903574,26,0.28473540912313405,0.2732569598385473,5,0.17736986251282777,0.16605479376924165,96,0.005812046358205887,-0.0055063308367736775,1.0602937723786934,96
LON_OPEN,DI_CONT_A20_G10,1.5,1.5,70,0.028719622377340215,0.017460700529929027,26,0.5777205749034824,0.5662421256188955,5,0.47736986251282776,0.46605479376924175,96,0.17740738035317039,0.1660890031581908,1.404804551100903,96
LON_OPEN,DI_CONT_A20_G10,2.0,0.3,70,0.07882590294316895,0.07038171155761061,26,0.08278232607311978,0.0741734891096797,5,0.0230273968846208,0.014541095326931241,96,0.07989743420753065,0.07140865131129599,1.6199999999999999,96
LON_OPEN,DI_CONT_A20_G10,2.0,0.4,70,0.10311161722888329,0.09466742584332495,26,0.1135515568423506,0.10494271987891052,5,0.10302739688462084,0.0945410953269313,96,0.10593910087419733,0.0974503179779627,1.6210526315789469,96
LON_OPEN,DI_CONT_A20_G10,2.0,0.6,70,-0.03022376485951686,-0.038667956245075186,26,0.21355155684235055,0.2049427198789105,5,0.2630273968846208,0.2545410953269312,96,0.035798718101405565,0.027309935205170926,1.1619468729671705,96
LON_OPEN,DI_CONT_A20_G10,2.0,0.75,70,-0.030960579384639652,-0.03940477077019804,26,0.328936172226966,0.32032733526352586,5,0.3830273968846208,0.3745410953269312,96,0.0665114575101702,0.05802267461393552,1.233422339473519,96
LON_OPEN,DI_CONT_A20_G10,2.0,1.0,70,0.04046799204393176,0.0320238006583734,26,0.42367504656222715,0.41506620959878704,5,0.1830273968846208,0.1745410953269312,96,0.14425323597597015,0.13576445307973542,1.4145564204470666,96
LON_OPEN,DI_CONT_A20_G10,2.0,1.5,70,0.03029015761892028,0.0218459662333619,26,0.3659153543751189,0.35730651741167885,5,0.48302739688462076,0.4745410953269313,96,0.1211886484070574,0.11269986551082271,1.2963108269852663,96
LON_OPEN,DI_CONT_A20_G10,2.25,0.3,70,0.062130961346308945,0.05462501344803483,26,0.08469540095388425,0.07704310143082638,5,0.024913241675218478,0.01736986251282775,96,0.06824216374002726,0.06069657894337422,1.4999999999999998,96
LON_OPEN,DI_CONT_A20_G10,2.25,0.4,70,0.03953463785346209,0.032028689955188004,26,0.11546463172311502,0.10781233220005723,5,0.1049132416752185,0.09736986251282775,96,0.060099011193159774,0.05255342639650675,1.3281026070682143,96
LON_OPEN,DI_CONT_A20_G10,2.25,0.6,70,-0.030843729407848068,-0.03834967730612213,26,0.27700309326157657,0.26935079373851867,5,0.26491324167521846,0.25736986251282773,96,0.052531451731787755,0.04498586693513476,1.2176929028632237,96
LON_OPEN,DI_CONT_A20_G10,2.25,0.75,70,0.0027276991635805134,-0.004778248734693567,26,0.34362723276475554,0.3359749332416977,5,0.16901019238654177,0.16146681322415105,96,0.09505465618056537,0.08750907138391235,1.3288927822832814,96
LON_OPEN,DI_CONT_A20_G10,2.25,1.0,70,0.07230564904864097,0.06479970115036691,26,0.5263195404570632,0.5186672409340054,5,0.31901019238654177,0.31146681322415104,96,0.19526774463842198,0.18772215984176902,1.6022831586955362,96
LON_OPEN,DI_CONT_A20_G10,2.25,1.5,70,-0.02461782583649132,-0.0321237737347654,26,0.4287029524743205,0.42105065295126265,5,0.6190101923865418,0.611466813224151,96,0.09815655162268688,0.09061096682603387,1.2588680156874381,96
LON_OPEN,DI_CONT_A20_G10,2.5,0.3,70,0.06363215092596375,0.05687679781751703,26,0.08622586085849582,0.07933879128774375,5,0.026421917507696634,0.019632876261544963,96,0.06975128069935788,0.06296025438237011,1.4999999999999998,96
LON_OPEN,DI_CONT_A20_G10,2.5,0.4,70,-0.058984254632961634,-0.06573960774140832,26,0.11699509162772663,0.11010802205697455,5,0.10642191750769663,0.09963287626154502,96,-0.011323181687358552,-0.018114208004346283,1.0081524449183494,96
LON_OPEN,DI_CONT_A20_G10,2.5,0.6,70,-0.05147364218134898,-0.05822899528979565,26,0.2785335531661881,0.2716464835954361,5,0.2664219175076966,0.25963287626154496,96,0.03790330655860898,0.031112280241621243,1.1607938691077353,96
LON_OPEN,DI_CONT_A20_G10,2.5,0.75,70,-0.02004507075277753,-0.02680042386122422,26,0.344841432565203,0.337954362994451,5,0.1771091731478876,0.17032013190173595,96,0.07877835722917553,0.07198733091218783,1.2683980203097396,96
LON_OPEN,DI_CONT_A20_G10,2.5,1.0,70,-0.029968353849185832,-0.03672370695763253,26,0.3300634264576576,0.3231763568869056,5,0.32710917314788757,0.3203201319017359,96,0.06754025331725096,0.06074922700026322,1.206037703541472,96
LON_OPEN,DI_CONT_A20_G10,2.5,1.5,70,-0.07049764131653485,-0.07725299442498156,26,0.23859593341094537,0.2317088638401933,5,0.1514782093049837,0.14468916805883206,96,0.013215201838824376,0.006424175521836652,1.0601092892389334,96
LON_OPEN,DI_CONT_A20_G10,3.0,0.3,70,0.014534542311139566,0.008905081387433983,26,0.0385215507154132,0.03278232607311979,5,0.02868493125641388,0.0230273968846208,96,0.021031023753963683,0.015371835156473895,1.1625244937729473,96
LON_OPEN,DI_CONT_A20_G10,3.0,0.4,70,-0.02998987471285067,-0.035619335636556254,26,0.119290781484644,0.1135515568423506,5,0.10868493125641394,0.10302739688462084,96,0.010440303007304133,0.004781114409814352,1.0879672519113817,96
LON_OPEN,DI_CONT_A20_G10,3.0,0.6,70,0.0052712473684892736,-0.00035821355521632774,26,0.2370473476504897,0.2313081230081963,5,0.09925764428990638,0.0936001099181133,96,0.06804394119486439,0.06238475259737459,1.2808826112472145,96
LON_OPEN,DI_CONT_A20_G10,3.0,0.75,70,0.03620470978228463,0.030575248858579082,26,0.34666273226587435,0.3409235076235809,5,0.18925764428990638,0.1836001099181133,96,0.12028709087159017,0.11462790227410043,1.4447211465460938,96
LON_OPEN,DI_CONT_A20_G10,3.0,1.0,70,0.028303281559867895,0.02267382063616234,26,0.2302634929107106,0.22452426826841718,5,0.33925764428990635,0.3336001099181133,96,0.08300083880072111,0.07734165020323135,1.274991852491149,96
LON_OPEN,DI_CONT_A20_G10,3.0,1.5,70,-0.09634462085168999,-0.10197408177539559,26,0.11495602918672657,0.10921680454443318,5,0.06794580364234482,0.062288269270551734,96,-0.03911736146628551,-0.04477655006377529,0.9296357328981022,96
LON_OPEN,DI_CONT_A20_G5,1.5,0.3,143,0.014507667685440715,0.0035796833463429003,69,-0.04424485216315617,-0.05622235070850237,7,0.09025448958963112,0.0782388772415896,212,-0.004614614718112038,-0.01588418622811145,1.0826086956521739,212
LON_OPEN,DI_CONT_A20_G5,1.5,0.4,143,0.00611605929383235,-0.004811925045265466,69,-0.02975209853996774,-0.041729597085313916,7,-0.02403122469608316,-0.03604683704412467,212,-0.005558010944527109,-0.01682758245452652,1.0620689655172413,212
LON_OPEN,DI_CONT_A20_G5,1.5,0.6,143,0.0035103672186650456,-0.00741761712043277,69,-0.09641876520663441,-0.10839626375198064,7,-0.33831693898179743,-0.35033255132983904,212,-0.02901373720277676,-0.04028330871277619,0.9828423254156384,212
LON_OPEN,DI_CONT_A20_G5,1.5,0.75,143,-0.02373649405005689,-0.03466447838915471,69,-0.11091151882982282,-0.12288901737516905,7,-0.2740312246960831,-0.28604683704412465,212,-0.05210949739818825,-0.06337906890818767,0.9328063915703444,212
LON_OPEN,DI_CONT_A20_G5,1.5,1.0,143,-0.08936324755231038,-0.10029123189140823,69,0.01952326377887282,0.007545765233526619,7,-0.16688836755322597,-0.17890397990126752,212,-0.05392376980772715,-0.06519334131772658,0.938210590586572,212
LON_OPEN,DI_CONT_A20_G5,1.5,1.5,143,-0.10754178097756514,-0.118469765316663,69,0.1589089784207432,0.146931479875397,7,0.047397346732488285,0.03538173438444679,212,-0.02081959985264403,-0.03208917136264345,1.0029440097378661,212
LON_OPEN,DI_CONT_A20_G5,2.0,0.3,143,0.09269893258226235,0.084502944327939,69,0.034170768158342885,0.02518764424933325,7,-0.08945198995063382,-0.09846369921166495,212,0.07364967151976025,0.0651974928872607,1.5646310030108523,212
LON_OPEN,DI_CONT_A20_G5,2.0,0.4,143,0.08011151999484978,0.07191553174052642,69,0.012431637723560315,0.003448513814550641,7,-0.21802341852206236,-0.2270351277830935,212,0.058083633783911244,0.04963145515141168,1.3244378388238567,212
LON_OPEN,DI_CONT_A20_G5,2.0,0.6,143,0.014842451839688861,0.006646463585365503,69,-0.004959666624265807,-0.013942790533275459,7,-0.1037377042363481,-0.11274941349737928,212,0.008397422716986635,-5.475591551291667e-05,1.0722079897633607,212
LON_OPEN,DI_CONT_A20_G5,2.0,0.75,143,-0.03997245636710988,-0.048168444621433236,69,0.06315627540471973,0.05417315149571005,7,-0.0180234185220624,-0.02703512778309355,212,-0.006406972913071004,-0.014859151545570564,1.0258834036842521,212
LON_OPEN,DI_CONT_A20_G5,2.0,1.0,143,-0.05935139659047173,-0.06754738484479508,69,0.09160860486438335,0.08262548095537368,7,-0.16088056137920523,-0.1698922706402364,212,-0.010218188569787777,-0.018670367202287305,1.014177565545362,212
LON_OPEN,DI_CONT_A20_G5,2.0,1.5,143,-0.1307363413730219,-0.13893232962734522,69,0.14148309715867224,0.1324999732496626,7,0.05340515290650903,0.04439344364547794,212,-0.04213661845468749,-0.05058879708718702,0.9535738170708354,212
LON_OPEN,DI_CONT_A20_G5,2.25,0.3,143,0.07903037354032064,0.07174505064758877,69,0.0360100869942114,0.028025087963980615,7,-0.08744938789262686,-0.0954597961246546,212,0.06502848782484169,0.057515440151508744,1.4765280299645835,212
LON_OPEN,DI_CONT_A20_G5,2.25,0.4,143,0.055439011977624374,0.0481536890848925,69,0.034560811631892584,0.02657581260166179,7,-0.01602081646405543,-0.02403122469608316,212,0.04864374865755129,0.04113070098421835,1.2688477739479749,212
LON_OPEN,DI_CONT_A20_G5,2.25,0.6,143,-0.0007585449176366365,-0.008043867810368503,69,0.09389151595520465,0.08590651692497384,7,0.1268363263930874,0.11882591816105968,212,0.030047371121165463,0.022534323447832544,1.1364128464785204,212
LON_OPEN,DI_CONT_A20_G5,2.25,0.75,143,-0.05325097266039771,-0.06053629555312954,69,0.07406872794190976,0.06608372891167895,7,0.07976271975831832,0.07175231152629061,212,-0.011812013502099514,-0.01932506117543245,1.0079568679859532,212
LON_OPEN,DI_CONT_A20_G5,2.25,1.0,143,-0.051180575759028506,-0.05846589865176035,69,0.15805762379477578,0.15007262476454494,7,-0.0630944230988245,-0.07110483133085224,212,0.01692053635989834,0.009407488686565412,1.0715025681790697,212
LON_OPEN,DI_CONT_A20_G5,2.25,1.5,143,-0.12554991359121728,-0.1328352364839491,69,0.20145560681934516,0.19347060778911435,7,0.15119129118688976,0.14318088295486206,212,-0.019118871570798373,-0.026631919244131285,0.9919064735220396,212
LON_OPEN,DI_CONT_A20_G5,2.5,0.3,143,0.07944783181411659,0.07289104121065788,69,0.05632212177305113,0.04913562264584341,7,-0.08584730624622132,-0.09305667365504626,212,0.07192106769697734,0.0651593247909777,1.525603342520809,212
LON_OPEN,DI_CONT_A20_G5,2.5,0.4,143,0.01640036158898067,0.009843570985521981,69,0.06160381363504652,0.054417314507838814,7,-0.014418734817649896,-0.02162810222647479,212,0.03111280588699266,0.024351062980993026,1.1811721594793014,212
LON_OPEN,DI_CONT_A20_G5,2.5,0.6,143,-0.029640344801494963,-0.036197135404953645,69,0.1633306904365008,0.15614419130929308,7,0.12843840803949297,0.12122904063066804,212,0.03316626572407914,0.026404522818079475,1.1436920819585106,212
LON_OPEN,DI_CONT_A20_G5,2.5,0.75,143,-0.044614344987128116,-0.051171135590586794,69,0.1258390433327425,0.11865254420553481,7,-0.16392783793179921,-0.17113720534062413,212,0.01086340875849015,0.004101665852490523,1.0641424874829284,212
LON_OPEN,DI_CONT_A20_G5,2.5,1.0,143,-0.12002302920846798,-0.12657981981192667,69,0.17492449631132823,0.1677379971841205,7,-0.05678498078894207,-0.06399434819776702,212,-0.02402595722325127,-0.03078770012925093,0.9762284263497941,212
LON_OPEN,DI_CONT_A20_G5,2.5,1.5,143,-0.11454101788445803,-0.1210978084879167,69,0.17873391232983404,0.17154741320262634,7,-0.18223566924815912,-0.18944503665698406,212,-0.019088328333579974,-0.025850071239579584,0.9882802703522157,212
LON_OPEN,DI_CONT_A20_G5,3.0,0.3,143,0.025728735930461967,0.02026474376091305,69,0.020848144955803474,0.014859395683130355,7,-0.08344418377661302,-0.08945198995063382,212,0.024140241698143872,0.018505455943144164,1.1797117584516135,212
LON_OPEN,DI_CONT_A20_G5,3.0,0.4,143,-0.005157342333029733,-0.010621334502578654,69,0.08563602827075134,0.07964727899807823,7,-0.012015612348041525,-0.01802341852206235,212,0.02439333017480466,0.01875854441980496,1.1455660976387991,212
LON_OPEN,DI_CONT_A20_G5,3.0,0.6,143,-0.0010935931671191567,-0.006557585336668068,69,0.10082957712763727,0.09484082785496416,7,0.00982203981873878,0.0038142336447179698,212,0.03207951414579686,0.026444728390797145,1.1409114998578407,212
LON_OPEN,DI_CONT_A20_G5,3.0,0.75,143,-0.014038748790886464,-0.01950274096043539,69,0.14443719104627228,0.1384484417735992,7,-0.15446367446697554,-0.16047148064099634,212,0.037540684458000115,0.03190589870300038,1.1419044727279415,212
LON_OPEN,DI_CONT_A20_G5,3.0,1.0,143,-0.027697780133549628,-0.033161772303098545,69,0.1548606032864714,0.14887185401379827,7,-0.04732081732411838,-0.05332862349813916,212,0.03171980692296663,0.026085021167966946,1.1161693911069024,212
LON_OPEN,DI_CONT_A20_G5,3.0,1.5,143,-0.057392251492340784,-0.06285624366188967,69,0.14468773927166634,0.13869898999899322,7,-0.24111498921523378,-0.24712279538925458,212,0.008379066256321916,0.0027442805013222116,1.0492713576898727,212
LON_OPEN,EXPAND_BODY60,1.5,0.3,243,-0.021474834929916253,-0.03241801371174679,138,-0.007104095101827368,-0.019351794826654074,17,0.12159481958690718,0.10886281761565486,381,-0.016269685070923422,-0.027685367501398245,1.0290697674418605,381
LON_OPEN,EXPAND_BODY60,1.5,0.4,243,-0.036701172378475894,-0.047644351160306436,138,0.00014228170976685934,-0.012105418015059852,17,0.04512423135161308,0.032392229380360765,381,-0.023356299244151738,-0.03477198167462657,0.9981651376146787,381
LON_OPEN,EXPAND_BODY60,1.5,0.6,243,0.009502062326261029,-0.0014411164555695288,138,0.01898286141991178,0.006735161695085041,17,0.009830113704554262,-0.002901888266698055,381,0.01293605254915815,0.0015203701186832959,1.1016969106959031,381
LON_OPEN,EXPAND_BODY60,1.5,0.75,243,0.007443666431440536,-0.0034995123503900262,138,0.027499387034899805,0.01525168731007309,17,0.04746722895766158,0.034735226986409275,381,0.014707943185449403,0.0032922607549745603,1.0935553943623697,381
LON_OPEN,EXPAND_BODY60,1.5,1.0,243,-0.03804285378117103,-0.04898603256300159,138,0.11321908098923121,0.1009713812644045,17,0.19452605248707336,0.18179405051582104,381,0.016744933615982532,0.005329251185507719,1.0842716152328895,381
LON_OPEN,EXPAND_BODY60,1.5,1.5,243,-0.03779895321444319,-0.04874213199627379,138,0.08083237074566861,0.06858467102084191,17,0.11631611836594134,0.10358411639468902,381,0.005169872786857138,-0.006245809643617696,1.0504288826467225,381
LON_OPEN,EXPAND_BODY60,2.0,0.3,243,-0.005303657061634719,-0.013511041148007637,138,-0.03378243703976798,-0.042968211833388024,17,0.051490232337239206,0.04194123085879998,381,-0.015618805715131804,-0.02418056753798792,1.0065649740038942,381
LON_OPEN,EXPAND_BODY60,2.0,0.4,243,0.01486095199186325,0.0066535679054903355,138,-0.02943461095281144,-0.038620385746431465,17,-0.030862708839231368,-0.040411710317670574,381,-0.0011831101770740434,-0.009744871999930163,1.0582142192540578,381
LON_OPEN,EXPAND_BODY60,2.0,0.6,243,0.034016650325426834,0.025809266239053937,138,-0.050039970364758844,-0.059225745158378876,17,-0.030576048869989134,-0.04012505034842834,381,0.0035709451935485473,-0.004990816629307555,1.058221066137129,381
LON_OPEN,EXPAND_BODY60,2.0,0.75,243,-0.01281155453734233,-0.021018938623715223,138,0.022764292854612938,0.013578518060992873,17,0.05765924524765792,0.0481102437692187,381,7.418546289343022e-05,-0.008487576359962683,1.0426807285481412,381
LON_OPEN,EXPAND_BODY60,2.0,1.0,243,-0.00835015162038854,-0.016557535706761467,138,0.06033324814007117,0.05114747334645111,17,0.13845728470177612,0.12890828322333692,381,0.016527300261352743,0.00796553843849664,1.0750006871183186,381
LON_OPEN,EXPAND_BODY60,2.0,1.5,243,-0.004710215824046241,-0.012917599910419165,138,0.03179071419186069,0.02260493939824066,17,0.05714875637349016,0.047599754895050916,381,0.008510593473053904,-5.116834980221179e-05,1.0507627787576568,381
LON_OPEN,EXPAND_BODY60,2.25,0.3,243,0.008803933490839792,0.0015084809696194223,138,-0.003217238721339649,-0.011382371871224137,17,0.2065534091363695,0.19806540782220128,381,0.004449808122648801,-0.0031606468310010757,1.091502372320721,381
LON_OPEN,EXPAND_BODY60,2.25,0.4,243,0.04257410631591907,0.03527865379469871,138,0.003304500409095146,-0.004860632740789327,17,0.21831811501872242,0.2098301137045543,381,0.028350469530770247,0.02074001457712037,1.172532906229803,381
LON_OPEN,EXPAND_BODY60,2.25,0.6,243,0.009794771384470921,0.0024993188632505495,138,0.03361986531184076,0.025454732161956296,17,0.2551742310698136,0.24668622975564544,381,0.018424332964463146,0.01081387801081326,1.0988919941973645,381
LON_OPEN,EXPAND_BODY60,2.25,0.75,243,-0.00959555413528174,-0.016891006656502096,138,0.05685436288525082,0.04868922973536633,17,0.3698801134227547,0.36139211210858657,381,0.014472919746170987,0.006862464792521113,1.0760983770022634,381
LON_OPEN,EXPAND_BODY60,2.25,1.0,243,-0.0027162877807314673,-0.010011740301951835,138,0.03683344819847434,0.028668315048589833,17,0.1755832945969021,0.16709529328273393,381,0.011608813440083215,0.0039983584864333455,1.061119839711977,381
LON_OPEN,EXPAND_BODY60,2.25,1.5,243,-0.031454429682444204,-0.03874988220366458,138,0.07175391003595477,0.06358877688607027,17,0.23988514287934692,0.2313971415651787,381,0.0059281185620152395,-0.001682336391634632,1.0442238441042044,381
LON_OPEN,EXPAND_BODY60,2.5,0.3,243,0.021695318915486046,0.015129411646387715,138,-0.010794065573843372,-0.018142685408739402,17,0.13178042116390903,0.12414121998115762,381,0.009927510360295861,0.0030781009020109545,1.1119628621492474,381
LON_OPEN,EXPAND_BODY60,2.5,0.4,243,0.03644355137733345,0.02987764410823512,138,-0.004996964124567986,-0.012345583959464019,17,0.22001571528155608,0.21237651409880473,381,0.021433600880581737,0.014584191422296855,1.1373839407861577,381
LON_OPEN,EXPAND_BODY60,2.5,0.6,243,-0.019901828792617128,-0.02646773606171545,138,0.029824226696918244,0.022475606862022234,17,0.2578921020804793,0.2502529008977279,381,-0.0018908165680610071,-0.008740226026345901,1.0338867657683437,381
LON_OPEN,EXPAND_BODY60,2.5,0.75,243,-0.01578250630228403,-0.022348413571382324,138,0.0442516502608319,0.03690303042593587,17,0.22253053364377387,0.21489133246102246,381,0.005962148830813088,-0.000887260627471795,1.0509179182810802,381
LON_OPEN,EXPAND_BODY60,2.5,1.0,243,-0.039850512420192524,-0.04641641968929087,138,0.02924272548049426,0.021894105645598218,17,0.17567202396074127,0.16803282277798992,381,-0.014824615227817788,-0.021674024686102678,0.9974081731822149,381
LON_OPEN,EXPAND_BODY60,2.5,1.5,243,-0.03963808393206055,-0.04620399120115889,138,0.05380861473003494,0.046459994895138884,17,0.19274353651526024,0.18510433533250883,381,-0.005791248196183441,-0.012640657654468347,1.0171830491620286,381
LON_OPEN,EXPAND_BODY60,3.0,0.3,243,0.03157973577863729,0.026108146387722003,138,-0.016918536546723793,-0.023042386409137167,17,0.2107974097934536,0.20443140880782745,381,0.014013432416695478,0.008305591201458054,1.12244509618875,381
LON_OPEN,EXPAND_BODY60,3.0,0.4,243,0.012878730426380677,0.0074071410354653875,138,-0.02402128871888379,-0.030145138581297155,17,0.19138067330236022,0.18501467231673407,381,-0.0004866308388332344,-0.006194472054070661,1.0409131451602667,381
LON_OPEN,EXPAND_BODY60,3.0,0.6,243,-0.005903487362530819,-0.01137507675344609,138,0.0335371452869341,0.027413295424520725,17,0.3560865556553013,0.3497205546696752,381,0.008382096116802936,0.00267425490156551,1.059505182415466,381
LON_OPEN,EXPAND_BODY60,3.0,0.75,243,-0.01768696713814433,-0.02315855652905959,138,0.0003026748245708725,-0.005821175037842477,17,0.1610992356535589,0.15473323466793276,381,-0.01117103382881441,-0.016878875044051837,1.0006561507248635,381
LON_OPEN,EXPAND_BODY60,3.0,1.0,243,-0.02089745164554517,-0.026369041036460445,138,0.0149546986580589,0.008830848795645531,17,0.2316633895081938,0.2252973885225676,381,-0.007911633425342117,-0.013619474640579552,1.0088298753106757,381
LON_OPEN,EXPAND_BODY60,3.0,1.5,243,-0.0544022754430843,-0.05987386483399958,138,0.023751648832083007,0.01762779896966966,17,0.2714946022539044,0.2651286012682783,381,-0.026094554839480394,-0.03180239605471782,0.9648647023542953,381
LON_OPEN,FALL_CONT_G10,1.5,0.3,70,-0.03823212940910803,-0.049491051256519175,26,0.07704310143082639,0.06556465214623958,5,0.27736986251282775,0.2660547937692416,96,-0.007011754389959125,-0.018330131584938677,1.0714285714285714,96
LON_OPEN,FALL_CONT_G10,1.5,0.4,70,-0.022517843694822272,-0.03377676554223342,26,0.05396617835390335,0.04248772906931656,5,0.09736986251282775,0.08605479376924167,96,-0.0018034210566257637,-0.013121798251605296,1.0769230769230764,96
LON_OPEN,FALL_CONT_G10,1.5,0.6,70,-0.00212661464837833,-0.013385536495789498,26,0.02319694758467254,0.011718498300085759,5,-0.06263013748717225,-0.07394520623075837,96,0.00473185012307295,-0.006586527071906624,1.0772760598015025,96
LON_OPEN,FALL_CONT_G10,1.5,0.75,70,-0.08350234552591031,-0.09476126737332145,26,0.12127387066159565,0.10979542137700884,5,0.027369862512827782,0.01605479376924166,96,-0.02804212030846077,-0.03936049750344033,0.9871225121606724,96
LON_OPEN,FALL_CONT_G10,1.5,1.0,70,-0.0977880598116246,-0.10904698165903574,26,0.28473540912313405,0.2732569598385473,5,0.17736986251282777,0.16605479376924165,96,0.005812046358205887,-0.0055063308367736775,1.0602937723786934,96
LON_OPEN,FALL_CONT_G10,1.5,1.5,70,0.028719622377340215,0.017460700529929027,26,0.5777205749034824,0.5662421256188955,5,0.47736986251282776,0.46605479376924175,96,0.17740738035317039,0.1660890031581908,1.404804551100903,96
LON_OPEN,FALL_CONT_G10,2.0,0.3,70,0.07882590294316895,0.07038171155761061,26,0.08278232607311978,0.0741734891096797,5,0.0230273968846208,0.014541095326931241,96,0.07989743420753065,0.07140865131129599,1.6199999999999999,96
LON_OPEN,FALL_CONT_G10,2.0,0.4,70,0.10311161722888329,0.09466742584332495,26,0.1135515568423506,0.10494271987891052,5,0.10302739688462084,0.0945410953269313,96,0.10593910087419733,0.0974503179779627,1.6210526315789469,96
LON_OPEN,FALL_CONT_G10,2.0,0.6,70,-0.03022376485951686,-0.038667956245075186,26,0.21355155684235055,0.2049427198789105,5,0.2630273968846208,0.2545410953269312,96,0.035798718101405565,0.027309935205170926,1.1619468729671705,96
LON_OPEN,FALL_CONT_G10,2.0,0.75,70,-0.030960579384639652,-0.03940477077019804,26,0.328936172226966,0.32032733526352586,5,0.3830273968846208,0.3745410953269312,96,0.0665114575101702,0.05802267461393552,1.233422339473519,96
LON_OPEN,FALL_CONT_G10,2.0,1.0,70,0.04046799204393176,0.0320238006583734,26,0.42367504656222715,0.41506620959878704,5,0.1830273968846208,0.1745410953269312,96,0.14425323597597015,0.13576445307973542,1.4145564204470666,96
LON_OPEN,FALL_CONT_G10,2.0,1.5,70,0.03029015761892028,0.0218459662333619,26,0.3659153543751189,0.35730651741167885,5,0.48302739688462076,0.4745410953269313,96,0.1211886484070574,0.11269986551082271,1.2963108269852663,96
LON_OPEN,FALL_CONT_G10,2.25,0.3,70,0.062130961346308945,0.05462501344803483,26,0.08469540095388425,0.07704310143082638,5,0.024913241675218478,0.01736986251282775,96,0.06824216374002726,0.06069657894337422,1.4999999999999998,96
LON_OPEN,FALL_CONT_G10,2.25,0.4,70,0.03953463785346209,0.032028689955188004,26,0.11546463172311502,0.10781233220005723,5,0.1049132416752185,0.09736986251282775,96,0.060099011193159774,0.05255342639650675,1.3281026070682143,96
LON_OPEN,FALL_CONT_G10,2.25,0.6,70,-0.030843729407848068,-0.03834967730612213,26,0.27700309326157657,0.26935079373851867,5,0.26491324167521846,0.25736986251282773,96,0.052531451731787755,0.04498586693513476,1.2176929028632237,96
LON_OPEN,FALL_CONT_G10,2.25,0.75,70,0.0027276991635805134,-0.004778248734693567,26,0.34362723276475554,0.3359749332416977,5,0.16901019238654177,0.16146681322415105,96,0.09505465618056537,0.08750907138391235,1.3288927822832814,96
LON_OPEN,FALL_CONT_G10,2.25,1.0,70,0.07230564904864097,0.06479970115036691,26,0.5263195404570632,0.5186672409340054,5,0.31901019238654177,0.31146681322415104,96,0.19526774463842198,0.18772215984176902,1.6022831586955362,96
LON_OPEN,FALL_CONT_G10,2.25,1.5,70,-0.02461782583649132,-0.0321237737347654,26,0.4287029524743205,0.42105065295126265,5,0.6190101923865418,0.611466813224151,96,0.09815655162268688,0.09061096682603387,1.2588680156874381,96
LON_OPEN,FALL_CONT_G10,2.5,0.3,70,0.06363215092596375,0.05687679781751703,26,0.08622586085849582,0.07933879128774375,5,0.026421917507696634,0.019632876261544963,96,0.06975128069935788,0.06296025438237011,1.4999999999999998,96
LON_OPEN,FALL_CONT_G10,2.5,0.4,70,-0.058984254632961634,-0.06573960774140832,26,0.11699509162772663,0.11010802205697455,5,0.10642191750769663,0.09963287626154502,96,-0.011323181687358552,-0.018114208004346283,1.0081524449183494,96
LON_OPEN,FALL_CONT_G10,2.5,0.6,70,-0.05147364218134898,-0.05822899528979565,26,0.2785335531661881,0.2716464835954361,5,0.2664219175076966,0.25963287626154496,96,0.03790330655860898,0.031112280241621243,1.1607938691077353,96
LON_OPEN,FALL_CONT_G10,2.5,0.75,70,-0.02004507075277753,-0.02680042386122422,26,0.344841432565203,0.337954362994451,5,0.1771091731478876,0.17032013190173595,96,0.07877835722917553,0.07198733091218783,1.2683980203097396,96
LON_OPEN,FALL_CONT_G10,2.5,1.0,70,-0.029968353849185832,-0.03672370695763253,26,0.3300634264576576,0.3231763568869056,5,0.32710917314788757,0.3203201319017359,96,0.06754025331725096,0.06074922700026322,1.206037703541472,96
LON_OPEN,FALL_CONT_G10,2.5,1.5,70,-0.07049764131653485,-0.07725299442498156,26,0.23859593341094537,0.2317088638401933,5,0.1514782093049837,0.14468916805883206,96,0.013215201838824376,0.006424175521836652,1.0601092892389334,96
LON_OPEN,FALL_CONT_G10,3.0,0.3,70,0.014534542311139566,0.008905081387433983,26,0.0385215507154132,0.03278232607311979,5,0.02868493125641388,0.0230273968846208,96,0.021031023753963683,0.015371835156473895,1.1625244937729473,96
LON_OPEN,FALL_CONT_G10,3.0,0.4,70,-0.02998987471285067,-0.035619335636556254,26,0.119290781484644,0.1135515568423506,5,0.10868493125641394,0.10302739688462084,96,0.010440303007304133,0.004781114409814352,1.0879672519113817,96
LON_OPEN,FALL_CONT_G10,3.0,0.6,70,0.0052712473684892736,-0.00035821355521632774,26,0.2370473476504897,0.2313081230081963,5,0.09925764428990638,0.0936001099181133,96,0.06804394119486439,0.06238475259737459,1.2808826112472145,96
LON_OPEN,FALL_CONT_G10,3.0,0.75,70,0.03620470978228463,0.030575248858579082,26,0.34666273226587435,0.3409235076235809,5,0.18925764428990638,0.1836001099181133,96,0.12028709087159017,0.11462790227410043,1.4447211465460938,96
LON_OPEN,FALL_CONT_G10,3.0,1.0,70,0.028303281559867895,0.02267382063616234,26,0.2302634929107106,0.22452426826841718,5,0.33925764428990635,0.3336001099181133,96,0.08300083880072111,0.07734165020323135,1.274991852491149,96
LON_OPEN,FALL_CONT_G10,3.0,1.5,70,-0.09634462085168999,-0.10197408177539559,26,0.11495602918672657,0.10921680454443318,5,0.06794580364234482,0.062288269270551734,96,-0.03911736146628551,-0.04477655006377529,0.9296357328981022,96
LON_OPEN,FALL_CONT_G5,1.5,0.3,171,-0.011076621548292281,-0.022170487877993982,86,-0.07145884326818863,-0.08335105559995734,9,0.13198140276837472,0.12019432637478435,257,-0.031282345547946316,-0.0426433626798961,0.963934426229508,257
LON_OPEN,FALL_CONT_G5,1.5,0.4,171,-0.03154445780560221,-0.0426383241353039,86,-0.0470402386170258,-0.0589324509487945,9,0.06531473610170807,0.053527659708117695,257,-0.036729816365066906,-0.048090833497016705,0.9526315789473682,257
LON_OPEN,FALL_CONT_G5,1.5,0.6,171,-0.02436676170471872,-0.035460628034420426,86,-0.11215651768679329,-0.12404873001856198,9,-0.31246304167606964,-0.32425011806966014,257,-0.053743878492494644,-0.06510489562444444,0.9210632280519908,257
LON_OPEN,FALL_CONT_G5,1.5,0.75,171,-0.05446209013411777,-0.06555595646381948,86,-0.1080867502449328,-0.11997896257670151,9,-0.245796375009403,-0.25758345140299344,257,-0.07240652892606365,-0.08376754605801348,0.890203600624821,257
LON_OPEN,FALL_CONT_G5,1.5,1.0,171,-0.10203300095763969,-0.11312686728734136,86,0.014312813657071398,0.002420601325302687,9,-0.13468526389829188,-0.14647234029188236,257,-0.06310016026944842,-0.07446117740139822,0.9211945220408322,257
LON_OPEN,FALL_CONT_G5,1.5,1.5,171,-0.1406267452840223,-0.15172061161372402,86,0.09081736534631735,0.07892515301454867,9,0.08753695832393034,0.07574988193033988,257,-0.06317852149332501,-0.07453953862527479,0.9326439885564264,257
LON_OPEN,FALL_CONT_G5,2.0,0.3,171,0.055289025066850954,0.046968625319574686,86,-0.007402805679409001,-0.016321964928235542,9,-0.006569503479274529,-0.015409810774467311,257,0.03431043578989237,0.02578967294093002,1.2693357980075302,257
LON_OPEN,FALL_CONT_G5,2.0,0.4,171,0.03949955138264044,0.03117915163536419,86,-0.02833303823754851,-0.037252197486375066,9,-0.2399028368126078,-0.24874314410780063,257,0.01680070816343325,0.008279945314470894,1.1298127477965518,257
LON_OPEN,FALL_CONT_G5,2.0,0.6,171,-0.004555868185710497,-0.012876267932986768,86,-0.03763536381894389,-0.046554523067770436,9,-0.12879172570149672,-0.13763203299668958,257,-0.015625271393718557,-0.02414603424268091,1.003860391267767,257
LON_OPEN,FALL_CONT_G5,2.0,0.75,171,-0.046594066276776126,-0.05491446602405237,86,0.02640268120058253,0.01748352195175597,9,-0.04545839236816342,-0.054298699663356195,257,-0.022167139105364272,-0.030687901954326635,0.9876866031353487,257
LON_OPEN,FALL_CONT_G5,2.0,1.0,171,-0.07497099658626351,-0.08329139633353977,86,0.04923071297635916,0.04031155372753261,9,-0.12879172570149675,-0.13763203299668952,257,-0.03340933502056097,-0.041930097869523335,0.9662967970302541,257
LON_OPEN,FALL_CONT_G5,2.0,1.5,171,-0.1529599773001757,-0.16128037704745193,86,0.05817401771721965,0.04925485846839312,9,-0.018958575792210115,-0.027798883087402845,257,-0.08230813460952979,-0.09082889745849211,0.8830488535358799,257
LON_OPEN,FALL_CONT_G5,2.25,0.3,171,0.051786808423480594,0.044390897537012794,86,-0.005546679983764088,-0.013474821538276567,9,-0.004604990747009448,-0.012463041676069733,257,0.03260128311988899,0.025027271698589124,1.24733564885138,257
LON_OPEN,FALL_CONT_G5,2.25,0.4,171,0.02737999729210302,0.019984086405635242,86,-0.026476912541903576,-0.03440505409641607,9,-0.0823827685247872,-0.09024081945384745,257,0.009357840693952957,0.0017838292726530874,1.0923368327501124,257
LON_OPEN,FALL_CONT_G5,2.25,0.6,171,-0.003742033839988397,-0.011137944726456182,86,0.042055861857032834,0.034127720302520335,9,0.05095056480854613,0.04309251387948586,257,0.011583332035279404,0.004009320613979545,1.0777720372783046,257
LON_OPEN,FALL_CONT_G5,2.25,0.75,171,-0.04296084768334994,-0.050356758569817764,86,0.035270621052353304,0.027342479497840817,9,0.03100442631483682,0.0231463753857766,257,-0.016782223904087394,-0.024356235325387266,0.9959970670329137,257
LON_OPEN,FALL_CONT_G5,2.25,1.0,171,-0.06309439689439003,-0.07049030778085781,86,0.06360106954659928,0.05567292799208678,9,-0.05232890701849646,-0.060186957947556734,257,-0.020698248591179615,-0.028272260012479473,0.9881234421030343,257
LON_OPEN,FALL_CONT_G5,2.25,1.5,171,-0.12855111331766583,-0.13594702420413363,86,0.10533460774247208,0.09740646618795958,9,0.051473399073708945,0.04361534814464867,257,-0.05028585257380647,-0.05785986399510634,0.9323305737667931,257
LON_OPEN,FALL_CONT_G5,2.5,0.3,171,0.0637137213183065,0.05705740152048548,86,-0.004061779427248134,-0.011197106826309368,9,-0.14747782500564183,-0.15455007084179606,257,0.041033981769210394,0.03421737149004052,1.2937468928529055,257
LON_OPEN,FALL_CONT_G5,2.5,0.4,171,0.011240953710100598,0.0045846339122795786,86,-0.004475305724019247,-0.011610633123080505,9,-0.08081115833897513,-0.08788340417512937,257,0.005981816311912634,-0.0008347939672572548,1.0742935452687676,257
LON_OPEN,FALL_CONT_G5,2.5,0.6,171,-0.014395426487782538,-0.021051746285603544,86,0.09302436865555933,0.08588904125649811,9,0.05252217499435815,0.04544992915820396,257,0.021550497178861046,0.01473388689969117,1.1057484742007078,257
LON_OPEN,FALL_CONT_G5,2.5,0.75,171,-0.03987083778211481,-0.04652715757993583,86,0.05654851225835796,0.049413184859296716,9,-0.15820712742775797,-0.16527937326391218,257,-0.0076059969125402815,-0.014422607191710159,1.0153534752915931,257
LON_OPEN,FALL_CONT_G5,2.5,1.0,171,-0.1207794442677989,-0.12743576406561993,86,0.07764109989224251,0.0705057724931813,9,-0.04709601631664685,-0.054168262152801065,257,-0.05438190808973058,-0.06119851836890046,0.91079674668379,257
LON_OPEN,FALL_CONT_G5,2.5,1.5,171,-0.11609596947607682,-0.12275228927389782,86,0.06843081568762148,0.06129548828856021,9,-0.21235780963527529,-0.2194300554714295,257,-0.05434770673647351,-0.06116431701564339,0.9163496409231666,257
LON_OPEN,FALL_CONT_G5,3.0,0.3,171,0.01953731716217844,0.013990383997327584,86,-0.042791201358462067,-0.04873730752434646,9,-0.12673958507857608,-0.13263312327537133,257,-0.001319696817491147,-0.007000205383466058,1.0463323157746063,257
LON_OPEN,FALL_CONT_G5,3.0,0.4,171,0.0023974241367205745,-0.0031495090281302776,86,0.019654891068647255,0.013708784902762908,9,-0.06007291841190939,-0.06596645660870462,257,0.008172296339622106,0.0024917877736472076,1.0759702366455661,257
LON_OPEN,FALL_CONT_G5,3.0,0.6,171,0.01308127429308011,0.007534341128229257,86,0.02880065989319737,0.022854553727312987,9,-0.020865855615524738,-0.02675939381231989,257,0.018341457801290553,0.012660949235315654,1.0931908503021226,257
LON_OPEN,FALL_CONT_G5,3.0,0.75,171,-0.019674822667559367,-0.02522175583241022,86,0.043798496263881825,0.03785239009799746,9,-0.13197696672663584,-0.13787050492343106,257,0.0015652762744793212,-0.004115232291495585,1.0353845259624865,257
LON_OPEN,FALL_CONT_G5,3.0,1.0,171,-0.04962776933880913,-0.05517470250365996,86,0.05298667110906866,0.047040564943184295,9,-0.09579190382414844,-0.10168544202094365,257,-0.01528986319671773,-0.020970371762692615,0.990008907052744,257
LON_OPEN,FALL_CONT_G5,3.0,1.5,171,-0.0672466976705668,-0.07279363083541762,86,0.04443620213779964,0.03849009597191522,9,-0.24652070418390487,-0.2524142423807001,257,-0.02987420979695003,-0.03555471836292492,0.9556103922690815,257
LON_OPEN,PULLBACK_DI_A20_G10,1.5,0.3,28,0.04652030266301486,0.035851882565950885,17,-0.029112221015651966,-0.040727155052889666,0,,,45,0.01794801593996295,0.006922023909944449,1.2000000000000002,45
LON_OPEN,PULLBACK_DI_A20_G10,1.5,0.4,28,0.07866315980587202,0.06799473970880805,17,0.04735836721964218,0.03574343318240447,0,,,45,0.06683690482885186,0.055810912798833365,1.4000000000000001,45
LON_OPEN,PULLBACK_DI_A20_G10,1.5,0.6,28,0.12152030266301485,0.1108518825659509,17,0.012064249572583315,0.00044931553534562974,0,,,45,0.08017023816218516,0.06914424613216669,1.328571428571429,45
LON_OPEN,PULLBACK_DI_A20_G10,1.5,0.75,28,0.166163159805872,0.15549473970880798,17,0.1091230731019951,0.09750813906475746,0,,,45,0.1446146826066296,0.13358869057661113,1.5,45
LON_OPEN,PULLBACK_DI_A20_G10,1.5,1.0,28,0.10997242901169038,0.09930400891462636,17,0.27088777898434807,0.2592728449471104,0,,,45,0.17076267233469442,0.15973668030467592,1.4820366409868286,45
LON_OPEN,PULLBACK_DI_A20_G10,1.5,1.5,28,0.19918648897683652,0.18851806887977246,17,0.15776354104109047,0.14614860700385274,0,,,45,0.18353781975666575,0.17251182772664728,1.421786056274974,45
LON_OPEN,PULLBACK_DI_A20_G10,2.0,0.3,28,0.051854512711546855,0.04385319763874888,17,0.20610701070884924,0.197395810180921,0,,,45,0.1101276786216389,0.101858184599125,1.9500000000000008,45
LON_OPEN,PULLBACK_DI_A20_G10,2.0,0.4,28,0.08399736985440402,0.07599605478160601,17,0.21787171659120225,0.20916051606327393,0,,,45,0.13457212306608332,0.12630262904356945,1.8500000000000003,45
LON_OPEN,PULLBACK_DI_A20_G10,2.0,0.6,28,0.06971165556868972,0.0617103404958917,17,0.30022465776767276,0.2915134572397444,0,,,45,0.15679434528830555,0.14852485126579162,1.6500000000000001,45
LON_OPEN,PULLBACK_DI_A20_G10,2.0,0.75,28,0.037836464615910656,0.029835149543112664,17,0.42375406953237865,0.41504286900445037,0,,,45,0.18362755980657633,0.17535806578406246,1.643392475237299,45
LON_OPEN,PULLBACK_DI_A20_G10,2.0,1.0,28,0.035438814215772815,0.027437499142974806,17,0.37507026646464203,0.36635906593671375,0,,,45,0.1637440295097901,0.1554745354872762,1.4857735795987925,45
LON_OPEN,PULLBACK_DI_A20_G10,2.0,1.5,28,0.08845138833887571,0.0804500732660777,17,0.49383027087059544,0.48511907034266716,0,,,45,0.24159452173974766,0.23332502771723374,1.6211552182369886,45
LON_OPEN,PULLBACK_DI_A20_G10,2.25,0.3,28,0.0536325827277242,0.04652030266301486,17,0.2080428330483889,0.20029954369023042,0,,,45,0.11196534395997533,0.10461468260662961,1.9500000000000008,45
LON_OPEN,PULLBACK_DI_A20_G10,2.25,0.4,28,0.035775439870581384,0.028663159805872022,17,0.298832845274929,0.29108955591677044,0,,,45,0.1351526819122238,0.1278020205588781,1.842928775981398,45
LON_OPEN,PULLBACK_DI_A20_G10,2.25,0.6,28,-0.042795988700847234,-0.04990826876555656,17,0.38118578645139956,0.373442497093241,0,,,45,0.11737490413444597,0.11002424278110033,1.4571869390654753,45
LON_OPEN,PULLBACK_DI_A20_G10,2.25,0.75,28,0.02293602616165071,0.01582374609694139,17,0.42439707880295324,0.4166537894447948,0,,,45,0.17459909049280947,0.16724842913946378,1.6256528320850316,45
LON_OPEN,PULLBACK_DI_A20_G10,2.25,1.0,28,0.03150116819179804,0.024388888127088726,17,0.45817273274413034,0.45042944338597185,0,,,45,0.19268820368934583,0.18533754233600014,1.5973658571379798,45
LON_OPEN,PULLBACK_DI_A20_G10,2.25,1.5,28,0.08060758328534982,0.0734953032206405,17,0.5539332595363504,0.5461899701781918,0,,,45,0.25941950542461667,0.252068844071271,1.6999702462050945,45
LON_OPEN,PULLBACK_DI_A20_G10,2.5,0.3,28,0.138669281498538,0.13226822944029956,17,0.20959149092002058,0.20262253049767792,0,,,45,0.16546211616887585,0.15884652095086477,3.03122066133921,45
LON_OPEN,PULLBACK_DI_A20_G10,2.5,0.4,28,0.02438356721282368,0.017982515154585273,17,0.21600838427684785,0.20903942385450522,0,,,45,0.09677516477034391,0.0901595695523328,1.5525612045895814,45
LON_OPEN,PULLBACK_DI_A20_G10,2.5,0.6,28,0.046026271593457554,0.039625219535219115,17,0.380714266629789,0.37374530620744634,0,,,45,0.1724639586071828,0.16584836338917164,1.7625178659892784,45
LON_OPEN,PULLBACK_DI_A20_G10,2.5,0.75,28,0.06061197640373134,0.05421092434549293,17,0.42754560621677556,0.420576645794433,0,,,45,0.19923134766643694,0.19261575244842583,1.816485314865712,45
LON_OPEN,PULLBACK_DI_A20_G10,2.5,1.0,28,0.10155228287199759,0.0951512308137592,17,0.4594142829991291,0.45244532257678644,0,,,45,0.23674459403113618,0.23012899881312504,1.8846004197283341,45
LON_OPEN,PULLBACK_DI_A20_G10,2.5,1.5,28,0.16292896509013755,0.15652791303189909,17,0.5235587717881814,0.5165898113658388,0,,,45,0.29916689206495417,0.292551296846943,1.9552565834188824,45
LON_OPEN,PULLBACK_DI_A20_G10,3.0,0.3,28,0.05365297267735304,0.048318762628821066,17,0.28588933983854964,0.28008187281993074,0,,,45,0.14138671138269396,0.13587371536768472,2.42916653909046,45
LON_OPEN,PULLBACK_DI_A20_G10,3.0,0.4,28,0.08222440124878165,0.07689019120024965,17,0.2976540457209026,0.29184657870228375,0,,,45,0.16360893360491627,0.15809593758990695,2.155842108406038,45
LON_OPEN,PULLBACK_DI_A20_G10,3.0,0.6,28,0.06141416975063439,0.05607995970210241,17,0.41168016204339136,0.4058726950247725,0,,,45,0.19373687795012037,0.1882238819351111,2.0197223379805527,45
LON_OPEN,PULLBACK_DI_A20_G10,3.0,0.75,28,0.081413566269956,0.076079356221424,17,0.42022957759488583,0.41442211057626693,0,,,45,0.2094107261038184,0.2038977300888091,2.0734651155344865,45
LON_OPEN,PULLBACK_DI_A20_G10,3.0,1.0,28,0.06913623473297696,0.06380202468444497,17,0.4258735021008155,0.42006603508219664,0,,,45,0.20390364684971599,0.1983906508347067,1.8604239098280826,45
LON_OPEN,PULLBACK_DI_A20_G10,3.0,1.5,28,0.11249507434648875,0.10716086429795676,17,0.4670259366009776,0.46121846958235885,0,,,45,0.246428955642629,0.24091595962761972,2.0306647042059995,45
LON_OPEN,PULLBACK_DI_A20_G5,1.5,0.3,30,0.061797790428766826,0.051030018976483585,17,-0.029112221015651966,-0.040727155052889666,0,,,47,0.028915445863764277,0.017841253902029414,1.266666666666667,47
LON_OPEN,PULLBACK_DI_A20_G5,1.5,0.4,30,0.09846445709543353,0.08769668564315024,17,0.04735836721964218,0.03574343318240447,0,,,47,0.07997927565099835,0.06890508368926349,1.4800000000000002,47
LON_OPEN,PULLBACK_DI_A20_G5,1.5,0.6,30,0.15179779042876676,0.14103001897648357,17,0.012064249572583315,0.00044931553534562974,0,,,47,0.1012558713956792,0.09018167943394433,1.4142857142857144,47
LON_OPEN,PULLBACK_DI_A20_G5,1.5,0.75,30,0.20346445709543345,0.19269668564315015,17,0.1091230731019951,0.09750813906475746,0,,,47,0.1693409777786579,0.15826678581692302,1.6,47
LON_OPEN,PULLBACK_DI_A20_G5,1.5,1.0,30,0.16768644168753066,0.15691867023524736,17,0.27088777898434807,0.2592728449471104,0,,,47,0.20501458496510291,0.19394039300336804,1.5931477520979398,47
LON_OPEN,PULLBACK_DI_A20_G5,1.5,1.5,30,0.21288556250460683,0.20211779105232353,17,0.15776354104109047,0.14614860700385274,0,,,47,0.19294781006035622,0.1818736180986214,1.4477950492522331,47
LON_OPEN,PULLBACK_DI_A20_G5,2.0,0.3,30,0.06718167615490847,0.059105847565696035,17,0.20610701070884924,0.197395810180921,0,,,47,0.11743126524888704,0.10912562127758588,2.0500000000000003,47
LON_OPEN,PULLBACK_DI_A20_G5,2.0,0.4,30,0.10384834282157512,0.09577251423236269,17,0.21787171659120225,0.20916051606327393,0,,,47,0.14509083971697215,0.13678519574567102,1.9500000000000004,47
LON_OPEN,PULLBACK_DI_A20_G5,2.0,0.6,30,0.10384834282157508,0.09577251423236263,17,0.30022465776767276,0.2915134572397444,0,,,47,0.17487807375952533,0.16657242978822417,1.7500000000000002,47
LON_OPEN,PULLBACK_DI_A20_G5,2.0,0.75,30,0.08409816459898133,0.07602233600976889,17,0.42375406953237865,0.41504286900445037,0,,,47,0.20695242808552927,0.19864678411422818,1.7505353323801562,47
LON_OPEN,PULLBACK_DI_A20_G5,2.0,1.0,30,0.04914318952939087,0.04106736094017844,17,0.37507026646464203,0.36635906593671375,0,,,47,0.16703170671873707,0.1587260627474359,1.502335964520152,47
LON_OPEN,PULLBACK_DI_A20_G5,2.0,1.5,30,0.1152882587109536,0.10721243012174113,17,0.49383027087059544,0.48511907034266716,0,,,47,0.2522077099176326,0.24390206594633138,1.6586582467100328,47
LON_OPEN,PULLBACK_DI_A20_G5,2.25,0.3,30,0.06897630473028898,0.061797790428766826,17,0.2080428330483889,0.20029954369023042,0,,,47,0.11927696390917618,0.1118941692680196,2.0500000000000003,47
LON_OPEN,PULLBACK_DI_A20_G5,2.25,0.4,30,0.05897630473028904,0.05179779042876683,17,0.298832845274929,0.29108955591677044,0,,,47,0.14573292577835026,0.13835013113719366,1.942928775981398,47
LON_OPEN,PULLBACK_DI_A20_G5,2.25,0.6,30,-0.0010236952697110114,-0.008202209571233217,17,0.38118578645139956,0.373442497093241,0,,,47,0.1372222874804779,0.12983949283932134,1.549494631373168,47
LON_OPEN,PULLBACK_DI_A20_G5,2.25,0.75,30,0.031059072946135864,0.0238805586446137,17,0.42439707880295324,0.4166537894447948,0,,,47,0.1733302665539209,0.16594747191276432,1.6295122087907323,47
LON_OPEN,PULLBACK_DI_A20_G5,2.25,1.0,30,0.047386538840940046,0.040208024539417866,17,0.45817273274413034,0.45042944338597185,0,,,47,0.19596877918890246,0.18858598454774592,1.6170723981238335,47
LON_OPEN,PULLBACK_DI_A20_G5,2.25,1.5,30,0.10988585959492174,0.10270734529339955,17,0.5539332595363504,0.5461899701781918,0,,,47,0.2704987489354384,0.26311595429428186,1.7427600026703591,47
LON_OPEN,PULLBACK_DI_A20_G5,2.5,0.3,30,0.14845196749794057,0.14199130462657056,17,0.20959149092002058,0.20262253049767792,0,,,47,0.17056626320379928,0.16392174802675835,3.1827816944061706,47
LON_OPEN,PULLBACK_DI_A20_G5,2.5,0.4,30,0.048451967497940535,0.04199130462657057,17,0.21600838427684785,0.20903942385450522,0,,,47,0.10905747994988571,0.1024129647728448,1.6418588663963631,47
LON_OPEN,PULLBACK_DI_A20_G5,2.5,0.6,30,0.08198515825319881,0.07552449538182886,17,0.380714266629789,0.37374530620744634,0,,,47,0.19003611234685905,0.18339159716981818,1.8720188942309108,47
LON_OPEN,PULLBACK_DI_A20_G5,2.5,0.75,30,0.06775808165255158,0.06129741878118163,17,0.42754560621677556,0.420576645794433,0,,,47,0.19789399479280284,0.19124947961576189,1.8206414358255998,47
LON_OPEN,PULLBACK_DI_A20_G5,2.5,1.0,30,0.11430236768960009,0.1078417048182301,17,0.4594142829991291,0.45244532257678644,0,,,47,0.2391300817377276,0.23248556656068667,1.9055161491996404,47
LON_OPEN,PULLBACK_DI_A20_G5,2.5,1.5,30,0.18825393775986402,0.18179327488849403,17,0.5235587717881814,0.5165898113658388,0,,,47,0.3095344096424469,0.302889894465406,2.0047091115289106,47
LON_OPEN,PULLBACK_DI_A20_G5,3.0,0.3,30,0.06926552847050596,0.06388164274436438,17,0.28588933983854964,0.28008187281993074,0,,,47,0.14761882194405365,0.14208172596318627,2.554192560070742,47
LON_OPEN,PULLBACK_DI_A20_G5,3.0,0.4,30,0.10259886180383934,0.09721497607769772,17,0.2976540457209026,0.29184657870228375,0,,,47,0.17315073683767077,0.1676136408568033,2.2735064534660627,47
LON_OPEN,PULLBACK_DI_A20_G5,3.0,0.6,30,0.06580897816370516,0.060425092437563555,17,0.41168016204339136,0.4058726950247725,0,,,47,0.19091132126912363,0.18537422528825617,2.014555033023937,47
LON_OPEN,PULLBACK_DI_A20_G5,3.0,0.75,30,0.08947508158173864,0.08409119585559705,17,0.42022957759488583,0.41442211057626693,0,,,47,0.20910968652266426,0.20357259054179674,2.0822915934567536,47
LON_OPEN,PULLBACK_DI_A20_G5,3.0,1.0,30,0.0863495721472249,0.08096568642108327,17,0.4258735021008155,0.42006603508219664,0,,,47,0.20915610000277898,0.2036190040219115,1.895261539225466,47
LON_OPEN,PULLBACK_DI_A20_G5,3.0,1.5,30,0.14348448911983597,0.13810060339369426,17,0.4670259366009776,0.46121846958235885,0,,,47,0.26051011905982335,0.2549730230789559,2.1040215501045854,47
LON_OPEN,RANGE_DI_CONT_G5,1.5,0.3,148,-0.003324893708371241,-0.014446800022016329,77,-0.09538482436490278,-0.10736295083306845,7,0.09139202452959864,0.07994517965154088,225,-0.034829847755273126,-0.046244771632909715,0.95,225
LON_OPEN,RANGE_DI_CONT_G5,1.5,0.4,148,-0.03846002884350634,-0.049581935157151424,77,-0.07850170748178584,-0.09047983394995149,7,-0.022893689756115627,-0.03434053463417338,225,-0.05216318108860645,-0.06357810496624301,0.9043478260869564,225
LON_OPEN,RANGE_DI_CONT_G5,1.5,0.6,148,-0.05313985294316125,-0.06426175925680633,77,-0.10967053865061703,-0.12164866511878272,7,-0.33717940404182994,-0.3486262489198877,225,-0.07248590982971279,-0.08390083370734937,0.8772240223434186,225
LON_OPEN,RANGE_DI_CONT_G5,1.5,0.75,148,-0.057844590520372316,-0.06896649683401739,77,-0.09213807111814952,-0.1041161975863152,7,-0.2728936897561156,-0.28434053463417336,225,-0.06958058165827828,-0.08099550553591486,0.8961569671590173,225
LON_OPEN,RANGE_DI_CONT_G5,1.5,1.0,148,-0.10774071045836046,-0.11886261677200555,77,0.04097881199873361,0.029000685530567963,7,-0.16575083261325846,-0.17719767749131624,225,-0.05684558499526604,-0.06826050887290262,0.9332623036361167,225
LON_OPEN,RANGE_DI_CONT_G5,1.5,1.5,148,-0.13881861775438362,-0.1499405240680287,77,0.10694493466464469,0.09496680819647904,7,0.04853488167245585,0.03708803679439808,225,-0.05471286870431616,-0.06612779258195274,0.9466099518651566,225
LON_OPEN,RANGE_DI_CONT_G5,2.0,0.3,148,0.05493876215115401,0.04659733241592019,77,-0.041376876684469426,-0.05036047153559365,7,-0.08859883874565817,-0.09718397240420149,225,0.021977410194073992,0.013416217285846561,1.195498980052644,225
LON_OPEN,RANGE_DI_CONT_G5,2.0,0.4,148,0.023857681070072946,0.015516251334839143,77,-0.05825999356758625,-0.06724358841871052,7,-0.4171702673170867,-0.42575540097563,225,-0.004244812028148207,-0.012806004936375627,1.0467331306833707,225
LON_OPEN,RANGE_DI_CONT_G5,2.0,0.6,148,0.0013341895417755523,-0.007007240193458238,77,-0.047870383177975886,-0.05685397802910013,7,-0.331455981602801,-0.34004111526134434,225,-0.015504708677872712,-0.024065901586100145,1.0044233692335056,225
LON_OPEN,RANGE_DI_CONT_G5,2.0,0.75,148,-0.03777751230668538,-0.04611894204191921,77,0.01901273370514099,0.010029138854016748,7,-0.2671702673170867,-0.27575540097563006,225,-0.018342628115971465,-0.0269038210241989,0.9970471541328892,225
LON_OPEN,RANGE_DI_CONT_G5,2.0,1.0,148,-0.05752459106182608,-0.0658660207970599,77,0.08022326270146293,0.0712396678503387,7,-0.16002741017422958,-0.16861254383277288,225,-0.010384214440611607,-0.018945407348839045,1.0141941375039385,225
LON_OPEN,RANGE_DI_CONT_G5,2.0,1.5,148,-0.12468061602360288,-0.1330220457588367,77,0.0707313692951513,0.061747774444027084,7,-0.09024193171943248,-0.09882706537797577,225,-0.05780629215896258,-0.06636748506718998,0.9255115803857328,225
LON_OPEN,RANGE_DI_CONT_G5,2.25,0.3,148,0.050609614308746886,0.04319501009965018,77,-0.039521148683453314,-0.04750656632889711,7,-0.08669103126598185,-0.09432226118468708,225,0.01976486430697171,0.012154915055214,1.1725652147986707,225
LON_OPEN,RANGE_DI_CONT_G5,2.25,0.4,148,0.019031474420466047,0.01161687021136933,77,-0.03822244738475199,-0.046207865030195756,7,-0.21526245983741038,-0.2228936897561156,225,-0.00056208993065302,-0.008172039182410721,1.0538829479383678,225
LON_OPEN,RANGE_DI_CONT_G5,2.25,0.6,148,0.012802641152982058,0.005388036943885317,77,0.0409180538919822,0.03293263624653842,7,-0.10097674555169614,-0.10860797547040135,225,0.022424360179217655,0.014814410927459932,1.1124312521570938,225
LON_OPEN,RANGE_DI_CONT_G5,2.25,0.75,148,-0.010213691057928968,-0.01762829526702567,77,0.06574588341829433,0.057760465772850565,7,-0.0152624598374104,-0.02289368975611561,225,0.015781363318378573,0.008171414066620876,1.079634736783512,225
LON_OPEN,RANGE_DI_CONT_G5,2.25,1.0,148,-0.030518820801546456,-0.037933425010643174,77,0.08764742329498462,0.07966200564954089,7,-0.15811960269455325,-0.16575083261325846,225,0.009920293844821964,0.002310344593064263,1.055579836547387,225
LON_OPEN,RANGE_DI_CONT_G5,2.25,1.5,148,-0.09663120406996485,-0.10404580827906158,77,0.11827292043792301,0.11028750279247926,7,-0.09608806629028914,-0.10371929620899437,225,-0.02308623701615433,-0.030696186267912047,0.9844258998778811,225
LON_OPEN,RANGE_DI_CONT_G5,2.5,0.3,148,0.0641638996958232,0.057490755907636165,77,-0.03803656628264045,-0.045223442163539865,7,-0.27087907099652647,-0.27774717792336123,225,0.029188629116526744,0.02233967478994482,1.220164338205305,225
LON_OPEN,RANGE_DI_CONT_G5,2.5,0.4,148,0.02853658036472043,0.021863436576533377,77,-0.013823102146566658,-0.021009978027466045,7,-0.21373621385366934,-0.22060432078050404,225,0.014040155683079958,0.007191201356498026,1.1078773586529678,225
LON_OPEN,RANGE_DI_CONT_G5,2.5,0.6,148,0.01107833027122033,0.0044051864830333,77,0.08487819655473201,0.07769132067383262,7,-0.09945049956795508,-0.10631860649478976,225,0.03633428451046655,0.029485330183884623,1.1552577245564,225
LON_OPEN,RANGE_DI_CONT_G5,2.5,0.75,148,-0.011214931001925693,-0.017888074790112746,77,0.07071767800459859,0.06353080212369917,7,-0.26373621385366935,-0.27060432078050406,225,0.016824228524751506,0.009975274198169544,1.0802346876446582,225
LON_OPEN,RANGE_DI_CONT_G5,2.5,1.0,148,-0.10306910873624124,-0.10974225252442828,77,0.08453537328400211,0.0773484974031027,7,-0.15659335671081223,-0.16346146363764694,225,-0.03886668600042464,-0.045715640327006576,0.9439879985047082,225
LON_OPEN,RANGE_DI_CONT_G5,2.5,1.5,148,-0.08379528809743926,-0.09046843188562632,77,0.07468257198143449,0.06749569610053505,7,-0.29889457016981613,-0.3057626770966509,225,-0.029560642648224705,-0.036409596974806634,0.9667569882157274,225
LON_OPEN,RANGE_DI_CONT_G5,3.0,0.3,148,0.015158810419554395,0.009597857262731874,77,-0.04778738693953747,-0.05377645017362032,7,-0.24495721318732508,-0.25068063562635406,225,-0.006382777121112597,-0.01209023905993086,1.0228059305361403,225
LON_OPEN,RANGE_DI_CONT_G5,3.0,0.4,148,0.01990337295028069,0.014342419793458154,77,0.012866690316714516,0.006877627082631673,7,-0.18781435604446792,-0.19353777848349685,225,0.01749526378234915,0.011787801843530865,1.115754778596855,225
LON_OPEN,RANGE_DI_CONT_G5,3.0,0.6,148,0.04837273874160877,0.042811785584786224,77,0.037697547802856744,0.0317084845687739,7,-0.0735286417587537,-0.0792520641977826,225,0.044719451175902515,0.03901198923708423,1.1833094313990469,225
LON_OPEN,RANGE_DI_CONT_G5,3.0,0.75,148,0.013228869956005066,0.007667916799182486,77,0.04860422219089396,0.04261515895681109,7,-0.23781435604446796,-0.2435377784834969,225,0.025335101609722587,0.01962763967090428,1.1035241745530904,225
LON_OPEN,RANGE_DI_CONT_G5,3.0,1.0,148,-0.02184278235678569,-0.027403735513608234,77,0.04912607981019351,0.04313701657611065,7,-0.22700498945555564,-0.2327284118945845,225,0.0024443393625805223,-0.0032631225762377782,1.0359694185662134,225
LON_OPEN,RANGE_DI_CONT_G5,3.0,1.5,148,-0.028325019046445393,-0.03388597220326793,77,0.04643138655764738,0.04044232332356454,7,-0.3385077749592153,-0.34423119739824426,225,-0.0027417157952669808,-0.008449177734085269,1.02125381946827,225
